source,url,price_local,currency,price_usd,bedrooms,sqm,price_per_sqm_usd,district,rooms_text_raw,sqm_text_raw,price_text_raw
flatfy,https://flatfy.ua/redirect/4661345891,541,USD,541.00,0,45,12.02,Виноградар,"1 кімната, 45 / 28 / 8 м², поверх 23 з 26, з ремонтом, монолітно-каркасний, 2024, сьогодні о 08:25, Створено сьогодні о 08:25",45 м²,$ 541
flatfy,https://flatfy.ua/redirect/4524073601,563,USD,563.00,0,43,13.09,Рибальський острів,"1 кімната, 43 / 16 / 12 м², поверх 6 з 26, з ремонтом, монолітно-каркасний, 2022, сьогодні о 12:15, Створено сьогодні о 12:15",43 м²,$ 563
flatfy,https://flatfy.ua/redirect/4685748264,833,USD,833.00,0,46,18.11,Теремки,"1 кімната, 46 / 24 / 22 м², поверх 5 з 16, з ремонтом, блочні, 2025, сьогодні о 12:53, Створено сьогодні о 12:53",46 м²,$ 833
flatfy,https://flatfy.ua/redirect/4670943952,496,USD,496.00,1,40,12.40,Виноградар,"2 кімнати, 40 / - / 20 м², поверх 12 з 25, з ремонтом, монолітно-каркасний, 2022, сьогодні о 12:40, Створено сьогодні о 12:40",40 м²,$ 496
flatfy,https://flatfy.ua/redirect/4446514966,271,USD,271.00,0,29.8,9.09,,"1 кімната, 29.8 / 15.4 / 6.6 м², поверх 9 з 9, з ремонтом, утеплена панель, 1981, сьогодні о 12:40, Створено сьогодні о 12:40",29.8 м²,$ 271
flatfy,https://flatfy.ua/redirect/3928403395,563,USD,563.00,0,50,11.26,Дніпровський,"1 кімната, 50 м², поверх 18 з 26, з ремонтом, монолітно-каркасний, 2015, сьогодні о 13:10, Створено сьогодні о 13:10",50 м²,$ 563
flatfy,https://flatfy.ua/redirect/4657258757,563,USD,563.00,0,47,11.98,,"1 кімната, 47 / 18 / 14 м², поверх 3 з 18, з ремонтом, сьогодні о 18:45, Створено сьогодні о 18:45",47 м²,$ 563
flatfy,https://flatfy.ua/redirect/4580229342,350,USD,350.00,2,71.1,4.92,Нова Дарниця,"3 кімнати, 71.1 / 42.9 / - м², поверх 9 з 9, з ремонтом, цегляний будинок, 1975, сьогодні о 09:41, Створено сьогодні о 09:41",71.1 м²,$ 350
flatfy,https://flatfy.ua/redirect/4489731076,653,USD,653.00,0,44,14.84,,"1 кімната, 44 / 15 / 20 м², поверх 16 з 26, з ремонтом, блочні, 2023, сьогодні о 08:58, Створено сьогодні о 08:58",44 м²,$ 653
flatfy,https://flatfy.ua/redirect/3719066139,327,USD,327.00,0,50,6.54,Дарницький,"1 кімната, 50 / 25 / - м², поверх 5 з 12, з ремонтом, монолітно-каркасний, 2000, сьогодні о 09:42, Створено сьогодні о 09:42",50 м²,$ 327
flatfy,https://flatfy.ua/redirect/2858425577,653,USD,653.00,2,124,5.27,Печерський,"3 кімнати, 124 м², поверх 12 з 18, з ремонтом, монолітно-каркасний, 2002, сьогодні о 11:06, Створено сьогодні о 11:06",124 м²,$ 653
flatfy,https://flatfy.ua/redirect/4658823801,203,USD,203.00,0,38,5.34,Троєщина,"1 кімната, 38 м², поверх 6 з 10, з ремонтом, утеплена панель, 1983, сьогодні о 12:05, Створено сьогодні о 12:05",38 м²,$ 203
flatfy,https://flatfy.ua/redirect/3897229083,406,USD,406.00,0,38,10.68,Оболонський,"1 кімната, 38 м², поверх 9 з 25, з ремонтом, монолітно-каркасний, 2013, сьогодні о 11:22, Створено сьогодні о 11:22",38 м²,$ 406
flatfy,https://flatfy.ua/redirect/4667092451,383,USD,383.00,1,52.5,7.30,Троєщина,"2 кімнати, 52.5 м², поверх 22 з 24, з ремонтом, монолітно-каркасний, 2010, сьогодні о 11:20, Створено сьогодні о 11:20",52.5 м²,$ 383
flatfy,https://flatfy.ua/redirect/4616804552,900,USD,900.00,0,53,16.98,Шулявка,"1 кімната, 53 / 17 / 22 м², поверх 35 з 36, з ремонтом, монолітно-каркасний, 2021, сьогодні о 13:48, Створено сьогодні о 13:48",53 м²,$ 900
flatfy,https://flatfy.ua/redirect/4601035565,586,USD,586.00,0,43,13.63,Виноградар,"1 кімната, 43 / 14 / 18 м², поверх 20 з 25, з ремонтом, блочні, 2023, сьогодні о 14:02, Створено сьогодні о 14:02",43 м²,$ 586
flatfy,https://flatfy.ua/redirect/4685707194,631,USD,631.00,2,126,5.01,Дарницький,"3 кімнати, 126 / 78 / 14 м², поверх 23 з 30, з ремонтом, монолітно-каркасний, 2010, сьогодні о 11:42, Створено сьогодні о 11:42",126 м²,$ 631
flatfy,https://flatfy.ua/redirect/4437752503,1300,USD,1300.00,2,80,16.25,Нижній Печерськ,"3 кімнати, 80 м², поверх 17 з 24, з ремонтом, монолітно-каркасний, 2018, сьогодні о 12:58, Створено сьогодні о 12:58",80 м²,$ 1 300
flatfy,https://flatfy.ua/redirect/4671797386,750,USD,750.00,2,67,11.19,Жуляни,"3 кімнати, 67 / - / 12 м², поверх 9 з 9, з ремонтом, панельні, 2015, сьогодні о 13:11, Створено сьогодні о 13:11",67 м²,$ 750
flatfy,https://flatfy.ua/redirect/4687593194,293,USD,293.00,0,33,8.88,Дніпровський,"1 кімната, 33 / 20 / 8 м², поверх 3 з 16, з ремонтом, утеплена панель, 1975, сьогодні о 08:53, Створено сьогодні о 08:53",33 м²,$ 293
flatfy,https://flatfy.ua/redirect/4652953220,428,USD,428.00,0,43,9.95,Позняки,"1 кімната, 43 / - / 10.5 м², поверх 9 з 25, з ремонтом, монолітно-каркасний, 2019, сьогодні о 18:38, Створено сьогодні о 18:38",43 м²,$ 428
flatfy,https://flatfy.ua/redirect/4688269149,226,USD,226.00,0,82,2.76,Липки,"1 кімната, 82 м², поверх 3 з 5, з ремонтом, цегляний будинок, 1913, сьогодні о 14:39, Створено сьогодні о 14:39",82 м²,$ 226
flatfy,https://flatfy.ua/redirect/4688639536,383,USD,383.00,1,57.6,6.65,Оболонський,"2 кімнати, 57.6 / 42 / 7 м², поверх 2 з 5, з ремонтом, цегляний будинок, 1958, сьогодні о 14:47, Створено сьогодні о 14:47",57.6 м²,$ 383
flatfy,https://flatfy.ua/redirect/4688917250,406,USD,406.00,0,38,10.68,Оболонський,"1 кімната, 38 / 17 / 9 м², поверх 21 з 27, з ремонтом, панельні, 2017, сьогодні о 16:11, Створено сьогодні о 16:11",38 м²,$ 406
flatfy,https://flatfy.ua/redirect/4654755288,473,USD,473.00,1,65,7.28,Солом’янський,"2 кімнати, 65 / - / 12 м², поверх 5 з 5, з ремонтом, цегляний будинок, 1958, сьогодні о 18:11, Створено сьогодні о 18:11",65 м²,$ 473
flatfy,https://flatfy.ua/redirect/3823975278,271,USD,271.00,1,60,4.52,Троєщина,"2 кімнати, 60 / - / 10 м², поверх 6 з 10, з ремонтом, цегляний будинок, 1995, сьогодні о 17:56, Створено сьогодні о 17:56",60 м²,$ 271
flatfy,https://flatfy.ua/redirect/4688785152,361,USD,361.00,1,50,7.22,Шевченківський,"2 кімнати, 50 / 43 / 7 м², поверх 5 з 10, з ремонтом, утеплена панель, 1993, сьогодні о 15:34, Створено сьогодні о 15:34",50 м²,$ 361
flatfy,https://flatfy.ua/redirect/4688655992,383,USD,383.00,1,54.3,7.05,Шевченківський,"2 кімнати, 54.3 / 33.9 / 7.1 м², поверх 5 з 9, з ремонтом, панельні, 1972, сьогодні о 14:53, Створено сьогодні о 14:53",54.3 м²,$ 383
flatfy,https://flatfy.ua/redirect/4671344314,563,USD,563.00,1,53,10.62,Черепанова гора,"2 кімнати, 53 / 30 / 7 м², поверх 8 з 9, з ремонтом, панельні, 1972, сьогодні о 18:58, Створено сьогодні о 18:58",53 м²,$ 563
flatfy,https://flatfy.ua/redirect/4688553676,496,USD,496.00,1,45,11.02,Шевченківський,"2 кімнати, 45 / - / 10 м², поверх 2 з 5, з ремонтом, цегляний будинок, 1965, сьогодні о 14:07, Створено сьогодні о 14:07",45 м²,$ 496
flatfy,https://flatfy.ua/redirect/3699568355,563,USD,563.00,1,45,12.51,Оболонський,"2 кімнати, 45 / 26 / 8 м², поверх 8 з 16, з ремонтом, утеплена панель, 1979, сьогодні о 16:44, Створено сьогодні о 16:44",45 м²,$ 563
flatfy,https://flatfy.ua/redirect/4316931606,856,USD,856.00,2,121,7.07,,"3 кімнати, 121 / 71 / 12 м², поверх 6 з 6, з ремонтом, цегляний будинок, 1914, сьогодні о 16:39, Створено сьогодні о 16:39",121 м²,$ 856
flatfy,https://flatfy.ua/redirect/4381432900,898,USD,898.00,2,135.8,6.61,Лук'янівка,"3 кімнати, 135.8 / 74.8 / 16.3 м², поверх 19 з 24, з ремонтом, монолітно-каркасний, 2005, сьогодні о 16:40, Створено сьогодні о 16:40",135.8 м²,$ 898
flatfy,https://flatfy.ua/redirect/4659869045,496,USD,496.00,1,90,5.51,Березняки,"2 кімнати, 90 / - / 12 м², поверх 10 з 25, з ремонтом, монолітно-каркасний, 2007, сьогодні о 16:36, Створено сьогодні о 16:36",90 м²,$ 496
flatfy,https://flatfy.ua/redirect/4688397464,451,USD,451.00,0,28.7,15.71,Голосіївський,"1 кімната, 28.7 / 16.3 / 5 м², поверх 1 з 5, з ремонтом, панельні, 1961, сьогодні о 13:57, Створено сьогодні о 13:57",28.7 м²,$ 451
flatfy,https://flatfy.ua/redirect/4637041497,338,USD,338.00,0,44,7.68,Солом’янський,"1 кімната, 44 м², поверх 9 з 9, з ремонтом, панельні, 1973, сьогодні о 16:57, Створено сьогодні о 16:57",44 м²,$ 338
flatfy,https://flatfy.ua/redirect/4688479109,788,USD,788.00,0,65,12.12,Оболонський,"1 кімната, 65 м², поверх 1 з 4, з ремонтом, 2021, сьогодні о 15:13, Створено сьогодні о 15:13",65 м²,$ 788
flatfy,https://flatfy.ua/redirect/4689532832,293,USD,293.00,0,30,9.77,Стара Дарниця,"1 кімната, 30 м², поверх 3 з 5, з ремонтом, цегляний будинок, 1969, сьогодні о 19:16, Створено сьогодні о 19:16",30 м²,$ 293
flatfy,https://flatfy.ua/redirect/4689355842,338,USD,338.00,0,42,8.05,Новобіличі,"1 кімната, 42 / 33 / 9 м², поверх 2 з 16, з ремонтом, утеплена панель, 2012, сьогодні о 18:26, Створено сьогодні о 18:26",42 м²,$ 338
flatfy,https://flatfy.ua/redirect/3932002777,417,USD,417.00,0,28,14.89,Караваєві Дачі,"1 кімната, 28 / 20 / 8 м², поверх 13 з 25, з ремонтом, монолітно-каркасний, 2021, сьогодні о 21:01, Створено сьогодні о 21:01",28 м²,$ 417
flatfy,https://flatfy.ua/redirect/4658690551,293,USD,293.00,0,35,8.37,Харківський,"1 кімната, 35 / 18 / 8.6 м², поверх 4 з 9, з ремонтом, утеплена панель, 1985, сьогодні о 20:07, Створено сьогодні о 20:07",35 м²,$ 293
flatfy,https://flatfy.ua/redirect/4689893476,1013,USD,1013.00,2,95,10.66,Осокорки,"3 кімнати, 95 / 75 / 18 м², поверх 4 з 10, з ремонтом, блочні, 2017, сьогодні о 21:14, Створено сьогодні о 21:14",95 м²,$ 1 013
flatfy,https://flatfy.ua/redirect/4688364574,372,USD,372.00,0,30,12.40,Голосіївський,"1 кімната, 30 / 10 / 10 м², поверх 18 з 26, з ремонтом, блочні, 2021, сьогодні о 13:01, Створено сьогодні о 13:01",30 м²,$ 372
flatfy,https://flatfy.ua/redirect/4687887587,676,USD,676.00,0,40,16.90,Нивки,"1 кімната, 40 / 15 / 18 м², поверх 10 з 16, з ремонтом, блочні, 2021, сьогодні о 12:48, Створено сьогодні о 12:48",40 м²,$ 676
flatfy,https://flatfy.ua/redirect/4688107650,372,USD,372.00,0,35,10.63,Мінський,"1 кімната, 35 / 13 / 13 м², поверх 1 з 9, з ремонтом, цегляний будинок, 1998, сьогодні о 11:35, Створено сьогодні о 11:35",35 м²,$ 372
flatfy,https://flatfy.ua/redirect/4689400079,1300,USD,1300.00,2,130,10.00,Царське село,"3 кімнати, 130 / 70 / 30 м², поверх 19 з 23, з ремонтом, цегляний будинок, 2008, сьогодні о 18:38, Створено сьогодні о 18:38",130 м²,$ 1 300
flatfy,https://flatfy.ua/redirect/4688921448,248,USD,248.00,1,45,5.51,Нивки,"2 кімнати, 45 / 30 / 6 м², поверх 3 з 5, без ремонту, панельні, 1965, сьогодні о 16:12, Створено сьогодні о 16:12",45 м²,$ 248
flatfy,https://flatfy.ua/redirect/4673098705,518,USD,518.00,0,65,7.97,Солом'янка,"1 кімната, 65 / 29 / 18 м², поверх 11 з 25, з ремонтом, монолітно-каркасний, 2010, сьогодні о 16:27, Створено сьогодні о 15:13",65 м²,$ 518
flatfy,https://flatfy.ua/redirect/4689529805,451,USD,451.00,2,80,5.64,Святошино,"3 кімнати, 80 / 54 / 13 м², поверх 3 з 3, з ремонтом, цегляний будинок, 1959, сьогодні о 19:21, Створено сьогодні о 19:15",80 м²,$ 451
flatfy,https://flatfy.ua/redirect/4688051855,338,USD,338.00,0,40,8.45,Лісовий,"1 кімната, 40 / 17.5 / 8.5 м², поверх 11 з 16, з ремонтом, утеплена панель, 2004, сьогодні о 11:10, Створено сьогодні о 11:10",40 м²,$ 338
flatfy,https://flatfy.ua/redirect/4688684300,428,USD,428.00,1,64,6.69,Олександрівська Слобідка,"2 кімнати, 64 / 38 / 10 м², поверх 2 з 10, з ремонтом, монолітно-каркасний, 2001, сьогодні о 15:11, Створено сьогодні о 15:02",64 м²,$ 428
flatfy,https://flatfy.ua/redirect/4689452266,316,USD,316.00,0,42,7.52,Відрадний,"1 кімната, 42 / 17 / 10 м², поверх 7 з 10, з ремонтом, монолітно-каркасний, 1999, сьогодні о 18:57, Створено сьогодні о 18:57",42 м²,$ 316
flatfy,https://flatfy.ua/redirect/4687777143,541,USD,541.00,0,43,12.58,Верхня Теличка,"1 кімната, 43 / 23 / 20 м², поверх 23 з 26, з ремонтом, монолітно-каркасний, 1969, сьогодні о 19:57, Створено сьогодні о 09:51",43 м²,$ 541
flatfy,https://flatfy.ua/redirect/4666370712,338,USD,338.00,0,44,7.68,Мінський,"1 кімната, 44 / 18 / 12 м², поверх 11 з 25, з ремонтом, монолітно-каркасний, 2017, сьогодні о 14:27, Створено сьогодні о 14:27",44 м²,$ 338
flatfy,https://flatfy.ua/redirect/4689799010,900,USD,900.00,0,50,18.00,Чорна Гора,"1 кімната, 50 / 20 / 15 м², поверх 12 з 24, з ремонтом, блочні, 2017, сьогодні о 20:50, Створено сьогодні о 20:50",50 м²,$ 900
flatfy,https://flatfy.ua/redirect/4688993104,1200,USD,1200.00,2,77,15.58,Солом'янка,"3 кімнати, 77 / 40 / 12 м², поверх 13 з 19, з ремонтом, цегляний будинок, 2017, сьогодні о 16:38, Створено сьогодні о 16:37",77 м²,$ 1 200
flatfy,https://flatfy.ua/redirect/4688146169,574,USD,574.00,1,77,7.45,Відрадний,"2 кімнати, 77 / 39 / 14 м², поверх 16 з 19, з ремонтом, цегляний будинок, 2016, сьогодні о 14:23, Створено сьогодні о 11:49",77 м²,$ 574
flatfy,https://flatfy.ua/redirect/4688478705,3900,USD,3900.00,1,81,48.15,Нижній Печерськ,"2 кімнати, 81 / 60 / 15 м², поверх 26 з 31, з ремонтом, цегляний будинок, 2023, сьогодні о 13:52, Створено сьогодні о 13:52",81 м²,$ 3 900
flatfy,https://flatfy.ua/redirect/4688463476,4500,USD,4500.00,3,130,34.62,Чорна Гора,"4 кімнати, 130 / 90 / 20 м², поверх 10 з 29, з ремонтом, монолітно-каркасний, 2017, сьогодні о 13:43, Створено сьогодні о 13:43",130 м²,$ 4 500
flatfy,https://flatfy.ua/redirect/4689150278,1400,USD,1400.00,1,94,14.89,Солдатська слобідка,"2 кімнати, 94 / 50 / 15 м², поверх 12 з 13, з ремонтом, монолітно-каркасний, 2013, сьогодні о 17:16, Створено сьогодні о 17:16",94 м²,$ 1 400
flatfy,https://flatfy.ua/redirect/4688991327,800,USD,800.00,0,50,16.00,Нижній Печерськ,"1 кімната, 50 / 18 / 17 м², поверх 12 з 18, з ремонтом, монолітно-каркасний, 2016, сьогодні о 16:37, Створено сьогодні о 16:34",50 м²,$ 800
flatfy,https://flatfy.ua/redirect/4688587813,1300,USD,1300.00,1,68,19.12,Верхня Теличка,"2 кімнати, 68 / 40 / 12 м², поверх 6 з 26, з ремонтом, монолітно-каркасний, 2020, сьогодні о 14:29, Створено сьогодні о 14:29",68 м²,$ 1 300
flatfy,https://flatfy.ua/redirect/4616961413,563,USD,563.00,1,50,11.26,Оболонь,"2 кімнати, 50 / 12 / 38 м², поверх 3 з 9, з ремонтом, панельні, 1974, 14 травня, Створено 14 травня",50 м²,$ 563
flatfy,https://flatfy.ua/redirect/4687289375,1000,USD,1000.00,2,90,11.11,Нова забудова,"3 кімнати, 90 / 55 / 20 м², поверх 2 з 5, з ремонтом, цегляний будинок, 1958, сьогодні о 07:13, Створено сьогодні о 07:13",90 м²,$ 1 000
flatfy,https://flatfy.ua/redirect/4687295408,541,USD,541.00,0,51,10.61,Північно-Броварський,"1 кімната, 51 / 20 / 15 м², поверх 20 з 26, з ремонтом, монолітно-каркасний, 2017, сьогодні о 07:18, Створено сьогодні о 07:18",51 м²,$ 541
flatfy,https://flatfy.ua/redirect/4688253095,541,USD,541.00,1,64,8.45,Сирець,"2 кімнати, 64 / 28 / 13 м², поверх 2 з 20, з ремонтом, блочні, 2020, сьогодні о 12:28, Створено сьогодні о 12:24",64 м²,$ 541
flatfy,https://flatfy.ua/redirect/4592689472,361,USD,361.00,1,56,6.45,Харківський,"2 кімнати, 56 / 38 / 9 м², поверх 1 з 9, з ремонтом, утеплена панель, 1987, сьогодні о 12:16, Створено сьогодні о 12:16",56 м²,$ 361
flatfy,https://flatfy.ua/redirect/4688265455,1699,USD,1699.00,2,65,26.14,Нова забудова,"3 кімнати, 65 / 30 / 10 м², поверх 16 з 24, з ремонтом, монолітно-каркасний, 2017, сьогодні о 12:29, Створено сьогодні о 12:29",65 м²,$ 1 699
flatfy,https://flatfy.ua/redirect/4687796378,349,USD,349.00,0,32,10.91,Микільська Слобідка,"1 кімната, 32 / 17 / 4 м², поверх 10 з 26, з ремонтом, монолітно-каркасний, 2018, сьогодні о 10:12, Створено сьогодні о 09:57",32 м²,$ 349
flatfy,https://flatfy.ua/redirect/4687934397,563,USD,563.00,0,51,11.04,Солом'янка,"1 кімната, 51 / 15 / 22 м², поверх 18 з 25, з ремонтом, монолітно-каркасний, 2018, сьогодні о 10:37, Створено сьогодні о 10:37",51 м²,$ 563
flatfy,https://flatfy.ua/redirect/4688845601,192,USD,192.00,0,26,7.38,Голосіїв,"1 кімната, 26 / 18 / 8 м², поверх 1 з 5, з ремонтом, цегляний будинок, 1961, сьогодні о 16:40, Створено сьогодні о 15:54",26 м²,$ 192
flatfy,https://flatfy.ua/redirect/4688515840,338,USD,338.00,0,37,9.14,Берковець,"1 кімната, 37 / 27 / 10 м², поверх 1 з 7, з ремонтом, панельні, 2018, сьогодні о 14:01, Створено сьогодні о 14:00",37 м²,$ 338
flatfy,https://flatfy.ua/redirect/4639722482,1000,USD,1000.00,0,51,19.61,Нижній Печерськ,"1 кімната, 51 / 19 / 15 м², поверх 10 з 24, з ремонтом, монолітно-каркасний, 2018, сьогодні о 12:46, Створено сьогодні о 12:46",51 м²,$ 1 000
flatfy,https://flatfy.ua/redirect/4688319309,518,USD,518.00,1,50,10.36,Оболонь,"2 кімнати, 50 / 29 / 7 м², поверх 1 з 9, з ремонтом, утеплена панель, 1976, сьогодні о 12:48, Створено сьогодні о 12:48",50 м²,$ 518
flatfy,https://flatfy.ua/redirect/4688382799,428,USD,428.00,0,47,9.11,Сирець,"1 кімната, 47 / 37 / 10 м², поверх 14 з 24, з ремонтом, цегляний будинок, 2024, сьогодні о 13:10, Створено сьогодні о 13:10",47 м²,$ 428
flatfy,https://flatfy.ua/redirect/4688570666,338,USD,338.00,0,30,11.27,Харківський,"1 кімната, 30 / 20 / 10 м², поверх 8 з 11, з ремонтом, блочні, 2022, сьогодні о 14:18, Створено сьогодні о 14:17",30 м²,$ 338
flatfy,https://flatfy.ua/redirect/4666880594,631,USD,631.00,0,57.5,10.97,Позняки,"1 кімната, 57.5 / 25 / 20 м², поверх 8 з 20, з ремонтом, монолітно-каркасний, 2007, сьогодні о 18:04, Створено сьогодні о 18:04",57.5 м²,$ 631
flatfy,https://flatfy.ua/redirect/4689536513,304,USD,304.00,0,36,8.44,Борщагівка,"1 кімната, 36 / 26 / 10 м², поверх 2 з 9, з ремонтом, утеплена панель, 1983, сьогодні о 19:23, Створено сьогодні о 19:21",36 м²,$ 304
flatfy,https://flatfy.ua/redirect/4688976155,293,USD,293.00,0,36,8.14,Куренівка,"1 кімната, 36 / 20 / 6 м², поверх 3 з 5, з ремонтом, цегляний будинок, 1967, сьогодні о 16:30, Створено сьогодні о 16:30",36 м²,$ 293
flatfy,https://flatfy.ua/redirect/4687357470,451,USD,451.00,0,45,10.02,Теремки-1,"1 кімната, 45 / 18 / 17 м², поверх 11 з 24, з ремонтом, монолітно-каркасний, 2016, сьогодні о 17:38, Створено сьогодні о 07:37",45 м²,$ 451
flatfy,https://flatfy.ua/redirect/4689124287,541,USD,541.00,0,44,12.30,Подільський,"1 кімната, 44 / 16 / 17 м², поверх 16 з 26, з ремонтом, монолітно-каркасний, 2022, сьогодні о 17:07, Створено сьогодні о 17:07",44 м²,$ 541
flatfy,https://flatfy.ua/redirect/4688650268,563,USD,563.00,2,108,5.21,Позняки,"3 кімнати, 108 / 50 / 35 м², поверх 14 з 20, з ремонтом, монолітно-каркасний, 2007, сьогодні о 14:52, Створено сьогодні о 14:52",108 м²,$ 563
flatfy,https://flatfy.ua/redirect/4689006754,293,USD,293.00,0,33,8.88,Нивки,"1 кімната, 33 / 26 / 7 м², поверх 4 з 5, з ремонтом, цегляний будинок, 1960, сьогодні о 16:46, Створено сьогодні о 16:41",33 м²,$ 293
flatfy,https://flatfy.ua/redirect/4689027471,406,USD,406.00,2,70,5.80,Осокорки,"3 кімнати, 70 / 60 / 10 м², поверх 9 з 10, з ремонтом, утеплена панель, 1997, сьогодні о 16:47, Створено сьогодні о 16:47",70 м²,$ 406
flatfy,https://flatfy.ua/redirect/4688463131,293,USD,293.00,0,30,9.77,Харківський,"1 кімната, 30 / 20 / 10 м², поверх 4 з 11, з ремонтом, блочні, 2022, сьогодні о 19:01, Створено сьогодні о 13:42",30 м²,$ 293
flatfy,https://flatfy.ua/redirect/4631671135,563,USD,563.00,1,72,7.82,Святошино,"2 кімнати, 72 / 39 / 15 м², поверх 3 з 17, з ремонтом, монолітно-каркасний, 2013, сьогодні о 19:27, Створено сьогодні о 15:21",72 м²,$ 563
flatfy,https://flatfy.ua/redirect/4688089475,496,USD,496.00,0,50,9.92,Лівобережний масив,"1 кімната, 50 / 17 / 20 м², поверх 2 з 25, з ремонтом, цегляний будинок, 2020, сьогодні о 11:25, Створено сьогодні о 11:25",50 м²,$ 496
flatfy,https://flatfy.ua/redirect/4689718252,800,USD,800.00,1,47,17.02,Дарницький,"2 кімнати, 47 / 22 / 20 м², поверх 5 з 25, з ремонтом, монолітно-каркасний, 2023, сьогодні о 20:20, Створено сьогодні о 20:20",47 м²,$ 800
flatfy,https://flatfy.ua/redirect/4687901794,338,USD,338.00,0,45,7.51,Стара Дарниця,"1 кімната, 45 / 33 / 12 м², поверх 3 з 28, з ремонтом, монолітно-каркасний, 2012, сьогодні о 13:01, Створено сьогодні о 13:01",45 м²,$ 338
flatfy,https://flatfy.ua/redirect/4687927123,226,USD,226.00,0,20,11.30,Північно-Броварський,"1 кімната, 20 / 12 / 4 м², поверх 8 з 9, з ремонтом, панельні, 1972, сьогодні о 10:41, Створено сьогодні о 10:35",20 м²,$ 226
flatfy,https://flatfy.ua/redirect/4655099130,451,USD,451.00,0,36,12.53,Солом’янський,"1 кімната, 36 / 20 / 7 м², поверх 13 з 22, з ремонтом, цегляний будинок, 2021, сьогодні о 21:18, Створено сьогодні о 21:18",36 м²,$ 451
flatfy,https://flatfy.ua/redirect/4689622754,450,USD,450.00,0,45,10.00,Харківський,"1 кімната, 45 / 15 / 18 м², поверх 3 з 21, з ремонтом, блочні, 2023, сьогодні о 19:47, Створено сьогодні о 19:47",45 м²,$ 450
flatfy,https://flatfy.ua/redirect/4688935238,788,USD,788.00,1,60,13.13,Лівобережний масив,"2 кімнати, 60 / 30 / 15 м², поверх 15 з 30, з ремонтом, монолітно-каркасний, 2020, сьогодні о 16:15, Створено сьогодні о 16:15",60 м²,$ 788
flatfy,https://flatfy.ua/redirect/4688075293,473,USD,473.00,0,38,12.45,Голосіїв,"1 кімната, 38 / 20 / 12 м², поверх 10 з 14, з ремонтом, панельні, 2018, сьогодні о 11:16, Створено сьогодні о 11:16",38 м²,$ 473
flatfy,https://flatfy.ua/redirect/4689118520,226,USD,226.00,1,45,5.02,Соцмісто,"2 кімнати, 45 / 27 / 7 м², поверх 3 з 5, з ремонтом, панельні, 1963, сьогодні о 17:05, Створено сьогодні о 17:05",45 м²,$ 226
flatfy,https://flatfy.ua/redirect/4688998006,383,USD,383.00,0,30,12.77,Дніпровський,"1 кімната, 30 / 16.6 / 4 м², поверх 5 з 16, з ремонтом, монолітно-каркасний, 2018, сьогодні о 16:37, Створено сьогодні о 16:37",30 м²,$ 383
flatfy,https://flatfy.ua/redirect/4688561964,518,USD,518.00,1,51,10.16,Печерськ,"2 кімнати, 51 / 40 / 8 м², поверх 4 з 5, з ремонтом, цегляний будинок, 1957, сьогодні о 15:45, Створено сьогодні о 14:09",51 м²,$ 518
flatfy,https://flatfy.ua/redirect/4687677524,900,USD,900.00,0,55,16.36,Нова забудова,"1 кімната, 55 / 20 / 25 м², поверх 6 з 25, з ремонтом, монолітно-каркасний, 2019, сьогодні о 09:16, Створено сьогодні о 09:14",55 м²,$ 900
flatfy,https://flatfy.ua/redirect/4688992529,347,USD,347.00,0,40,8.68,Лівобережний масив,"1 кімната, 40 / 20 / 16 м², поверх 9 з 26, з ремонтом, монолітно-каркасний, 2019, сьогодні о 16:36, Створено сьогодні о 16:34",40 м²,$ 347
flatfy,https://flatfy.ua/redirect/4688945653,597,USD,597.00,0,45,13.27,Подільський,"1 кімната, 45 / 17 / 16 м², поверх 9 з 26, з ремонтом, блочні, 2022, сьогодні о 16:25, Створено сьогодні о 16:18",45 м²,$ 597
flatfy,https://flatfy.ua/redirect/4688117666,271,USD,271.00,0,36,7.53,Оболонь,"1 кімната, 36 / 18 / 8 м², поверх 6 з 9, з ремонтом, утеплена панель, 1979, сьогодні о 11:38, Створено сьогодні о 11:38",36 м²,$ 271
flatfy,https://flatfy.ua/redirect/4688108197,406,USD,406.00,2,65,6.25,Чоколівка,"3 кімнати, 65 / 42 / 10 м², поверх 1 з 16, з ремонтом, цегляний будинок, 1983, сьогодні о 11:35, Створено сьогодні о 11:35",65 м²,$ 406
flatfy,https://flatfy.ua/redirect/4688520770,428,USD,428.00,0,38.4,11.15,Лівобережний масив,"1 кімната, 38.4 / 16.7 / 9.3 м², поверх 22 з 25, з ремонтом, монолітно-каркасний, 2012, сьогодні о 14:00, Створено сьогодні о 14:00",38.4 м²,$ 428
flatfy,https://flatfy.ua/redirect/4689716839,788,USD,788.00,1,69,11.42,Печерськ,"2 кімнати, 69 / 35 / 15 м², поверх 12 з 14, з ремонтом, цегляний будинок, 1978, сьогодні о 20:16, Створено сьогодні о 20:16",69 м²,$ 788
flatfy,https://flatfy.ua/redirect/4689988734,1000,USD,1000.00,2,100,10.00,Теремки-1,"3 кімнати, 100 / 55 / 25 м², поверх 1 з 24, з ремонтом, монолітно-каркасний, 2016, сьогодні о 21:50, Створено сьогодні о 21:50",100 м²,$ 1 000
flatfy,https://flatfy.ua/redirect/4688045525,650,USD,650.00,1,51,12.75,Солом'янка,"2 кімнати, 51 / 20 / 20 м², поверх 13 з 25, з ремонтом, монолітно-каркасний, 2018, сьогодні о 17:10, Створено сьогодні о 11:06",51 м²,$ 650
flatfy,https://flatfy.ua/redirect/4688793178,282,USD,282.00,0,25,11.28,Мостицький масив,"1 кімната, 25 / 15 / 4 м², поверх 1 з 25, з ремонтом, цегляний будинок, 2014, сьогодні о 17:07, Створено сьогодні о 15:36",25 м²,$ 282
flatfy,https://flatfy.ua/redirect/4688014455,1100,USD,1100.00,0,55,20.00,Нова забудова,"1 кімната, 55 / 23 / 10 м², поверх 11 з 19, з ремонтом, монолітно-каркасний, 2017, сьогодні о 18:17, Створено сьогодні о 10:59",55 м²,$ 1 100
flatfy,https://flatfy.ua/redirect/4689237329,316,USD,316.00,0,32,9.88,Шулявка,"1 кімната, 32 / 16 / 7 м², поверх 8 з 9, з ремонтом, цегляний будинок, 1990, сьогодні о 17:53, Створено сьогодні о 17:44",32 м²,$ 316
flatfy,https://flatfy.ua/redirect/4688121326,900,USD,900.00,0,65,13.85,Нижній Печерськ,"1 кімната, 65 / 30 / 20 м², поверх 11 з 27, з ремонтом, монолітно-каркасний, 2013, сьогодні о 18:48, Створено сьогодні о 11:40",65 м²,$ 900
flatfy,https://flatfy.ua/redirect/4688279489,1000,USD,1000.00,0,45,22.22,Нова забудова,"1 кімната, 45 / 27 / 5 м², поверх 15 з 23, з ремонтом, монолітно-каркасний, 2017, сьогодні о 17:18, Створено сьогодні о 12:30",45 м²,$ 1 000
flatfy,https://flatfy.ua/redirect/4689709262,600,USD,600.00,0,45,13.33,Подільський,"1 кімната, 45 / 20 / 20 м², поверх 18 з 26, з ремонтом, блочні, 2022, сьогодні о 20:13, Створено сьогодні о 20:13",45 м²,$ 600
flatfy,https://flatfy.ua/redirect/4687466135,169,USD,169.00,0,31,5.45,Борщагівка,"1 кімната, 31 / 17 / 8 м², поверх 7 з 9, без ремонту, цегляний будинок, 1987, сьогодні о 08:12, Створено сьогодні о 08:12",31 м²,$ 169
flatfy,https://flatfy.ua/redirect/4687390422,181,USD,181.00,0,31,5.84,Харківський,"1 кімната, 31 / 14 / 7 м², поверх 1 з 9, з ремонтом, утеплена панель, 1986, сьогодні о 07:50, Створено сьогодні о 07:50",31 м²,$ 181
flatfy,https://flatfy.ua/redirect/4688107026,237,USD,237.00,0,23,10.30,Борщагівка,"1 кімната, 23 / 15 / 4 м², поверх 2 з 9, з ремонтом, панельні, 1970, сьогодні о 11:51, Створено сьогодні о 11:32",23 м²,$ 237
flatfy,https://flatfy.ua/redirect/4688345757,304,USD,304.00,1,45,6.76,Нова Дарниця,"2 кімнати, 45 / 29 / 7 м², поверх 3 з 9, з ремонтом, панельні, 1967, сьогодні о 15:10, Створено сьогодні о 12:55",45 м²,$ 304
flatfy,https://flatfy.ua/redirect/4688296368,304,USD,304.00,0,60,5.07,Троєщина,"1 кімната, 60 / 21 / 18 м², поверх 16 з 23, з ремонтом, монолітно-каркасний, 2010, сьогодні о 14:02, Створено сьогодні о 12:40",60 м²,$ 304
flatfy,https://flatfy.ua/redirect/4687535637,383,USD,383.00,1,55,6.96,Теремки-1,"2 кімнати, 55 / 35 / 8 м², поверх 5 з 16, з ремонтом, утеплена панель, 1986, сьогодні о 08:33, Створено сьогодні о 08:33",55 м²,$ 383
flatfy,https://flatfy.ua/redirect/4689813435,496,USD,496.00,0,47,10.55,Олександрівська Слобідка,"1 кімната, 47 / 17 / 17 м², поверх 4 з 12, з ремонтом, монолітно-каркасний, 2008, сьогодні о 20:54, Створено сьогодні о 20:52",47 м²,$ 496
flatfy,https://flatfy.ua/redirect/4687861515,518,USD,518.00,1,55,9.42,Теремки-2,"2 кімнати, 55 / 19 / 18 м², поверх 9 з 16, з ремонтом, монолітно-каркасний, 2014, сьогодні о 10:10, Створено сьогодні о 10:10",55 м²,$ 518
flatfy,https://flatfy.ua/redirect/4687985181,1418,USD,1418.00,2,72,19.69,Теремки,"3 кімнати, 72 / 47 / 16 м², поверх 6 з 9, з ремонтом, блочні, 2022, сьогодні о 10:55, Створено сьогодні о 10:55",72 м²,$ 1 418
flatfy,https://flatfy.ua/redirect/4688468517,631,USD,631.00,0,57,11.07,Липки,"1 кімната, 57 / 18 / 30 м², поверх 5 з 9, з ремонтом, цегляний будинок, 1950, сьогодні о 13:45, Створено сьогодні о 13:45",57 м²,$ 631
flatfy,https://flatfy.ua/redirect/4688295392,900,USD,900.00,0,44,20.45,Нова забудова,"1 кімната, 44 / 20 / 15 м², поверх 4 з 24, з ремонтом, монолітно-каркасний, 2017, сьогодні о 12:40, Створено сьогодні о 12:40",44 м²,$ 900
flatfy,https://flatfy.ua/redirect/4688569074,383,USD,383.00,0,54,7.09,Воскресенка,"1 кімната, 54 / 19 / 16 м², поверх 20 з 25, з ремонтом, монолітно-каркасний, 2011, сьогодні о 14:13, Створено сьогодні о 14:13",54 м²,$ 383
flatfy,https://flatfy.ua/redirect/4687606963,264,USD,264.00,1,60,4.40,Троєщина,"2 кімнати, 60 / 37 / 8 м², поверх 13 з 16, без ремонту, утеплена панель, 1986, сьогодні о 08:58, Створено сьогодні о 08:58",60 м²,$ 264
flatfy,https://flatfy.ua/redirect/4689425280,293,USD,293.00,0,41,7.15,Вишгородський масив,"1 кімната, 41 / 21 / 8 м², поверх 9 з 10, з ремонтом, цегляний будинок, 1987, сьогодні о 18:47, Створено сьогодні о 18:47",41 м²,$ 293
flatfy,https://flatfy.ua/redirect/4687605127,496,USD,496.00,0,42,11.81,Поділ,"1 кімната, 42 / 20 / 8 м², поверх 2 з 4, з ремонтом, цегляний будинок, 1913, сьогодні о 21:11, Створено сьогодні о 08:55",42 м²,$ 496
flatfy,https://flatfy.ua/redirect/4689117674,451,USD,451.00,0,28,16.11,Лук'янівка,"1 кімната, 28 / 10 / 14 м², поверх 7 з 20, з ремонтом, монолітно-каркасний, 2017, сьогодні о 17:05, Створено сьогодні о 17:05",28 м²,$ 451
flatfy,https://flatfy.ua/redirect/4688793183,361,USD,361.00,0,35,10.31,Святошино,"1 кімната, 35 / 22 / 6 м², поверх 9 з 10, з ремонтом, цегляний будинок, 1979, сьогодні о 20:08, Створено сьогодні о 15:36",35 м²,$ 361
flatfy,https://flatfy.ua/redirect/4616745530,271,USD,271.00,0,28,9.68,Сирець,"1 кімната, 28 / 17 / 7 м², поверх 4 з 5, з ремонтом, цегляний будинок, 1965, 14 травня, Створено 14 травня",28 м²,$ 271
flatfy,https://flatfy.ua/redirect/4687921161,271,USD,271.00,0,40,6.78,Стара Дарниця,"1 кімната, 40 / 20 / 10 м², поверх 6 з 16, з ремонтом, монолітно-каркасний, 2017, сьогодні о 10:31, Створено сьогодні о 10:31",40 м²,$ 271
flatfy,https://flatfy.ua/redirect/4688030932,676,USD,676.00,2,81,8.35,Академмістечко,"3 кімнати, 81 / 48 / 12 м², поверх 12 з 17, з ремонтом, монолітно-каркасний, 2012, сьогодні о 11:01, Створено сьогодні о 11:01",81 м²,$ 676
flatfy,https://flatfy.ua/redirect/4687703413,248,USD,248.00,0,32,7.75,Лук'янівка,"1 кімната, 32 / 18 / 7 м², поверх 3 з 5, з ремонтом, цегляний будинок, 1960, сьогодні о 09:24, Створено сьогодні о 09:24",32 м²,$ 248
flatfy,https://flatfy.ua/redirect/4687706374,361,USD,361.00,1,46,7.85,Нивки,"2 кімнати, 46 / 30 / 7 м², поверх 3 з 5, з ремонтом, цегляний будинок, 1962, сьогодні о 09:25, Створено сьогодні о 09:25",46 м²,$ 361
flatfy,https://flatfy.ua/redirect/4688169821,563,USD,563.00,0,45,12.51,Позняки,"1 кімната, 45 / 16 / 15 м², поверх 10 з 25, з ремонтом, монолітно-каркасний, 2015, сьогодні о 11:55, Створено сьогодні о 11:55",45 м²,$ 563
flatfy,https://flatfy.ua/redirect/4688738593,406,USD,406.00,1,65,6.25,Замковище,"2 кімнати, 65 / 30 / 12 м², поверх 4 з 17, з ремонтом, монолітно-каркасний, 2018, сьогодні о 15:20, Створено сьогодні о 15:19",65 м²,$ 406
flatfy,https://flatfy.ua/redirect/4687691974,1100,USD,1100.00,1,59,18.64,Нова забудова,"2 кімнати, 59 / 20 / 12 м², поверх 9 з 9, з ремонтом, монолітно-каркасний, 2019, сьогодні о 09:20, Створено сьогодні о 09:20",59 м²,$ 1 100
flatfy,https://flatfy.ua/redirect/4688145087,1400,USD,1400.00,3,134,10.45,Історичний центр,"4 кімнати, 134 / 80 / 17 м², поверх 3 з 22, з ремонтом, монолітно-каркасний, 2006, сьогодні о 12:22, Створено сьогодні о 11:47",134 м²,$ 1 400
flatfy,https://flatfy.ua/redirect/4688947327,406,USD,406.00,0,54,7.52,Куренівка,"1 кімната, 54 / 20 / 11 м², поверх 2 з 25, з ремонтом, монолітно-каркасний, 2020, сьогодні о 16:18, Створено сьогодні о 16:18",54 м²,$ 406
flatfy,https://flatfy.ua/redirect/4687756138,237,USD,237.00,0,34,6.97,Дніпровський,"1 кімната, 34 / 20 / 9 м², поверх 2 з 16, з ремонтом, утеплена панель, 1980, сьогодні о 16:24, Створено сьогодні о 09:42",34 м²,$ 237
flatfy,https://flatfy.ua/redirect/4689574023,338,USD,338.00,0,32,10.56,Микільська Слобідка,"1 кімната, 32 / 18 / 8 м², поверх 7 з 26, з ремонтом, цегляний будинок, 2020, сьогодні о 19:30, Створено сьогодні о 19:30",32 м²,$ 338
flatfy,https://flatfy.ua/redirect/4689396167,406,USD,406.00,0,38,10.68,Мінський,"1 кімната, 38 / 19 / 7 м², поверх 2 з 9, з ремонтом, панельні, 1973, сьогодні о 21:35, Створено сьогодні о 18:35",38 м²,$ 406
flatfy,https://flatfy.ua/redirect/4689561080,563,USD,563.00,0,46,12.24,Позняки,"1 кімната, 46 / 18 / 15 м², поверх 13 з 25, з ремонтом, монолітно-каркасний, 2019, сьогодні о 19:31, Створено сьогодні о 19:28",46 м²,$ 563
flatfy,https://flatfy.ua/redirect/4687774731,406,USD,406.00,1,52,7.81,Солом'янка,"2 кімнати, 52 / 32 / 8 м², поверх 4 з 4, з ремонтом, цегляний будинок, 1960, сьогодні о 09:49, Створено сьогодні о 09:49",52 м²,$ 406
flatfy,https://flatfy.ua/redirect/4687866371,451,USD,451.00,2,94,4.80,Оболонь,"3 кімнати, 94 / 48 / 9 м², поверх 12 з 16, з ремонтом, утеплена панель, 1986, сьогодні о 10:11, Створено сьогодні о 10:11",94 м²,$ 451
flatfy,https://flatfy.ua/redirect/4687848592,316,USD,316.00,0,43,7.35,Позняки,"1 кімната, 43 / 30 / 6 м², поверх 10 з 16, з ремонтом, утеплена панель, 2000, сьогодні о 10:16, Створено сьогодні о 10:02",43 м²,$ 316
flatfy,https://flatfy.ua/redirect/4687878422,406,USD,406.00,1,50,8.12,Північно-Броварський,"2 кімнати, 50 / 24 / 18 м², поверх 10 з 25, з ремонтом, монолітно-каркасний, 2019, сьогодні о 10:15, Створено сьогодні о 10:15",50 м²,$ 406
flatfy,https://flatfy.ua/redirect/4687461693,750,USD,750.00,1,45,16.67,Позняки,"2 кімнати, 45 / 14 / 20 м², поверх 16 з 25, з ремонтом, блочні, 2020, сьогодні о 08:03, Створено сьогодні о 08:03",45 м²,$ 750
flatfy,https://flatfy.ua/redirect/4688030557,248,USD,248.00,1,46,5.39,Північно-Броварський,"2 кімнати, 46 / 38 / 6 м², поверх 4 з 5, з ремонтом, панельні, 1964, сьогодні о 11:01, Створено сьогодні о 11:01",46 м²,$ 248
flatfy,https://flatfy.ua/redirect/4688038522,563,USD,563.00,0,47,11.98,Чоколівка,"1 кімната, 47 / 19 / 12 м², поверх 15 з 16, з ремонтом, блочні, 2023, сьогодні о 11:04, Створено сьогодні о 11:04",47 м²,$ 563
flatfy,https://flatfy.ua/redirect/4688143929,699,USD,699.00,2,75,9.32,Поділ,"3 кімнати, 75 / 50 / 12 м², поверх 2 з 4, з ремонтом, цегляний будинок, 1899, сьогодні о 11:46, Створено сьогодні о 11:46",75 м²,$ 699
flatfy,https://flatfy.ua/redirect/4687944290,1550,USD,1550.00,2,119,13.03,Оболонь,"3 кімнати, 119 / 98 / 20 м², поверх 5 з 23, з ремонтом, монолітно-каркасний, 2010, сьогодні о 10:38, Створено сьогодні о 10:38",119 м²,$ 1 550
flatfy,https://flatfy.ua/redirect/4688241009,271,USD,271.00,0,55,4.93,Осокорки,"1 кімната, 55 / 20 / 12 м², поверх 9 з 16, з ремонтом, монолітно-каркасний, 2003, сьогодні о 12:19, Створено сьогодні о 12:19",55 м²,$ 271
flatfy,https://flatfy.ua/redirect/4688215251,338,USD,338.00,0,41,8.24,Олександрівська Слобідка,"1 кімната, 41 / 18 / 9 м², поверх 5 з 17, з ремонтом, цегляний будинок, 1993, сьогодні о 12:05, Створено сьогодні о 12:05",41 м²,$ 338
flatfy,https://flatfy.ua/redirect/4688333340,226,USD,226.00,0,38,5.95,Лісовий,"1 кімната, 38 / 18 / 12 м², поверх 9 з 16, з ремонтом, утеплена панель, 2003, сьогодні о 12:51, Створено сьогодні о 12:51",38 м²,$ 226
flatfy,https://flatfy.ua/redirect/4688377219,473,USD,473.00,0,40,11.82,Микільська Слобідка,"1 кімната, 40 / 22 / 10 м², поверх 4 з 26, з ремонтом, цегляний будинок, 2020, сьогодні о 13:04, Створено сьогодні о 13:04",40 м²,$ 473
flatfy,https://flatfy.ua/redirect/4688379354,608,USD,608.00,0,30,20.27,Голосіїв,"1 кімната, 30 / 10 / 10 м², поверх 9 з 21, з ремонтом, панельні, 2025, сьогодні о 13:08, Створено сьогодні о 13:08",30 м²,$ 608
flatfy,https://flatfy.ua/redirect/4688427890,642,USD,642.00,1,42,15.29,Старий Київ,"2 кімнати, 42 / 34 / 5 м², поверх 3 з 6, з ремонтом, цегляний будинок, 1953, сьогодні о 13:22, Створено сьогодні о 13:22",42 м²,$ 642
flatfy,https://flatfy.ua/redirect/4687972457,271,USD,271.00,0,54,5.02,Троєщина,"1 кімната, 54 / 22 / 15 м², поверх 22 з 24, з ремонтом, монолітно-каркасний, 2010, сьогодні о 11:24, Створено сьогодні о 10:49",54 м²,$ 271
flatfy,https://flatfy.ua/redirect/4688090250,271,USD,271.00,0,34,7.97,Олександрівська Слобідка,"1 кімната, 34 / 16 / 6 м², поверх 3 з 5, з ремонтом, цегляний будинок, 1962, сьогодні о 11:26, Створено сьогодні о 11:26",34 м²,$ 271
flatfy,https://flatfy.ua/redirect/4688478641,226,USD,226.00,0,35,6.46,Борщагівка,"1 кімната, 35 / 23 / 12 м², поверх 7 з 9, з ремонтом, цегляний будинок, 1980, сьогодні о 13:51, Створено сьогодні о 13:51",35 м²,$ 226
flatfy,https://flatfy.ua/redirect/4686554627,361,USD,361.00,1,70,5.16,Північно-Броварський,"2 кімнати, 70 / 44 / 12 м², поверх 1 з 9, з ремонтом, цегляний будинок, 1973, сьогодні о 03:14, Створено сьогодні о 03:14",70 м²,$ 361
flatfy,https://flatfy.ua/redirect/4687962018,226,USD,226.00,1,42,5.38,Стара Дарниця,"2 кімнати, 42 / 26 / 6 м², поверх 10 з 14, з ремонтом, цегляний будинок, сьогодні о 10:45, Створено сьогодні о 10:45",42 м²,$ 226
flatfy,https://flatfy.ua/redirect/4687986090,271,USD,271.00,1,50,5.42,Борщагівка,"2 кімнати, 50 / 32 / 8 м², поверх 5 з 16, з ремонтом, утеплена панель, 1985, сьогодні о 10:56, Створено сьогодні о 10:56",50 м²,$ 271
flatfy,https://flatfy.ua/redirect/4688148668,788,USD,788.00,1,51,15.45,Липки,"2 кімнати, 51 / 27 / 7.3 м², поверх 11 з 11, з ремонтом, цегляний будинок, 1967, сьогодні о 11:51, Створено сьогодні о 11:49",51 м²,$ 788
flatfy,https://flatfy.ua/redirect/4688855757,293,USD,293.00,1,45,6.51,Караваєві Дачі,"2 кімнати, 45 / 30 / 6 м², поверх 4 з 5, з ремонтом, цегляний будинок, 1962, сьогодні о 15:56, Створено сьогодні о 15:56",45 м²,$ 293
flatfy,https://flatfy.ua/redirect/4688952787,226,USD,226.00,0,36,6.28,Борщагівка,"1 кімната, 36 / 16 / 6 м², поверх 5 з 5, з ремонтом, цегляний будинок, 1999, сьогодні о 16:21, Створено сьогодні о 16:21",36 м²,$ 226
flatfy,https://flatfy.ua/redirect/4688679610,451,USD,451.00,0,38,11.87,Осокорки,"1 кімната, 38 / 29 / 9 м², поверх 8 з 25, з ремонтом, цегляний будинок, 2025, сьогодні о 15:00, Створено сьогодні о 15:00",38 м²,$ 451
flatfy,https://flatfy.ua/redirect/4688906107,383,USD,383.00,1,54,7.09,Печерськ,"2 кімнати, 54 / 43 / 8 м², поверх 6 з 9, з ремонтом, цегляний будинок, 1962, сьогодні о 16:02, Створено сьогодні о 16:02",54 м²,$ 383
flatfy,https://flatfy.ua/redirect/4688915171,293,USD,293.00,1,45,6.51,Воскресенка,"2 кімнати, 45 / 29 / 8 м², поверх 2 з 5, з ремонтом, панельні, 1963, сьогодні о 16:09, Створено сьогодні о 16:09",45 м²,$ 293
flatfy,https://flatfy.ua/redirect/4688999246,226,USD,226.00,0,42,5.38,Троєщина,"1 кімната, 42 / 20 / 12 м², поверх 6 з 25, з ремонтом, утеплена панель, 2013, сьогодні о 16:37, Створено сьогодні о 16:37",42 м²,$ 226
flatfy,https://flatfy.ua/redirect/4688393541,1500,USD,1500.00,2,120,12.50,Чорна Гора,"3 кімнати, 120 / 70 / 20 м², поверх 11 з 18, з ремонтом, монолітно-каркасний, 2010, сьогодні о 14:35, Створено сьогодні о 13:13",120 м²,$ 1 500
flatfy,https://flatfy.ua/redirect/4688586810,650,USD,650.00,2,119,5.46,Позняки,"3 кімнати, 119 / 65 / 25 м², поверх 9 з 36, з ремонтом, монолітно-каркасний, 2007, сьогодні о 14:26, Створено сьогодні о 14:26",119 м²,$ 650
flatfy,https://flatfy.ua/redirect/4688449288,383,USD,383.00,1,50,7.66,Оболонь,"2 кімнати, 50 / 30 / 8 м², поверх 1 з 9, з ремонтом, утеплена панель, 1979, сьогодні о 13:34, Створено сьогодні о 13:34",50 м²,$ 383
flatfy,https://flatfy.ua/redirect/4688404786,248,USD,248.00,0,34,7.29,Нова Дарниця,"1 кімната, 34 / 17 / 7 м², поверх 3 з 5, з ремонтом, цегляний будинок, 1963, сьогодні о 13:15, Створено сьогодні о 13:15",34 м²,$ 248
flatfy,https://flatfy.ua/redirect/4688063034,500,USD,500.00,1,63,7.94,Солом'янка,"2 кімнати, 63 / 40 / 15 м², поверх 13 з 25, з ремонтом, цегляний будинок, 2010, сьогодні о 11:11, Створено сьогодні о 11:11",63 м²,$ 500
flatfy,https://flatfy.ua/redirect/4688726662,676,USD,676.00,1,45,15.02,Поділ,"2 кімнати, 45 / 20 / 10 м², поверх 2 з 4, з ремонтом, цегляний будинок, 1913, сьогодні о 15:16, Створено сьогодні о 15:16",45 м²,$ 676
flatfy,https://flatfy.ua/redirect/4688739007,293,USD,293.00,1,60,4.88,Стара Дарниця,"2 кімнати, 60 / 45 / 3 м², поверх 18 з 34, з ремонтом, монолітно-каркасний, 2012, сьогодні о 15:20, Створено сьогодні о 15:20",60 м²,$ 293
flatfy,https://flatfy.ua/redirect/4688556458,338,USD,338.00,1,43,7.86,Осокорки,"2 кімнати, 43 / 18 / 15 м², поверх 4 з 25, з ремонтом, цегляний будинок, 2022, сьогодні о 15:25, Створено сьогодні о 14:08",43 м²,$ 338
flatfy,https://flatfy.ua/redirect/4688658721,495,USD,495.00,2,65,7.62,Деміївка,"3 кімнати, 65 / 45 / 13 м², поверх 11 з 16, з ремонтом, утеплена панель, 1979, сьогодні о 14:58, Створено сьогодні о 14:58",65 м²,$ 495
flatfy,https://flatfy.ua/redirect/4688571442,676,USD,676.00,2,85,7.95,Саперна Слобідка,"3 кімнати, 85 / 40 / 35 м², поверх 18 з 24, з ремонтом, монолітно-каркасний, 2005, сьогодні о 14:17, Створено сьогодні о 14:17",85 м²,$ 676
flatfy,https://flatfy.ua/redirect/4688570072,192,USD,192.00,0,15,12.80,Нивки,"1 кімната, 15 / 10 / 2 м², поверх 1 з 5, з ремонтом, цегляний будинок, 1960, сьогодні о 14:29, Створено сьогодні о 14:15",15 м²,$ 192
flatfy,https://flatfy.ua/redirect/4688090681,338,USD,338.00,0,45.4,7.44,Багринова гора,"1 кімната, 45.4 / 17.8 / 17.8 м², поверх 3 з 25, з ремонтом, цегляний будинок, 2019, сьогодні о 11:27, Створено сьогодні о 11:27",45.4 м²,$ 338
flatfy,https://flatfy.ua/redirect/4688099191,428,USD,428.00,0,38,11.26,Печерськ,"1 кімната, 38 / 20 / 10 м², поверх 6 з 9, з ремонтом, цегляний будинок, 1975, сьогодні о 11:29, Створено сьогодні о 11:29",38 м²,$ 428
flatfy,https://flatfy.ua/redirect/4687948608,361,USD,361.00,0,25,14.44,Солом’янський,"1 кімната, 25 / 18 / 7 м², поверх 1 з 4, з ремонтом, монолітно-каркасний, 2021, сьогодні о 17:16, Створено сьогодні о 10:40",25 м²,$ 361
flatfy,https://flatfy.ua/redirect/4687531378,361,USD,361.00,0,40,9.03,Лівобережний масив,"1 кімната, 40 / 17 / 10 м², поверх 7 з 25, з ремонтом, монолітно-каркасний, 2012, сьогодні о 13:37, Створено сьогодні о 08:31",40 м²,$ 361
flatfy,https://flatfy.ua/redirect/4687517116,226,USD,226.00,0,38,5.95,Північно-Броварський,"1 кімната, 38 / 18 / 8 м², поверх 15 з 16, з ремонтом, утеплена панель, 1974, сьогодні о 13:37, Створено сьогодні о 08:28",38 м²,$ 226
flatfy,https://flatfy.ua/redirect/4688658613,316,USD,316.00,0,23,13.74,Шулявка,"1 кімната, 23 / 13 / 5 м², поверх 3 з 5, з ремонтом, цегляний будинок, 1975, сьогодні о 15:13, Створено сьогодні о 14:57",23 м²,$ 316
flatfy,https://flatfy.ua/redirect/4688714119,451,USD,451.00,0,32,14.09,Чорна Гора,"1 кімната, 32 / 21 / 7 м², поверх 5 з 5, з ремонтом, цегляний будинок, 1961, сьогодні о 15:12, Створено сьогодні о 15:12",32 м²,$ 451
flatfy,https://flatfy.ua/redirect/4688050666,192,USD,192.00,0,30,6.40,Соцмісто,"1 кімната, 30 / 17 / 7 м², поверх 4 з 5, з ремонтом, цегляний будинок, 1962, сьогодні о 14:36, Створено сьогодні о 11:08",30 м²,$ 192
flatfy,https://flatfy.ua/redirect/4688804638,361,USD,361.00,0,39,9.26,Теремки-2,"1 кімната, 39 / 20 / 8 м², поверх 2 з 24, з ремонтом, утеплена панель, 2018, сьогодні о 15:39, Створено сьогодні о 15:39",39 м²,$ 361
flatfy,https://flatfy.ua/redirect/4687156916,361,USD,361.00,0,32,11.28,Феофанія,"1 кімната, 32 / 24 / 8 м², поверх 4 з 16, з ремонтом, цегляний будинок, 2021, сьогодні о 15:44, Створено сьогодні о 06:30",32 м²,$ 361
flatfy,https://flatfy.ua/redirect/4688281611,338,USD,338.00,0,33.2,10.18,Оболонь,"1 кімната, 33.2 / 18.4 / 7.7 м², поверх 9 з 9, з ремонтом, панельні, 1974, сьогодні о 15:44, Створено сьогодні о 12:32",33.2 м²,$ 338
flatfy,https://flatfy.ua/redirect/4689033461,226,USD,226.00,1,50,4.52,Теремки-1,"2 кімнати, 50 / 29 / 7 м², поверх 8 з 9, з ремонтом, цегляний будинок, 1975, сьогодні о 16:48, Створено сьогодні о 16:48",50 м²,$ 226
flatfy,https://flatfy.ua/redirect/4688510601,226,USD,226.00,0,30,7.53,Теремки-1,"1 кімната, 30 / 15 / 6 м², поверх 4 з 9, з ремонтом, цегляний будинок, 1990, сьогодні о 14:08, Створено сьогодні о 13:59",30 м²,$ 226
flatfy,https://flatfy.ua/redirect/4688495925,338,USD,338.00,0,48,7.04,Харківський,"1 кімната, 48 / 20 / 12 м², поверх 20 з 25, з ремонтом, монолітно-каркасний, 2016, сьогодні о 17:30, Створено сьогодні о 13:57",48 м²,$ 338
flatfy,https://flatfy.ua/redirect/4689254333,192,USD,192.00,0,32,6.00,Сирець,"1 кімната, 32 / 18 / 7 м², поверх 3 з 5, без ремонту, цегляний будинок, 1961, сьогодні о 17:54, Створено сьогодні о 17:54",32 м²,$ 192
flatfy,https://flatfy.ua/redirect/4689312188,203,USD,203.00,0,36,5.64,Троєщина,"1 кімната, 36 / 18 / 8 м², поверх 3 з 16, з ремонтом, утеплена панель, 1987, сьогодні о 18:13, Створено сьогодні о 18:07",36 м²,$ 203
flatfy,https://flatfy.ua/redirect/4689180818,181,USD,181.00,0,39,4.64,Троєщина,"1 кімната, 39 / 20 / 9 м², поверх 2 з 10, з ремонтом, цегляний будинок, 1988, сьогодні о 17:49, Створено сьогодні о 17:27",39 м²,$ 181
flatfy,https://flatfy.ua/redirect/4689254289,338,USD,338.00,0,37,9.14,Берковець,"1 кімната, 37 / 9 / 15 м², поверх 2 з 7, з ремонтом, панельні, 2018, сьогодні о 18:00, Створено сьогодні о 17:53",37 м²,$ 338
flatfy,https://flatfy.ua/redirect/4689551641,788,USD,788.00,0,35,22.51,Звіринець,"1 кімната, 35 / 15 / 9 м², поверх 14 з 14, з ремонтом, цегляний будинок, 1981, сьогодні о 19:25, Створено сьогодні о 19:25",35 м²,$ 788
flatfy,https://flatfy.ua/redirect/4689535742,248,USD,248.00,1,45,5.51,Виноградар,"2 кімнати, 45 / 32 / 6 м², поверх 4 з 9, без ремонту, панельні, 1975, сьогодні о 19:18, Створено сьогодні о 19:18",45 м²,$ 248
flatfy,https://flatfy.ua/redirect/4688077249,329,USD,329.00,0,47,7.00,Вишгородський масив,"1 кімната, 47 / 28 / 15 м², поверх 10 з 25, з ремонтом, цегляний будинок, 1961, сьогодні о 19:38, Створено сьогодні о 11:20",47 м²,$ 329
flatfy,https://flatfy.ua/redirect/4689563465,338,USD,338.00,0,35,9.66,Корчувате,"1 кімната, 35 / 18 / 6 м², поверх 2 з 9, без ремонту, цегляний будинок, 1974, сьогодні о 19:29, Створено сьогодні о 19:29",35 м²,$ 338
flatfy,https://flatfy.ua/redirect/4688387131,293,USD,293.00,0,35,8.37,Райдужний,"1 кімната, 35 / 18 / 6 м², поверх 7 з 9, з ремонтом, цегляний будинок, 1980, сьогодні о 19:08, Створено сьогодні о 13:10",35 м²,$ 293
flatfy,https://flatfy.ua/redirect/4689497198,181,USD,181.00,0,40.8,4.44,Дарницький,"1 кімната, 40.8 / 16 / 18 м², поверх 4 з 14, без ремонту, цегляний будинок, 2019, сьогодні о 19:01, Створено сьогодні о 19:01",40.8 м²,$ 181
flatfy,https://flatfy.ua/redirect/4689116807,496,USD,496.00,0,41,12.10,Микільська Слобідка,"1 кімната, 41 / 20 / 10 м², поверх 16 з 25, з ремонтом, монолітно-каркасний, 2018, сьогодні о 17:05, Створено сьогодні о 17:05",41 м²,$ 496
flatfy,https://flatfy.ua/redirect/4687959433,181,USD,181.00,0,18,10.06,Відрадний,"1 кімната, 18 / 14 / 3 м², поверх 3 з 5, з ремонтом, цегляний будинок, 1964, сьогодні о 20:00, Створено сьогодні о 10:44",18 м²,$ 181
flatfy,https://flatfy.ua/redirect/4689641267,181,USD,181.00,0,30,6.03,Відрадний,"1 кімната, 30 / 14 / 7 м², поверх 1 з 2, з ремонтом, цегляний будинок, 1975, сьогодні о 19:58, Створено сьогодні о 19:58",30 м²,$ 181
flatfy,https://flatfy.ua/redirect/4688468073,428,USD,428.00,0,46,9.30,Сирець,"1 кімната, 46 / 28 / 12 м², поверх 14 з 24, з ремонтом, блочні, 2022, сьогодні о 20:50, Створено сьогодні о 13:45",46 м²,$ 428
flatfy,https://flatfy.ua/redirect/4687529663,248,USD,248.00,0,35,7.09,Відрадний,"1 кімната, 35 / 18 / 7 м², поверх 5 з 5, з ремонтом, цегляний будинок, 1962, сьогодні о 19:54, Створено сьогодні о 08:30",35 м²,$ 248
flatfy,https://flatfy.ua/redirect/4689590051,192,USD,192.00,0,34,5.65,Троєщина,"1 кімната, 34 / 19.1 / 7.2 м², поверх 6 з 10, з ремонтом, цегляний будинок, 1990, сьогодні о 19:40, Створено сьогодні о 19:35",34 м²,$ 192
flatfy,https://flatfy.ua/redirect/4689746141,361,USD,361.00,0,34,10.62,Феофанія,"1 кімната, 34 / 19 / 5 м², поверх 1 з 9, з ремонтом, монолітно-каркасний, 2020, сьогодні о 20:29, Створено сьогодні о 20:29",34 м²,$ 361
flatfy,https://flatfy.ua/redirect/4688391788,1400,USD,1400.00,1,60,23.33,Лук'янівка,"2 кімнати, 60 / 35 / 15 м², поверх 2 з 9, з ремонтом, монолітно-каркасний, 2023, сьогодні о 19:32, Створено сьогодні о 13:12",60 м²,$ 1 400
flatfy,https://flatfy.ua/redirect/4689878974,406,USD,406.00,1,45,9.02,Теремки-1,"2 кімнати, 45 / 19 / 12 м², поверх 23 з 25, з ремонтом, цегляний будинок, 2018, сьогодні о 21:05, Створено сьогодні о 21:05",45 м²,$ 406
flatfy,https://flatfy.ua/redirect/4689868386,721,USD,721.00,2,97,7.43,Шулявка,"3 кімнати, 97 / 69 / 24 м², поверх 18 з 25, з ремонтом, монолітно-каркасний, 2009, сьогодні о 21:01, Створено сьогодні о 21:01",97 м²,$ 721
flatfy,https://flatfy.ua/redirect/4689534689,181,USD,181.00,1,59,3.07,Троєщина,"2 кімнати, 59 / 32 / 9 м², поверх 6 з 16, з ремонтом, утеплена панель, 1989, сьогодні о 21:11, Створено сьогодні о 19:17",59 м²,$ 181
flatfy,https://flatfy.ua/redirect/4688400813,900,USD,900.00,0,42,21.43,Шулявка,"1 кімната, 42 / 12 / 15 м², поверх 10 з 23, з ремонтом, цегляний будинок, 2021, сьогодні о 21:13, Створено сьогодні о 13:14",42 м²,$ 900
flatfy,https://flatfy.ua/redirect/4689972346,1170,USD,1170.00,1,50,23.40,Нова забудова,"2 кімнати, 50 / 25 / 25 м², поверх 9 з 24, з ремонтом, цегляний будинок, 2021, сьогодні о 21:39, Створено сьогодні о 21:39",50 м²,$ 1 170
flatfy,https://flatfy.ua/redirect/4687972900,2400,USD,2400.00,1,63,38.10,Нижній Печерськ,"2 кімнати, 63 / 33 / 12 м², поверх 13 з 31, з ремонтом, цегляний будинок, 2020, сьогодні о 21:45, Створено сьогодні о 10:50",63 м²,$ 2 400
flatfy,https://flatfy.ua/redirect/4689986432,226,USD,226.00,1,44,5.14,Відрадний,"2 кімнати, 44 / 30 / 7 м², поверх 2 з 5, без ремонту, панельні, 1963, сьогодні о 21:47, Створено сьогодні о 21:46",44 м²,$ 226
flatfy,https://flatfy.ua/redirect/4688264440,349,USD,349.00,1,43,8.12,Голосіїв,"2 кімнати, 43 / - / 7 м², поверх 2 з 4, з ремонтом, цегляний будинок, сьогодні о 12:28, Створено сьогодні о 12:11",43 м²,$ 349
flatfy,https://flatfy.ua/redirect/4688292795,1148,USD,1148.00,1,47,24.43,Історичний центр,"2 кімнати, 47 / - / 1 м², поверх 3 з 19, з ремонтом, блочні, 2021, сьогодні о 12:36, Створено сьогодні о 12:36",47 м²,$ 1 148
flatfy,https://flatfy.ua/redirect/4687902912,361,USD,361.00,0,40,9.03,Харківський,"1 кімната, 40 / - / 12 м², поверх 16 з 21, з ремонтом, монолітно-каркасний, 2014, сьогодні о 10:24, Створено сьогодні о 10:24",40 м²,$ 361
flatfy,https://flatfy.ua/redirect/4687865327,700,USD,700.00,0,43,16.28,Мишоловка,"1 кімната, 43 / - / 13 м², поверх 10 з 23, з ремонтом, блочні, 2021, сьогодні о 10:11, Створено сьогодні о 10:11",43 м²,$ 700
flatfy,https://flatfy.ua/redirect/4687865340,428,USD,428.00,1,20,21.40,,"2 кімнати, 20 / - / 21 м², поверх 2 з 24, з ремонтом, сьогодні о 10:11, Створено сьогодні о 10:11",20 м²,$ 428
flatfy,https://flatfy.ua/redirect/4687933316,271,USD,271.00,1,54,5.02,Русанівка,"2 кімнати, 54 / - / 9 м², поверх 8 з 9, з ремонтом, цегляний будинок, сьогодні о 10:36, Створено сьогодні о 10:36",54 м²,$ 271
flatfy,https://flatfy.ua/redirect/4688240313,1300,USD,1300.00,2,126,10.32,Царське село,"3 кімнати, 126 / - / 15 м², поверх 11 з 27, з ремонтом, цегляний будинок, 2008, сьогодні о 12:19, Створено сьогодні о 12:19",126 м²,$ 1 300
flatfy,https://flatfy.ua/redirect/4045589018,338,USD,338.00,0,30,11.27,Шевченківський,"1 кімната, 30 / - / 5 м², поверх 12 з 16, з ремонтом, сьогодні о 13:20, Створено сьогодні о 13:20",30 м²,$ 338
flatfy,https://flatfy.ua/redirect/4688169827,316,USD,316.00,1,44,7.18,Нова забудова,"2 кімнати, 44 / - / 8 м², поверх 10 з 32, з ремонтом, монолітно-каркасний, 2013, сьогодні о 11:56, Створено сьогодні о 11:56",44 м²,$ 316
flatfy,https://flatfy.ua/redirect/4688169831,361,USD,361.00,0,42,8.60,Райдужний,"1 кімната, 42 / - / 15 м², поверх 5 з 9, з ремонтом, монолітно-каркасний, 2018, сьогодні о 11:56, Створено сьогодні о 11:56",42 м²,$ 361
flatfy,https://flatfy.ua/redirect/4688475455,361,USD,361.00,0,33,10.94,Голосіївський,"1 кімната, 33 / - / 7 м², поверх 4 з 9, з ремонтом, сьогодні о 13:47, Створено сьогодні о 13:47",33 м²,$ 361
flatfy,https://flatfy.ua/redirect/4688567832,451,USD,451.00,2,70,6.44,Олександрівська Слобідка,"3 кімнати, 70 / - / 9 м², поверх 4 з 9, з ремонтом, цегляний будинок, 1974, сьогодні о 14:12, Створено сьогодні о 14:12",70 м²,$ 451
flatfy,https://flatfy.ua/redirect/3348132337,541,USD,541.00,0,50,10.82,Солом’янський,"1 кімната, 50 / - / 20.5 м², поверх 7 з 23, з ремонтом, сьогодні о 13:12, Створено сьогодні о 13:12",50 м²,$ 541
flatfy,https://flatfy.ua/redirect/4039625303,226,USD,226.00,0,42.8,5.28,Харківський,"1 кімната, 42.8 / - / 8.5 м², поверх 10 з 16, з ремонтом, утеплена панель, 1984, сьогодні о 13:12, Створено сьогодні о 13:12",42.8 м²,$ 226
flatfy,https://flatfy.ua/redirect/4688390829,226,USD,226.00,2,70,3.23,ДВРЗ,"3 кімнати, 70 / - / 8 м², поверх 1 з 9, з ремонтом, цегляний будинок, сьогодні о 13:12, Створено сьогодні о 13:12",70 м²,$ 226
flatfy,https://flatfy.ua/redirect/4688441297,361,USD,361.00,0,45,8.02,Позняки,"1 кімната, 45 / - / 12 м², поверх 10 з 16, з ремонтом, цегляний будинок, 2000, сьогодні о 13:27, Створено сьогодні о 13:27",45 м²,$ 361
flatfy,https://flatfy.ua/redirect/3575969844,650,USD,650.00,1,56,11.61,Нова Дарниця,"2 кімнати, 56 / - / 17 м², поверх 5 з 21, з ремонтом, цегляний будинок, 2014, сьогодні о 13:40, Створено сьогодні о 13:40",56 м²,$ 650
flatfy,https://flatfy.ua/redirect/4688461394,338,USD,338.00,2,72,4.69,Нова Дарниця,"3 кімнати, 72 / - / 8 м², поверх 4 з 16, з ремонтом, утеплена панель, сьогодні о 13:40, Створено сьогодні о 13:40",72 м²,$ 338
flatfy,https://flatfy.ua/redirect/4687958345,338,USD,338.00,0,45,7.51,Подільський,"1 кімната, 45 / - / 18 м², поверх 5 з 25, з ремонтом, сьогодні о 10:44, Створено сьогодні о 10:22",45 м²,$ 338
flatfy,https://flatfy.ua/redirect/4687984421,203,USD,203.00,0,34,5.97,Лісовий,"1 кімната, 34 / - / 7 м², поверх 7 з 9, з ремонтом, панельні, сьогодні о 10:55, Створено сьогодні о 10:55",34 м²,$ 203
flatfy,https://flatfy.ua/redirect/4687984416,327,USD,327.00,0,47,6.96,Харківський,"1 кімната, 47 / - / 13 м², поверх 15 з 25, з ремонтом, сьогодні о 10:55, Створено сьогодні о 10:38",47 м²,$ 327
flatfy,https://flatfy.ua/redirect/4687984428,338,USD,338.00,1,45,7.51,Шулявка,"2 кімнати, 45 / - / 6 м², поверх 2 з 5, з ремонтом, цегляний будинок, 1961, сьогодні о 10:55, Створено сьогодні о 10:55",45 м²,$ 338
flatfy,https://flatfy.ua/redirect/4687984408,1100,USD,1100.00,1,60,18.33,Голосіївський,"2 кімнати, 60 / - / 9 м², поверх 3 з 4, з ремонтом, цегляний будинок, сьогодні о 10:55, Створено сьогодні о 10:55",60 м²,$ 1 100
flatfy,https://flatfy.ua/redirect/4688567818,226,USD,226.00,0,32,7.06,Березняки,"1 кімната, 32 / - / 7 м², поверх 5 з 9, з ремонтом, панельні, 1971, сьогодні о 14:12, Створено сьогодні о 14:12",32 м²,$ 226
flatfy,https://flatfy.ua/redirect/4688602912,271,USD,271.00,0,13,20.85,Шулявка,"1 кімната, 13 / - / 3 м², поверх 4 з 13, з ремонтом, сьогодні о 14:31, Створено сьогодні о 14:31",13 м²,$ 271
flatfy,https://flatfy.ua/redirect/4688584656,271,USD,271.00,0,26,10.42,Борщагівка,"1 кімната, 26 / - / 6 м², поверх 4 з 5, з ремонтом, цегляний будинок, 1970, сьогодні о 14:23, Створено сьогодні о 14:23",26 м²,$ 271
flatfy,https://flatfy.ua/redirect/4689395923,631,USD,631.00,3,140,4.51,Борщагівка,"4 кімнати, 140 / - / 25 м², поверх 14 з 17, з ремонтом, цегляний будинок, 1997, сьогодні о 18:36, Створено сьогодні о 18:36",140 м²,$ 631
flatfy,https://flatfy.ua/redirect/4689365749,1000,USD,1000.00,1,66,15.15,Паньківщина,"2 кімнати, 66 / - / 15 м², поверх 9 з 16, з ремонтом, монолітно-каркасний, 2006, сьогодні о 18:28, Створено сьогодні о 18:10",66 м²,$ 1 000
flatfy,https://flatfy.ua/redirect/4688750849,406,USD,406.00,1,54,7.52,Голосіївський,"2 кімнати, 54 / - / 15 м², поверх 1 з 9, з ремонтом, сьогодні о 15:23, Створено сьогодні о 15:23",54 м²,$ 406
flatfy,https://flatfy.ua/redirect/4688763575,608,USD,608.00,1,65,9.35,,"2 кімнати, 65 / - / 25 м², поверх 3 з 5, з ремонтом, цегляний будинок, сьогодні о 15:27, Створено сьогодні о 15:27",65 м²,$ 608
flatfy,https://flatfy.ua/redirect/4688629476,383,USD,383.00,0,44,8.70,Микільська Слобідка,"1 кімната, 44 / - / 10 м², поверх 1 з 18, з ремонтом, цегляний будинок, 2015, сьогодні о 14:44, Створено сьогодні о 14:44",44 м²,$ 383
flatfy,https://flatfy.ua/redirect/4687678556,901,USD,901.00,1,80,11.26,Солдатська слобідка,"2 кімнати, 80 / - / 16 м², поверх 14 з 25, з ремонтом, цегляний будинок, 2014, сьогодні о 09:15, Створено сьогодні о 09:15",80 м²,$ 901
flatfy,https://flatfy.ua/redirect/4687745538,361,USD,361.00,2,68,5.31,Оболонь,"3 кімнати, 68 / - / 8 м², поверх 9 з 9, з ремонтом, панельні, 1980, сьогодні о 09:39, Створено сьогодні о 09:39",68 м²,$ 361
flatfy,https://flatfy.ua/redirect/4687745537,406,USD,406.00,1,52,7.81,Оболонь,"2 кімнати, 52 / - / 9 м², поверх 2 з 12, з ремонтом, панельні, 1976, сьогодні о 09:39, Створено сьогодні о 09:39",52 м²,$ 406
flatfy,https://flatfy.ua/redirect/4688804075,361,USD,361.00,0,47,7.68,Відрадний,"1 кімната, 47 / - / 12 м², поверх 25 з 26, з ремонтом, панельні, 2016, сьогодні о 15:39, Створено сьогодні о 15:39",47 м²,$ 361
flatfy,https://flatfy.ua/redirect/4688804088,500,USD,500.00,1,46,10.87,Шевченківський,"2 кімнати, 46 / - / 20 м², поверх 8 з 22, з ремонтом, сьогодні о 15:39, Створено сьогодні о 15:39",46 м²,$ 500
flatfy,https://flatfy.ua/redirect/4564074980,2500,USD,2500.00,1,64,39.06,Нижній Печерськ,"2 кімнати, 64 / - / 14 м², поверх 11 з 21, з ремонтом, 22 травня, Створено сьогодні о 16:54",64 м²,$ 2 500
flatfy,https://flatfy.ua/redirect/4528650481,950,USD,950.00,1,50,19.00,Голосіїв,"2 кімнати, 50 / - / 15 м², поверх 15 з 19, з ремонтом, 27 травня, Створено сьогодні о 16:54",50 м²,$ 950
flatfy,https://flatfy.ua/redirect/4409455071,1500,USD,1500.00,2,140,10.71,Солдатська слобідка,"3 кімнати, 140 / - / 20 м², поверх 3 з 9, з ремонтом, цегляний будинок, вчора о 09:07, Створено сьогодні о 16:54",140 м²,$ 1 500
flatfy,https://flatfy.ua/redirect/1576637427,1500,USD,1500.00,3,125,12.00,Нова забудова,"4 кімнати, 125 / - / 20 м², поверх 2 з 5, з ремонтом, цегляний будинок, 1917, 27 травня, Створено сьогодні о 16:49",125 м²,$ 1 500
flatfy,https://flatfy.ua/redirect/4643289804,1050,USD,1050.00,1,80,13.13,Поділ,"2 кімнати, 80 / - / 20 м², поверх 8 з 12, з ремонтом, 28 травня, Створено сьогодні о 16:50",80 м²,$ 1 050
flatfy,https://flatfy.ua/redirect/3948666882,1200,USD,1200.00,0,54,22.22,Шулявка,"1 кімната, 54 / - / 10 м², поверх 30 з 36, з ремонтом, 25 травня, Створено сьогодні о 16:46",54 м²,$ 1 200
flatfy,https://flatfy.ua/redirect/4563932586,1200,USD,1200.00,1,72,16.67,Нижній Печерськ,"2 кімнати, 72 / - / 15 м², поверх 6 з 22, з ремонтом, монолітно-каркасний, 2017, 22 травня, Створено сьогодні о 16:46",72 м²,$ 1 200
flatfy,https://flatfy.ua/redirect/1136658454,2500,USD,2500.00,3,175,14.29,Нова забудова,"4 кімнати, 175 / - / 15 м², поверх 12 з 25, з ремонтом, цегляний будинок, 2001, 6 травня, Створено сьогодні о 16:46",175 м²,$ 2 500
flatfy,https://flatfy.ua/redirect/4679372448,1250,USD,1250.00,2,82,15.24,Печерськ,"3 кімнати, 82 / - / 15 м², поверх 5 з 7, з ремонтом, цегляний будинок, 1936, 29 травня, Створено сьогодні о 16:46",82 м²,$ 1 250
flatfy,https://flatfy.ua/redirect/2479356687,2500,USD,2500.00,4,265,9.43,,"5 кімнат, 265 / - / 20 м², поверх 5 з 6, з ремонтом, цегляний будинок, 1918, 11 травня, Створено сьогодні о 16:59",265 м²,$ 2 500
flatfy,https://flatfy.ua/redirect/4679393537,1050,USD,1050.00,0,75,14.00,Сирець,"1 кімната, 75 / - / 30 м², поверх 10 з 25, з ремонтом, 29 травня, Створено сьогодні о 16:59",75 м²,$ 1 050
flatfy,https://flatfy.ua/redirect/4429336884,5500,USD,5500.00,3,193,28.50,Печерськ,"4 кімнати, 193 / - / 20 м², поверх 16 з 17, з ремонтом, 2019, 28 травня, Створено сьогодні о 16:59",193 м²,$ 5 500
flatfy,https://flatfy.ua/redirect/4429362820,6000,USD,6000.00,4,400,15.00,Нижній Печерськ,"5 кімнат, 400 / - / 20 м², поверх 25 з 26, з ремонтом, цегляний будинок, 1965, 28 травня, Створено сьогодні о 16:59",400 м²,$ 6 000
flatfy,https://flatfy.ua/redirect/4632951386,1500,USD,1500.00,2,130,11.54,Березняки,"3 кімнати, 130 / - / 20 м², поверх 16 з 30, з ремонтом, монолітно-каркасний, 2007, 18 травня, Створено сьогодні о 16:59",130 м²,$ 1 500
flatfy,https://flatfy.ua/redirect/4689125467,361,USD,361.00,0,38,9.50,Харківський,"1 кімната, 38 / - / 15 м², поверх 13 з 27, з ремонтом, блочні, 2021, сьогодні о 17:08, Створено сьогодні о 17:08",38 м²,$ 361
flatfy,https://flatfy.ua/redirect/4689125468,361,USD,361.00,1,63,5.73,Новобіличі,"2 кімнати, 63 / - / 10 м², поверх 2 з 9, з ремонтом, цегляний будинок, 2002, сьогодні о 17:08, Створено сьогодні о 17:08",63 м²,$ 361
flatfy,https://flatfy.ua/redirect/4583684375,2400,USD,2400.00,2,150,16.00,Нова забудова,"3 кімнати, 150 / - / 46 м², поверх 4 з 16, з ремонтом, цегляний будинок, 2005, 27 травня, Створено сьогодні о 16:42",150 м²,$ 2 400
flatfy,https://flatfy.ua/redirect/4689081149,406,USD,406.00,0,43,9.44,Відрадний,"1 кімната, 43 / - / 10 м², поверх 6 з 26, з ремонтом, панельні, 2016, сьогодні о 17:00, Створено сьогодні о 17:00",43 м²,$ 406
flatfy,https://flatfy.ua/redirect/4689081151,203,USD,203.00,0,20,10.15,Дарницький,"1 кімната, 20 / - / 20 м², поверх 2 з 2, з ремонтом, цегляний будинок, сьогодні о 17:00, Створено сьогодні о 17:00",20 м²,$ 203
flatfy,https://flatfy.ua/redirect/4417596438,1200,USD,1200.00,1,55,21.82,Чорна Гора,"2 кімнати, 55 / - / 15 м², поверх 16 з 19, з ремонтом, монолітно-каркасний, 2013, 26 травня, Створено сьогодні о 17:02",55 м²,$ 1 200
flatfy,https://flatfy.ua/redirect/4688584662,563,USD,563.00,1,64.5,8.73,Ґалаґани,"2 кімнати, 64.5 / - / 12 м², поверх 7 з 9, з ремонтом, цегляний будинок, 2021, сьогодні о 14:23, Створено сьогодні о 17:38",64.5 м²,$ 563
flatfy,https://flatfy.ua/redirect/4689223101,271,USD,271.00,0,23,11.78,Святошинський,"1 кімната, 23 / - / 5 м², поверх 2 з 9, з ремонтом, цегляний будинок, сьогодні о 17:40, Створено сьогодні о 17:40",23 м²,$ 271
flatfy,https://flatfy.ua/redirect/4689223099,293,USD,293.00,0,37,7.92,Біличі,"1 кімната, 37 / - / 8 м², поверх 8 з 9, з ремонтом, панельні, сьогодні о 17:40, Створено сьогодні о 17:40",37 м²,$ 293
flatfy,https://flatfy.ua/redirect/2211108550,293,USD,293.00,0,28,10.46,Позняки,"1 кімната, 28 / - / 2 м², поверх 3 з 25, з ремонтом, монолітно-каркасний, 2019, сьогодні о 17:44, Створено сьогодні о 17:44",28 м²,$ 293
flatfy,https://flatfy.ua/redirect/4689235823,271,USD,271.00,0,43,6.30,Осокорки,"1 кімната, 43 / - / 9 м², поверх 19 з 25, з ремонтом, панельні, 2015, сьогодні о 17:44, Створено сьогодні о 17:44",43 м²,$ 271
flatfy,https://flatfy.ua/redirect/4689311153,1000,USD,1000.00,2,156,6.41,Нова забудова,"3 кімнати, 156 / - / 12 м², поверх 14 з 14, з ремонтом, цегляний будинок, 2005, сьогодні о 18:07, Створено сьогодні о 18:07",156 м²,$ 1 000
flatfy,https://flatfy.ua/redirect/4689311156,563,USD,563.00,1,52,10.83,Солом’янський,"2 кімнати, 52 / - / 14 м², поверх 13 з 25, з ремонтом, сьогодні о 18:07, Створено сьогодні о 18:07",52 м²,$ 563
flatfy,https://flatfy.ua/redirect/4689311152,383,USD,383.00,0,45,8.51,Нижній Печерськ,"1 кімната, 45 / - / 10 м², поверх 8 з 20, з ремонтом, сьогодні о 18:07, Створено сьогодні о 18:07",45 м²,$ 383
flatfy,https://flatfy.ua/redirect/4689365730,788,USD,788.00,2,72.2,10.91,,"3 кімнати, 72.2 / - / 5 м², поверх 8 з 8, з ремонтом, цегляний будинок, сьогодні о 18:28, Створено сьогодні о 18:28",72.2 м²,$ 788
flatfy,https://flatfy.ua/redirect/4689548157,383,USD,383.00,0,43,8.91,Феофанія,"1 кімната, 43 / - / 13 м², поверх 4 з 6, з ремонтом, монолітно-каркасний, 2017, сьогодні о 19:23, Створено сьогодні о 19:23",43 м²,$ 383
flatfy,https://flatfy.ua/redirect/494962570,4300,USD,4300.00,4,308,13.96,Липки,"5 кімнат, 308 / - / 20 м², поверх 5 з 6, з ремонтом, 28 травня, Створено сьогодні о 19:07",308 м²,$ 4 300
flatfy,https://flatfy.ua/redirect/3331003376,316,USD,316.00,1,54,5.85,Святошинський,"2 кімнати, 54 / - / 14 м², поверх 2 з 16, з ремонтом, цегляний будинок, сьогодні о 19:16, Створено сьогодні о 19:16",54 м²,$ 316
flatfy,https://flatfy.ua/redirect/4689589299,226,USD,226.00,0,26,8.69,Теремки-1,"1 кімната, 26 / - / 8 м², поверх 1 з 12, з ремонтом, сьогодні о 19:36, Створено сьогодні о 19:36",26 м²,$ 226
flatfy,https://flatfy.ua/redirect/4689758549,169,USD,169.00,0,25,6.76,Борщагівка,"1 кімната, 25 / - / 5 м², поверх 1 з 5, з ремонтом, цегляний будинок, 1971, сьогодні о 20:31, Створено сьогодні о 20:31",25 м²,$ 169
flatfy,https://flatfy.ua/redirect/4510898053,518,USD,518.00,0,46,11.26,,"1 кімната, 46 / - / 15 м², поверх 9 з 19, з ремонтом, сьогодні о 15:04, Створено сьогодні о 15:04",46 м²,$ 518
flatfy,https://flatfy.ua/redirect/4689730048,316,USD,316.00,2,71.5,4.42,Стара Дарниця,"3 кімнати, 71.5 / - / 9.2 м², поверх 9 з 9, з ремонтом, панельні, 1978, сьогодні о 20:24, Створено сьогодні о 20:24",71.5 м²,$ 316
flatfy,https://flatfy.ua/redirect/4689730047,158,USD,158.00,0,32,4.94,Троєщина,"1 кімната, 32 / - / 7 м², поверх 3 з 9, з ремонтом, панельні, 1988, сьогодні о 20:24, Створено сьогодні о 20:24",32 м²,$ 158
flatfy,https://flatfy.ua/redirect/4689730039,271,USD,271.00,0,40,6.78,Нижній Печерськ,"1 кімната, 40 / - / 8 м², поверх 2 з 14, з ремонтом, цегляний будинок, 1974, сьогодні о 20:24, Створено сьогодні о 20:24",40 м²,$ 271
flatfy,https://flatfy.ua/redirect/4648115395,2000,USD,2000.00,3,145.5,13.75,Поділ,"4 кімнати, 145.5 / - / 14.8 м², поверх 8 з 8, з ремонтом, цегляний будинок, 2005, 29 травня, Створено сьогодні о 21:15",145.5 м²,$ 2 000
flatfy,https://flatfy.ua/redirect/4672393159,383,USD,383.00,1,51,7.51,Позняки,"2 кімнати, 51 / - / 5 м², поверх 16 з 25, з ремонтом, монолітно-каркасний, 2010, 27 травня, Створено сьогодні о 16:52",51 м²,$ 383
flatfy,https://flatfy.ua/redirect/4205451372,631,USD,631.00,1,66.2,9.53,Пріорка,"2 кімнати, 66.2 / - / 14 м², поверх 10 з 25, з ремонтом, цегляний будинок, 2021, сьогодні о 21:20, Створено сьогодні о 21:20",66.2 м²,$ 631
flatfy,https://flatfy.ua/redirect/4689688953,3800,USD,3800.00,4,190,20.00,Верхня Теличка,"5 кімнат, 190 / - / 50 м², поверх 4 з 25, з ремонтом, цегляний будинок, 2018, сьогодні о 20:08, Створено сьогодні о 20:08",190 м²,$ 3 800
flatfy,https://flatfy.ua/redirect/4237990368,676,USD,676.00,1,95.7,7.06,Голосіїв,"2 кімнати, 95.7 / - / 12 м², поверх 12 з 24, з ремонтом, панельні, сьогодні о 20:08, Створено сьогодні о 20:08",95.7 м²,$ 676
flatfy,https://flatfy.ua/redirect/4689876985,720,USD,720.00,1,76,9.47,Позняки,"2 кімнати, 76 / - / 20 м², поверх 23 з 25, з ремонтом, блочні, 2021, сьогодні о 21:04, Створено сьогодні о 20:24",76 м²,$ 720
flatfy,https://flatfy.ua/redirect/4689984084,293,USD,293.00,1,48,6.10,Борщагівка,"2 кімнати, 48 / - / 9 м², поверх 8 з 9, з ремонтом, утеплена панель, 1995, сьогодні о 21:44, Створено сьогодні о 21:44",48 м²,$ 293
flatfy,https://flatfy.ua/redirect/4689984132,496,USD,496.00,1,53,9.36,Теремки-2,"2 кімнати, 53 / - / 9 м², поверх 2 з 10, з ремонтом, цегляний будинок, 2001, сьогодні о 21:44, Створено сьогодні о 18:30",53 м²,$ 496
flatfy,https://flatfy.ua/redirect/4668027839,650,USD,650.00,2,72,9.03,Святошино,"3 кімнати, 72 / 54 / 9 м², поверх 5 з 14, з ремонтом, утеплена панель, 1994, вчора о 23:05, Створено вчора о 23:05",72 м²,$ 650
flatfy,https://flatfy.ua/redirect/4123040545,541,USD,541.00,0,42,12.88,Виноградар,"1 кімната, 42 / - / 21 м², поверх 22 з 26, з ремонтом, блочні, 2022, сьогодні о 01:00, Створено сьогодні о 01:00",42 м²,$ 541
flatfy,https://flatfy.ua/redirect/3163210616,439,USD,439.00,0,39,11.26,Позняки,"1 кімната, 39 / 17 / 11 м², поверх 14 з 25, з ремонтом, утеплена панель, 2015, вчора о 23:20, Створено вчора о 23:20",39 м²,$ 439
flatfy,https://flatfy.ua/redirect/4011687007,496,USD,496.00,0,42.5,11.67,Биківня,"1 кімната, 42.5 / 17 / 12 м², поверх 3 з 11, з ремонтом, цегляний будинок, 2020, вчора о 22:35, Створено вчора о 22:35",42.5 м²,$ 496
flatfy,https://flatfy.ua/redirect/4633694639,1300,USD,1300.00,2,82,15.85,Лівобережний масив,"3 кімнати, 82 / 50 / 10 м², поверх 9 з 30, з ремонтом, цегляний будинок, 2020, вчора о 21:55, Створено вчора о 21:55",82 м²,$ 1 300
flatfy,https://flatfy.ua/redirect/4655259712,676,USD,676.00,0,34.2,19.77,Нивки,"1 кімната, 34.2 / 10 / 14 м², поверх 6 з 9, з ремонтом, блочні, 2022, вчора о 23:30, Створено вчора о 23:30",34.2 м²,$ 676
flatfy,https://flatfy.ua/redirect/4378107412,1100,USD,1100.00,1,66,16.67,Кудрявець,"2 кімнати, 66 м², поверх 4 з 5, з ремонтом, цегляний будинок, 1912, вчора о 15:01, Створено вчора о 15:01",66 м²,$ 1 100
flatfy,https://flatfy.ua/redirect/3975076836,383,USD,383.00,1,46,8.33,Святошинський,"2 кімнати, 46 м², поверх 3 з 5, з ремонтом, панельні, 1964, вчора о 17:34, Створено вчора о 17:34",46 м²,$ 383
flatfy,https://flatfy.ua/redirect/4172923433,900,USD,900.00,0,48,18.75,Поділ,"1 кімната, 48 / 38 / 10 м², поверх 6 з 9, з ремонтом, цегляний будинок, 2021, вчора о 14:07, Створено вчора о 14:07",48 м²,$ 900
flatfy,https://flatfy.ua/redirect/4683976429,950,USD,950.00,0,50,19.00,Історичний центр,"1 кімната, 50 м², поверх 7 з 19, з ремонтом, блочні, 2021, вчора о 13:08, Створено вчора о 13:08",50 м²,$ 950
flatfy,https://flatfy.ua/redirect/4636001596,383,USD,383.00,1,45,8.51,Воскресенка,"2 кімнати, 45 / 30 / 7 м², поверх 3 з 5, з ремонтом, панельні, 1963, вчора о 11:18, Створено вчора о 11:18",45 м²,$ 383
flatfy,https://flatfy.ua/redirect/3865137152,113,USD,113.00,2,100,1.13,Дарницький,"3 кімнати, 100 / 74 / 8.5 м², поверх 6 з 16, з ремонтом, утеплена панель, 1989, вчора о 17:19, Створено вчора о 17:19",100 м²,$ 113
flatfy,https://flatfy.ua/redirect/4544977471,750,USD,750.00,1,60,12.50,Поділ,"2 кімнати, 60 / 40 / 15 м², поверх 3 з 4, з ремонтом, цегляний будинок, 1985, вчора о 08:24, Створено вчора о 08:24",60 м²,$ 750
flatfy,https://flatfy.ua/redirect/4684451530,473,USD,473.00,0,31,15.26,Шулявка,"1 кімната, 31 / 22 / 9 м², поверх 8 з 9, з ремонтом, панельні, 1967, вчора о 15:26, Створено вчора о 15:26",31 м²,$ 473
flatfy,https://flatfy.ua/redirect/4612365498,451,USD,451.00,2,74,6.09,,"3 кімнати, 74 / 74 / - м², поверх 3 з 10, з ремонтом, вчора о 22:50, Створено вчора о 22:50",74 м²,$ 451
flatfy,https://flatfy.ua/redirect/4685010828,214,USD,214.00,0,31.2,6.86,Деснянський,"1 кімната, 31.2 / 2 / 6 м², поверх 2 з 9, з ремонтом, панельні, 1970, вчора о 18:32, Створено вчора о 18:32",31.2 м²,$ 214
flatfy,https://flatfy.ua/redirect/4668215943,631,USD,631.00,0,49,12.88,,"1 кімната, 49 / 16.5 / 22 м², поверх 24 з 25, з ремонтом, блочні, 2024, вчора о 21:19, Створено вчора о 21:19",49 м²,$ 631
flatfy,https://flatfy.ua/redirect/4685421094,451,USD,451.00,0,56,8.05,Дарницький,"1 кімната, 56 м², поверх 12 з 24, з ремонтом, монолітно-каркасний, 2014, вчора о 20:58, Створено вчора о 20:58",56 м²,$ 451
flatfy,https://flatfy.ua/redirect/4685708517,338,USD,338.00,0,40,8.45,Шевченківський,"1 кімната, 40 / 19 / 7.5 м², поверх 1 з 9, з ремонтом, цегляний будинок, 1980, вчора о 22:28, Створено вчора о 22:28",40 м²,$ 338
flatfy,https://flatfy.ua/redirect/4560917024,650,USD,650.00,0,44,14.77,,"1 кімната, 44 / 12.4 / 21.5 м², поверх 7 з 25, з ремонтом, вчора о 11:38, Створено вчора о 11:38",44 м²,$ 650
flatfy,https://flatfy.ua/redirect/4604062990,631,USD,631.00,1,58,10.88,Печерський,"2 кімнати, 58 / 32 / 8 м², поверх 3 з 10, з ремонтом, цегляний будинок, 1969, вчора о 18:24, Створено вчора о 18:24",58 м²,$ 631
flatfy,https://flatfy.ua/redirect/4684130233,2100,USD,2100.00,1,86,24.42,Чорна Гора,"2 кімнати, 86 м², поверх 8 з 9, з ремонтом, монолітно-каркасний, 2014, вчора о 13:44, Створено вчора о 13:44",86 м²,$ 2 100
flatfy,https://flatfy.ua/redirect/4613172761,136,USD,136.00,1,52,2.62,Харківський,"2 кімнати, 52 / 30 / 8 м², поверх 10 з 10, з ремонтом, утеплена панель, 1987, вчора о 16:08, Створено вчора о 16:08",52 м²,$ 136
flatfy,https://flatfy.ua/redirect/3569765723,552,USD,552.00,1,48,11.50,Жуляни,"2 кімнати, 48 м², поверх 4 з 9, з ремонтом, панельні, 2015, вчора о 08:52, Створено вчора о 08:52",48 м²,$ 552
flatfy,https://flatfy.ua/redirect/3699554468,316,USD,316.00,0,37.2,8.49,,"1 кімната, 37.2 / - / 9 м², поверх 7 з 25, з ремонтом, блочні, 2019, вчора о 20:45, Створено вчора о 20:45",37.2 м²,$ 316
flatfy,https://flatfy.ua/redirect/4683801804,327,USD,327.00,1,48,6.81,,"2 кімнати, 48 м², поверх 9 з 16, з ремонтом, утеплена панель, 1984, вчора о 11:56, Створено вчора о 11:56",48 м²,$ 327
flatfy,https://flatfy.ua/redirect/4683134297,271,USD,271.00,0,27,10.04,Бортничі,"1 кімната, 27 / 10 / 12 м², поверх 3 з 4, з ремонтом, цегляний будинок, 2017, вчора о 08:01, Створено вчора о 08:01",27 м²,$ 271
flatfy,https://flatfy.ua/redirect/4683671852,800,USD,800.00,2,68,11.76,Чорна Гора,"3 кімнати, 68 м², поверх 3 з 5, з ремонтом, цегляний будинок, 1959, вчора о 13:03, Створено вчора о 13:03",68 м²,$ 800
flatfy,https://flatfy.ua/redirect/4681146578,338,USD,338.00,1,52,6.50,Виноградар,"2 кімнати, 52 / 32 / 9 м², поверх 12 з 16, з ремонтом, утеплена панель, 1982, вчора о 15:36, Створено вчора о 15:36",52 м²,$ 338
flatfy,https://flatfy.ua/redirect/3699565050,563,USD,563.00,0,47,11.98,Виноградар,"1 кімната, 47 / 16 / 20 м², поверх 13 з 18, з ремонтом, блочні, 2022, вчора о 23:48, Створено вчора о 23:48",47 м²,$ 563
flatfy,https://flatfy.ua/redirect/4667105110,428,USD,428.00,2,70,6.11,Микільська Слобідка,"3 кімнати, 70 / 50 / 10 м², поверх 2 з 25, з ремонтом, цегляний будинок, 2025, вчора о 05:30, Створено вчора о 05:30",70 м²,$ 428
flatfy,https://flatfy.ua/redirect/4685469700,700,USD,700.00,1,95,7.37,Голосіїв,"2 кімнати, 95 / 43 / 20 м², поверх 13 з 24, з ремонтом, монолітно-каркасний, 2014, сьогодні о 09:01, Створено вчора о 21:08",95 м²,$ 700
flatfy,https://flatfy.ua/redirect/4685334017,586,USD,586.00,2,90,6.51,Чорна Гора,"3 кімнати, 90 / 54 / 13 м², поверх 2 з 4, з ремонтом, цегляний будинок, 1957, сьогодні о 09:01, Створено вчора о 20:14",90 м²,$ 586
flatfy,https://flatfy.ua/redirect/4552726229,687,USD,687.00,0,58,11.84,Відрадний,"1 кімната, 58 / 20 / 15 м², поверх 24 з 25, з ремонтом, монолітно-каркасний, 2011, сьогодні о 09:01, Створено вчора о 23:17",58 м²,$ 687
flatfy,https://flatfy.ua/redirect/4683416040,383,USD,383.00,1,60,6.38,Осокорки,"2 кімнати, 60 / 36 / 9 м², поверх 12 з 16, з ремонтом, утеплена панель, 1996, сьогодні о 09:01, Створено вчора о 09:49",60 м²,$ 383
flatfy,https://flatfy.ua/redirect/4685214469,361,USD,361.00,1,57,6.33,Позняки,"2 кімнати, 57 / 30 / 10 м², поверх 5 з 10, з ремонтом, цегляний будинок, 1993, сьогодні о 09:01, Створено вчора о 19:43",57 м²,$ 361
flatfy,https://flatfy.ua/redirect/4684789271,169,USD,169.00,0,36,4.69,Борщагівка,"1 кімната, 36 / 16 / 9 м², поверх 9 з 16, з ремонтом, утеплена панель, 1984, сьогодні о 13:13, Створено вчора о 17:11",36 м²,$ 169
flatfy,https://flatfy.ua/redirect/4683741224,12000,USD,12000.00,3,306,39.22,Печерськ,"4 кімнати, 306 / 150 / 50 м², поверх 11 з 26, з ремонтом, монолітно-каркасний, 2011, сьогодні о 05:20, Створено вчора о 13:56",306 м²,$ 12 000
flatfy,https://flatfy.ua/redirect/4683625479,1600,USD,1600.00,1,70,22.86,Нова забудова,"2 кімнати, 70 / 20 / 40 м², поверх 5 з 7, з ремонтом, цегляний будинок, 1910, сьогодні о 13:49, Створено вчора о 10:59",70 м²,$ 1 600
flatfy,https://flatfy.ua/redirect/4684295249,900,USD,900.00,1,72,12.50,Липки,"2 кімнати, 72 / 45 / 15 м², поверх 5 з 6, з ремонтом, цегляний будинок, 1917, сьогодні о 21:24, Створено вчора о 14:40",72 м²,$ 900
flatfy,https://flatfy.ua/redirect/4684213025,631,USD,631.00,0,42,15.02,Голосіїв,"1 кімната, 42 / 20 / 20 м², поверх 12 з 21, з ремонтом, монолітно-каркасний, 2024, сьогодні о 17:32, Створено вчора о 14:09",42 м²,$ 631
flatfy,https://flatfy.ua/redirect/4683883421,676,USD,676.00,1,65,10.40,Мінський,"2 кімнати, 65 / 32 / 16 м², поверх 6 з 24, з ремонтом, монолітно-каркасний, 2018, сьогодні о 20:08, Створено вчора о 12:18",65 м²,$ 676
flatfy,https://flatfy.ua/redirect/4684677456,451,USD,451.00,0,42,10.74,Соцмісто,"1 кімната, 42 / 22 / 12 м², поверх 1 з 8, з ремонтом, цегляний будинок, 2014, сьогодні о 13:05, Створено вчора о 16:57",42 м²,$ 451
flatfy,https://flatfy.ua/redirect/4683559909,950,USD,950.00,0,55,17.27,Чорна Гора,"1 кімната, 55 / 10 / 15 м², поверх 15 з 24, з ремонтом, монолітно-каркасний, 2014, сьогодні о 11:41, Створено вчора о 10:38",55 м²,$ 950
flatfy,https://flatfy.ua/redirect/4684949469,1100,USD,1100.00,0,50,22.00,Голосіїв,"1 кімната, 50 / 15 / 15 м², поверх 21 з 25, з ремонтом, цегляний будинок, 2023, сьогодні о 11:41, Створено вчора о 18:05",50 м²,$ 1 100
flatfy,https://flatfy.ua/redirect/4684577036,1500,USD,1500.00,3,170,8.82,Черепанова гора,"4 кімнати, 170 / 115 / 50 м², поверх 9 з 24, з ремонтом, монолітно-каркасний, 2018, сьогодні о 11:41, Створено вчора о 16:05",170 м²,$ 1 500
flatfy,https://flatfy.ua/redirect/4683771416,349,USD,349.00,0,38,9.18,Осокорки,"1 кімната, 38 / 17 / 10 м², поверх 17 з 25, з ремонтом, цегляний будинок, 2022, сьогодні о 19:01, Створено вчора о 11:47",38 м²,$ 349
flatfy,https://flatfy.ua/redirect/4685344813,293,USD,293.00,0,38,7.71,Осокорки,"1 кімната, 38 / 17 / 10 м², поверх 21 з 25, з ремонтом, панельні, 2018, сьогодні о 20:46, Створено вчора о 20:20",38 м²,$ 293
flatfy,https://flatfy.ua/redirect/4684835835,1700,USD,1700.00,1,67.1,25.34,Деміївка,"2 кімнати, 67.1 / 30 / 20 м², поверх 10 з 24, з ремонтом, монолітно-каркасний, 2018, сьогодні о 11:41, Створено вчора о 17:32",67.1 м²,$ 1 700
flatfy,https://flatfy.ua/redirect/4613766577,406,USD,406.00,0,32,12.69,Оболонь,"1 кімната, 32 / 22 / 10 м², поверх 1 з 9, з ремонтом, утеплена панель, 1978, 14 травня, Створено 13 травня",32 м²,$ 406
flatfy,https://flatfy.ua/redirect/4684807327,563,USD,563.00,0,50,11.26,Солом'янка,"1 кімната, 50 / 20 / 18 м², поверх 14 з 26, з ремонтом, монолітно-каркасний, 2018, вчора о 17:23, Створено вчора о 17:23",50 м²,$ 563
flatfy,https://flatfy.ua/redirect/4686030077,631,USD,631.00,0,46,13.72,Ґалаґани,"1 кімната, 46 / 30 / 10 м², поверх 9 з 17, з ремонтом, монолітно-каркасний, 2021, сьогодні о 00:16, Створено сьогодні о 00:16",46 м²,$ 631
flatfy,https://flatfy.ua/redirect/4684252096,563,USD,563.00,0,46,12.24,Теремки,"1 кімната, 46 / 20 / 15 м², поверх 20 з 23, з ремонтом, блочні, 2023, вчора о 14:22, Створено вчора о 14:22",46 м²,$ 563
flatfy,https://flatfy.ua/redirect/4685308372,428,USD,428.00,1,52,8.23,Звіринець,"2 кімнати, 52 / 30 / 7 м², поверх 5 з 5, з ремонтом, цегляний будинок, вчора о 20:06, Створено вчора о 20:06",52 м²,$ 428
flatfy,https://flatfy.ua/redirect/4683060079,550,USD,550.00,0,38,14.47,Поділ,"1 кімната, 38 / 14 / 9 м², поверх 4 з 5, з ремонтом, цегляний будинок, 1898, вчора о 10:58, Створено вчора о 07:47",38 м²,$ 550
flatfy,https://flatfy.ua/redirect/4685185335,750,USD,750.00,1,49,15.31,Липки,"2 кімнати, 49 / 30 / 7 м², поверх 2 з 9, з ремонтом, панельні, 1967, сьогодні о 13:00, Створено вчора о 19:35",49 м²,$ 750
flatfy,https://flatfy.ua/redirect/4685334286,563,USD,563.00,0,78,7.22,Оболонь,"1 кімната, 78 / 18 / 35 м², поверх 2 з 16, з ремонтом, монолітно-каркасний, 2000, вчора о 20:15, Створено вчора о 20:15",78 м²,$ 563
flatfy,https://flatfy.ua/redirect/4683887799,833,USD,833.00,2,125,6.66,Мостицький масив,"3 кімнати, 125 / 80 / 15 м², поверх 6 з 6, з ремонтом, цегляний будинок, 2014, вчора о 12:20, Створено вчора о 12:18",125 м²,$ 833
flatfy,https://flatfy.ua/redirect/4685736326,496,USD,496.00,1,52,9.54,Теремки-1,"2 кімнати, 52 / 20 / 21 м², поверх 3 з 25, з ремонтом, монолітно-каркасний, 2014, вчора о 22:37, Створено вчора о 22:37",52 м²,$ 496
flatfy,https://flatfy.ua/redirect/4685950901,900,USD,900.00,1,77,11.69,Чоколівка,"2 кімнати, 77 / 50 / 10 м², поверх 7 з 26, з ремонтом, цегляний будинок, 2023, вчора о 23:33, Створено вчора о 23:33",77 м²,$ 900
flatfy,https://flatfy.ua/redirect/4684701490,650,USD,650.00,1,40,16.25,Позняки,"2 кімнати, 40 / 15 / 21 м², поверх 5 з 25, з ремонтом, блочні, 2021, сьогодні о 10:03, Створено вчора о 16:44",40 м²,$ 650
flatfy,https://flatfy.ua/redirect/4683900683,451,USD,451.00,0,67,6.73,Оболонь,"1 кімната, 67 / 55 / 12 м², поверх 11 з 16, з ремонтом, цегляний будинок, 2006, сьогодні о 10:15, Створено вчора о 12:23",67 м²,$ 451
flatfy,https://flatfy.ua/redirect/4684504168,304,USD,304.00,0,45,6.76,Відрадний,"1 кімната, 45 / 37 / 8 м², поверх 1 з 5, з ремонтом, панельні, 1965, сьогодні о 10:14, Створено вчора о 15:43",45 м²,$ 304
flatfy,https://flatfy.ua/redirect/4683427782,406,USD,406.00,0,49,8.29,Берковець,"1 кімната, 49 / 32 / 17 м², поверх 5 з 7, з ремонтом, панельні, 2018, сьогодні о 10:15, Створено вчора о 09:52",49 м²,$ 406
flatfy,https://flatfy.ua/redirect/4685255197,338,USD,338.00,0,46,7.35,Мінський,"1 кімната, 46 / 22 / 8 м², поверх 13 з 25, з ремонтом, монолітно-каркасний, 2017, вчора о 20:01, Створено вчора о 19:56",46 м²,$ 338
flatfy,https://flatfy.ua/redirect/4682752134,406,USD,406.00,0,45,9.02,Вітряні Гори,"1 кімната, 45 / 18.5 / 11.5 м², поверх 19 з 26, з ремонтом, монолітно-каркасний, 2015, сьогодні о 11:50, Створено вчора о 06:18",45 м²,$ 406
flatfy,https://flatfy.ua/redirect/4683978198,327,USD,327.00,0,48,6.81,Воскресенка,"1 кімната, 48 / 20 / 14 м², поверх 11 з 25, з ремонтом, монолітно-каркасний, 2019, сьогодні о 14:11, Створено вчора о 12:50",48 м²,$ 327
flatfy,https://flatfy.ua/redirect/4683197937,1200,USD,1200.00,1,60,20.00,Теремки,"2 кімнати, 60 / 45 / 15 м², поверх 4 з 10, з ремонтом, блочні, 2021, вчора о 08:25, Створено вчора о 08:25",60 м²,$ 1 200
flatfy,https://flatfy.ua/redirect/4683335115,1000,USD,1000.00,2,86,11.63,Нова забудова,"3 кімнати, 86 / 60 / 17 м², поверх 18 з 21, з ремонтом, монолітно-каркасний, 2017, вчора о 09:05, Створено вчора о 09:05",86 м²,$ 1 000
flatfy,https://flatfy.ua/redirect/4639490055,1000,USD,1000.00,2,115,8.70,Липки,"3 кімнати, 115 / 70 / 14 м², поверх 4 з 4, з ремонтом, цегляний будинок, 1935, вчора о 04:37, Створено вчора о 04:37",115 м²,$ 1 000
flatfy,https://flatfy.ua/redirect/4683741972,518,USD,518.00,2,62,8.35,Караваєві Дачі,"3 кімнати, 62 / 40 / 20 м², поверх 5 з 5, з ремонтом, цегляний будинок, 1972, сьогодні о 09:57, Створено вчора о 11:37",62 м²,$ 518
flatfy,https://flatfy.ua/redirect/4684598098,1000,USD,1000.00,1,70,14.29,Поділ,"2 кімнати, 70 / 40 / 10 м², поверх 4 з 4, з ремонтом, цегляний будинок, 1899, сьогодні о 14:35, Створено вчора о 16:11",70 м²,$ 1 000
flatfy,https://flatfy.ua/redirect/4684883100,338,USD,338.00,0,38,8.89,Виноградар,"1 кімната, 38 / 26 / 12 м², поверх 2 з 16, з ремонтом, утеплена панель, 1983, сьогодні о 10:09, Створено вчора о 17:47",38 м²,$ 338
flatfy,https://flatfy.ua/redirect/4684967395,1000,USD,1000.00,1,80,12.50,Оболонь,"2 кімнати, 80 / 46 / 14 м², поверх 21 з 26, з ремонтом, монолітно-каркасний, 2017, сьогодні о 17:56, Створено вчора о 18:18",80 м²,$ 1 000
flatfy,https://flatfy.ua/redirect/4686029980,496,USD,496.00,0,47,10.55,Караваєві Дачі,"1 кімната, 47 / 20 / 16 м², поверх 12 з 26, з ремонтом, блочні, 2020, сьогодні о 11:25, Створено сьогодні о 00:14",47 м²,$ 496
flatfy,https://flatfy.ua/redirect/4683616721,586,USD,586.00,0,50,11.72,Позняки,"1 кімната, 50 / 20 / 20 м², поверх 13 з 25, з ремонтом, монолітно-каркасний, 2015, сьогодні о 15:17, Створено вчора о 10:56",50 м²,$ 586
flatfy,https://flatfy.ua/redirect/4648840017,800,USD,800.00,0,50,16.00,Лівобережний масив,"1 кімната, 50 / 20 / 25 м², поверх 11 з 25, з ремонтом, монолітно-каркасний, 2021, сьогодні о 10:52, Створено вчора о 10:25",50 м²,$ 800
flatfy,https://flatfy.ua/redirect/4684144009,1350,USD,1350.00,1,50,27.00,Історичний центр,"2 кімнати, 50 / 30 / 15 м², поверх 15 з 19, з ремонтом, монолітно-каркасний, 2021, сьогодні о 19:53, Створено вчора о 13:49",50 м²,$ 1 350
flatfy,https://flatfy.ua/redirect/4684224856,1000,USD,1000.00,1,55,18.18,Шулявка,"2 кімнати, 55 / 25 / 17 м², поверх 28 з 36, з ремонтом, монолітно-каркасний, 2021, сьогодні о 19:52, Створено вчора о 14:12",55 м²,$ 1 000
flatfy,https://flatfy.ua/redirect/4684075829,2200,USD,2200.00,1,60,36.67,Нова забудова,"2 кімнати, 60 / 40 / 15 м², поверх 10 з 24, з ремонтом, монолітно-каркасний, 2019, сьогодні о 19:53, Створено вчора о 13:25",60 м²,$ 2 200
flatfy,https://flatfy.ua/redirect/4683961727,900,USD,900.00,1,50,18.00,Історичний центр,"2 кімнати, 50 / 20 / 15 м², поверх 13 з 19, з ремонтом, монолітно-каркасний, 2021, сьогодні о 19:53, Створено вчора о 12:41",50 м²,$ 900
flatfy,https://flatfy.ua/redirect/4684387800,1000,USD,1000.00,0,60,16.67,Деміївка,"1 кімната, 60 / 20 / 25 м², поверх 12 з 21, з ремонтом, монолітно-каркасний, 2009, вчора о 15:04, Створено вчора о 15:04",60 м²,$ 1 000
flatfy,https://flatfy.ua/redirect/4684620481,405,USD,405.00,1,59,6.86,Осокорки,"2 кімнати, 59 / 31 / 9 м², поверх 7 з 25, з ремонтом, панельні, 2017, сьогодні о 21:05, Створено вчора о 16:18",59 м²,$ 405
flatfy,https://flatfy.ua/redirect/4685970516,496,USD,496.00,0,45,11.02,Оболонь,"1 кімната, 45 / 20 / 10 м², поверх 10 з 16, з ремонтом, утеплена панель, 1977, сьогодні о 16:42, Створено вчора о 23:43",45 м²,$ 496
flatfy,https://flatfy.ua/redirect/4683703984,406,USD,406.00,0,35,11.60,Оболонь,"1 кімната, 35 / 16 / 12 м², поверх 3 з 16, з ремонтом, утеплена панель, 1980, вчора о 11:19, Створено вчора о 11:19",35 м²,$ 406
flatfy,https://flatfy.ua/redirect/4684717184,147,USD,147.00,0,33,4.45,Вітряні Гори,"1 кімната, 33 / 18 / 6 м², поверх 4 з 5, без ремонту, цегляний будинок, 1962, сьогодні о 09:01, Створено вчора о 16:51",33 м²,$ 147
flatfy,https://flatfy.ua/redirect/4685549923,226,USD,226.00,0,35,6.46,Березняки,"1 кімната, 35 / 18 / 8 м², поверх 15 з 16, без ремонту, утеплена панель, 1972, сьогодні о 09:01, Створено вчора о 21:33",35 м²,$ 226
flatfy,https://flatfy.ua/redirect/4684251352,383,USD,383.00,0,38,10.08,Берковець,"1 кімната, 38 / 18 / 10 м², поверх 1 з 14, з ремонтом, утеплена панель, 2021, сьогодні о 09:01, Створено вчора о 14:19",38 м²,$ 383
flatfy,https://flatfy.ua/redirect/4684103700,451,USD,451.00,0,36,12.53,Осокорки,"1 кімната, 36 / 12 / 7 м², поверх 16 з 25, з ремонтом, панельні, 2017, сьогодні о 13:46, Створено вчора о 13:31",36 м²,$ 451
flatfy,https://flatfy.ua/redirect/4683415754,361,USD,361.00,0,32,11.28,Ширма,"1 кімната, 32 / 12 / 6 м², поверх 4 з 6, з ремонтом, монолітно-каркасний, 2021, сьогодні о 13:46, Створено вчора о 09:47",32 м²,$ 361
flatfy,https://flatfy.ua/redirect/4683676952,856,USD,856.00,2,110,7.78,Олександрівська Слобідка,"3 кімнати, 110 / 70 / 18 м², поверх 18 з 25, з ремонтом, монолітно-каркасний, 2014, сьогодні о 19:26, Створено вчора о 11:09",110 м²,$ 856
flatfy,https://flatfy.ua/redirect/4685194483,563,USD,563.00,0,69,8.16,Вітряні Гори,"1 кімната, 69 / 20.2 / 19.5 м², поверх 17 з 27, з ремонтом, утеплена панель, 2015, сьогодні о 08:28, Створено вчора о 19:37",69 м²,$ 563
flatfy,https://flatfy.ua/redirect/4685111699,271,USD,271.00,0,36,7.53,Солом'янка,"1 кімната, 36 / 16 / 7 м², поверх 16 з 16, з ремонтом, утеплена панель, 1977, сьогодні о 04:19, Створено вчора о 19:05",36 м²,$ 271
flatfy,https://flatfy.ua/redirect/4683499681,451,USD,451.00,1,52,8.67,Мостицький масив,"2 кімнати, 52 / 28 / 14 м², поверх 2 з 6, з ремонтом, цегляний будинок, 2012, вчора о 10:15, Створено вчора о 10:15",52 м²,$ 451
flatfy,https://flatfy.ua/redirect/4683598087,406,USD,406.00,1,56,7.25,Вишгородський масив,"2 кімнати, 56 / 28 / 8.5 м², поверх 5 з 16, з ремонтом, утеплена панель, 1993, вчора о 10:49, Створено вчора о 10:49",56 м²,$ 406
flatfy,https://flatfy.ua/redirect/4685116674,448,USD,448.00,1,57,7.86,Кудрявець,"2 кімнати, 57 / 32 / 8 м², поверх 6 з 9, з ремонтом, цегляний будинок, 1975, сьогодні о 11:25, Створено вчора о 19:05",57 м²,$ 448
flatfy,https://flatfy.ua/redirect/4683402437,901,USD,901.00,2,139,6.48,Деміївка,"3 кімнати, 139 / 70 / 17 м², поверх 3 з 21, з ремонтом, монолітно-каркасний, 2009, вчора о 09:40, Створено вчора о 09:40",139 м²,$ 901
flatfy,https://flatfy.ua/redirect/4683761411,600,USD,600.00,0,47,12.77,Виноградар,"1 кімната, 47 / 15 / 18 м², поверх 10 з 25, з ремонтом, монолітно-каркасний, 2024, сьогодні о 08:20, Створено вчора о 11:41",47 м²,$ 600
flatfy,https://flatfy.ua/redirect/4683927467,800,USD,800.00,0,50,16.00,Шевченківський,"1 кімната, 50 / 30 / 12 м², поверх 23 з 25, з ремонтом, монолітно-каркасний, 2022, сьогодні о 09:29, Створено вчора о 12:29",50 м²,$ 800
flatfy,https://flatfy.ua/redirect/4682759766,271,USD,271.00,0,21,12.90,Відрадний,"1 кімната, 21 / 12 / 5 м², поверх 3 з 4, з ремонтом, цегляний будинок, 1958, сьогодні о 04:43, Створено вчора о 06:19",21 м²,$ 271
flatfy,https://flatfy.ua/redirect/4683920072,700,USD,700.00,0,42,16.67,Голосіїв,"1 кімната, 42 / 20 / 20 м², поверх 3 з 19, з ремонтом, монолітно-каркасний, 2022, сьогодні о 17:32, Створено вчора о 12:28",42 м²,$ 700
flatfy,https://flatfy.ua/redirect/4685772762,451,USD,451.00,1,65,6.94,Виноградар,"2 кімнати, 65 / 50 / 14 м², поверх 14 з 22, з ремонтом, утеплена панель, 2004, сьогодні о 17:55, Створено вчора о 22:48",65 м²,$ 451
flatfy,https://flatfy.ua/redirect/4685241306,338,USD,338.00,0,43,7.86,Куренівка,"1 кімната, 43 / 18 / 10 м², поверх 15 з 25, з ремонтом, панельні, 2021, сьогодні о 18:47, Створено вчора о 19:51",43 м²,$ 338
flatfy,https://flatfy.ua/redirect/4683744220,676,USD,676.00,0,55,12.29,Позняки,"1 кімната, 55 / 24 / 15 м², поверх 15 з 26, з ремонтом, монолітно-каркасний, 2021, сьогодні о 09:01, Створено вчора о 11:37",55 м²,$ 676
flatfy,https://flatfy.ua/redirect/4685982358,293,USD,293.00,0,26,11.27,Лук'янівка,"1 кімната, 26 / 22 / 4 м², поверх 3 з 9, з ремонтом, цегляний будинок, 1982, сьогодні о 10:13, Створено вчора о 23:54",26 м²,$ 293
flatfy,https://flatfy.ua/redirect/4683741177,181,USD,181.00,0,42,4.31,Соцмісто,"1 кімната, 42 / 18 / 9 м², поверх 4 з 9, без ремонту, панельні, 1966, сьогодні о 09:01, Створено вчора о 11:35",42 м²,$ 181
flatfy,https://flatfy.ua/redirect/4684506065,338,USD,338.00,0,39,8.67,Нова Дарниця,"1 кімната, 39 / 17 / 7 м², поверх 8 з 9, з ремонтом, цегляний будинок, 1988, сьогодні о 09:01, Створено вчора о 15:44",39 м²,$ 338
flatfy,https://flatfy.ua/redirect/4685069614,293,USD,293.00,1,47,6.23,Харківський,"2 кімнати, 47 / 30 / 9 м², поверх 1 з 9, з ремонтом, утеплена панель, 1986, сьогодні о 09:01, Створено вчора о 18:53",47 м²,$ 293
flatfy,https://flatfy.ua/redirect/4683368869,338,USD,338.00,0,36,9.39,Оболонь,"1 кімната, 36 / 18 / 10 м², поверх 13 з 25, з ремонтом, монолітно-каркасний, 2013, сьогодні о 19:26, Створено вчора о 09:23",36 м²,$ 338
flatfy,https://flatfy.ua/redirect/4683356010,361,USD,361.00,0,42,8.60,Мінський,"1 кімната, 42 / 20 / 18 м², поверх 23 з 26, з ремонтом, монолітно-каркасний, 2015, сьогодні о 19:26, Створено вчора о 09:17",42 м²,$ 361
flatfy,https://flatfy.ua/redirect/4683610328,743,USD,743.00,2,100,7.43,Лівобережний масив,"3 кімнати, 100 / 45 / 23 м², поверх 19 з 34, з ремонтом, монолітно-каркасний, 2016, вчора о 11:52, Створено вчора о 10:53",100 м²,$ 743
flatfy,https://flatfy.ua/redirect/4684765065,338,USD,338.00,0,38,8.89,Липки,"1 кімната, 38 / 18 / 8 м², поверх 7 з 10, з ремонтом, цегляний будинок, 1965, сьогодні о 14:30, Створено вчора о 17:01",38 м²,$ 338
flatfy,https://flatfy.ua/redirect/4683288769,496,USD,496.00,1,40,12.40,Нижній Печерськ,"2 кімнати, 40 / 30 / 6 м², поверх 4 з 6, з ремонтом, панельні, 1959, вчора о 08:56, Створено вчора о 08:56",40 м²,$ 496
flatfy,https://flatfy.ua/redirect/4684063007,406,USD,406.00,1,89,4.56,Біличі,"2 кімнати, 89 / 44 / 13 м², поверх 22 з 25, з ремонтом, монолітно-каркасний, 2007, вчора о 13:21, Створено вчора о 13:19",89 м²,$ 406
flatfy,https://flatfy.ua/redirect/4683487062,338,USD,338.00,0,44,7.68,Соцмісто,"1 кімната, 44 / 34 / 10 м², поверх 4 з 5, з ремонтом, цегляний будинок, 1961, сьогодні о 10:14, Створено вчора о 10:10",44 м²,$ 338
flatfy,https://flatfy.ua/redirect/4683057465,291,USD,291.00,0,28,10.39,Оболонь,"1 кімната, 28 / 16 / 5 м², поверх 6 з 9, з ремонтом, панельні, 1977, сьогодні о 14:09, Створено вчора о 07:43",28 м²,$ 291
flatfy,https://flatfy.ua/redirect/4683743827,563,USD,563.00,1,60,9.38,Осокорки,"2 кімнати, 60 / 40 / 13 м², поверх 17 з 25, з ремонтом, панельні, 2018, сьогодні о 14:09, Створено вчора о 11:37",60 м²,$ 563
flatfy,https://flatfy.ua/redirect/4685663694,473,USD,473.00,0,40,11.82,Варшавський Мікрорайон,"1 кімната, 40 / 20 / 11 м², поверх 9 з 25, з ремонтом, монолітно-каркасний, 2019, сьогодні о 10:17, Створено вчора о 22:06",40 м²,$ 473
flatfy,https://flatfy.ua/redirect/4685366270,372,USD,372.00,0,50,7.44,Позняки,"1 кімната, 50 / 18 / 14 м², поверх 10 з 25, з ремонтом, монолітно-каркасний, 2015, сьогодні о 08:43, Створено вчора о 20:31",50 м²,$ 372
flatfy,https://flatfy.ua/redirect/4685668715,293,USD,293.00,0,35,8.37,Троєщина,"1 кімната, 35 / 20 / 10 м², поверх 22 з 26, з ремонтом, монолітно-каркасний, 2021, сьогодні о 11:36, Створено вчора о 22:10",35 м²,$ 293
flatfy,https://flatfy.ua/redirect/4684320613,192,USD,192.00,0,23,8.35,Борщагівка,"1 кімната, 23 / 15 / 4 м², поверх 1 з 9, з ремонтом, цегляний будинок, 1973, сьогодні о 09:46, Створено вчора о 14:48",23 м²,$ 192
flatfy,https://flatfy.ua/redirect/4683957847,529,USD,529.00,1,73,7.25,Оболонь,"2 кімнати, 73 / 39 / 15 м², поверх 7 з 19, з ремонтом, монолітно-каркасний, 2000, сьогодні о 04:23, Створено вчора о 12:38",73 м²,$ 529
flatfy,https://flatfy.ua/redirect/4685058468,361,USD,361.00,0,25,14.44,Ширма,"1 кімната, 25 / 12 / 6 м², поверх 1 з 5, з ремонтом, цегляний будинок, 2025, сьогодні о 15:43, Створено вчора о 18:49",25 м²,$ 361
flatfy,https://flatfy.ua/redirect/4683604611,406,USD,406.00,1,55,7.38,Академмістечко,"2 кімнати, 55 / 34 / 9 м², поверх 3 з 16, з ремонтом, утеплена панель, 1992, сьогодні о 20:14, Створено вчора о 10:51",55 м²,$ 406
flatfy,https://flatfy.ua/redirect/4685410517,336,USD,336.00,0,32,10.50,Чоколівка,"1 кімната, 32 / 18 / 6 м², поверх 2 з 5, з ремонтом, цегляний будинок, 1960, сьогодні о 11:32, Створено вчора о 20:53",32 м²,$ 336
flatfy,https://flatfy.ua/redirect/4683063967,406,USD,406.00,0,36,11.28,Березняки,"1 кімната, 36 / 18 / 9 м², поверх 3 з 16, з ремонтом, утеплена панель, 1974, сьогодні о 09:02, Створено вчора о 07:46",36 м²,$ 406
flatfy,https://flatfy.ua/redirect/4684601873,361,USD,361.00,2,70,5.16,Березняки,"3 кімнати, 70 / 50 / 12 м², поверх 12 з 19, з ремонтом, цегляний будинок, 1982, сьогодні о 09:28, Створено вчора о 16:11",70 м²,$ 361
flatfy,https://flatfy.ua/redirect/4683931701,338,USD,338.00,2,62,5.45,Березняки,"3 кімнати, 62 / 42 / 8 м², поверх 9 з 9, з ремонтом, панельні, 1972, сьогодні о 09:28, Створено вчора о 12:30",62 м²,$ 338
flatfy,https://flatfy.ua/redirect/4684628495,316,USD,316.00,0,40,7.90,Осокорки,"1 кімната, 40 / 18 / 10 м², поверх 25 з 25, з ремонтом, утеплена панель, 2015, сьогодні о 11:05, Створено вчора о 16:20",40 м²,$ 316
flatfy,https://flatfy.ua/redirect/4684713302,406,USD,406.00,1,55,7.38,Куренівка,"2 кімнати, 55 / 18 / 14 м², поверх 25 з 25, з ремонтом, цегляний будинок, 2021, сьогодні о 08:55, Створено вчора о 16:50",55 м²,$ 406
flatfy,https://flatfy.ua/redirect/4684062590,750,USD,750.00,0,45,16.67,Нижній Печерськ,"1 кімната, 45 / 20 / 20 м², поверх 6 з 14, з ремонтом, монолітно-каркасний, 2015, вчора о 13:18, Створено вчора о 13:18",45 м²,$ 750
flatfy,https://flatfy.ua/redirect/4684468131,451,USD,451.00,1,46,9.80,Нивки,"2 кімнати, 46 / 30 / 15 м², поверх 13 з 14, з ремонтом, монолітно-каркасний, 2016, вчора о 15:31, Створено вчора о 15:31",46 м²,$ 451
flatfy,https://flatfy.ua/redirect/4684885815,676,USD,676.00,0,43,15.72,Рибальський острів,"1 кімната, 43 / 20 / 20 м², поверх 19 з 26, з ремонтом, монолітно-каркасний, 2022, вчора о 17:46, Створено вчора о 17:46",43 м²,$ 676
flatfy,https://flatfy.ua/redirect/4683711676,788,USD,788.00,1,41,19.22,Нивки,"2 кімнати, 41 / 20 / 17 м², поверх 6 з 16, з ремонтом, блочні, 2020, вчора о 11:21, Створено вчора о 11:21",41 м²,$ 788
flatfy,https://flatfy.ua/redirect/4683857840,406,USD,406.00,0,25,16.24,Відрадний,"1 кімната, 25 / 16 / 8 м², поверх 7 з 16, з ремонтом, монолітно-каркасний, 2021, сьогодні о 09:46, Створено вчора о 12:05",25 м²,$ 406
flatfy,https://flatfy.ua/redirect/4683888247,631,USD,631.00,0,39,16.18,Відрадний,"1 кімната, 39 / 12 / 20 м², поверх 12 з 17, з ремонтом, цегляний будинок, 2021, сьогодні о 09:46, Створено вчора о 12:17",39 м²,$ 631
flatfy,https://flatfy.ua/redirect/4683370252,316,USD,316.00,2,97,3.26,Осокорки,"3 кімнати, 97 / 54 / 16 м², поверх 19 з 21, без ремонту, утеплена панель, 2014, сьогодні о 08:57, Створено вчора о 09:26",97 м²,$ 316
flatfy,https://flatfy.ua/redirect/4683839193,631,USD,631.00,0,43,14.67,Подільський,"1 кімната, 43 / 17 / 17 м², поверх 20 з 26, з ремонтом, монолітно-каркасний, 2022, вчора о 12:00, Створено вчора о 12:00",43 м²,$ 631
flatfy,https://flatfy.ua/redirect/4684943381,1823,USD,1823.00,1,65,28.05,Голосіїв,"2 кімнати, 65 / 27 / 21 м², поверх 10 з 23, з ремонтом, цегляний будинок, 2024, сьогодні о 11:41, Створено вчора о 18:00",65 м²,$ 1 823
flatfy,https://flatfy.ua/redirect/4683525737,800,USD,800.00,0,50,16.00,Верхня Теличка,"1 кімната, 50 / 20 / 14 м², поверх 16 з 26, з ремонтом, монолітно-каркасний, 2020, сьогодні о 11:41, Створено вчора о 10:27",50 м²,$ 800
flatfy,https://flatfy.ua/redirect/4684607977,563,USD,563.00,0,47,11.98,Подільський,"1 кімната, 47 / 18 / 20 м², поверх 3 з 26, з ремонтом, блочні, 2022, вчора о 16:13, Створено вчора о 16:13",47 м²,$ 563
flatfy,https://flatfy.ua/redirect/4683697065,676,USD,676.00,1,77,8.78,Лівобережний масив,"2 кімнати, 77 / 60 / 10 м², поверх 5 з 34, з ремонтом, монолітно-каркасний, 2016, вчора о 11:15, Створено вчора о 11:15",77 м²,$ 676
flatfy,https://flatfy.ua/redirect/4683671616,181,USD,181.00,0,35,5.17,Мінський,"1 кімната, 35 / 17 / 8 м², поверх 9 з 9, з ремонтом, цегляний будинок, вчора о 11:07, Створено вчора о 11:07",35 м²,$ 181
flatfy,https://flatfy.ua/redirect/4684965507,4095,USD,4095.00,2,130,31.50,Нижній Печерськ,"3 кімнати, 130 / 50 / 35 м², поверх 13 з 24, з ремонтом, монолітно-каркасний, 2015, вчора о 18:14, Створено вчора о 18:14",130 м²,$ 4 095
flatfy,https://flatfy.ua/redirect/4684971483,541,USD,541.00,0,44.3,12.21,Нижній Печерськ,"1 кімната, 44.3 / 14.3 / 11.2 м², поверх 4 з 5, з ремонтом, цегляний будинок, 1961, вчора о 18:21, Створено вчора о 18:21",44.3 м²,$ 541
flatfy,https://flatfy.ua/redirect/4685014520,293,USD,293.00,1,44,6.66,Голосіїв,"2 кімнати, 44 / 28 / 7 м², поверх 2 з 8, з ремонтом, цегляний будинок, 1965, вчора о 18:35, Створено вчора о 18:35",44 м²,$ 293
flatfy,https://flatfy.ua/redirect/4684590329,451,USD,451.00,0,58,7.78,Оболонь,"1 кімната, 58 / 20 / 14 м², поверх 1 з 16, з ремонтом, цегляний будинок, 1997, вчора о 16:11, Створено вчора о 16:08",58 м²,$ 451
flatfy,https://flatfy.ua/redirect/4684062404,496,USD,496.00,0,35,14.17,Нова забудова,"1 кімната, 35 / 18 / 6 м², поверх 7 з 9, з ремонтом, панельні, 1967, вчора о 13:17, Створено вчора о 13:17",35 м²,$ 496
flatfy,https://flatfy.ua/redirect/4685277056,676,USD,676.00,1,62,10.90,Кудрявець,"2 кімнати, 62 / 30 / 25 м², поверх 1 з 5, з ремонтом, цегляний будинок, 1938, вчора о 19:59, Створено вчора о 19:59",62 м²,$ 676
flatfy,https://flatfy.ua/redirect/4683867161,631,USD,631.00,0,50,12.62,Дніпровський,"1 кімната, 50 / 15 / 20 м², поверх 17 з 25, з ремонтом, цегляний будинок, 2022, вчора о 12:07, Створено вчора о 12:07",50 м²,$ 631
flatfy,https://flatfy.ua/redirect/4684108744,563,USD,563.00,0,42,13.40,Позняки,"1 кімната, 42 / 14 / 10 м², поверх 19 з 25, з ремонтом, монолітно-каркасний, 2021, вчора о 13:33, Створено вчора о 13:33",42 м²,$ 563
flatfy,https://flatfy.ua/redirect/4684237964,811,USD,811.00,2,115,7.05,Подільський,"3 кімнати, 115 / 74 / 18 м², поверх 1 з 6, з ремонтом, вчора о 14:15, Створено вчора о 14:15",115 м²,$ 811
flatfy,https://flatfy.ua/redirect/4685381506,833,USD,833.00,0,45,18.51,Шевченківський,"1 кімната, 45 / 25 / 20 м², поверх 11 з 25, з ремонтом, монолітно-каркасний, 2020, вчора о 20:41, Створено вчора о 20:41",45 м²,$ 833
flatfy,https://flatfy.ua/redirect/4684962118,473,USD,473.00,0,50,9.46,Голосіївський,"1 кімната, 50 / 18 / 17 м², поверх 9 з 25, з ремонтом, монолітно-каркасний, 2023, вчора о 18:08, Створено вчора о 18:08",50 м²,$ 473
flatfy,https://flatfy.ua/redirect/4684481320,338,USD,338.00,0,40,8.45,Харківський,"1 кімната, 40 / 16 / 6 м², поверх 8 з 9, з ремонтом, цегляний будинок, 1987, вчора о 15:36, Створено вчора о 15:36",40 м²,$ 338
flatfy,https://flatfy.ua/redirect/4683487166,383,USD,383.00,1,46,8.33,Історичний центр,"2 кімнати, 46 / 27 / 7 м², поверх 5 з 6, без ремонту, цегляний будинок, 1966, сьогодні о 07:31, Створено вчора о 10:10",46 м²,$ 383
flatfy,https://flatfy.ua/redirect/4683720389,226,USD,226.00,1,49,4.61,Північно-Броварський,"2 кімнати, 49 / 32 / 6 м², поверх 4 з 9, з ремонтом, панельні, 1971, вчора о 11:24, Створено вчора о 11:22",49 м²,$ 226
flatfy,https://flatfy.ua/redirect/4682868454,406,USD,406.00,1,75,5.41,Осокорки,"2 кімнати, 75 / 40 / 15 м², поверх 20 з 23, з ремонтом, монолітно-каркасний, 2013, сьогодні о 07:15, Створено вчора о 06:48",75 м²,$ 406
flatfy,https://flatfy.ua/redirect/4683604254,496,USD,496.00,1,51,9.73,Шулявка,"2 кімнати, 51 / 30 / 7 м², поверх 1 з 9, без ремонту, панельні, 1972, вчора о 10:50, Створено вчора о 10:50",51 м²,$ 496
flatfy,https://flatfy.ua/redirect/4685951117,223,USD,223.00,0,33,6.76,Північно-Броварський,"1 кімната, 33 / 17 / 7 м², поверх 4 з 9, з ремонтом, панельні, 1970, вчора о 23:32, Створено вчора о 23:32",33 м²,$ 223
flatfy,https://flatfy.ua/redirect/4685974630,676,USD,676.00,0,41,16.49,Дарницький,"1 кімната, 41 / 20 / 10 м², поверх 20 з 26, з ремонтом, монолітно-каркасний, 2024, вчора о 23:47, Створено вчора о 23:47",41 м²,$ 676
flatfy,https://flatfy.ua/redirect/4684388302,293,USD,293.00,0,35,8.37,Оболонь,"1 кімната, 35 / 18 / 8 м², поверх 2 з 9, з ремонтом, утеплена панель, 1980, вчора о 15:04, Створено вчора о 15:04",35 м²,$ 293
flatfy,https://flatfy.ua/redirect/4683664425,406,USD,406.00,1,67,6.06,Теремки-2,"2 кімнати, 67 / 33 / 12 м², поверх 9 з 10, з ремонтом, цегляний будинок, 2001, сьогодні о 00:50, Створено вчора о 11:05",67 м²,$ 406
flatfy,https://flatfy.ua/redirect/4684493091,282,USD,282.00,0,39,7.23,Воскресенка,"1 кімната, 39 / 18 / 8 м², поверх 9 з 9, з ремонтом, утеплена панель, 1981, вчора о 15:38, Створено вчора о 15:38",39 м²,$ 282
flatfy,https://flatfy.ua/redirect/4684611134,900,USD,900.00,1,51,17.65,Позняки,"2 кімнати, 51 / 21 / 20 м², поверх 2 з 24, з ремонтом, монолітно-каркасний, 2016, вчора о 16:14, Створено вчора о 16:14",51 м²,$ 900
flatfy,https://flatfy.ua/redirect/4685708280,361,USD,361.00,0,32,11.28,Харківський,"1 кімната, 32 / 20 / 10 м², поверх 4 з 28, з ремонтом, блочні, 2021, вчора о 22:27, Створено вчора о 22:27",32 м²,$ 361
flatfy,https://flatfy.ua/redirect/4684156033,541,USD,541.00,1,53,10.21,Лівобережний масив,"2 кімнати, 53 / 30 / 18 м², поверх 5 з 25, з ремонтом, цегляний будинок, 2020, сьогодні о 10:18, Створено вчора о 13:55",53 м²,$ 541
flatfy,https://flatfy.ua/redirect/4683722994,563,USD,563.00,0,74,7.61,Чорна Гора,"1 кімната, 74 / 18 / 25 м², поверх 16 з 24, з ремонтом, монолітно-каркасний, 2014, сьогодні о 10:08, Створено вчора о 11:27",74 м²,$ 563
flatfy,https://flatfy.ua/redirect/4683554014,271,USD,271.00,1,50,5.42,Вишгородський масив,"2 кімнати, 50 / 28 / 8 м², поверх 4 з 9, з ремонтом, панельні, 1971, сьогодні о 10:05, Створено вчора о 10:35",50 м²,$ 271
flatfy,https://flatfy.ua/redirect/4683567782,304,USD,304.00,2,60,5.07,Лісовий,"3 кімнати, 60 / 40 / 7 м², поверх 5 з 9, з ремонтом, панельні, 1978, сьогодні о 10:05, Створено вчора о 10:39",60 м²,$ 304
flatfy,https://flatfy.ua/redirect/4683588154,1000,USD,1000.00,2,83,12.05,Ґалаґани,"3 кімнати, 83 / 50 / 30 м², поверх 5 з 17, з ремонтом, цегляний будинок, 2021, сьогодні о 10:03, Створено вчора о 10:46",83 м²,$ 1 000
flatfy,https://flatfy.ua/redirect/4683369935,406,USD,406.00,0,48.3,8.41,Пріорка,"1 кімната, 48.3 / 18 / 11.5 м², поверх 5 з 25, з ремонтом, монолітно-каркасний, 2024, сьогодні о 11:08, Створено вчора о 09:25",48.3 м²,$ 406
flatfy,https://flatfy.ua/redirect/4683650384,338,USD,338.00,0,33,10.24,Феофанія,"1 кімната, 33 / 17 / 6 м², поверх 2 з 5, з ремонтом, цегляний будинок, 1960, сьогодні о 10:38, Створено вчора о 11:00",33 м²,$ 338
flatfy,https://flatfy.ua/redirect/4685078707,327,USD,327.00,1,52,6.29,Оболонь,"2 кімнати, 52 / 31 / 9 м², поверх 5 з 9, без ремонту, утеплена панель, 1980, сьогодні о 11:41, Створено вчора о 18:57",52 м²,$ 327
flatfy,https://flatfy.ua/redirect/4683389507,327,USD,327.00,0,43,7.60,Позняки,"1 кімната, 43 / 18 / 10 м², поверх 12 з 20, з ремонтом, утеплена панель, 2005, сьогодні о 11:22, Створено вчора о 09:34",43 м²,$ 327
flatfy,https://flatfy.ua/redirect/4682974378,473,USD,473.00,1,80,5.91,Нивки,"2 кімнати, 80 / 40 / 20 м², поверх 3 з 20, з ремонтом, монолітно-каркасний, 2010, сьогодні о 11:34, Створено вчора о 07:11",80 м²,$ 473
flatfy,https://flatfy.ua/redirect/4683595943,394,USD,394.00,1,72,5.47,Бортничі,"2 кімнати, 72 / 38 / 20 м², поверх 2 з 7, з ремонтом, монолітно-каркасний, 2009, сьогодні о 11:40, Створено вчора о 10:49",72 м²,$ 394
flatfy,https://flatfy.ua/redirect/4683241328,271,USD,271.00,0,33,8.21,Нова Дарниця,"1 кімната, 33 / 18 / 5 м², поверх 4 з 9, з ремонтом, цегляний будинок, 1988, сьогодні о 09:19, Створено вчора о 08:40",33 м²,$ 271
flatfy,https://flatfy.ua/redirect/4682807491,563,USD,563.00,1,76,7.41,Позняки,"2 кімнати, 76 / 36 / 15 м², поверх 8 з 24, з ремонтом, монолітно-каркасний, 2006, сьогодні о 09:56, Створено вчора о 06:31",76 м²,$ 563
flatfy,https://flatfy.ua/redirect/4685211782,676,USD,676.00,0,45,15.02,Подільський,"1 кімната, 45 / 20 / 10 м², поверх 14 з 25, з ремонтом, блочні, 2023, сьогодні о 09:59, Створено вчора о 19:41",45 м²,$ 676
flatfy,https://flatfy.ua/redirect/4685154796,541,USD,541.00,0,40,13.53,Подільський,"1 кімната, 40 / 20 / 10 м², поверх 9 з 26, з ремонтом, монолітно-каркасний, 2025, сьогодні о 09:59, Створено вчора о 19:18",40 м²,$ 541
flatfy,https://flatfy.ua/redirect/4684819905,349,USD,349.00,0,50,6.98,Кадетський Гай,"1 кімната, 50 / 18 / 15 м², поверх 10 з 12, з ремонтом, монолітно-каркасний, 2008, сьогодні о 10:29, Створено вчора о 17:28",50 м²,$ 349
flatfy,https://flatfy.ua/redirect/4683931700,271,USD,271.00,1,50,5.42,Вишгородський масив,"2 кімнати, 50 / 30 / 8 м², поверх 7 з 9, з ремонтом, цегляний будинок, 1976, сьогодні о 04:24, Створено вчора о 12:30",50 м²,$ 271
flatfy,https://flatfy.ua/redirect/4683247377,338,USD,338.00,0,47,7.19,Троєщина,"1 кімната, 47 / 19.2 / 9.5 м², поверх 14 з 24, з ремонтом, монолітно-каркасний, 2010, сьогодні о 11:04, Створено вчора о 08:42",47 м²,$ 338
flatfy,https://flatfy.ua/redirect/4686016981,406,USD,406.00,0,48,8.46,Позняки,"1 кімната, 48 / 15 / 20 м², поверх 15 з 25, з ремонтом, монолітно-каркасний, 2015, сьогодні о 00:01, Створено сьогодні о 00:01",48 м²,$ 406
flatfy,https://flatfy.ua/redirect/4683429505,349,USD,349.00,0,55,6.35,Позняки,"1 кімната, 55 / 22 / 12 м², поверх 21 з 25, з ремонтом, монолітно-каркасний, 2010, сьогодні о 11:18, Створено вчора о 09:54",55 м²,$ 349
flatfy,https://flatfy.ua/redirect/4684589714,338,USD,338.00,0,47,7.19,Осокорки,"1 кімната, 47 / 22 / 12 м², поверх 22 з 24, з ремонтом, монолітно-каркасний, 2005, вчора о 16:07, Створено вчора о 16:07",47 м²,$ 338
flatfy,https://flatfy.ua/redirect/4682982946,271,USD,271.00,0,55,4.93,Деснянський,"1 кімната, 55 / 18 / 12 м², поверх 12 з 25, з ремонтом, панельні, 2013, сьогодні о 11:20, Створено вчора о 07:13",55 м²,$ 271
flatfy,https://flatfy.ua/redirect/4682788695,406,USD,406.00,0,52,7.81,Нова Дарниця,"1 кімната, 52 / 20 / 14 м², поверх 8 з 25, з ремонтом, блочні, 2018, сьогодні о 10:56, Створено вчора о 06:28",52 м²,$ 406
flatfy,https://flatfy.ua/redirect/4683880999,1126,USD,1126.00,4,230,4.90,Поділ,"5 кімнат, 230 / 182 / 11.4 м², поверх 2 з 5, з ремонтом, цегляний будинок, 1991, сьогодні о 10:57, Створено вчора о 12:15",230 м²,$ 1 126
flatfy,https://flatfy.ua/redirect/4684075467,406,USD,406.00,1,45,9.02,Русанівка,"2 кімнати, 45 / 30 / 8 м², поверх 4 з 9, з ремонтом, цегляний будинок, 1965, вчора о 13:23, Створено вчора о 13:23",45 м²,$ 406
flatfy,https://flatfy.ua/redirect/4683855442,271,USD,271.00,1,64,4.23,Троєщина,"2 кімнати, 64 / 35 / 9 м², поверх 2 з 25, з ремонтом, утеплена панель, 2008, вчора о 12:04, Створено вчора о 12:03",64 м²,$ 271
flatfy,https://flatfy.ua/redirect/4683508338,631,USD,631.00,0,42,15.02,Голосіїв,"1 кімната, 42 / 20 / 12 м², поверх 14 з 21, з ремонтом, блочні, 2022, вчора о 22:18, Створено вчора о 10:21",42 м²,$ 631
flatfy,https://flatfy.ua/redirect/4684645611,788,USD,788.00,1,69,11.42,Варшавський Мікрорайон,"2 кімнати, 69 / 42 / 25 м², поверх 13 з 13, з ремонтом, монолітно-каркасний, 2022, вчора о 16:28, Створено вчора о 16:28",69 м²,$ 788
flatfy,https://flatfy.ua/redirect/4683429697,372,USD,372.00,0,38,9.79,Осокорки,"1 кімната, 38 / 18 / 11 м², поверх 9 з 25, з ремонтом, цегляний будинок, 2022, сьогодні о 16:11, Створено вчора о 09:55",38 м²,$ 372
flatfy,https://flatfy.ua/redirect/4683356432,451,USD,451.00,2,67,6.73,Виноградар,"3 кімнати, 67 / 50 / 9 м², поверх 2 з 9, з ремонтом, утеплена панель, 1986, сьогодні о 14:37, Створено вчора о 09:18",67 м²,$ 451
flatfy,https://flatfy.ua/redirect/4683501101,406,USD,406.00,0,55,7.38,Пріорка,"1 кімната, 55 / 13 / 18 м², поверх 21 з 25, з ремонтом, монолітно-каркасний, 2024, сьогодні о 14:38, Створено вчора о 10:18",55 м²,$ 406
flatfy,https://flatfy.ua/redirect/4685078811,169,USD,169.00,0,33,5.12,Лісовий,"1 кімната, 33 / 17 / 7 м², поверх 8 з 9, з ремонтом, панельні, 1969, сьогодні о 15:16, Створено вчора о 18:57",33 м²,$ 169
flatfy,https://flatfy.ua/redirect/4683604256,676,USD,676.00,1,85.8,7.88,Лук'янівка,"2 кімнати, 85.8 / 31 / 11.4 м², поверх 18 з 26, з ремонтом, монолітно-каркасний, 2017, сьогодні о 15:24, Створено вчора о 10:50",85.8 м²,$ 676
flatfy,https://flatfy.ua/redirect/4684496360,282,USD,282.00,0,30,9.40,Лісовий,"1 кімната, 30 / 18 / 8 м², поверх 4 з 9, з ремонтом, панельні, 1969, сьогодні о 14:11, Створено вчора о 15:41",30 м²,$ 282
flatfy,https://flatfy.ua/redirect/4685014302,451,USD,451.00,0,48,9.40,Теремки-2,"1 кімната, 48 / 20 / 14 м², поверх 12 з 16, з ремонтом, монолітно-каркасний, 2014, сьогодні о 14:29, Створено вчора о 18:35",48 м²,$ 451
flatfy,https://flatfy.ua/redirect/4683369986,451,USD,451.00,1,66,6.83,Осокорки,"2 кімнати, 66 / 36 / 11 м², поверх 20 з 25, з ремонтом, монолітно-каркасний, 2014, сьогодні о 11:19, Створено вчора о 09:25",66 м²,$ 451
flatfy,https://flatfy.ua/redirect/4684803004,406,USD,406.00,0,50,8.12,Позняки,"1 кімната, 50 / 19 / 17 м², поверх 11 з 25, з ремонтом, монолітно-каркасний, 2015, сьогодні о 14:03, Створено вчора о 17:16",50 м²,$ 406
flatfy,https://flatfy.ua/redirect/4683684796,999,USD,999.00,2,110,9.08,Печерськ,"3 кімнати, 110 / 75 / 18 м², поверх 10 з 22, з ремонтом, монолітно-каркасний, 2006, вчора о 11:11, Створено вчора о 11:11",110 м²,$ 999
flatfy,https://flatfy.ua/redirect/4684434955,361,USD,361.00,0,31,11.65,Нижній Печерськ,"1 кімната, 31 / 15 / 7 м², поверх 1 з 6, з ремонтом, панельні, 1960, вчора о 15:18, Створено вчора о 15:18",31 м²,$ 361
flatfy,https://flatfy.ua/redirect/4684319652,338,USD,338.00,0,45,7.51,Харківський,"1 кімната, 45 / 18 / 15 м², поверх 25 з 26, з ремонтом, монолітно-каркасний, 2018, вчора о 14:48, Створено вчора о 14:46",45 м²,$ 338
flatfy,https://flatfy.ua/redirect/4685549083,653,USD,653.00,0,50,13.06,Теремки,"1 кімната, 50 / 19 / 19 м², поверх 10 з 23, з ремонтом, блочні, 2025, сьогодні о 09:46, Створено вчора о 21:31",50 м²,$ 653
flatfy,https://flatfy.ua/redirect/4683453131,406,USD,406.00,1,78.6,5.17,Осокорки,"2 кімнати, 78.6 / 36.1 / 15.4 м², поверх 23 з 32, з ремонтом, монолітно-каркасний, 2006, сьогодні о 09:30, Створено вчора о 09:59",78.6 м²,$ 406
flatfy,https://flatfy.ua/redirect/4684966479,282,USD,282.00,2,61,4.62,Борщагівка,"3 кімнати, 61 / 40 / 7 м², поверх 8 з 9, з ремонтом, панельні, 1981, сьогодні о 07:31, Створено вчора о 18:16",61 м²,$ 282
flatfy,https://flatfy.ua/redirect/4683528389,271,USD,271.00,0,48,5.65,Осокорки,"1 кімната, 48 / 20 / 12 м², поверх 12 з 16, з ремонтом, монолітно-каркасний, 2000, сьогодні о 08:34, Створено вчора о 10:29",48 м²,$ 271
flatfy,https://flatfy.ua/redirect/4684775024,507,USD,507.00,0,39,13.00,Солом'янка,"1 кімната, 39 / 12 / 8.7 м², поверх 6 з 14, з ремонтом, цегляний будинок, 1967, вчора о 17:04, Створено вчора о 17:04",39 м²,$ 507
flatfy,https://flatfy.ua/redirect/4685257054,383,USD,383.00,1,45,8.51,Чоколівка,"2 кімнати, 45 / 30 / 7 м², поверх 9 з 9, з ремонтом, цегляний будинок, 1966, вчора о 20:02, Створено вчора о 19:56",45 м²,$ 383
flatfy,https://flatfy.ua/redirect/4684775429,361,USD,361.00,0,41,8.80,Шулявка,"1 кімната, 41 / 15 / 11 м², поверх 3 з 5, з ремонтом, цегляний будинок, вчора о 17:04, Створено вчора о 17:04",41 м²,$ 361
flatfy,https://flatfy.ua/redirect/4683402229,248,USD,248.00,1,73,3.40,Дарницький,"2 кімнати, 73 / 36 / 12 м², поверх 13 з 25, з ремонтом, панельні, 2021, вчора о 09:40, Створено вчора о 09:40",73 м²,$ 248
flatfy,https://flatfy.ua/redirect/4684241910,316,USD,316.00,0,22,14.36,Дніпровський,"1 кімната, 22 / 14 / 4 м², поверх 13 з 15, з ремонтом, вчора о 14:17, Створено вчора о 14:17",22 м²,$ 316
flatfy,https://flatfy.ua/redirect/4684732668,271,USD,271.00,0,35,7.74,Мінський,"1 кімната, 35 / 17 / 9 м², поверх 4 з 16, з ремонтом, утеплена панель, 1977, сьогодні о 13:48, Створено вчора о 16:58",35 м²,$ 271
flatfy,https://flatfy.ua/redirect/4685018276,316,USD,316.00,0,32,9.88,Відрадний,"1 кімната, 32 / 17 / 7 м², поверх 4 з 5, з ремонтом, панельні, 1965, сьогодні о 13:10, Створено вчора о 18:37",32 м²,$ 316
flatfy,https://flatfy.ua/redirect/4683264521,451,USD,451.00,1,70,6.44,Караваєві Дачі,"2 кімнати, 70 / 32 / 19 м², поверх 12 з 26, з ремонтом, блочні, 2020, вчора о 08:54, Створено вчора о 08:47",70 м²,$ 451
flatfy,https://flatfy.ua/redirect/4683953517,304,USD,304.00,1,46,6.61,Відрадний,"2 кімнати, 46 / 29 / 7 м², поверх 5 з 5, з ремонтом, панельні, 1965, сьогодні о 13:37, Створено вчора о 12:37",46 м²,$ 304
flatfy,https://flatfy.ua/redirect/4685333569,608,USD,608.00,3,86,7.07,Святошино,"4 кімнати, 86 / 50 / 10 м², поверх 2 з 18, з ремонтом, цегляний будинок, 1988, сьогодні о 17:56, Створено вчора о 20:12",86 м²,$ 608
flatfy,https://flatfy.ua/redirect/4683340665,226,USD,226.00,0,36,6.28,Стара Дарниця,"1 кімната, 36 / 18 / 7.5 м², поверх 5 з 9, з ремонтом, цегляний будинок, 1998, сьогодні о 18:18, Створено вчора о 09:07",36 м²,$ 226
flatfy,https://flatfy.ua/redirect/4684803855,451,USD,451.00,0,48,9.40,Нова забудова,"1 кімната, 48 / 20 / 12 м², поверх 29 з 32, з ремонтом, монолітно-каркасний, 2013, сьогодні о 19:30, Створено вчора о 17:17",48 м²,$ 451
flatfy,https://flatfy.ua/redirect/4685360567,541,USD,541.00,0,40,13.53,Ґалаґани,"1 кімната, 40 / 20 / 8 м², поверх 13 з 17, з ремонтом, цегляний будинок, 2021, сьогодні о 19:30, Створено вчора о 20:26",40 м²,$ 541
flatfy,https://flatfy.ua/redirect/4685549922,181,USD,181.00,0,28,6.46,Нивки,"1 кімната, 28 / 14 / 5 м², поверх 4 з 5, з ремонтом, панельні, 1965, сьогодні о 20:29, Створено вчора о 21:33",28 м²,$ 181
flatfy,https://flatfy.ua/redirect/4683676573,451,USD,451.00,1,65,6.94,Теремки-2,"2 кімнати, 65 / 35 / 9 м², поверх 8 з 16, з ремонтом, утеплена панель, 1979, сьогодні о 18:45, Створено вчора о 11:09",65 м²,$ 451
flatfy,https://flatfy.ua/redirect/4683357238,2300,USD,2300.00,2,120,19.17,Липки,"3 кімнати, 120 / 70 / 20 м², поверх 4 з 5, з ремонтом, цегляний будинок, 1914, сьогодні о 20:36, Створено вчора о 09:20",120 м²,$ 2 300
flatfy,https://flatfy.ua/redirect/4683604731,676,USD,676.00,0,45,15.02,Шулявка,"1 кімната, 45 / 16 / 15 м², поверх 33 з 36, з ремонтом, монолітно-каркасний, 2021, сьогодні о 20:27, Створено вчора о 10:51",45 м²,$ 676
flatfy,https://flatfy.ua/redirect/4685451813,338,USD,338.00,0,38,8.89,Харківський,"1 кімната, 38 / 20 / 10 м², поверх 13 з 25, з ремонтом, блочні, 2021, сьогодні о 19:55, Створено вчора о 21:00",38 м²,$ 338
flatfy,https://flatfy.ua/redirect/4684628261,406,USD,406.00,0,46,8.83,Відрадний,"1 кімната, 46 / 20 / 12 м², поверх 13 з 15, з ремонтом, монолітно-каркасний, 2009, сьогодні о 20:56, Створено вчора о 16:19",46 м²,$ 406
flatfy,https://flatfy.ua/redirect/4682858756,811,USD,811.00,0,59,13.75,Нова забудова,"1 кімната, 59 / 20 / 21 м², поверх 2 з 11, з ремонтом, монолітно-каркасний, 2017, сьогодні о 20:34, Створено вчора о 06:45",59 м²,$ 811
flatfy,https://flatfy.ua/redirect/4685068057,406,USD,406.00,0,43,9.44,Нова забудова,"1 кімната, 43 / 25 / 12 м², поверх 2 з 4, з ремонтом, цегляний будинок, 1950, сьогодні о 21:03, Створено вчора о 18:53",43 м²,$ 406
flatfy,https://flatfy.ua/redirect/4683936801,293,USD,293.00,0,34,8.62,Райдужний,"1 кімната, 34 / 17 / 8 м², поверх 15 з 16, з ремонтом, утеплена панель, 1983, вчора о 12:32, Створено вчора о 12:32",34 м²,$ 293
flatfy,https://flatfy.ua/redirect/4611954311,361,USD,361.00,1,54,6.69,Борщагівка,"2 кімнати, 54 / - / 9 м², поверх 5 з 9, з ремонтом, цегляний будинок, 1993, 13 травня, Створено 13 травня",54 м²,$ 361
flatfy,https://flatfy.ua/redirect/4683195591,316,USD,316.00,1,52,6.08,Мостицький масив,"2 кімнати, 52 / - / 8 м², поверх 7 з 9, з ремонтом, панельні, 1988, вчора о 08:20, Створено вчора о 07:56",52 м²,$ 316
flatfy,https://flatfy.ua/redirect/4683790148,361,USD,361.00,1,58.8,6.14,Чоколівка,"2 кімнати, 58.8 / - / 8.3 м², поверх 5 з 9, з ремонтом, цегляний будинок, 1972, вчора о 11:51, Створено вчора о 11:51",58.8 м²,$ 361
flatfy,https://flatfy.ua/redirect/4684294628,203,USD,203.00,0,18,11.28,Шулявка,"1 кімната, 18 / - / 4 м², поверх 9 з 14, з ремонтом, цегляний будинок, 2017, вчора о 14:39, Створено вчора о 14:39",18 м²,$ 203
flatfy,https://flatfy.ua/redirect/4685577530,451,USD,451.00,0,39,11.56,,"1 кімната, 39 / - / 12.2 м², поверх 4 з 14, з ремонтом, вчора о 21:48, Створено вчора о 21:48",39 м²,$ 451
flatfy,https://flatfy.ua/redirect/4683814499,226,USD,226.00,0,40,5.65,Троєщина,"1 кімната, 40 / - / 10 м², поверх 6 з 16, з ремонтом, блочні, 2012, вчора о 11:59, Створено вчора о 11:59",40 м²,$ 226
flatfy,https://flatfy.ua/redirect/4684045327,1013,USD,1013.00,1,75,13.51,Шулявка,"2 кімнати, 75 / - / 22 м², поверх 16 з 24, з ремонтом, вчора о 13:07, Створено вчора о 13:07",75 м²,$ 1 013
flatfy,https://flatfy.ua/redirect/4683960734,676,USD,676.00,1,60,11.27,Ґалаґани,"2 кімнати, 60 / - / 30 м², поверх 14 з 16, з ремонтом, блочні, 2021, вчора о 12:40, Створено вчора о 12:40",60 м²,$ 676
flatfy,https://flatfy.ua/redirect/4684129460,151,USD,151.00,0,26.6,5.68,Мостицький масив,"1 кімната, 26.6 / - / 5.4 м², поверх 5 з 9, без ремонту, цегляний будинок, 1978, вчора о 13:43, Створено вчора о 13:43",26.6 м²,$ 151
flatfy,https://flatfy.ua/redirect/4684157755,338,USD,338.00,1,54,6.26,Нивки,"2 кімнати, 54 / - / 8 м², поверх 8 з 9, з ремонтом, панельні, 1973, вчора о 13:56, Створено вчора о 13:34",54 м²,$ 338
flatfy,https://flatfy.ua/redirect/4188164009,518,USD,518.00,0,45,11.51,Виноградар,"1 кімната, 45 / - / 20 м², поверх 22 з 25, з ремонтом, блочні, 2023, вчора о 11:07, Створено вчора о 11:07",45 м²,$ 518
flatfy,https://flatfy.ua/redirect/3824264366,676,USD,676.00,0,47,14.38,Нижній Печерськ,"1 кімната, 47 / - / 12 м², поверх 5 з 23, з ремонтом, цегляний будинок, 2016, вчора о 12:24, Створено вчора о 12:24",47 м²,$ 676
flatfy,https://flatfy.ua/redirect/4684822128,428,USD,428.00,0,38,11.26,Лівобережний масив,"1 кімната, 38 / - / 12 м², поверх 12 з 26, з ремонтом, монолітно-каркасний, 2019, вчора о 17:29, Створено вчора о 17:29",38 м²,$ 428
flatfy,https://flatfy.ua/redirect/4685797644,372,USD,372.00,1,58,6.41,Осокорки,"2 кімнати, 58 / - / 10 м², поверх 3 з 10, з ремонтом, панельні, 1996, вчора о 22:56, Створено вчора о 22:56",58 м²,$ 372
flatfy,https://flatfy.ua/redirect/4684801784,496,USD,496.00,0,36,13.78,Солом'янка,"1 кімната, 36 / - / 9 м², поверх 6 з 16, з ремонтом, утеплена панель, 1978, вчора о 17:16, Створено вчора о 17:16",36 м²,$ 496
flatfy,https://flatfy.ua/redirect/4685254354,619,USD,619.00,0,48,12.90,Рибальський острів,"1 кімната, 48 / - / 12 м², поверх 4 з 7, з ремонтом, цегляний будинок, 2019, вчора о 19:55, Створено вчора о 19:55",48 м²,$ 619
flatfy,https://flatfy.ua/redirect/4684960806,721,USD,721.00,1,70,10.30,Відрадний,"2 кімнати, 70 / - / 14 м², поверх 15 з 16, з ремонтом, монолітно-каркасний, 2019, вчора о 18:08, Створено вчора о 18:08",70 м²,$ 721
flatfy,https://flatfy.ua/redirect/4683335727,428,USD,428.00,1,57,7.51,Лук'янівка,"2 кімнати, 57 / - / 8 м², поверх 16 з 16, з ремонтом, панельні, 1981, вчора о 09:07, Створено вчора о 09:07",57 м²,$ 428
flatfy,https://flatfy.ua/redirect/4103729817,361,USD,361.00,0,40,9.03,Харківський,"1 кімната, 40 / - / 40 м², поверх 9 з 25, з ремонтом, цегляний будинок, 2020, вчора о 19:07, Створено вчора о 19:07",40 м²,$ 361
flatfy,https://flatfy.ua/redirect/4684575956,631,USD,631.00,0,44,14.34,Чоколівка,"1 кімната, 44 / - / 20 м², поверх 15 з 26, з ремонтом, вчора о 16:03, Створено вчора о 16:03",44 м²,$ 631
flatfy,https://flatfy.ua/redirect/4684294615,496,USD,496.00,1,50,9.92,Чорна Гора,"2 кімнати, 50 / - / 9 м², поверх 2 з 9, з ремонтом, цегляний будинок, 1981, вчора о 14:39, Створено вчора о 14:39",50 м²,$ 496
flatfy,https://flatfy.ua/redirect/4684716114,788,USD,788.00,1,45,17.51,Голосіїв,"2 кімнати, 45 / - / 20 м², поверх 7 з 24, з ремонтом, вчора о 16:51, Створено вчора о 16:51",45 м²,$ 788
flatfy,https://flatfy.ua/redirect/4685899928,361,USD,361.00,1,74,4.88,Осокорки,"2 кімнати, 74 / - / 13 м², поверх 9 з 17, з ремонтом, цегляний будинок, 2004, вчора о 23:15, Створено вчора о 23:15",74 м²,$ 361
flatfy,https://flatfy.ua/redirect/4684045334,406,USD,406.00,0,52,7.81,Позняки,"1 кімната, 52 / - / 10 м², поверх 10 з 26, з ремонтом, вчора о 13:07, Створено вчора о 13:07",52 м²,$ 406
flatfy,https://flatfy.ua/redirect/4683335735,563,USD,563.00,1,50,11.26,Сирець,"2 кімнати, 50 / - / 9 м², поверх 4 з 5, з ремонтом, цегляний будинок, 1960, вчора о 09:07, Створено вчора о 09:07",50 м²,$ 563
flatfy,https://flatfy.ua/redirect/4685077879,237,USD,237.00,0,34,6.97,,"1 кімната, 34 / - / 7 м², поверх 15 з 16, з ремонтом, цегляний будинок, вчора о 18:57, Створено вчора о 18:57",34 м²,$ 237
flatfy,https://flatfy.ua/redirect/2735588945,271,USD,271.00,0,21,12.90,,"1 кімната, 21 / - / 5 м², поверх 9 з 26, з ремонтом, панельні, вчора о 16:36, Створено вчора о 16:36",21 м²,$ 271
flatfy,https://flatfy.ua/redirect/4685706269,361,USD,361.00,1,60,6.02,Оболонь,"2 кімнати, 60 / - / 7.5 м², поверх 7 з 9, з ремонтом, цегляний будинок, 1974, вчора о 22:24, Створено вчора о 10:08",60 м²,$ 361
flatfy,https://flatfy.ua/redirect/4684264636,527,USD,527.00,0,47.5,11.09,Лівобережний масив,"1 кімната, 47.5 / - / 15 м², поверх 13 з 25, з ремонтом, монолітно-каркасний, 2019, вчора о 14:27, Створено вчора о 14:27",47.5 м²,$ 527
flatfy,https://flatfy.ua/redirect/4684449608,271,USD,271.00,0,18,15.06,Багринова гора,"1 кімната, 18 / - / 8 м², поверх 8 з 14, з ремонтом, цегляний будинок, вчора о 15:24, Створено вчора о 16:46",18 м²,$ 271
flatfy,https://flatfy.ua/redirect/4684627132,327,USD,327.00,1,78,4.19,Позняки,"2 кімнати, 78 / - / 18 м², поверх 20 з 28, з ремонтом, цегляний будинок, 2003, вчора о 16:20, Створено вчора о 16:20",78 м²,$ 327
flatfy,https://flatfy.ua/redirect/4683740299,338,USD,338.00,0,33,10.24,Голосіївський,"1 кімната, 33 / - / 7.5 м², поверх 2 з 2, з ремонтом, цегляний будинок, 1960, вчора о 11:36, Створено вчора о 11:36",33 м²,$ 338
flatfy,https://flatfy.ua/redirect/4683498900,811,USD,811.00,0,46,17.63,Черепанова гора,"1 кімната, 46 / - / 10 м², поверх 1 з 5, з ремонтом, цегляний будинок, 1959, вчора о 10:15, Створено вчора о 10:15",46 м²,$ 811
flatfy,https://flatfy.ua/redirect/4683765831,608,USD,608.00,0,42,14.48,Виноградар,"1 кімната, 42 / - / 16 м², поверх 6 з 25, з ремонтом, вчора о 11:43, Створено вчора о 11:43",42 м²,$ 608
flatfy,https://flatfy.ua/redirect/4684045320,271,USD,271.00,1,48,5.65,Шулявка,"2 кімнати, 48 / - / 8 м², поверх 4 з 9, з ремонтом, панельні, 1966, вчора о 13:07, Створено вчора о 13:07",48 м²,$ 271
flatfy,https://flatfy.ua/redirect/4684103038,451,USD,451.00,0,43,10.49,Нижній Печерськ,"1 кімната, 43 / - / 9 м², поверх 3 з 5, з ремонтом, цегляний будинок, 1959, вчора о 13:31, Створено вчора о 13:31",43 м²,$ 451
flatfy,https://flatfy.ua/redirect/4684399215,856,USD,856.00,2,100,8.56,Нивки,"3 кімнати, 100 / - / 20 м², поверх 1 з 7, з ремонтом, вчора о 15:07, Створено вчора о 15:07",100 м²,$ 856
flatfy,https://flatfy.ua/redirect/4684129478,338,USD,338.00,0,35,9.66,Березняки,"1 кімната, 35 / - / 7 м², поверх 9 з 16, з ремонтом, цегляний будинок, 1982, вчора о 13:43, Створено вчора о 13:43",35 м²,$ 338
flatfy,https://flatfy.ua/redirect/3971008111,451,USD,451.00,0,30,15.03,Голосіївський,"1 кімната, 30 / - / 8 м², поверх 4 з 25, з ремонтом, вчора о 18:48, Створено вчора о 18:48",30 м²,$ 451
flatfy,https://flatfy.ua/redirect/4670675190,496,USD,496.00,1,50,9.92,Олександрівська Слобідка,"2 кімнати, 50 / - / 10 м², поверх 13 з 21, з ремонтом, 27 травня, Створено вчора о 09:59",50 м²,$ 496
flatfy,https://flatfy.ua/redirect/4683171550,158,USD,158.00,0,30,5.27,Святошинський,"1 кімната, 30 / - / 7 м², поверх 7 з 9, з ремонтом, цегляний будинок, вчора о 08:12, Створено вчора о 08:12",30 м²,$ 158
flatfy,https://flatfy.ua/redirect/4685077884,248,USD,248.00,1,45,5.51,Голосіївський,"2 кімнати, 45 / - / 7 м², поверх 5 з 5, з ремонтом, панельні, вчора о 18:57, Створено вчора о 18:57",45 м²,$ 248
flatfy,https://flatfy.ua/redirect/4685654666,361,USD,361.00,0,52,6.94,Жуляни,"1 кімната, 52 / - / 12 м², поверх 3 з 3, з ремонтом, вчора о 22:03, Створено вчора о 22:03",52 м²,$ 361
flatfy,https://flatfy.ua/redirect/4139620241,248,USD,248.00,0,33,7.52,Чорна Гора,"1 кімната, 33 / - / 5 м², поверх 2 з 5, з ремонтом, цегляний будинок, 1961, вчора о 11:59, Створено вчора о 11:59",33 м²,$ 248
flatfy,https://flatfy.ua/redirect/4685797643,169,USD,169.00,0,32,5.28,Борщагівка,"1 кімната, 32 / - / 7 м², поверх 3 з 9, з ремонтом, панельні, 1971, вчора о 22:56, Створено вчора о 22:56",32 м²,$ 169
flatfy,https://flatfy.ua/redirect/4683591715,495,USD,495.00,1,68,7.28,Відрадний,"2 кімнати, 68 / - / 25 м², поверх 10 з 24, з ремонтом, монолітно-каркасний, 2010, вчора о 10:48, Створено вчора о 10:48",68 м²,$ 495
flatfy,https://flatfy.ua/redirect/4684129476,293,USD,293.00,0,42,6.98,Вишгородський масив,"1 кімната, 42 / - / 9 м², поверх 3 з 17, з ремонтом, утеплена панель, 2011, вчора о 13:43, Створено вчора о 13:43",42 м²,$ 293
flatfy,https://flatfy.ua/redirect/4685562683,361,USD,361.00,0,38,9.50,Подільський,"1 кімната, 38 / - / 11.1 м², поверх 7 з 25, з ремонтом, цегляний будинок, вчора о 21:39, Створено вчора о 21:39",38 м²,$ 361
flatfy,https://flatfy.ua/redirect/4684980717,316,USD,316.00,0,22,14.36,Солом’янський,"1 кімната, 22 / - / 5 м², поверх 1 з 9, з ремонтом, цегляний будинок, вчора о 18:24, Створено вчора о 18:24",22 м²,$ 316
flatfy,https://flatfy.ua/redirect/4043835613,271,USD,271.00,1,53,5.11,Новобіличі,"2 кімнати, 53 / - / 8 м², поверх 11 з 12, з ремонтом, панельні, 1977, вчора о 11:07, Створено вчора о 11:07",53 м²,$ 271
flatfy,https://flatfy.ua/redirect/4683512416,361,USD,361.00,0,42,8.60,Вітряні Гори,"1 кімната, 42 / - / 8 м², поверх 9 з 12, з ремонтом, монолітно-каркасний, 2015, вчора о 10:23, Створено вчора о 10:23",42 м²,$ 361
flatfy,https://flatfy.ua/redirect/4481521979,226,USD,226.00,0,37,6.11,Харківський,"1 кімната, 37 / - / 8 м², поверх 8 з 10, з ремонтом, цегляний будинок, 1988, 18 травня, Створено вчора о 13:29",37 м²,$ 226
flatfy,https://flatfy.ua/redirect/4684674044,563,USD,563.00,2,110,5.12,Троєщина,"3 кімнати, 110 / - / 12 м², поверх 16 з 23, з ремонтом, монолітно-каркасний, 2010, вчора о 16:36, Створено вчора о 16:36",110 м²,$ 563
flatfy,https://flatfy.ua/redirect/4685723319,597,USD,597.00,0,52,11.48,Солдатська слобідка,"1 кімната, 52 / - / 15 м², поверх 17 з 24, з ремонтом, монолітно-каркасний, 2014, вчора о 22:31, Створено вчора о 22:31",52 м²,$ 597
flatfy,https://flatfy.ua/redirect/4683935605,304,USD,304.00,0,40,7.60,Соцмісто,"1 кімната, 40 / - / 13 м², поверх 7 з 10, з ремонтом, вчора о 12:32, Створено вчора о 12:06",40 м²,$ 304
flatfy,https://flatfy.ua/redirect/4668228498,518,USD,518.00,0,41,12.63,Теремки-1,"1 кімната, 41 / - / 15 м², 14 поверх, з ремонтом, 26 травня, Створено вчора о 13:03",41 м²,$ 518
flatfy,https://flatfy.ua/redirect/4685306627,293,USD,293.00,0,42,6.98,Біличі,"1 кімната, 42 / - / 10 м², поверх 2 з 9, з ремонтом, цегляний будинок, 1993, вчора о 20:03, Створено вчора о 20:03",42 м²,$ 293
flatfy,https://flatfy.ua/redirect/4369758040,316,USD,316.00,2,68,4.65,Борщагівка,"3 кімнати, 68 / - / 8 м², поверх 5 з 9, з ремонтом, панельні, 1970, вчора о 22:16, Створено вчора о 22:16",68 м²,$ 316
flatfy,https://flatfy.ua/redirect/4683814488,271,USD,271.00,0,27,10.04,Караваєві Дачі,"1 кімната, 27 / - / 7 м², поверх 1 з 5, з ремонтом, цегляний будинок, 1961, вчора о 11:59, Створено вчора о 11:59",27 м²,$ 271
flatfy,https://flatfy.ua/redirect/4685548503,237,USD,237.00,0,30,7.90,Сирець,"1 кімната, 30 / - / 5 м², поверх 5 з 5, з ремонтом, цегляний будинок, 1961, вчора о 21:32, Створено вчора о 19:28",30 м²,$ 237
flatfy,https://flatfy.ua/redirect/4661981264,867,USD,867.00,2,154,5.63,Святошино,"3 кімнати, 154 / - / 27 м², поверх 17 з 26, з ремонтом, монолітно-каркасний, 2010, сьогодні о 12:31, Створено вчора о 19:34",154 м²,$ 867
flatfy,https://flatfy.ua/redirect/4683484717,361,USD,361.00,0,40,9.03,Сирець,"1 кімната, 40 / - / 11 м², поверх 13 з 16, з ремонтом, монолітно-каркасний, 2020, вчора о 10:08, Створено вчора о 10:08",40 м²,$ 361
flatfy,https://flatfy.ua/redirect/3883217904,293,USD,293.00,1,51,5.75,Борщагівка,"2 кімнати, 51 / - / 7 м², поверх 4 з 9, з ремонтом, панельні, 1987, сьогодні о 00:36, Створено сьогодні о 00:36",51 м²,$ 293
flatfy,https://flatfy.ua/redirect/4683740325,316,USD,316.00,0,38,8.32,Нивки,"1 кімната, 38 / - / 7 м², поверх 4 з 9, з ремонтом, панельні, 1971, вчора о 11:36, Створено вчора о 11:36",38 м²,$ 316
flatfy,https://flatfy.ua/redirect/4684517565,338,USD,338.00,1,58,5.83,Троєщина,"2 кімнати, 58 / - / 8 м², поверх 14 з 16, з ремонтом, утеплена панель, 1985, вчора о 15:48, Створено вчора о 15:48",58 м²,$ 338
flatfy,https://flatfy.ua/redirect/4683790160,631,USD,631.00,1,60,10.52,Жуляни,"2 кімнати, 60 / - / 17 м², поверх 4 з 7, з ремонтом, вчора о 11:51, Створено вчора о 11:51",60 м²,$ 631
flatfy,https://flatfy.ua/redirect/4683591690,226,USD,226.00,0,45,5.02,Троєщина,"1 кімната, 45 / - / 11 м², поверх 4 з 25, з ремонтом, вчора о 10:48, Створено вчора о 10:36",45 м²,$ 226
flatfy,https://flatfy.ua/redirect/4684347285,293,USD,293.00,0,52,5.63,Троєщина,"1 кімната, 52 / - / 15 м², поверх 15 з 25, з ремонтом, утеплена панель, 2013, вчора о 15:00, Створено вчора о 15:00",52 м²,$ 293
flatfy,https://flatfy.ua/redirect/4686385912,316,USD,316.00,0,35,9.03,Оболонь,"1 кімната, 35 / - / 8 м², поверх 2 з 9, з ремонтом, утеплена панель, 1977, сьогодні о 02:19, Створено сьогодні о 02:19",35 м²,$ 316
flatfy,https://flatfy.ua/redirect/4424632815,136,USD,136.00,0,25,5.44,Академмістечко,"1 кімната, 25 / - / 3 м², поверх 1 з 5, з ремонтом, вчора о 12:16, Створено вчора о 12:16",25 м²,$ 136
flatfy,https://flatfy.ua/redirect/4686028565,3200,USD,3200.00,2,100,32.00,Чорна Гора,"3 кімнати, 100 / - / 20 м², поверх 6 з 10, з ремонтом, цегляний будинок, 2020, сьогодні о 00:12, Створено сьогодні о 00:12",100 м²,$ 3 200
flatfy,https://flatfy.ua/redirect/4684264628,248,USD,248.00,0,36,6.89,Татарка,"1 кімната, 36 / - / 6 м², поверх 7 з 9, з ремонтом, цегляний будинок, 1984, вчора о 14:27, Створено вчора о 14:27",36 м²,$ 248
flatfy,https://flatfy.ua/redirect/4683401092,226,USD,226.00,0,38,5.95,Бортничі,"1 кімната, 38 / - / 9 м², поверх 10 з 24, з ремонтом, вчора о 09:39, Створено вчора о 09:39",38 м²,$ 226
flatfy,https://flatfy.ua/redirect/4685923760,496,USD,496.00,0,45,11.02,Лук'янівка,"1 кімната, 45 / - / 18 м², поверх 10 з 11, з ремонтом, цегляний будинок, 2019, вчора о 23:24, Створено вчора о 23:24",45 м²,$ 496
flatfy,https://flatfy.ua/redirect/4685797649,451,USD,451.00,0,44,10.25,Голосіїв,"1 кімната, 44 / - / 12 м², поверх 5 з 5, з ремонтом, цегляний будинок, 1960, вчора о 22:56, Створено вчора о 22:56",44 м²,$ 451
flatfy,https://flatfy.ua/redirect/4683814503,338,USD,338.00,1,45,7.51,Мінський,"2 кімнати, 45 / - / 8 м², поверх 2 з 9, з ремонтом, панельні, 1971, вчора о 11:59, Створено вчора о 11:59",45 м²,$ 338
flatfy,https://flatfy.ua/redirect/4366977617,383,USD,383.00,0,54,7.09,Харківський,"1 кімната, 54 / - / 11 м², поверх 6 з 18, з ремонтом, монолітно-каркасний, 2003, вчора о 15:07, Створено вчора о 15:07",54 м²,$ 383
flatfy,https://flatfy.ua/redirect/4684074460,226,USD,226.00,0,33,6.85,Харківський,"1 кімната, 33 / - / 9 м², поверх 8 з 9, з ремонтом, панельні, 1988, вчора о 13:23, Створено вчора о 13:29",33 м²,$ 226
flatfy,https://flatfy.ua/redirect/4684199582,293,USD,293.00,1,52,5.63,Лісовий,"2 кімнати, 52 / - / 7 м², поверх 5 з 12, з ремонтом, панельні, 1968, вчора о 14:03, Створено вчора о 14:03",52 м²,$ 293
flatfy,https://flatfy.ua/redirect/4684045313,203,USD,203.00,1,48,4.23,Дніпровський,"2 кімнати, 48 / - / 8 м², поверх 4 з 5, з ремонтом, цегляний будинок, вчора о 13:07, Створено вчора о 13:07",48 м²,$ 203
flatfy,https://flatfy.ua/redirect/4632609778,192,USD,192.00,0,32,6.00,Воскресенка,"1 кімната, 32 / - / 5 м², поверх 5 з 9, з ремонтом, цегляний будинок, 1973, 18 травня, Створено вчора о 18:36",32 м²,$ 192
flatfy,https://flatfy.ua/redirect/4684533044,259,USD,259.00,1,46,5.63,Академмістечко,"2 кімнати, 46 / - / 7 м², поверх 3 з 9, з ремонтом, панельні, вчора о 15:56, Створено вчора о 15:56",46 м²,$ 259
flatfy,https://flatfy.ua/redirect/4208253678,271,USD,271.00,1,56.5,4.80,Троєщина,"2 кімнати, 56.5 / - / 8 м², поверх 8 з 16, з ремонтом, панельні, 1986, вчора о 13:23, Створено вчора о 13:21",56.5 м²,$ 271
flatfy,https://flatfy.ua/redirect/4663632145,586,USD,586.00,2,90,6.51,Печерськ,"3 кімнати, 90 / - / 10 м², поверх 16 з 16, з ремонтом, цегляний будинок, 1982, 25 травня, Створено вчора о 15:00",90 м²,$ 586
flatfy,https://flatfy.ua/redirect/4683960737,349,USD,349.00,0,42,8.31,Солом'янка,"1 кімната, 42 / - / 8 м², поверх 14 з 15, з ремонтом, панельні, 1978, вчора о 12:40, Створено вчора о 12:40",42 м²,$ 349
flatfy,https://flatfy.ua/redirect/4683415193,158,USD,158.00,0,40,3.95,Нивки,"1 кімната, 40 / - / 9 м², поверх 12 з 16, з ремонтом, утеплена панель, 1989, вчора о 09:48, Створено вчора о 09:13",40 м²,$ 158
flatfy,https://flatfy.ua/redirect/4684492642,406,USD,406.00,0,48.3,8.41,Біличі,"1 кімната, 48.3 / - / 15.2 м², поверх 6 з 9, з ремонтом, монолітно-каркасний, 2014, вчора о 15:39, Створено вчора о 15:39",48.3 м²,$ 406
flatfy,https://flatfy.ua/redirect/3853007608,338,USD,338.00,0,40,8.45,Святошино,"1 кімната, 40 / - / 9 м², поверх 5 з 9, з ремонтом, цегляний будинок, 1988, сьогодні о 10:44, Створено вчора о 20:31",40 м²,$ 338
flatfy,https://flatfy.ua/redirect/4684492639,271,USD,271.00,0,33,8.21,Відрадний,"1 кімната, 33 / - / 7 м², поверх 4 з 5, з ремонтом, цегляний будинок, 1965, вчора о 15:39, Створено вчора о 15:04",33 м²,$ 271
flatfy,https://flatfy.ua/redirect/4608130360,541,USD,541.00,0,43,12.58,Виноградар,"1 кімната, 43 / 14.8 / 17.9 м², поверх 15 з 25, з ремонтом, блочні, 2024, 12 травня, Створено 12 травня",43 м²,$ 541
flatfy,https://flatfy.ua/redirect/4647362360,743,USD,743.00,1,45,16.51,Сирець,"2 кімнати, 45 / 16 / 22 м², поверх 11 з 25, з ремонтом, монолітно-каркасний, 2021, 29 травня, Створено 29 травня",45 м²,$ 743
flatfy,https://flatfy.ua/redirect/3988374125,203,USD,203.00,0,30,6.77,,"1 кімната, 30 / - / 5 м², поверх 5 з 7, з ремонтом, цегляний будинок, 1961, 29 травня, Створено 29 травня",30 м²,$ 203
flatfy,https://flatfy.ua/redirect/4679580232,383,USD,383.00,1,45.6,8.40,Лісовий,"2 кімнати, 45.6 / 26.5 / 8 м², поверх 10 з 16, з ремонтом, утеплена панель, 1971, 29 травня, Створено 29 травня",45.6 м²,$ 383
flatfy,https://flatfy.ua/redirect/3699561068,765,USD,765.00,0,44,17.39,Солом’янський,"1 кімната, 44 / 17 / 16 м², поверх 10 з 25, з ремонтом, цегляний будинок, 2021, 29 травня, Створено 29 травня",44 м²,$ 765
flatfy,https://flatfy.ua/redirect/4628888952,406,USD,406.00,1,53,7.66,Сирець,"2 кімнати, 53 м², поверх 3 з 16, з ремонтом, монолітно-каркасний, 2019, 29 травня, Створено 29 травня",53 м²,$ 406
flatfy,https://flatfy.ua/redirect/4680231439,496,USD,496.00,2,75,6.61,Солом’янський,"3 кімнати, 75 м², поверх 2 з 5, з ремонтом, цегляний будинок, 1959, 29 травня, Створено 29 травня",75 м²,$ 496
flatfy,https://flatfy.ua/redirect/4305753046,316,USD,316.00,0,28.8,10.97,Воскресенка,"1 кімната, 28.8 м², поверх 4 з 5, з ремонтом, панельні, 29 травня, Створено 29 травня",28.8 м²,$ 316
flatfy,https://flatfy.ua/redirect/4670819233,3300,USD,3300.00,3,160,20.63,Шевченківський,"4 кімнати, 160 м², поверх 8 з 10, з ремонтом, монолітно-каркасний, 2014, 29 травня, Створено 29 травня",160 м²,$ 3 300
flatfy,https://flatfy.ua/redirect/4649688069,563,USD,563.00,2,88,6.40,Осокорки,"3 кімнати, 88 / 62 / 10 м², поверх 4 з 10, з ремонтом, утеплена панель, 1996, 29 травня, Створено 29 травня",88 м²,$ 563
flatfy,https://flatfy.ua/redirect/4679401397,901,USD,901.00,0,36.4,24.75,,"1 кімната, 36.4 / 18.9 / - м², поверх 16 з 19, з ремонтом, монолітно-каркасний, 2017, 29 травня, Створено 29 травня",36.4 м²,$ 901
flatfy,https://flatfy.ua/redirect/4375397852,406,USD,406.00,0,31.3,12.97,Харківський,"1 кімната, 31.3 / 12 / 12 м², поверх 14 з 28, з ремонтом, блочні, 2021, 29 травня, Створено 29 травня",31.3 м²,$ 406
flatfy,https://flatfy.ua/redirect/4374956253,541,USD,541.00,1,49,11.04,Нижній Печерськ,"2 кімнати, 49 / 42 / 7 м², поверх 2 з 9, з ремонтом, цегляний будинок, 1971, 29 травня, Створено 29 травня",49 м²,$ 541
flatfy,https://flatfy.ua/redirect/4470913790,766,USD,766.00,0,46,16.65,Виноградар,"1 кімната, 46 / 20 / - м², поверх 10 з 26, з ремонтом, монолітно-каркасний, 2022, 29 травня, Створено 29 травня",46 м²,$ 766
flatfy,https://flatfy.ua/redirect/4679539451,900,USD,900.00,0,53,16.98,Шулявка,"1 кімната, 53 / 20 / 15 м², поверх 12 з 36, з ремонтом, монолітно-каркасний, 2021, сьогодні о 13:46, Створено 29 травня",53 м²,$ 900
flatfy,https://flatfy.ua/redirect/4680918164,226,USD,226.00,1,54,4.19,Троєщина,"2 кімнати, 54 / 34 / 9 м², поверх 6 з 9, з ремонтом, утеплена панель, 1985, сьогодні о 09:01, Створено 29 травня",54 м²,$ 226
flatfy,https://flatfy.ua/redirect/4678830968,500,USD,500.00,2,73,6.85,Виноградар,"3 кімнати, 73 / 42.5 / 7.5 м², поверх 11 з 12, з ремонтом, утеплена панель, 1979, сьогодні о 09:01, Створено 29 травня",73 м²,$ 500
flatfy,https://flatfy.ua/redirect/4679519294,833,USD,833.00,1,82,10.16,Історичний центр,"2 кімнати, 82 / 35 / 13 м², поверх 4 з 5, з ремонтом, цегляний будинок, 1903, сьогодні о 09:28, Створено 29 травня",82 м²,$ 833
flatfy,https://flatfy.ua/redirect/4680591103,950,USD,950.00,0,52.6,18.06,Шулявка,"1 кімната, 52.6 / 15 / 25 м², поверх 13 з 36, з ремонтом, монолітно-каркасний, 2021, сьогодні о 09:28, Створено 29 травня",52.6 м²,$ 950
flatfy,https://flatfy.ua/redirect/4681599407,496,USD,496.00,0,45,11.02,Позняки,"1 кімната, 45 / 20 / 13 м², поверх 20 з 22, з ремонтом, монолітно-каркасний, 2019, сьогодні о 09:01, Створено 29 травня",45 м²,$ 496
flatfy,https://flatfy.ua/redirect/4680777511,226,USD,226.00,0,31,7.29,Соцмісто,"1 кімната, 31 / 17 / 6 м², поверх 2 з 5, з ремонтом, цегляний будинок, 1963, сьогодні о 09:01, Створено 29 травня",31 м²,$ 226
flatfy,https://flatfy.ua/redirect/4679986553,372,USD,372.00,0,50,7.44,Шулявка,"1 кімната, 50 / 30 / 15 м², поверх 18 з 24, з ремонтом, монолітно-каркасний, 2016, сьогодні о 09:01, Створено 29 травня",50 м²,$ 372
flatfy,https://flatfy.ua/redirect/4679498781,950,USD,950.00,2,67,14.18,Ґалаґани,"3 кімнати, 67 / 40 / 12 м², поверх 6 з 9, з ремонтом, сьогодні о 09:01, Створено 29 травня",67 м²,$ 950
flatfy,https://flatfy.ua/redirect/4679583338,518,USD,518.00,0,50,10.36,Оболонь,"1 кімната, 50 / 20 / 20 м², поверх 9 з 16, з ремонтом, монолітно-каркасний, 2000, сьогодні о 09:01, Створено 29 травня",50 м²,$ 518
flatfy,https://flatfy.ua/redirect/4679163583,563,USD,563.00,3,81,6.95,Солом'янка,"4 кімнати, 81 / 52 / 9 м², поверх 6 з 9, з ремонтом, цегляний будинок, 1977, сьогодні о 09:01, Створено 29 травня",81 м²,$ 563
flatfy,https://flatfy.ua/redirect/4679581988,1100,USD,1100.00,2,67,16.42,Верхня Теличка,"3 кімнати, 67 / 53 / 14 м², поверх 19 з 26, з ремонтом, монолітно-каркасний, 2020, сьогодні о 09:01, Створено 29 травня",67 м²,$ 1 100
flatfy,https://flatfy.ua/redirect/4679804129,4000,USD,4000.00,1,107,37.38,Нова забудова,"2 кімнати, 107 / 65 / 20 м², поверх 22 з 24, з ремонтом, блочні, 2020, сьогодні о 09:01, Створено 29 травня",107 м²,$ 4 000
flatfy,https://flatfy.ua/redirect/4679849959,304,USD,304.00,0,45,6.76,Осокорки,"1 кімната, 45 / 23 / 12 м², поверх 12 з 16, з ремонтом, монолітно-каркасний, 2000, сьогодні о 11:56, Створено 29 травня",45 м²,$ 304
flatfy,https://flatfy.ua/redirect/4679748275,394,USD,394.00,0,51,7.73,Куренівка,"1 кімната, 51 / 15 / 15 м², поверх 3 з 25, з ремонтом, панельні, 2020, сьогодні о 09:01, Створено 29 травня",51 м²,$ 394
flatfy,https://flatfy.ua/redirect/4679793081,4500,USD,4500.00,2,127,35.43,Нова забудова,"3 кімнати, 127 / 90 / 23 м², поверх 23 з 24, з ремонтом, блочні, 2020, сьогодні о 09:01, Створено 29 травня",127 м²,$ 4 500
flatfy,https://flatfy.ua/redirect/4636820344,518,USD,518.00,1,50,10.36,Микільська Слобідка,"2 кімнати, 50 / 25 / 15 м², поверх 23 з 25, з ремонтом, цегляний будинок, 2021, сьогодні о 09:00, Створено 29 травня",50 м²,$ 518
flatfy,https://flatfy.ua/redirect/4680402210,1500,USD,1500.00,2,80,18.75,Нивки,"3 кімнати, 80 / 60 / 20 м², поверх 4 з 16, з ремонтом, блочні, 2021, сьогодні о 17:55, Створено 29 травня",80 м²,$ 1 500
flatfy,https://flatfy.ua/redirect/4682117243,750,USD,750.00,2,65,11.54,Черепанова гора,"3 кімнати, 65 / 40 / 8 м², поверх 3 з 15, з ремонтом, монолітно-каркасний, 2005, вчора о 02:44, Створено вчора о 02:44",65 м²,$ 750
flatfy,https://flatfy.ua/redirect/4679049335,451,USD,451.00,1,54,8.35,Оболонь,"2 кімнати, 54 / 23 / 9 м², поверх 5 з 12, з ремонтом, утеплена панель, 1976, 29 травня, Створено 29 травня",54 м²,$ 451
flatfy,https://flatfy.ua/redirect/4682093544,1100,USD,1100.00,2,75,14.67,Нова забудова,"3 кімнати, 75 / 45 / 8 м², поверх 4 з 5, з ремонтом, цегляний будинок, 1917, вчора о 02:37, Створено вчора о 02:37",75 м²,$ 1 100
flatfy,https://flatfy.ua/redirect/4678774697,1000,USD,1000.00,1,70,14.29,Липки,"2 кімнати, 70 / 60 / 10 м², поверх 4 з 4, з ремонтом, цегляний будинок, 1897, сьогодні о 09:50, Створено 29 травня",70 м²,$ 1 000
flatfy,https://flatfy.ua/redirect/4458662190,383,USD,383.00,2,73,5.25,Троєщина,"3 кімнати, 73 / 55 / 12 м², поверх 10 з 16, з ремонтом, утеплена панель, 1989, сьогодні о 10:08, Створено 29 травня",73 м²,$ 383
flatfy,https://flatfy.ua/redirect/4679267882,327,USD,327.00,0,33,9.91,Лук'янівка,"1 кімната, 33 / 18 / 6 м², поверх 5 з 9, з ремонтом, панельні, 1969, сьогодні о 09:01, Створено 29 травня",33 м²,$ 327
flatfy,https://flatfy.ua/redirect/4548010369,406,USD,406.00,0,45,9.02,Олександрівська Слобідка,"1 кімната, 45 / 18 / 13 м², поверх 8 з 16, з ремонтом, монолітно-каркасний, 2008, сьогодні о 09:01, Створено 29 травня",45 м²,$ 406
flatfy,https://flatfy.ua/redirect/4679795288,1400,USD,1400.00,0,57,24.56,Чорна Гора,"1 кімната, 57 / 18 / 21 м², поверх 10 з 16, з ремонтом, цегляний будинок, 2020, сьогодні о 09:01, Створено 29 травня",57 м²,$ 1 400
flatfy,https://flatfy.ua/redirect/4679272844,496,USD,496.00,0,50,9.92,Голосіївський,"1 кімната, 50 / 35 / 15 м², поверх 24 з 25, з ремонтом, монолітно-каркасний, 2018, сьогодні о 10:15, Створено 29 травня",50 м²,$ 496
flatfy,https://flatfy.ua/redirect/4679510917,750,USD,750.00,1,42,17.86,Голосіїв,"2 кімнати, 42 / 30 / 12 м², поверх 4 з 21, з ремонтом, монолітно-каркасний, 2024, 29 травня, Створено 29 травня",42 м²,$ 750
flatfy,https://flatfy.ua/redirect/4679493812,541,USD,541.00,1,73,7.41,Мостицький масив,"2 кімнати, 73 / 50 / 10 м², поверх 16 з 25, з ремонтом, панельні, 2017, сьогодні о 16:48, Створено 29 травня",73 м²,$ 541
flatfy,https://flatfy.ua/redirect/4654352609,361,USD,361.00,0,36,10.03,Харківський,"1 кімната, 36 / 24 / 4 м², поверх 21 з 28, з ремонтом, монолітно-каркасний, 2021, вчора о 19:04, Створено 29 травня",36 м²,$ 361
flatfy,https://flatfy.ua/redirect/4679974251,1350,USD,1350.00,1,62,21.77,Нова забудова,"2 кімнати, 62 / 40 / 20 м², поверх 25 з 30, з ремонтом, монолітно-каркасний, 2016, сьогодні о 11:42, Створено 29 травня",62 м²,$ 1 350
flatfy,https://flatfy.ua/redirect/4679390233,518,USD,518.00,1,65,7.97,Лівобережний масив,"2 кімнати, 65 / 35 / 15 м², поверх 6 з 16, з ремонтом, монолітно-каркасний, 2017, сьогодні о 10:50, Створено 29 травня",65 м²,$ 518
flatfy,https://flatfy.ua/redirect/4679211182,248,USD,248.00,0,38,6.53,Позняки,"1 кімната, 38 / 17 / 10 м², поверх 7 з 10, з ремонтом, утеплена панель, 1990, сьогодні о 19:01, Створено 29 травня",38 м²,$ 248
flatfy,https://flatfy.ua/redirect/4679269265,473,USD,473.00,0,42,11.26,Виноградар,"1 кімната, 42 / 18 / 14 м², поверх 15 з 23, з ремонтом, блочні, 2025, 29 травня, Створено 29 травня",42 м²,$ 473
flatfy,https://flatfy.ua/redirect/4607924467,361,USD,361.00,0,37,9.76,Осокорки,"1 кімната, 37 / 18 / 10 м², поверх 3 з 25, з ремонтом, панельні, 2018, сьогодні о 13:19, Створено 29 травня",37 м²,$ 361
flatfy,https://flatfy.ua/redirect/4679558056,271,USD,271.00,0,40,6.78,ЖК Район,"1 кімната, 40 / 18 / 8.5 м², поверх 8 з 10, з ремонтом, блочні, 29 травня, Створено 29 травня",40 м²,$ 271
flatfy,https://flatfy.ua/redirect/4679873235,700,USD,700.00,1,42,16.67,Голосіїв,"2 кімнати, 42 / 30 / 12 м², поверх 14 з 21, з ремонтом, монолітно-каркасний, 2024, 29 травня, Створено 29 травня",42 м²,$ 700
flatfy,https://flatfy.ua/redirect/4679409417,349,USD,349.00,0,41,8.51,Позняки,"1 кімната, 41 / 23 / 12 м², поверх 8 з 25, з ремонтом, утеплена панель, 2012, вчора о 20:53, Створено 29 травня",41 м²,$ 349
flatfy,https://flatfy.ua/redirect/4679060701,518,USD,518.00,0,38,13.63,Відрадний,"1 кімната, 38 / 17 / 16 м², поверх 8 з 17, з ремонтом, блочні, 2020, вчора о 22:15, Створено 29 травня",38 м²,$ 518
flatfy,https://flatfy.ua/redirect/4679844348,608,USD,608.00,1,42,14.48,Голосіїв,"2 кімнати, 42 / 25 / 15 м², поверх 9 з 21, з ремонтом, блочні, 2022, 29 травня, Створено 29 травня",42 м²,$ 608
flatfy,https://flatfy.ua/redirect/4679513402,574,USD,574.00,1,52,11.04,Теремки,"2 кімнати, 52 / 16 / 20 м², поверх 2 з 23, з ремонтом, цегляний будинок, 2021, 29 травня, Створено 29 травня",52 м²,$ 574
flatfy,https://flatfy.ua/redirect/4679478464,518,USD,518.00,1,63,8.22,Теремки-2,"2 кімнати, 63 / 27 / 18 м², поверх 14 з 16, з ремонтом, монолітно-каркасний, 2014, 29 травня, Створено 29 травня",63 м²,$ 518
flatfy,https://flatfy.ua/redirect/4679896855,2600,USD,2600.00,1,73,35.62,Нова забудова,"2 кімнати, 73 / 60 / 13 м², поверх 11 з 25, з ремонтом, монолітно-каркасний, 2016, 29 травня, Створено 29 травня",73 м²,$ 2 600
flatfy,https://flatfy.ua/redirect/4679735033,316,USD,316.00,0,43,7.35,Оболонь,"1 кімната, 43 / 18 / 8 м², поверх 14 з 16, без ремонту, утеплена панель, 1991, 29 травня, Створено 29 травня",43 м²,$ 316
flatfy,https://flatfy.ua/redirect/4679041444,1200,USD,1200.00,1,71,16.90,Нижній Печерськ,"2 кімнати, 71 / 40 / 11 м², поверх 3 з 14, з ремонтом, монолітно-каркасний, 2015, сьогодні о 08:44, Створено 29 травня",71 м²,$ 1 200
flatfy,https://flatfy.ua/redirect/4679823899,799,USD,799.00,1,44,18.16,Нова забудова,"2 кімнати, 44 / 30 / 10 м², поверх 23 з 24, з ремонтом, монолітно-каркасний, 2019, 29 травня, Створено 29 травня",44 м²,$ 799
flatfy,https://flatfy.ua/redirect/4679700369,936,USD,936.00,1,43,21.77,Історичний центр,"2 кімнати, 43 / 20 / 13 м², поверх 10 з 19, з ремонтом, цегляний будинок, 2021, сьогодні о 12:38, Створено 29 травня",43 м²,$ 936
flatfy,https://flatfy.ua/redirect/4679796637,1283,USD,1283.00,2,100,12.83,Позняки,"3 кімнати, 100 / 60 / 30 м², поверх 2 з 26, з ремонтом, цегляний будинок, 2019, сьогодні о 10:03, Створено 29 травня",100 м²,$ 1 283
flatfy,https://flatfy.ua/redirect/4678869170,1000,USD,1000.00,1,55,18.18,Рибальський острів,"2 кімнати, 55 / 35 / 15 м², поверх 5 з 9, з ремонтом, цегляний будинок, 2021, вчора о 11:01, Створено 29 травня",55 м²,$ 1 000
flatfy,https://flatfy.ua/redirect/4670159976,203,USD,203.00,0,35,5.80,Виноградар,"1 кімната, 35 / 15 / 8 м², поверх 6 з 16, з ремонтом, утеплена панель, 1981, сьогодні о 09:14, Створено 29 травня",35 м²,$ 203
flatfy,https://flatfy.ua/redirect/4679232070,361,USD,361.00,0,37,9.76,Шулявка,"1 кімната, 37 / 16 / 9 м², поверх 3 з 9, з ремонтом, цегляний будинок, 1973, сьогодні о 09:57, Створено 29 травня",37 м²,$ 361
flatfy,https://flatfy.ua/redirect/4679762902,338,USD,338.00,1,46,7.35,Лівобережний масив,"2 кімнати, 46 / 32 / 10 м², поверх 8 з 9, з ремонтом, панельні, 1970, сьогодні о 10:00, Створено 29 травня",46 м²,$ 338
flatfy,https://flatfy.ua/redirect/4679721501,406,USD,406.00,0,33,12.30,Жуляни,"1 кімната, 33 / 12 / 14 м², поверх 4 з 5, з ремонтом, монолітно-каркасний, 2024, 29 травня, Створено 29 травня",33 м²,$ 406
flatfy,https://flatfy.ua/redirect/4504486877,496,USD,496.00,1,94.5,5.25,Олександрівська Слобідка,"2 кімнати, 94.5 / 50 / 17 м², поверх 12 з 18, з ремонтом, цегляний будинок, 2000, сьогодні о 10:48, Створено 29 травня",94.5 м²,$ 496
flatfy,https://flatfy.ua/redirect/4679353555,1100,USD,1100.00,1,70,15.71,Чорна Гора,"2 кімнати, 70 / 50 / 15 м², поверх 21 з 24, з ремонтом, блочні, 2017, 29 травня, Створено 29 травня",70 м²,$ 1 100
flatfy,https://flatfy.ua/redirect/4679188657,428,USD,428.00,0,45,9.51,Дарницький,"1 кімната, 45 / 18 / 12 м², поверх 20 з 24, з ремонтом, блочні, 2024, сьогодні о 13:23, Створено 29 травня",45 м²,$ 428
flatfy,https://flatfy.ua/redirect/4636674603,428,USD,428.00,1,90,4.76,Позняки,"2 кімнати, 90 / 46 / 15 м², поверх 15 з 24, з ремонтом, цегляний будинок, 2005, вчора о 22:04, Створено 29 травня",90 м²,$ 428
flatfy,https://flatfy.ua/redirect/4679946036,1500,USD,1500.00,1,59,25.42,Шулявка,"2 кімнати, 59 / 45 / 14 м², поверх 11 з 22, з ремонтом, цегляний будинок, 2022, 29 травня, Створено 29 травня",59 м²,$ 1 500
flatfy,https://flatfy.ua/redirect/4680154935,5000,USD,5000.00,2,143,34.97,Нижній Печерськ,"3 кімнати, 143 / 61 / 41 м², поверх 10 з 15, з ремонтом, монолітно-каркасний, 2019, сьогодні о 10:07, Створено 29 травня",143 м²,$ 5 000
flatfy,https://flatfy.ua/redirect/4640913328,850,USD,850.00,0,48,17.71,Дарницький,"1 кімната, 48 / 15 / 17 м², поверх 4 з 25, з ремонтом, монолітно-каркасний, 2023, сьогодні о 16:37, Створено 29 травня",48 м²,$ 850
flatfy,https://flatfy.ua/redirect/4680161956,451,USD,451.00,0,26.5,17.02,Лук'янівка,"1 кімната, 26.5 / 14.6 / 5 м², поверх 3 з 5, з ремонтом, цегляний будинок, 2025, 29 травня, Створено 29 травня",26.5 м²,$ 451
flatfy,https://flatfy.ua/redirect/4681467108,372,USD,372.00,0,43,8.65,Виноградар,"1 кімната, 43 / 18 / 15 м², поверх 18 з 20, з ремонтом, монолітно-каркасний, 2019, 29 травня, Створено 29 травня",43 м²,$ 372
flatfy,https://flatfy.ua/redirect/4679624572,406,USD,406.00,1,50,8.12,Оболонь,"2 кімнати, 50 / 30 / 8 м², поверх 6 з 9, з ремонтом, панельні, 1977, 29 травня, Створено 29 травня",50 м²,$ 406
flatfy,https://flatfy.ua/redirect/4679642583,608,USD,608.00,1,62,9.81,Ґалаґани,"2 кімнати, 62 / 35 / 10 м², поверх 12 з 16, з ремонтом, блочні, 2021, 29 травня, Створено 29 травня",62 м²,$ 608
flatfy,https://flatfy.ua/redirect/4679103465,1100,USD,1100.00,1,60,18.33,Чорна Гора,"2 кімнати, 60 / 35 / 12 м², поверх 5 з 29, з ремонтом, монолітно-каркасний, 2017, 29 травня, Створено 29 травня",60 м²,$ 1 100
flatfy,https://flatfy.ua/redirect/4678474891,900,USD,900.00,2,85,10.59,Нова забудова,"3 кімнати, 85 / 50 / 20 м², поверх 2 з 6, з ремонтом, цегляний будинок, 1954, сьогодні о 04:43, Створено 29 травня",85 м²,$ 900
flatfy,https://flatfy.ua/redirect/4679230823,1700,USD,1700.00,1,70,24.29,Лівобережний масив,"2 кімнати, 70 / 40 / 20 м², поверх 13 з 30, з ремонтом, монолітно-каркасний, 2020, 29 травня, Створено 29 травня",70 м²,$ 1 700
flatfy,https://flatfy.ua/redirect/4678802152,451,USD,451.00,0,36,12.53,Жуляни,"1 кімната, 36 / 10 / 18 м², поверх 3 з 4, з ремонтом, монолітно-каркасний, 2018, сьогодні о 09:00, Створено 29 травня",36 м²,$ 451
flatfy,https://flatfy.ua/redirect/4678781291,1150,USD,1150.00,2,100,11.50,Сирець,"3 кімнати, 100 / 50 / 38 м², поверх 20 з 24, з ремонтом, монолітно-каркасний, 2011, сьогодні о 09:00, Створено 29 травня",100 м²,$ 1 150
flatfy,https://flatfy.ua/redirect/4679507124,372,USD,372.00,0,61,6.10,Куренівка,"1 кімната, 61 / 18 / 18 м², поверх 22 з 25, з ремонтом, панельні, 2020, 29 травня, Створено 29 травня",61 м²,$ 372
flatfy,https://flatfy.ua/redirect/4679936008,2300,USD,2300.00,1,55,41.82,Нова забудова,"2 кімнати, 55 / 45 / 10 м², поверх 15 з 25, з ремонтом, цегляний будинок, 2019, 29 травня, Створено 29 травня",55 м²,$ 2 300
flatfy,https://flatfy.ua/redirect/4679175630,462,USD,462.00,1,60,7.70,Соцмісто,"2 кімнати, 60 / 28 / 12 м², поверх 22 з 25, з ремонтом, цегляний будинок, 2015, сьогодні о 15:28, Створено 29 травня",60 м²,$ 462
flatfy,https://flatfy.ua/redirect/4679639301,586,USD,586.00,0,43,13.63,Нижній Печерськ,"1 кімната, 43 / 20 / 14 м², поверх 11 з 18, з ремонтом, монолітно-каркасний, 2014, сьогодні о 15:46, Створено 29 травня",43 м²,$ 586
flatfy,https://flatfy.ua/redirect/4680805602,293,USD,293.00,0,42,6.98,Позняки,"1 кімната, 42 / 18 / 10 м², поверх 6 з 10, з ремонтом, утеплена панель, 2000, сьогодні о 19:01, Створено 29 травня",42 м²,$ 293
flatfy,https://flatfy.ua/redirect/4680117252,900,USD,900.00,2,110,8.18,Солдатська слобідка,"3 кімнати, 110 / 70 / 18 м², поверх 10 з 21, з ремонтом, монолітно-каркасний, 2014, сьогодні о 15:00, Створено 29 травня",110 м²,$ 900
flatfy,https://flatfy.ua/redirect/4676323524,428,USD,428.00,0,44,9.73,Солом’янський,"1 кімната, 44 / 20 / 20 м², поверх 2 з 7, з ремонтом, монолітно-каркасний, 2016, сьогодні о 20:19, Створено 29 травня",44 м²,$ 428
flatfy,https://flatfy.ua/redirect/4678475046,361,USD,361.00,0,45,8.02,Багринова гора,"1 кімната, 45 / 18 / 9 м², поверх 9 з 25, з ремонтом, цегляний будинок, 2021, сьогодні о 20:31, Створено 29 травня",45 м²,$ 361
flatfy,https://flatfy.ua/redirect/4681052936,451,USD,451.00,2,95,4.75,Харківський,"3 кімнати, 95 / 80 / 15 м², поверх 12 з 16, з ремонтом, утеплена панель, 1987, вчора о 15:49, Створено 29 травня",95 м²,$ 451
flatfy,https://flatfy.ua/redirect/4679883064,1600,USD,1600.00,2,81,19.75,Печерськ,"3 кімнати, 81 / 60 / 20 м², поверх 8 з 31, з ремонтом, монолітно-каркасний, 2017, 29 травня, Створено 29 травня",81 м²,$ 1 600
flatfy,https://flatfy.ua/redirect/4679550533,750,USD,750.00,1,47,15.96,Нижній Печерськ,"2 кімнати, 47 / 30 / 15 м², поверх 13 з 18, з ремонтом, монолітно-каркасний, 2016, 29 травня, Створено 29 травня",47 м²,$ 750
flatfy,https://flatfy.ua/redirect/4679413027,361,USD,361.00,0,30,12.03,Шулявка,"1 кімната, 30 / 17 / 6 м², поверх 4 з 9, з ремонтом, цегляний будинок, 1971, сьогодні о 14:52, Створено 29 травня",30 м²,$ 361
flatfy,https://flatfy.ua/redirect/4679902957,2400,USD,2400.00,1,65,36.92,Нижній Печерськ,"2 кімнати, 65 / 50 / 15 м², поверх 12 з 31, з ремонтом, цегляний будинок, 2020, 29 травня, Створено 29 травня",65 м²,$ 2 400
flatfy,https://flatfy.ua/redirect/4679750812,1500,USD,1500.00,2,96,15.63,Чорна Гора,"3 кімнати, 96 / 77 / 10 м², поверх 12 з 22, з ремонтом, монолітно-каркасний, 2015, сьогодні о 09:01, Створено 29 травня",96 м²,$ 1 500
flatfy,https://flatfy.ua/redirect/4679095716,406,USD,406.00,2,66,6.15,Караваєві Дачі,"3 кімнати, 66 / 48 / 10 м², поверх 10 з 10, з ремонтом, утеплена панель, 1990, 29 травня, Створено 29 травня",66 м²,$ 406
flatfy,https://flatfy.ua/redirect/4678755833,361,USD,361.00,0,38,9.50,Нова забудова,"1 кімната, 38 / 20 / 9 м², поверх 4 з 14, з ремонтом, цегляний будинок, 1996, сьогодні о 09:01, Створено 29 травня",38 м²,$ 361
flatfy,https://flatfy.ua/redirect/4678643535,451,USD,451.00,0,30,15.03,Голосіїв,"1 кімната, 30 / 15 / 8 м², поверх 14 з 25, з ремонтом, цегляний будинок, 2019, сьогодні о 09:01, Створено 29 травня",30 м²,$ 451
flatfy,https://flatfy.ua/redirect/4678856766,1100,USD,1100.00,0,56.3,19.54,Нова забудова,"1 кімната, 56.3 / 16 / 31 м², поверх 20 з 21, з ремонтом, монолітно-каркасний, 2017, сьогодні о 10:57, Створено 29 травня",56.3 м²,$ 1 100
flatfy,https://flatfy.ua/redirect/4679638796,1000,USD,1000.00,2,135,7.41,Нижній Печерськ,"3 кімнати, 135 / 67 / 12 м², поверх 13 з 16, з ремонтом, монолітно-каркасний, 2015, 29 травня, Створено 29 травня",135 м²,$ 1 000
flatfy,https://flatfy.ua/redirect/4680235648,473,USD,473.00,1,45,10.51,Оболонь,"2 кімнати, 45 / 26.1 / 8 м², поверх 3 з 16, з ремонтом, утеплена панель, 1982, сьогодні о 11:34, Створено 29 травня",45 м²,$ 473
flatfy,https://flatfy.ua/redirect/4680089712,698,USD,698.00,1,50,13.96,Липки,"2 кімнати, 50 / 35 / 8 м², поверх 3 з 8, з ремонтом, цегляний будинок, 1954, 29 травня, Створено 29 травня",50 м²,$ 698
flatfy,https://flatfy.ua/redirect/4679241681,383,USD,383.00,0,47,8.15,Мінський,"1 кімната, 47 / 17 / 14 м², поверх 5 з 26, з ремонтом, монолітно-каркасний, 2015, сьогодні о 18:24, Створено 29 травня",47 м²,$ 383
flatfy,https://flatfy.ua/redirect/4679382520,473,USD,473.00,1,74,6.39,Лук'янівка,"2 кімнати, 74 / 40 / 15 м², поверх 19 з 24, з ремонтом, монолітно-каркасний, 2015, сьогодні о 18:51, Створено 29 травня",74 м²,$ 473
flatfy,https://flatfy.ua/redirect/4679553380,406,USD,406.00,0,42,9.67,Стара Дарниця,"1 кімната, 42 / 30 / 12 м², поверх 5 з 25, з ремонтом, монолітно-каркасний, 2020, сьогодні о 10:14, Створено 29 травня",42 м²,$ 406
flatfy,https://flatfy.ua/redirect/4679353336,383,USD,383.00,0,34,11.26,Солом'янка,"1 кімната, 34 / 16 / 8 м², поверх 14 з 16, з ремонтом, утеплена панель, 1979, сьогодні о 09:01, Створено 29 травня",34 м²,$ 383
flatfy,https://flatfy.ua/redirect/4681324884,383,USD,383.00,2,61,6.28,Відрадний,"3 кімнати, 61 / 42 / 5 м², поверх 3 з 9, з ремонтом, панельні, 1969, сьогодні о 09:01, Створено 29 травня",61 м²,$ 383
flatfy,https://flatfy.ua/redirect/4680518703,383,USD,383.00,0,45.5,8.42,Осокорки,"1 кімната, 45.5 / 18 / 15 м², поверх 22 з 25, з ремонтом, монолітно-каркасний, 2018, сьогодні о 09:01, Створено 29 травня",45.5 м²,$ 383
flatfy,https://flatfy.ua/redirect/4680059298,541,USD,541.00,1,56,9.66,Печерськ,"2 кімнати, 56 / 32.1 / 8.5 м², поверх 3 з 5, з ремонтом, цегляний будинок, 1969, сьогодні о 09:01, Створено 29 травня",56 м²,$ 541
flatfy,https://flatfy.ua/redirect/4679945782,950,USD,950.00,1,46,20.65,Поділ,"2 кімнати, 46 / 30 / 7 м², поверх 6 з 9, з ремонтом, блочні, 2020, сьогодні о 18:11, Створено 29 травня",46 м²,$ 950
flatfy,https://flatfy.ua/redirect/4679685494,766,USD,766.00,0,45,17.02,Нижній Печерськ,"1 кімната, 45 / 25 / 14 м², поверх 6 з 18, з ремонтом, монолітно-каркасний, 2016, сьогодні о 18:17, Створено 29 травня",45 м²,$ 766
flatfy,https://flatfy.ua/redirect/4679708698,878,USD,878.00,1,65,13.51,Нова забудова,"2 кімнати, 65 / 30 / 10 м², поверх 13 з 22, з ремонтом, монолітно-каркасний, 2018, сьогодні о 18:17, Створено 29 травня",65 м²,$ 878
flatfy,https://flatfy.ua/redirect/4679570261,850,USD,850.00,1,65,13.08,Черепанова гора,"2 кімнати, 65 / 45 / 15 м², поверх 21 з 24, з ремонтом, монолітно-каркасний, 2018, сьогодні о 01:09, Створено 29 травня",65 м²,$ 850
flatfy,https://flatfy.ua/redirect/4680169759,3000,USD,3000.00,2,136,22.06,Нижній Печерськ,"3 кімнати, 136 / 55 / 33 м², поверх 11 з 15, з ремонтом, монолітно-каркасний, 2017, сьогодні о 09:59, Створено 29 травня",136 м²,$ 3 000
flatfy,https://flatfy.ua/redirect/4679626220,293,USD,293.00,0,30,9.77,Борщагівка,"1 кімната, 30 / 15 / 15 м², поверх 2 з 16, з ремонтом, блочні, 2015, сьогодні о 10:14, Створено 29 травня",30 м²,$ 293
flatfy,https://flatfy.ua/redirect/4679748753,451,USD,451.00,0,54,8.35,Саперна Слобідка,"1 кімната, 54 / 30 / 13 м², поверх 13 з 24, з ремонтом, монолітно-каркасний, 2009, сьогодні о 08:21, Створено 29 травня",54 м²,$ 451
flatfy,https://flatfy.ua/redirect/4679409072,361,USD,361.00,0,26,13.88,Нова забудова,"1 кімната, 26 / 14 / 5 м², поверх 6 з 9, з ремонтом, цегляний будинок, 1981, вчора о 09:32, Створено 29 травня",26 м²,$ 361
flatfy,https://flatfy.ua/redirect/4680184091,1500,USD,1500.00,3,185,8.11,Верхня Теличка,"4 кімнати, 185 / 160 / 25 м², поверх 12 з 25, з ремонтом, цегляний будинок, 2008, сьогодні о 15:07, Створено 29 травня",185 м²,$ 1 500
flatfy,https://flatfy.ua/redirect/4680984735,2500,USD,2500.00,2,150,16.67,Лук'янівка,"3 кімнати, 150 / 75 / 25 м², поверх 18 з 23, з ремонтом, монолітно-каркасний, 2008, 29 травня, Створено 29 травня",150 м²,$ 2 500
flatfy,https://flatfy.ua/redirect/4679625834,1400,USD,1400.00,2,139,10.07,Кудрявець,"3 кімнати, 139 / 91 / 25 м², поверх 2 з 8, з ремонтом, монолітно-каркасний, 2000, вчора о 09:25, Створено 29 травня",139 м²,$ 1 400
flatfy,https://flatfy.ua/redirect/4679772343,900,USD,900.00,2,150,6.00,Шулявка,"3 кімнати, 150 / 115 / 25 м², поверх 7 з 15, з ремонтом, монолітно-каркасний, 2005, сьогодні о 10:56, Створено 29 травня",150 м²,$ 900
flatfy,https://flatfy.ua/redirect/4678534828,338,USD,338.00,1,55,6.15,Борщагівка,"2 кімнати, 55 / 30 / 8 м², поверх 6 з 12, з ремонтом, утеплена панель, 1976, 29 травня, Створено 29 травня",55 м²,$ 338
flatfy,https://flatfy.ua/redirect/4679203308,1300,USD,1300.00,1,80,16.25,Верхня Теличка,"2 кімнати, 80 / 45 / 15 м², поверх 7 з 10, з ремонтом, монолітно-каркасний, 2013, сьогодні о 07:58, Створено 29 травня",80 м²,$ 1 300
flatfy,https://flatfy.ua/redirect/4679490080,361,USD,361.00,0,45,8.02,Відрадний,"1 кімната, 45 / 18 / 12 м², поверх 21 з 25, з ремонтом, блочні, 2019, 29 травня, Створено 29 травня",45 м²,$ 361
flatfy,https://flatfy.ua/redirect/4680403513,563,USD,563.00,0,41,13.73,Теремки-1,"1 кімната, 41 / 18 / 8 м², поверх 33 з 34, з ремонтом, цегляний будинок, 2021, 29 травня, Створено 29 травня",41 м²,$ 563
flatfy,https://flatfy.ua/redirect/4679749715,451,USD,451.00,0,45,10.02,Варшавський Мікрорайон,"1 кімната, 45 / 16 / 18 м², поверх 4 з 17, з ремонтом, блочні, 2020, сьогодні о 17:29, Створено 29 травня",45 м²,$ 451
flatfy,https://flatfy.ua/redirect/4680417451,946,USD,946.00,1,86,11.00,Вітряні Гори,"2 кімнати, 86 / 38 / 30 м², поверх 2 з 10, з ремонтом, монолітно-каркасний, 2015, 29 травня, Створено 29 травня",86 м²,$ 946
flatfy,https://flatfy.ua/redirect/4679684450,473,USD,473.00,2,73,6.48,Лівобережний масив,"3 кімнати, 73 / 32 / 8 м², поверх 11 з 12, з ремонтом, цегляний будинок, 1989, 29 травня, Створено 29 травня",73 м²,$ 473
flatfy,https://flatfy.ua/redirect/4679381404,383,USD,383.00,1,55,6.96,Кудрявець,"2 кімнати, 55 / 40 / 7 м², поверх 12 з 13, без ремонту, цегляний будинок, 1976, 29 травня, Створено 29 травня",55 м²,$ 383
flatfy,https://flatfy.ua/redirect/4680089713,563,USD,563.00,1,78,7.22,Кадетський Гай,"2 кімнати, 78 / 50 / 21 м², поверх 9 з 16, з ремонтом, монолітно-каркасний, 2008, 29 травня, Створено 29 травня",78 м²,$ 563
flatfy,https://flatfy.ua/redirect/4680033053,900,USD,900.00,1,58,15.52,Печерськ,"2 кімнати, 58 / 30 / 8 м², поверх 3 з 4, з ремонтом, цегляний будинок, 1957, 29 травня, Створено 29 травня",58 м²,$ 900
flatfy,https://flatfy.ua/redirect/4679923777,451,USD,451.00,1,50,9.02,Русанівка,"2 кімнати, 50 / 20 / 12 м², поверх 13 з 16, з ремонтом, цегляний будинок, 1970, 29 травня, Створено 29 травня",50 м²,$ 451
flatfy,https://flatfy.ua/redirect/4680126575,676,USD,676.00,0,40,16.90,Нивки,"1 кімната, 40 / 11 / 18 м², поверх 8 з 16, з ремонтом, монолітно-каркасний, 2019, 29 травня, Створено 29 травня",40 м²,$ 676
flatfy,https://flatfy.ua/redirect/4679665916,237,USD,237.00,0,44,5.39,Позняки,"1 кімната, 44 / 25 / 9 м², поверх 14 з 15, з ремонтом, утеплена панель, 1992, вчора о 13:00, Створено 29 травня",44 м²,$ 237
flatfy,https://flatfy.ua/redirect/4679803122,788,USD,788.00,2,83,9.49,Теремки-2,"3 кімнати, 83 / 50 / 25 м², поверх 7 з 18, з ремонтом, монолітно-каркасний, 2012, сьогодні о 08:22, Створено 29 травня",83 м²,$ 788
flatfy,https://flatfy.ua/redirect/4680739640,406,USD,406.00,0,37,10.97,Сирець,"1 кімната, 37 / 20 / 7.4 м², поверх 9 з 16, з ремонтом, блочні, 2021, 29 травня, Створено 29 травня",37 м²,$ 406
flatfy,https://flatfy.ua/redirect/4680606327,721,USD,721.00,1,75,9.61,Нова забудова,"2 кімнати, 75 / 45 / 20 м², поверх 5 з 5, з ремонтом, цегляний будинок, 1958, 29 травня, Створено 29 травня",75 м²,$ 721
flatfy,https://flatfy.ua/redirect/4679422015,518,USD,518.00,0,30,17.27,Голосіїв,"1 кімната, 30 / 15 / 10 м², поверх 4 з 21, з ремонтом, монолітно-каркасний, 2024, вчора о 22:18, Створено 29 травня",30 м²,$ 518
flatfy,https://flatfy.ua/redirect/4679676221,1400,USD,1400.00,2,82,17.07,Печерськ,"3 кімнати, 82 / 50 / 15 м², поверх 4 з 6, з ремонтом, цегляний будинок, 2012, вчора о 09:21, Створено 29 травня",82 м²,$ 1 400
flatfy,https://flatfy.ua/redirect/4681665630,426,USD,426.00,0,35,12.17,Черепанова гора,"1 кімната, 35 / 18 / 8 м², поверх 8 з 9, з ремонтом, панельні, 1972, вчора о 00:13, Створено вчора о 00:13",35 м²,$ 426
flatfy,https://flatfy.ua/redirect/4679623551,428,USD,428.00,2,72,5.94,Теремки-1,"3 кімнати, 72 / 54 / 10 м², поверх 16 з 18, без ремонту, утеплена панель, 1988, 29 травня, Створено 29 травня",72 м²,$ 428
flatfy,https://flatfy.ua/redirect/4678975333,361,USD,361.00,1,45,8.02,Соцмісто,"2 кімнати, 45 / 32 / 8 м², поверх 1 з 5, з ремонтом, панельні, вчора о 09:17, Створено 29 травня",45 м²,$ 361
flatfy,https://flatfy.ua/redirect/4679135709,406,USD,406.00,0,47,8.64,Нова забудова,"1 кімната, 47 / 19 / 8 м², поверх 5 з 9, з ремонтом, цегляний будинок, 1967, 29 травня, Створено 29 травня",47 м²,$ 406
flatfy,https://flatfy.ua/redirect/4680349600,417,USD,417.00,0,32,13.03,Харківський,"1 кімната, 32 / 14 / 12 м², поверх 8 з 8, з ремонтом, блочні, 2022, вчора о 21:12, Створено 29 травня",32 м²,$ 417
flatfy,https://flatfy.ua/redirect/4679409606,540,USD,540.00,2,115,4.70,Осокорки,"3 кімнати, 115 / 60 / 14 м², поверх 14 з 16, з ремонтом, утеплена панель, 1998, вчора о 11:53, Створено 29 травня",115 м²,$ 540
flatfy,https://flatfy.ua/redirect/4679229751,361,USD,361.00,0,43,8.40,Академмістечко,"1 кімната, 43 / 16 / 14 м², поверх 22 з 25, з ремонтом, монолітно-каркасний, 2020, вчора о 10:02, Створено 29 травня",43 м²,$ 361
flatfy,https://flatfy.ua/redirect/4679518945,563,USD,563.00,2,92,6.12,Новобіличі,"3 кімнати, 92 / 70 / 22 м², поверх 9 з 10, з ремонтом, монолітно-каркасний, 2012, 29 травня, Створено 29 травня",92 м²,$ 563
flatfy,https://flatfy.ua/redirect/4681005135,316,USD,316.00,1,48,6.58,Північно-Броварський,"2 кімнати, 48 / 30 / 7 м², поверх 2 з 9, з ремонтом, панельні, 1971, вчора о 10:02, Створено 29 травня",48 м²,$ 316
flatfy,https://flatfy.ua/redirect/4679572096,316,USD,316.00,2,94,3.36,Позняки,"3 кімнати, 94 / 46 / 14.3 м², поверх 22 з 22, з ремонтом, монолітно-каркасний, 2006, 29 травня, Створено 29 травня",94 м²,$ 316
flatfy,https://flatfy.ua/redirect/4679027920,248,USD,248.00,1,45,5.51,Воскресенка,"2 кімнати, 45 / 30 / 8 м², поверх 2 з 9, з ремонтом, панельні, 1981, вчора о 09:17, Створено 29 травня",45 м²,$ 248
flatfy,https://flatfy.ua/redirect/4679663544,181,USD,181.00,0,43,4.21,Троєщина,"1 кімната, 43 / 18 / 8 м², поверх 13 з 17, з ремонтом, утеплена панель, 2001, 29 травня, Створено 29 травня",43 м²,$ 181
flatfy,https://flatfy.ua/redirect/4679540609,282,USD,282.00,0,25,11.28,Шевченківський,"1 кімната, 25 / 14 / 5 м², поверх 5 з 9, з ремонтом, цегляний будинок, 1967, вчора о 20:12, Створено 29 травня",25 м²,$ 282
flatfy,https://flatfy.ua/redirect/4681106136,282,USD,282.00,1,75,3.76,Троєщина,"2 кімнати, 75 / 40 / 12 м², поверх 5 з 25, з ремонтом, утеплена панель, 2013, 29 травня, Створено 29 травня",75 м²,$ 282
flatfy,https://flatfy.ua/redirect/4680150712,800,USD,800.00,1,55,14.55,Печерськ,"2 кімнати, 55 / 40 / 10 м², поверх 4 з 5, з ремонтом, цегляний будинок, 1957, вчора о 10:51, Створено 29 травня",55 м²,$ 800
flatfy,https://flatfy.ua/redirect/4680244731,473,USD,473.00,0,25,18.92,Лук'янівка,"1 кімната, 25 / 13 / 6 м², поверх 1 з 5, з ремонтом, цегляний будинок, 2025, 29 травня, Створено 29 травня",25 м²,$ 473
flatfy,https://flatfy.ua/redirect/4680085183,1081,USD,1081.00,2,100,10.81,Чорна Гора,"3 кімнати, 100 / 45 / 12 м², поверх 2 з 9, з ремонтом, цегляний будинок, 1981, 29 травня, Створено 29 травня",100 м²,$ 1 081
flatfy,https://flatfy.ua/redirect/4680389139,282,USD,282.00,0,40,7.05,Стара Дарниця,"1 кімната, 40 / 30 / 10 м², поверх 2 з 25, з ремонтом, блочні, 2021, вчора о 11:58, Створено 29 травня",40 м²,$ 282
flatfy,https://flatfy.ua/redirect/4679557573,203,USD,203.00,1,54,3.76,Стара Дарниця,"2 кімнати, 54 / 30 / 9 м², поверх 8 з 16, з ремонтом, панельні, 2013, 29 травня, Створено 29 травня",54 м²,$ 203
flatfy,https://flatfy.ua/redirect/4680161842,563,USD,563.00,0,46,12.24,Подільський,"1 кімната, 46 / 25 / 10 м², поверх 17 з 26, з ремонтом, цегляний будинок, 2025, 29 травня, Створено 29 травня",46 м²,$ 563
flatfy,https://flatfy.ua/redirect/4680559605,181,USD,181.00,0,30,6.03,Нивки,"1 кімната, 30 / 17 / 7 м², поверх 2 з 5, з ремонтом, цегляний будинок, 1964, сьогодні о 05:15, Створено 29 травня",30 м²,$ 181
flatfy,https://flatfy.ua/redirect/4679267037,338,USD,338.00,0,43,7.86,Біличі,"1 кімната, 43 / 18 / 10 м², поверх 4 з 16, з ремонтом, утеплена панель, 1990, 29 травня, Створено 29 травня",43 м²,$ 338
flatfy,https://flatfy.ua/redirect/4678692813,372,USD,372.00,0,50,7.44,Харківський,"1 кімната, 50 / 18 / 25 м², поверх 16 з 23, з ремонтом, цегляний будинок, 2020, сьогодні о 08:06, Створено 29 травня",50 м²,$ 372
flatfy,https://flatfy.ua/redirect/4679609270,676,USD,676.00,2,98,6.90,Нова Дарниця,"3 кімнати, 98 / 40 / 18 м², поверх 16 з 18, з ремонтом, монолітно-каркасний, 2010, 29 травня, Створено 29 травня",98 м²,$ 676
flatfy,https://flatfy.ua/redirect/4681232161,181,USD,181.00,0,39,4.64,Троєщина,"1 кімната, 39 / 18 / 8 м², поверх 6 з 10, з ремонтом, утеплена панель, 1999, сьогодні о 08:47, Створено 29 травня",39 м²,$ 181
flatfy,https://flatfy.ua/redirect/4678883573,271,USD,271.00,1,55,4.93,Вишгородський масив,"2 кімнати, 55 / 30 / 8 м², поверх 4 з 9, без ремонту, панельні, 1973, сьогодні о 08:48, Створено 29 травня",55 м²,$ 271
flatfy,https://flatfy.ua/redirect/4681542801,788,USD,788.00,1,75,10.51,Нова забудова,"2 кімнати, 75 / 20 / 30 м², поверх 3 з 7, з ремонтом, цегляний будинок, 1958, вчора о 16:37, Створено 29 травня",75 м²,$ 788
flatfy,https://flatfy.ua/redirect/4679245313,316,USD,316.00,0,34,9.29,Березняки,"1 кімната, 34 / 18 / 8 м², поверх 6 з 9, з ремонтом, панельні, 1972, сьогодні о 12:27, Створено 29 травня",34 м²,$ 316
flatfy,https://flatfy.ua/redirect/4679616913,473,USD,473.00,0,40,11.82,Теремки-2,"1 кімната, 40 / 18 / 12 м², поверх 3 з 16, з ремонтом, монолітно-каркасний, 2017, сьогодні о 12:37, Створено 29 травня",40 м²,$ 473
flatfy,https://flatfy.ua/redirect/4678995807,586,USD,586.00,1,113,5.19,Чоколівка,"2 кімнати, 113 / 60 / 15 м², поверх 5 з 16, з ремонтом, цегляний будинок, 2004, сьогодні о 12:38, Створено 29 травня",113 м²,$ 586
flatfy,https://flatfy.ua/redirect/4679902175,338,USD,338.00,0,40,8.45,Борщагівка,"1 кімната, 40 / 15 / 20 м², поверх 5 з 9, з ремонтом, утеплена панель, 1982, сьогодні о 10:49, Створено 29 травня",40 м²,$ 338
flatfy,https://flatfy.ua/redirect/4679561741,338,USD,338.00,1,52,6.50,Лук'янівка,"2 кімнати, 52 / 30 / 8 м², поверх 5 з 9, з ремонтом, цегляний будинок, 1978, сьогодні о 10:01, Створено 29 травня",52 м²,$ 338
flatfy,https://flatfy.ua/redirect/4679883930,158,USD,158.00,0,26,6.08,Виноградар,"1 кімната, 26 / 12 / 7 м², поверх 9 з 9, з ремонтом, панельні, 1975, сьогодні о 10:13, Створено 29 травня",26 м²,$ 158
flatfy,https://flatfy.ua/redirect/4679584113,203,USD,203.00,1,48,4.23,Лісовий,"2 кімнати, 48 / 30 / 8.3 м², поверх 3 з 9, з ремонтом, панельні, 1968, сьогодні о 11:08, Створено 29 травня",48 м²,$ 203
flatfy,https://flatfy.ua/redirect/4679820244,169,USD,169.00,0,30,5.63,Соцмісто,"1 кімната, 30 / 18 / 3 м², поверх 4 з 5, без ремонту, панельні, 1964, сьогодні о 11:09, Створено 29 травня",30 м²,$ 169
flatfy,https://flatfy.ua/redirect/4679793946,383,USD,383.00,0,37,10.35,Соцмісто,"1 кімната, 37 / 20 / 10 м², поверх 22 з 25, з ремонтом, цегляний будинок, 2015, сьогодні о 11:58, Створено 29 травня",37 м²,$ 383
flatfy,https://flatfy.ua/redirect/4680415934,800,USD,800.00,2,87,9.20,Печерськ,"3 кімнати, 87 / 60 / 10 м², поверх 3 з 4, з ремонтом, цегляний будинок, 1892, 29 травня, Створено 29 травня",87 м²,$ 800
flatfy,https://flatfy.ua/redirect/4679539596,586,USD,586.00,0,50,11.72,Варшавський Мікрорайон,"1 кімната, 50 / 16 / 22 м², поверх 6 з 25, з ремонтом, монолітно-каркасний, 2022, сьогодні о 09:26, Створено 29 травня",50 м²,$ 586
flatfy,https://flatfy.ua/redirect/4679066553,428,USD,428.00,1,77,5.56,Позняки,"2 кімнати, 77 / 36 / 14 м², поверх 14 з 27, з ремонтом, монолітно-каркасний, 2004, сьогодні о 10:29, Створено 29 травня",77 м²,$ 428
flatfy,https://flatfy.ua/redirect/4679833247,518,USD,518.00,1,62,8.35,Оболонь,"2 кімнати, 62 / 48 / 12 м², поверх 10 з 16, з ремонтом, цегляний будинок, 1984, сьогодні о 10:49, Створено 29 травня",62 м²,$ 518
flatfy,https://flatfy.ua/redirect/4679641247,541,USD,541.00,0,50,10.82,Чоколівка,"1 кімната, 50 / 18 / 12 м², поверх 13 з 26, з ремонтом, цегляний будинок, 2023, сьогодні о 11:33, Створено 29 травня",50 м²,$ 541
flatfy,https://flatfy.ua/redirect/4679581924,338,USD,338.00,1,48,7.04,Оболонь,"2 кімнати, 48 / 30 / 6.5 м², поверх 9 з 9, з ремонтом, утеплена панель, 1977, сьогодні о 11:42, Створено 29 травня",48 м²,$ 338
flatfy,https://flatfy.ua/redirect/4680440937,226,USD,226.00,0,36,6.28,Олександрівська Слобідка,"1 кімната, 36 / 16 / 6 м², поверх 6 з 9, з ремонтом, цегляний будинок, 1974, сьогодні о 13:20, Створено 29 травня",36 м²,$ 226
flatfy,https://flatfy.ua/redirect/4679625484,226,USD,226.00,0,25,9.04,Лісовий,"1 кімната, 25 / 21 / 3 м², поверх 5 з 5, з ремонтом, цегляний будинок, 1968, вчора о 07:45, Створено 29 травня",25 м²,$ 226
flatfy,https://flatfy.ua/redirect/4679735100,850,USD,850.00,0,54,15.74,Шулявка,"1 кімната, 54 / 20 / 20 м², поверх 13 з 36, з ремонтом, монолітно-каркасний, 29 травня, Створено 29 травня",54 м²,$ 850
flatfy,https://flatfy.ua/redirect/4679346204,451,USD,451.00,0,45,10.02,Куренівка,"1 кімната, 45 / 30 / 10 м², поверх 19 з 29, з ремонтом, блочні, вчора о 10:05, Створено 29 травня",45 м²,$ 451
flatfy,https://flatfy.ua/redirect/4679741314,850,USD,850.00,0,53,16.04,Шулявка,"1 кімната, 53 / 20 / 20 м², поверх 9 з 34, з ремонтом, монолітно-каркасний, 29 травня, Створено 29 травня",53 м²,$ 850
flatfy,https://flatfy.ua/redirect/4679993735,676,USD,676.00,0,117,5.78,Караваєві Дачі,"1 кімната, 117 / 63 / 17 м², поверх 16 з 17, з ремонтом, монолітно-каркасний, 2003, 29 травня, Створено 29 травня",117 м²,$ 676
flatfy,https://flatfy.ua/redirect/4679556209,248,USD,248.00,0,38,6.53,Русанівка,"1 кімната, 38 / 19 / 8 м², поверх 3 з 9, з ремонтом, панельні, 1967, 29 травня, Створено 29 травня",38 м²,$ 248
flatfy,https://flatfy.ua/redirect/4679885977,608,USD,608.00,1,81.3,7.48,Позняки,"2 кімнати, 81.3 / 40 / 20 м², поверх 7 з 16, з ремонтом, монолітно-каркасний, 2004, 29 травня, Створено 29 травня",81.3 м²,$ 608
flatfy,https://flatfy.ua/redirect/4680343008,1800,USD,1800.00,3,124,14.52,Старий Київ,"4 кімнати, 124 / 80 / 6 м², поверх 5 з 6, з ремонтом, цегляний будинок, 1954, 29 травня, Створено 29 травня",124 м²,$ 1 800
flatfy,https://flatfy.ua/redirect/4680203116,316,USD,316.00,0,34,9.29,Оболонь,"1 кімната, 34 / 18 / 7 м², поверх 10 з 16, без ремонту, утеплена панель, 1979, 29 травня, Створено 29 травня",34 м²,$ 316
flatfy,https://flatfy.ua/redirect/4678635349,293,USD,293.00,1,54,5.43,Троєщина,"2 кімнати, 54 / 28 / 7 м², поверх 7 з 10, з ремонтом, утеплена панель, 1989, вчора о 21:47, Створено 29 травня",54 м²,$ 293
flatfy,https://flatfy.ua/redirect/4680893462,518,USD,518.00,1,50,10.36,Печерськ,"2 кімнати, 50 / 30 / 7 м², поверх 3 з 5, з ремонтом, цегляний будинок, 1955, сьогодні о 13:39, Створено 29 травня",50 м²,$ 518
flatfy,https://flatfy.ua/redirect/4681079572,271,USD,271.00,2,80,3.39,Березняки,"3 кімнати, 80 / 46 / 10 м², поверх 7 з 16, з ремонтом, цегляний будинок, 1996, сьогодні о 14:56, Створено 29 травня",80 м²,$ 271
flatfy,https://flatfy.ua/redirect/4680905547,338,USD,338.00,0,35,9.66,Микільська Слобідка,"1 кімната, 35 / 18 / 7 м², поверх 10 з 26, з ремонтом, цегляний будинок, 2020, сьогодні о 14:29, Створено 29 травня",35 м²,$ 338
flatfy,https://flatfy.ua/redirect/4679134459,338,USD,338.00,1,47,7.19,Відрадний,"2 кімнати, 47 / 30 / 7 м², поверх 5 з 5, з ремонтом, панельні, 1965, вчора о 14:33, Створено 29 травня",47 м²,$ 338
flatfy,https://flatfy.ua/redirect/4680066429,563,USD,563.00,0,47,11.98,Історичний центр,"1 кімната, 47 / 20 / 10 м², поверх 4 з 6, з ремонтом, цегляний будинок, 1957, 29 травня, Створено 29 травня",47 м²,$ 563
flatfy,https://flatfy.ua/redirect/4680220807,518,USD,518.00,0,25,20.72,Шулявка,"1 кімната, 25 / 10 / 6 м², поверх 7 з 34, з ремонтом, монолітно-каркасний, 2021, сьогодні о 08:20, Створено 29 травня",25 м²,$ 518
flatfy,https://flatfy.ua/redirect/4680724232,563,USD,563.00,1,75,7.51,Осокорки,"2 кімнати, 75 / 40 / 30 м², поверх 9 з 25, з ремонтом, блочні, 2013, сьогодні о 09:00, Створено 29 травня",75 м²,$ 563
flatfy,https://flatfy.ua/redirect/4678427759,349,USD,349.00,1,60,5.82,Осокорки,"2 кімнати, 60 / 32 / 8 м², поверх 18 з 26, з ремонтом, монолітно-каркасний, 2018, сьогодні о 07:43, Створено 29 травня",60 м²,$ 349
flatfy,https://flatfy.ua/redirect/4679174329,1990,USD,1990.00,0,67,29.70,Нижній Печерськ,"1 кімната, 67 / 20 / 22 м², поверх 17 з 31, з ремонтом, цегляний будинок, 2020, 29 травня, Створено 29 травня",67 м²,$ 1 990
flatfy,https://flatfy.ua/redirect/4680984941,3100,USD,3100.00,2,95,32.63,Звіринець,"3 кімнати, 95 / 40 / 30 м², поверх 2 з 11, з ремонтом, цегляний будинок, 2021, сьогодні о 19:08, Створено 29 травня",95 м²,$ 3 100
flatfy,https://flatfy.ua/redirect/4679537523,500,USD,500.00,0,41.5,12.05,Сирець,"1 кімната, 41.5 / 22 / 16 м², поверх 15 з 16, з ремонтом, блочні, 2021, сьогодні о 18:25, Створено 29 травня",41.5 м²,$ 500
flatfy,https://flatfy.ua/redirect/4679903327,676,USD,676.00,0,41,16.49,Голосіїв,"1 кімната, 41 / 20 / 9 м², поверх 13 з 21, з ремонтом, монолітно-каркасний, 2019, 29 травня, Створено 29 травня",41 м²,$ 676
flatfy,https://flatfy.ua/redirect/4679974536,518,USD,518.00,0,41,12.63,Академмістечко,"1 кімната, 41 / 18 / 10 м², поверх 16 з 25, з ремонтом, монолітно-каркасний, 2020, сьогодні о 10:25, Створено 29 травня",41 м²,$ 518
flatfy,https://flatfy.ua/redirect/4678664315,496,USD,496.00,0,38,13.05,Голосіїв,"1 кімната, 38 / 15 / 12 м², поверх 15 з 16, з ремонтом, монолітно-каркасний, 2020, 29 травня, Створено 29 травня",38 м²,$ 496
flatfy,https://flatfy.ua/redirect/4681020504,1900,USD,1900.00,1,60,31.67,Звіринець,"2 кімнати, 60 / 30 / 25 м², поверх 7 з 11, з ремонтом, цегляний будинок, 2021, сьогодні о 19:08, Створено 29 травня",60 м²,$ 1 900
flatfy,https://flatfy.ua/redirect/4679750868,766,USD,766.00,0,51,15.02,Голосіїв,"1 кімната, 51 / 15 / 30 м², поверх 13 з 19, без ремонту, монолітно-каркасний, 2021, сьогодні о 20:10, Створено 29 травня",51 м²,$ 766
flatfy,https://flatfy.ua/redirect/4680641659,451,USD,451.00,0,54,8.35,Голосіївський,"1 кімната, 54 / 18 / 11.5 м², поверх 25 з 25, з ремонтом, утеплена панель, 2018, сьогодні о 16:44, Створено 29 травня",54 м²,$ 451
flatfy,https://flatfy.ua/redirect/4679684593,631,USD,631.00,1,52,12.13,Голосіївський,"2 кімнати, 52 / 30 / 10 м², поверх 25 з 26, з ремонтом, монолітно-каркасний, 2018, 29 травня, Створено 29 травня",52 м²,$ 631
flatfy,https://flatfy.ua/redirect/4680144860,698,USD,698.00,0,47,14.85,Північно-Броварський,"1 кімната, 47 / 15 / 18 м², поверх 13 з 26, з ремонтом, монолітно-каркасний, 2019, сьогодні о 21:24, Створено 29 травня",47 м²,$ 698
flatfy,https://flatfy.ua/redirect/4680149047,370,USD,370.00,0,55,6.73,Теремки-1,"1 кімната, 55 / 18 / 12 м², поверх 25 з 25, з ремонтом, утеплена панель, 2018, сьогодні о 20:33, Створено 29 травня",55 м²,$ 370
flatfy,https://flatfy.ua/redirect/4681022531,766,USD,766.00,1,57,13.44,Нова забудова,"2 кімнати, 57 / 32 / 11 м², поверх 14 з 16, з ремонтом, цегляний будинок, 1971, сьогодні о 20:03, Створено 29 травня",57 м²,$ 766
flatfy,https://flatfy.ua/redirect/4679581305,428,USD,428.00,2,65,6.58,Деміївка,"3 кімнати, 65 / 38 / 7 м², поверх 6 з 9, з ремонтом, панельні, 1974, сьогодні о 20:56, Створено 29 травня",65 м²,$ 428
flatfy,https://flatfy.ua/redirect/4680820354,563,USD,563.00,2,110,5.12,Лівобережний масив,"3 кімнати, 110 / 80 / 20 м², поверх 19 з 21, з ремонтом, монолітно-каркасний, 2003, сьогодні о 20:43, Створено 29 травня",110 м²,$ 563
flatfy,https://flatfy.ua/redirect/4680217500,338,USD,338.00,0,44,7.68,Осокорки,"1 кімната, 44 / 17.8 / 13 м², поверх 15 з 20, з ремонтом, утеплена панель, 2000, сьогодні о 21:28, Створено 29 травня",44 м²,$ 338
flatfy,https://flatfy.ua/redirect/4628759646,214,USD,214.00,2,60,3.57,Чоколівка,"3 кімнати, 60 / - / 7 м², поверх 1 з 5, з ремонтом, цегляний будинок, 1960, 17 травня, Створено 17 травня",60 м²,$ 214
flatfy,https://flatfy.ua/redirect/4650923426,653,USD,653.00,1,62,10.53,Липки,"2 кімнати, 62 / - / 8 м², поверх 4 з 6, з ремонтом, цегляний будинок, 1910, 23 травня, Створено 23 травня",62 м²,$ 653
flatfy,https://flatfy.ua/redirect/4679579109,248,USD,248.00,0,44,5.64,Лівобережний масив,"1 кімната, 44 / - / 7 м², поверх 2 з 9, з ремонтом, панельні, 1968, 29 травня, Створено 29 травня",44 м²,$ 248
flatfy,https://flatfy.ua/redirect/4368479415,338,USD,338.00,0,23,14.70,,"1 кімната, 23 / - / 5 м², поверх 10 з 27, з ремонтом, 29 травня, Створено 29 травня",23 м²,$ 338
flatfy,https://flatfy.ua/redirect/4680557771,226,USD,226.00,0,34,6.65,Мінський,"1 кімната, 34 / - / 6 м², поверх 8 з 10, з ремонтом, панельні, 1972, 29 травня, Створено 29 травня",34 м²,$ 226
flatfy,https://flatfy.ua/redirect/4679652896,406,USD,406.00,1,58,7.00,Новобіличі,"2 кімнати, 58 / - / 9 м², поверх 5 з 10, з ремонтом, цегляний будинок, 1989, 29 травня, Створено 29 травня",58 м²,$ 406
flatfy,https://flatfy.ua/redirect/4680508338,327,USD,327.00,0,35.6,9.19,Оболонь,"1 кімната, 35.6 / - / 8.2 м², поверх 6 з 9, з ремонтом, утеплена панель, 1978, 29 травня, Створено 29 травня",35.6 м²,$ 327
flatfy,https://flatfy.ua/redirect/4679696146,561,USD,561.00,0,47,11.94,,"1 кімната, 47 / - / 10 м², поверх 4 з 6, з ремонтом, 29 травня, Створено 29 травня",47 м²,$ 561
flatfy,https://flatfy.ua/redirect/4682438282,1100,USD,1100.00,2,92,11.96,Липки,"3 кімнати, 92 / - / 10 м², поверх 4 з 5, з ремонтом, цегляний будинок, 1917, вчора о 04:23, Створено 29 травня",92 м²,$ 1 100
flatfy,https://flatfy.ua/redirect/4681066919,1200,USD,1200.00,1,52.5,22.86,Шулявка,"2 кімнати, 52.5 / - / 11 м², поверх 34 з 36, з ремонтом, монолітно-каркасний, 2021, 29 травня, Створено 29 травня",52.5 м²,$ 1 200
flatfy,https://flatfy.ua/redirect/4679987181,6000,USD,6000.00,3,250,24.00,Печерський,"4 кімнати, 250 / - / 30 м², поверх 3 з 5, з ремонтом, 29 травня, Створено 29 травня",250 м²,$ 6 000
flatfy,https://flatfy.ua/redirect/4679339145,338,USD,338.00,1,43,7.86,Березняки,"2 кімнати, 43 / - / 6 м², поверх 2 з 9, з ремонтом, панельні, 1969, 29 травня, Створено 29 травня",43 м²,$ 338
flatfy,https://flatfy.ua/redirect/4681244285,563,USD,563.00,0,40,14.07,,"1 кімната, 40 / - / 17 м², поверх 3 з 6, з ремонтом, 29 травня, Створено 29 травня",40 м²,$ 563
flatfy,https://flatfy.ua/redirect/4680858790,248,USD,248.00,0,38,6.53,Вітряні Гори,"1 кімната, 38 / - / 8 м², поверх 5 з 9, з ремонтом, цегляний будинок, 1979, 29 травня, Створено 29 травня",38 м²,$ 248
flatfy,https://flatfy.ua/redirect/4680602719,361,USD,361.00,0,57,6.33,Позняки,"1 кімната, 57 / - / 15 м², поверх 17 з 24, з ремонтом, монолітно-каркасний, 2013, 29 травня, Створено 29 травня",57 м²,$ 361
flatfy,https://flatfy.ua/redirect/4261880111,349,USD,349.00,0,30,11.63,Совки,"1 кімната, 30 / - / 20 м², поверх 15 з 26, з ремонтом, монолітно-каркасний, 2021, 29 травня, Створено 29 травня",30 м²,$ 349
flatfy,https://flatfy.ua/redirect/4681916449,1013,USD,1013.00,1,45,22.51,Липки,"2 кімнати, 45 / - / 10 м², поверх 4 з 8, з ремонтом, цегляний будинок, 1968, вчора о 01:36, Створено вчора о 01:36",45 м²,$ 1 013
flatfy,https://flatfy.ua/redirect/4679421378,271,USD,271.00,0,27,10.04,Шулявка,"1 кімната, 27 / - / 5 м², поверх 13 з 14, з ремонтом, цегляний будинок, 2017, 29 травня, Створено 29 травня",27 м²,$ 271
flatfy,https://flatfy.ua/redirect/4681530931,293,USD,293.00,1,54,5.43,Русанівка,"2 кімнати, 54 / - / 7 м², поверх 5 з 9, з ремонтом, цегляний будинок, 29 травня, Створено 29 травня",54 м²,$ 293
flatfy,https://flatfy.ua/redirect/4679518393,338,USD,338.00,1,45,7.51,Нивки,"2 кімнати, 45 / - / 7 м², поверх 5 з 5, з ремонтом, панельні, 1965, 29 травня, Створено 29 травня",45 м²,$ 338
flatfy,https://flatfy.ua/redirect/4679837246,383,USD,383.00,0,48,7.98,Солом'янка,"1 кімната, 48 / - / 21 м², поверх 7 з 25, з ремонтом, 29 травня, Створено 29 травня",48 м²,$ 383
flatfy,https://flatfy.ua/redirect/4679791868,451,USD,451.00,1,70,6.44,Шулявка,"2 кімнати, 70 / - / 12 м², поверх 3 з 24, з ремонтом, монолітно-каркасний, 2013, 29 травня, Створено 29 травня",70 м²,$ 451
flatfy,https://flatfy.ua/redirect/4680904763,124,USD,124.00,0,34,3.65,Воскресенка,"1 кімната, 34 / - / 8 м², поверх 8 з 9, з ремонтом, 29 травня, Створено 29 травня",34 м²,$ 124
flatfy,https://flatfy.ua/redirect/4679791867,176,USD,176.00,0,29,6.07,Троєщина,"1 кімната, 29 / - / 6 м², поверх 1 з 9, з ремонтом, цегляний будинок, 1985, 29 травня, Створено 29 травня",29 м²,$ 176
flatfy,https://flatfy.ua/redirect/4679791892,304,USD,304.00,0,62,4.90,Соцмісто,"1 кімната, 62 / - / 10 м², поверх 1 з 5, з ремонтом, цегляний будинок, 1961, 29 травня, Створено 29 травня",62 м²,$ 304
flatfy,https://flatfy.ua/redirect/4681469827,338,USD,338.00,1,56,6.04,Печерський,"2 кімнати, 56 / - / 8 м², поверх 6 з 9, з ремонтом, цегляний будинок, 29 травня, Створено 29 травня",56 м²,$ 338
flatfy,https://flatfy.ua/redirect/3236313361,3500,USD,3500.00,2,130,26.92,Звіринець,"3 кімнати, 130 / - / 30 м², поверх 17 з 22, з ремонтом, цегляний будинок, 2013, 29 травня, Створено 29 травня",130 м²,$ 3 500
flatfy,https://flatfy.ua/redirect/2861457202,4000,USD,4000.00,2,130,30.77,Нова забудова,"3 кімнати, 130 / - / 90 м², поверх 21 з 25, з ремонтом, монолітно-каркасний, 2019, 29 травня, Створено 29 травня",130 м²,$ 4 000
flatfy,https://flatfy.ua/redirect/4678736813,1100,USD,1100.00,1,62,17.74,Нова забудова,"2 кімнати, 62 / - / 12 м², поверх 14 з 25, з ремонтом, 29 травня, Створено 29 травня",62 м²,$ 1 100
flatfy,https://flatfy.ua/redirect/4680338484,203,USD,203.00,0,26,7.81,Лісовий,"1 кімната, 26 / - / 8 м², поверх 1 з 9, з ремонтом, панельні, 1970, 29 травня, Створено 29 травня",26 м²,$ 203
flatfy,https://flatfy.ua/redirect/4680640990,226,USD,226.00,0,33,6.85,Чоколівка,"1 кімната, 33 / - / 7 м², поверх 1 з 5, з ремонтом, цегляний будинок, 1963, 29 травня, Створено 29 травня",33 м²,$ 226
flatfy,https://flatfy.ua/redirect/4680046068,608,USD,608.00,1,75,8.11,Нова забудова,"2 кімнати, 75 / - / 15 м², поверх 2 з 15, з ремонтом, монолітно-каркасний, 1998, 29 травня, Створено 29 травня",75 м²,$ 608
flatfy,https://flatfy.ua/redirect/4678855845,338,USD,338.00,0,45,7.51,,"1 кімната, 45 / - / 8 м², поверх 15 з 16, з ремонтом, панельні, 29 травня, Створено 29 травня",45 м²,$ 338
flatfy,https://flatfy.ua/redirect/4662982023,349,USD,349.00,1,50,6.98,Борщагівка,"2 кімнати, 50 / - / 9 м², поверх 5 з 9, з ремонтом, панельні, 1971, 25 травня, Створено 29 травня",50 м²,$ 349
flatfy,https://flatfy.ua/redirect/4680071024,361,USD,361.00,1,56,6.45,Харківський,"2 кімнати, 56 / - / 9 м², поверх 12 з 12, з ремонтом, утеплена панель, 1988, 29 травня, Створено 29 травня",56 м²,$ 361
flatfy,https://flatfy.ua/redirect/4679958535,271,USD,271.00,1,46,5.89,Лісовий,"2 кімнати, 46 / - / 7 м², поверх 3 з 5, з ремонтом, цегляний будинок, 1968, 29 травня, Створено 29 травня",46 м²,$ 271
flatfy,https://flatfy.ua/redirect/4679791890,563,USD,563.00,1,60,9.38,Голосіїв,"2 кімнати, 60 / - / 16 м², поверх 4 з 9, з ремонтом, цегляний будинок, 2020, 29 травня, Створено 29 травня",60 м²,$ 563
flatfy,https://flatfy.ua/redirect/4679372419,383,USD,383.00,0,23,16.65,Печерськ,"1 кімната, 23 / - / 5 м², поверх 5 з 9, з ремонтом, цегляний будинок, 1973, 29 травня, Створено 29 травня",23 м²,$ 383
flatfy,https://flatfy.ua/redirect/4680355586,271,USD,271.00,1,60,4.52,Троєщина,"2 кімнати, 60 / - / 8 м², поверх 2 з 10, з ремонтом, панельні, 29 травня, Створено 29 травня",60 м²,$ 271
flatfy,https://flatfy.ua/redirect/4679720968,203,USD,203.00,1,46,4.41,,"2 кімнати, 46 / - / 7 м², поверх 2 з 5, з ремонтом, цегляний будинок, 29 травня, Створено 29 травня",46 м²,$ 203
flatfy,https://flatfy.ua/redirect/4670730391,192,USD,192.00,0,21,9.14,Нивки,"1 кімната, 21 / - / 5 м², поверх 4 з 5, з ремонтом, цегляний будинок, 1974, 27 травня, Створено 29 травня",21 м²,$ 192
flatfy,https://flatfy.ua/redirect/3772151309,5000,USD,5000.00,4,241,20.75,Липки,"5 кімнат, 241 / - / 23 м², поверх 5 з 5, з ремонтом, цегляний будинок, 1914, 29 травня, Створено 29 травня",241 м²,$ 5 000
flatfy,https://flatfy.ua/redirect/4679579068,451,USD,451.00,0,55,8.20,Нивки,"1 кімната, 55 / - / 15 м², поверх 13 з 13, з ремонтом, 29 травня, Створено 29 травня",55 м²,$ 451
flatfy,https://flatfy.ua/redirect/4679987183,3000,USD,3000.00,4,214,14.02,Черепанова гора,"5 кімнат, 214 / - / 34 м², поверх 14 з 24, з ремонтом, цегляний будинок, 2014, 29 травня, Створено 29 травня",214 м²,$ 3 000
flatfy,https://flatfy.ua/redirect/4679553245,361,USD,361.00,0,46,7.85,Харківський,"1 кімната, 46 / - / 18 м², поверх 5 з 21, з ремонтом, 29 травня, Створено 29 травня",46 м²,$ 361
flatfy,https://flatfy.ua/redirect/4679747660,361,USD,361.00,0,54,6.69,Чоколівка,"1 кімната, 54 / - / 25 м², поверх 14 з 16, з ремонтом, цегляний будинок, 2004, 29 травня, Створено 29 травня",54 м²,$ 361
flatfy,https://flatfy.ua/redirect/4064115215,248,USD,248.00,0,25,9.92,Біличі,"1 кімната, 25 / - / 6 м², поверх 7 з 24, з ремонтом, 29 травня, Створено 29 травня",25 м²,$ 248
flatfy,https://flatfy.ua/redirect/4679283396,7000,USD,7000.00,4,290,24.14,Чорна Гора,"5 кімнат, 290 / - / 35 м², поверх 7 з 30, з ремонтом, цегляний будинок, 2013, 29 травня, Створено 29 травня",290 м²,$ 7 000
flatfy,https://flatfy.ua/redirect/4527724543,451,USD,451.00,1,45,10.02,Звіринець,"2 кімнати, 45 / - / 6 м², поверх 1 з 5, з ремонтом, цегляний будинок, 1961, 27 травня, Створено 29 травня",45 м²,$ 451
flatfy,https://flatfy.ua/redirect/4679504274,2000,USD,2000.00,2,130,15.38,Оболонь,"3 кімнати, 130 / - / 18 м², поверх 24 з 26, з ремонтом, цегляний будинок, 1994, 29 травня, Створено 29 травня",130 м²,$ 2 000
flatfy,https://flatfy.ua/redirect/4681717554,428,USD,428.00,3,63,6.79,Лівобережний масив,"4 кімнати, 63 / - / 40 м², поверх 2 з 9, з ремонтом, панельні, 1970, вчора о 00:31, Створено вчора о 00:31",63 м²,$ 428
flatfy,https://flatfy.ua/redirect/3287720080,1400,USD,1400.00,1,82,17.07,Оболонь,"2 кімнати, 82 / - / 20 м², поверх 9 з 27, з ремонтом, цегляний будинок, 2020, 29 травня, Створено 29 травня",82 м²,$ 1 400
flatfy,https://flatfy.ua/redirect/4680640986,406,USD,406.00,2,78,5.21,,"3 кімнати, 78 / - / 10 м², поверх 5 з 9, з ремонтом, 29 травня, Створено 29 травня",78 м²,$ 406
flatfy,https://flatfy.ua/redirect/4688307449,372,USD,372.00,0,45,8.27,Голосіїв,"1 кімната, 45 / - / 16 м², поверх 14 з 24, з ремонтом, панельні, 2018, сьогодні о 12:44, Створено 29 травня",45 м²,$ 372
flatfy,https://flatfy.ua/redirect/4680130682,316,USD,316.00,1,55,5.75,Голосіїв,"2 кімнати, 55 / - / 10 м², поверх 8 з 9, з ремонтом, цегляний будинок, 1982, 29 травня, Створено 29 травня",55 м²,$ 316
flatfy,https://flatfy.ua/redirect/4683567235,361,USD,361.00,1,80,4.51,,"2 кімнати, 80 / - / 14 м², поверх 20 з 36, з ремонтом, вчора о 10:40, Створено 29 травня",80 м²,$ 361
flatfy,https://flatfy.ua/redirect/4679837262,3600,USD,3600.00,2,108,33.33,Нижній Печерськ,"3 кімнати, 108 / - / 20 м², поверх 12 з 24, з ремонтом, панельні, 2024, 29 травня, Створено 29 травня",108 м²,$ 3 600
flatfy,https://flatfy.ua/redirect/2256571539,1300,USD,1300.00,1,70,18.57,Чорна Гора,"2 кімнати, 70 / - / 30 м², поверх 18 з 25, з ремонтом, блочні, 2017, 13 травня, Створено 29 травня",70 м²,$ 1 300
flatfy,https://flatfy.ua/redirect/4683935596,406,USD,406.00,1,61,6.66,Новобіличі,"2 кімнати, 61 / - / 10 м², поверх 12 з 32, з ремонтом, блочні, 2013, вчора о 12:32, Створено 29 травня",61 м²,$ 406
flatfy,https://flatfy.ua/redirect/4679987218,2000,USD,2000.00,3,140,14.29,Верхня Теличка,"4 кімнати, 140 / - / 30 м², поверх 24 з 27, з ремонтом, цегляний будинок, 2008, 29 травня, Створено 29 травня",140 м²,$ 2 000
flatfy,https://flatfy.ua/redirect/4657421934,338,USD,338.00,1,48,7.04,Борщагівка,"2 кімнати, 48 / - / 7 м², поверх 2 з 5, з ремонтом, цегляний будинок, 24 травня, Створено 29 травня",48 м²,$ 338
flatfy,https://flatfy.ua/redirect/4679241709,1600,USD,1600.00,4,126,12.70,Черепанова гора,"5 кімнат, 126 / - / 20 м², поверх 9 з 22, з ремонтом, монолітно-каркасний, 2010, 29 травня, Створено 29 травня",126 м²,$ 1 600
flatfy,https://flatfy.ua/redirect/4680338479,563,USD,563.00,1,65,8.66,Чоколівка,"2 кімнати, 65 / - / 10 м², поверх 4 з 5, з ремонтом, цегляний будинок, 29 травня, Створено 29 травня",65 м²,$ 563
flatfy,https://flatfy.ua/redirect/4679052927,316,USD,316.00,0,50,6.32,Позняки,"1 кімната, 50 / - / 12 м², поверх 11 з 25, з ремонтом, монолітно-каркасний, 2008, 29 травня, Створено 29 травня",50 м²,$ 316
flatfy,https://flatfy.ua/redirect/4681920394,743,USD,743.00,0,58,12.81,,"1 кімната, 58 / - / 22 м², поверх 11 з 26, з ремонтом, вчора о 01:38, Створено 29 травня",58 м²,$ 743
flatfy,https://flatfy.ua/redirect/4679856119,271,USD,271.00,1,58,4.67,Нова Дарниця,"2 кімнати, 58 / - / 8.5 м², поверх 13 з 16, з ремонтом, панельні, 1989, 29 травня, Створено 29 травня",58 м²,$ 271
flatfy,https://flatfy.ua/redirect/4197486331,563,USD,563.00,1,50,11.26,Нова забудова,"2 кімнати, 50 / - / 6 м², поверх 4 з 9, з ремонтом, цегляний будинок, 1965, 29 травня, Створено 29 травня",50 м²,$ 563
flatfy,https://flatfy.ua/redirect/4679283434,271,USD,271.00,0,38,7.13,Соцмісто,"1 кімната, 38 / - / 8 м², поверх 4 з 9, з ремонтом, цегляний будинок, 29 травня, Створено 29 травня",38 м²,$ 271
flatfy,https://flatfy.ua/redirect/4679720990,327,USD,327.00,0,22,14.86,Соцмісто,"1 кімната, 22 / - / 5 м², поверх 3 з 9, з ремонтом, цегляний будинок, 2018, сьогодні о 13:40, Створено 29 травня",22 м²,$ 327
flatfy,https://flatfy.ua/redirect/4688698630,496,USD,496.00,2,96,5.17,Соцмісто,"3 кімнати, 96 / - / 12 м², поверх 22 з 25, з ремонтом, цегляний будинок, 2006, сьогодні о 15:04, Створено 29 травня",96 м²,$ 496
flatfy,https://flatfy.ua/redirect/4680590283,349,USD,349.00,0,54,6.46,Позняки,"1 кімната, 54 / - / 18 м², поверх 3 з 24, з ремонтом, цегляний будинок, 2008, 29 травня, Створено 29 травня",54 м²,$ 349
flatfy,https://flatfy.ua/redirect/4680958777,406,USD,406.00,1,48,8.46,Оболонь,"2 кімнати, 48 / - / 8 м², поверх 8 з 16, з ремонтом, утеплена панель, 1979, сьогодні о 17:16, Створено 29 травня",48 м²,$ 406
flatfy,https://flatfy.ua/redirect/4680130632,316,USD,316.00,1,45,7.02,Відрадний,"2 кімнати, 45 / - / 10 м², поверх 3 з 4, з ремонтом, панельні, 1963, сьогодні о 16:12, Створено 29 травня",45 м²,$ 316
flatfy,https://flatfy.ua/redirect/4680145251,496,USD,496.00,1,89,5.57,Осокорки,"2 кімнати, 89 / - / 16 м², поверх 30 з 30, з ремонтом, монолітно-каркасний, 2010, сьогодні о 16:12, Створено 29 травня",89 м²,$ 496
flatfy,https://flatfy.ua/redirect/4679837278,271,USD,271.00,1,54,5.02,Виноградар,"2 кімнати, 54 / - / 8 м², поверх 9 з 12, з ремонтом, 29 травня, Створено 29 травня",54 м²,$ 271
flatfy,https://flatfy.ua/redirect/4680071012,383,USD,383.00,1,47,8.15,Черепанова гора,"2 кімнати, 47 / - / 10 м², поверх 5 з 9, з ремонтом, панельні, 1972, 29 травня, Створено 29 травня",47 м²,$ 383
flatfy,https://flatfy.ua/redirect/4679372418,750,USD,750.00,0,55,13.64,Верхня Теличка,"1 кімната, 55 / - / 25 м², поверх 9 з 23, з ремонтом, монолітно-каркасний, 2024, 29 травня, Створено 29 травня",55 м²,$ 750
flatfy,https://flatfy.ua/redirect/4684129581,181,USD,181.00,0,32,5.66,Святошино,"1 кімната, 32 / - / 7 м², поверх 1 з 9, з ремонтом, цегляний будинок, 1968, сьогодні о 16:40, Створено 29 травня",32 м²,$ 181
flatfy,https://flatfy.ua/redirect/4676704460,203,USD,203.00,1,60,3.38,Троєщина,"2 кімнати, 60 / 30 / 9 м², поверх 11 з 16, з ремонтом, утеплена панель, 1986, 28 травня, Створено 28 травня",60 м²,$ 203
flatfy,https://flatfy.ua/redirect/4637294861,394,USD,394.00,1,46,8.57,Совки,"2 кімнати, 46 / 26 / - м², поверх 22 з 26, з ремонтом, монолітно-каркасний, 2021, 28 травня, Створено 28 травня",46 м²,$ 394
flatfy,https://flatfy.ua/redirect/4670079926,800,USD,800.00,1,55.2,14.49,Чорна Гора,"2 кімнати, 55.2 / - / 9 м², поверх 21 з 22, з ремонтом, монолітно-каркасний, 2015, 28 травня, Створено 28 травня",55.2 м²,$ 800
flatfy,https://flatfy.ua/redirect/3700744663,451,USD,451.00,0,51,8.84,Шулявка,"1 кімната, 51 / 25 / - м², поверх 3 з 25, з ремонтом, монолітно-каркасний, 2014, 29 травня, Створено 29 травня",51 м²,$ 451
flatfy,https://flatfy.ua/redirect/4639497929,439,USD,439.00,1,55,7.98,Харківський,"2 кімнати, 55 / 35 / 13 м², поверх 13 з 26, з ремонтом, монолітно-каркасний, 2018, 28 травня, Створено 28 травня",55 м²,$ 439
flatfy,https://flatfy.ua/redirect/4571199646,271,USD,271.00,0,30,9.03,Стара Дарниця,"1 кімната, 30 / 18 / 5 м², поверх 3 з 16, з ремонтом, монолітно-каркасний, 2017, 28 травня, Створено 28 травня",30 м²,$ 271
flatfy,https://flatfy.ua/redirect/4677396459,541,USD,541.00,2,90,6.01,Оболонський,"3 кімнати, 90 / 46 / 12.6 м², поверх 18 з 25, з ремонтом, монолітно-каркасний, 2010, 29 травня, Створено 29 травня",90 м²,$ 541
flatfy,https://flatfy.ua/redirect/4677061868,451,USD,451.00,0,40,11.28,Біличі,"1 кімната, 40 м², поверх 4 з 5, з ремонтом, блочні, 2024, 28 травня, Створено 28 травня",40 м²,$ 451
flatfy,https://flatfy.ua/redirect/4584929342,676,USD,676.00,1,80,8.45,Осокорки,"2 кімнати, 80 / 41 / 15 м², поверх 8 з 25, з ремонтом, блочні, 2013, 28 травня, Створено 28 травня",80 м²,$ 676
flatfy,https://flatfy.ua/redirect/4675644491,406,USD,406.00,1,44.7,9.08,Шевченківський,"2 кімнати, 44.7 / 29.3 / 6.6 м², поверх 7 з 9, з ремонтом, 28 травня, Створено 28 травня",44.7 м²,$ 406
flatfy,https://flatfy.ua/redirect/4382435709,788,USD,788.00,1,50,15.76,Лівобережний масив,"2 кімнати, 50 / 38 / 8 м², поверх 4 з 9, з ремонтом, панельні, 1969, 28 травня, Створено 28 травня",50 м²,$ 788
flatfy,https://flatfy.ua/redirect/4537008102,518,USD,518.00,1,40.6,12.76,Печерський,"2 кімнати, 40.6 / 26.1 / 6 м², поверх 1 з 9, з ремонтом, цегляний будинок, 1959, 28 травня, Створено 28 травня",40.6 м²,$ 518
flatfy,https://flatfy.ua/redirect/4632975238,631,USD,631.00,0,44,14.34,Виноградар,"1 кімната, 44 / 14 / 22 м², поверх 16 з 25, з ремонтом, блочні, 2022, 29 травня, Створено 29 травня",44 м²,$ 631
flatfy,https://flatfy.ua/redirect/4579856078,1350,USD,1350.00,2,122.5,11.02,Святошинський,"3 кімнати, 122.5 / 95.3 / 6.8 м², поверх 17 з 17, з ремонтом, цегляний будинок, 2021, 28 травня, Створено 28 травня",122.5 м²,$ 1 350
flatfy,https://flatfy.ua/redirect/4636100010,608,USD,608.00,2,80.1,7.59,Святошинський,"3 кімнати, 80.1 / 50 / 15 м², поверх 2 з 25, з ремонтом, монолітно-каркасний, 2006, 28 травня, Створено 28 травня",80.1 м²,$ 608
flatfy,https://flatfy.ua/redirect/3565888215,900,USD,900.00,1,70,12.86,Печерський,"2 кімнати, 70 / 40 / 16 м², поверх 6 з 6, з ремонтом, цегляний будинок, 1937, 28 травня, Створено 28 травня",70 м²,$ 900
flatfy,https://flatfy.ua/redirect/4675938308,406,USD,406.00,1,65,6.25,Лісовий,"2 кімнати, 65 м², поверх 9 з 17, з ремонтом, утеплена панель, 2002, 28 травня, Створено 28 травня",65 м²,$ 406
flatfy,https://flatfy.ua/redirect/4675762857,271,USD,271.00,0,22,12.32,Харківський,"1 кімната, 22 м², поверх 16 з 23, з ремонтом, цегляний будинок, 2020, 28 травня, Створено 28 травня",22 м²,$ 271
flatfy,https://flatfy.ua/redirect/4676837547,608,USD,608.00,1,69.8,8.71,Ґалаґани,"2 кімнати, 69.8 / 28.1 / 13.4 м², поверх 8 з 17, з ремонтом, блочні, 2022, 28 травня, Створено 28 травня",69.8 м²,$ 608
flatfy,https://flatfy.ua/redirect/4676857944,850,USD,850.00,0,43,19.77,Рибальський острів,"1 кімната, 43 / - / 16 м², поверх 13 з 26, з ремонтом, монолітно-каркасний, 2022, 28 травня, Створено 28 травня",43 м²,$ 850
flatfy,https://flatfy.ua/redirect/3160980672,496,USD,496.00,1,65,7.63,Соцмісто,"2 кімнати, 65 / 40 / 16 м², поверх 6 з 13, з ремонтом, блочні, 2013, 28 травня, Створено 28 травня",65 м²,$ 496
flatfy,https://flatfy.ua/redirect/4613876081,1193,USD,1193.00,1,58,20.57,Історичний центр,"2 кімнати, 58 / 45 / 9 м², поверх 3 з 4, з ремонтом, цегляний будинок, 1905, 28 травня, Створено 28 травня",58 м²,$ 1 193
flatfy,https://flatfy.ua/redirect/4511642358,1500,USD,1500.00,2,114,13.16,Чорна Гора,"3 кімнати, 114 / 68 / 16 м², поверх 11 з 22, з ремонтом, 28 травня, Створено 28 травня",114 м²,$ 1 500
flatfy,https://flatfy.ua/redirect/4675963857,496,USD,496.00,1,70,7.09,Осокорки,"2 кімнати, 70 / 40 / 13 м², поверх 18 з 23, з ремонтом, монолітно-каркасний, 2008, сьогодні о 12:59, Створено 28 травня",70 м²,$ 496
flatfy,https://flatfy.ua/redirect/4675572109,2295,USD,2295.00,2,120,19.13,Позняки,"3 кімнати, 120 / 85 / 25 м², поверх 7 з 16, з ремонтом, цегляний будинок, 2023, сьогодні о 09:01, Створено 28 травня",120 м²,$ 2 295
flatfy,https://flatfy.ua/redirect/4674657416,327,USD,327.00,1,50,6.54,Чоколівка,"2 кімнати, 50 / 30 / 10 м², поверх 2 з 5, з ремонтом, цегляний будинок, 1959, сьогодні о 09:01, Створено 28 травня",50 м²,$ 327
flatfy,https://flatfy.ua/redirect/4671337693,541,USD,541.00,1,67,8.07,Нивки,"2 кімнати, 67 / 38 / 11.5 м², поверх 5 з 12, з ремонтом, монолітно-каркасний, 2005, сьогодні о 08:55, Створено 28 травня",67 м²,$ 541
flatfy,https://flatfy.ua/redirect/4676310301,271,USD,271.00,0,35,7.74,Дарницький,"1 кімната, 35 / 10 / 17 м², поверх 16 з 25, з ремонтом, цегляний будинок, 2024, сьогодні о 09:01, Створено 28 травня",35 м²,$ 271
flatfy,https://flatfy.ua/redirect/4676335732,563,USD,563.00,0,45,12.51,Шевченківський,"1 кімната, 45 / 15 / 18 м², поверх 3 з 10, з ремонтом, монолітно-каркасний, 2018, сьогодні о 09:01, Створено 28 травня",45 м²,$ 563
flatfy,https://flatfy.ua/redirect/4675758944,1100,USD,1100.00,1,50,22.00,Нова забудова,"2 кімнати, 50 / 15 / 20 м², поверх 15 з 22, з ремонтом, цегляний будинок, 2021, сьогодні о 09:01, Створено 28 травня",50 м²,$ 1 100
flatfy,https://flatfy.ua/redirect/4675127979,700,USD,700.00,3,69,10.14,Харківський,"4 кімнати, 69 / 30 / 12 м², поверх 13 з 24, з ремонтом, блочні, 2023, сьогодні о 09:01, Створено 28 травня",69 м²,$ 700
flatfy,https://flatfy.ua/redirect/4676324878,451,USD,451.00,0,60,7.52,Оболонь,"1 кімната, 60 / 20 / 18 м², поверх 5 з 8, з ремонтом, монолітно-каркасний, 2005, сьогодні о 09:01, Створено 28 травня",60 м²,$ 451
flatfy,https://flatfy.ua/redirect/4676378290,586,USD,586.00,0,60,9.77,Шулявка,"1 кімната, 60 / 25 / 13 м², поверх 6 з 23, з ремонтом, монолітно-каркасний, 2017, сьогодні о 09:01, Створено 28 травня",60 м²,$ 586
flatfy,https://flatfy.ua/redirect/4675764354,226,USD,226.00,0,31,7.29,Відрадний,"1 кімната, 31 / 17 / 9 м², поверх 4 з 5, без ремонту, панельні, 1964, сьогодні о 09:01, Створено 28 травня",31 м²,$ 226
flatfy,https://flatfy.ua/redirect/4677008472,1200,USD,1200.00,0,50,24.00,Солдатська слобідка,"1 кімната, 50 / 20 / 20 м², поверх 4 з 25, з ремонтом, монолітно-каркасний, 2016, сьогодні о 09:01, Створено 28 травня",50 м²,$ 1 200
flatfy,https://flatfy.ua/redirect/4670915858,361,USD,361.00,0,36,10.03,Оболонь,"1 кімната, 36 / 16 / 8 м², поверх 20 з 25, з ремонтом, монолітно-каркасний, 2013, вчора о 11:28, Створено 28 травня",36 м²,$ 361
flatfy,https://flatfy.ua/redirect/4643795980,271,USD,271.00,0,50,5.42,ДВРЗ,"1 кімната, 50 / 17 / 9.5 м², поверх 12 з 16, з ремонтом, цегляний будинок, 2004, 29 травня, Створено 28 травня",50 м²,$ 271
flatfy,https://flatfy.ua/redirect/4676532079,383,USD,383.00,0,40.5,9.46,Новобіличі,"1 кімната, 40.5 / 19.2 / 8 м², поверх 4 з 10, з ремонтом, цегляний будинок, 1993, сьогодні о 13:09, Створено 28 травня",40.5 м²,$ 383
flatfy,https://flatfy.ua/redirect/4670865633,203,USD,203.00,0,36,5.64,Село Троєщина,"1 кімната, 36 / 17 / 9 м², поверх 2 з 8, з ремонтом, сьогодні о 08:44, Створено 28 травня",36 м²,$ 203
flatfy,https://flatfy.ua/redirect/4674877836,338,USD,338.00,1,45,7.51,Відрадний,"2 кімнати, 45 / 31 / 10 м², поверх 3 з 5, з ремонтом, панельні, 1963, 28 травня, Створено 28 травня",45 м²,$ 338
flatfy,https://flatfy.ua/redirect/4675478894,3000,USD,3000.00,2,250,12.00,Нижній Печерськ,"3 кімнати, 250 / 143 / 24 м², поверх 2 з 4, з ремонтом, монолітно-каркасний, 2009, сьогодні о 09:01, Створено 28 травня",250 м²,$ 3 000
flatfy,https://flatfy.ua/redirect/4674596362,3159,USD,3159.00,2,102,30.97,Чорна Гора,"3 кімнати, 102 / 50 / 40 м², поверх 11 з 23, з ремонтом, цегляний будинок, 2020, сьогодні о 09:57, Створено 28 травня",102 м²,$ 3 159
flatfy,https://flatfy.ua/redirect/4675950446,750,USD,750.00,1,42,17.86,Голосіїв,"2 кімнати, 42 / 30 / 12 м², поверх 14 з 21, з ремонтом, монолітно-каркасний, 2024, 29 травня, Створено 28 травня",42 м²,$ 750
flatfy,https://flatfy.ua/redirect/4675779666,383,USD,383.00,1,43,8.91,Новобіличі,"2 кімнати, 43 / 30 / 12 м², поверх 13 з 27, з ремонтом, монолітно-каркасний, 2025, 29 травня, Створено 28 травня",43 м²,$ 383
flatfy,https://flatfy.ua/redirect/4675759149,2100,USD,2100.00,2,90,23.33,Чорна Гора,"3 кімнати, 90 / 60 / 10 м², поверх 21 з 29, з ремонтом, монолітно-каркасний, 2017, сьогодні о 11:42, Створено 28 травня",90 м²,$ 2 100
flatfy,https://flatfy.ua/redirect/4675623956,372,USD,372.00,0,43,8.65,Осокорки,"1 кімната, 43 / 20 / 11 м², поверх 1 з 25, з ремонтом, утеплена панель, 2014, сьогодні о 19:01, Створено 28 травня",43 м²,$ 372
flatfy,https://flatfy.ua/redirect/4676138401,361,USD,361.00,0,50,7.22,Позняки,"1 кімната, 50 / 25 / 9 м², поверх 24 з 25, з ремонтом, монолітно-каркасний, 2011, 28 травня, Створено 28 травня",50 м²,$ 361
flatfy,https://flatfy.ua/redirect/4675126622,1000,USD,1000.00,0,56,17.86,Нова забудова,"1 кімната, 56 / 40 / 16 м², поверх 20 з 23, з ремонтом, монолітно-каркасний, 2019, 29 травня, Створено 28 травня",56 м²,$ 1 000
flatfy,https://flatfy.ua/redirect/4671733777,538,USD,538.00,0,48,11.21,Саперна Слобідка,"1 кімната, 48 / 18 / 20 м², поверх 21 з 24, з ремонтом, монолітно-каркасний, 2015, сьогодні о 11:03, Створено 28 травня",48 м²,$ 538
flatfy,https://flatfy.ua/redirect/4632610584,563,USD,563.00,0,46,12.24,Подільський,"1 кімната, 46 / 18 / 18 м², поверх 6 з 25, з ремонтом, блочні, 2023, вчора о 07:45, Створено 28 травня",46 м²,$ 563
flatfy,https://flatfy.ua/redirect/4674981095,800,USD,800.00,1,72,11.11,Осокорки,"2 кімнати, 72 / 50 / 20 м², поверх 12 з 16, з ремонтом, монолітно-каркасний, 2004, вчора о 20:33, Створено 28 травня",72 м²,$ 800
flatfy,https://flatfy.ua/redirect/4674840047,361,USD,361.00,0,54,6.69,Осокорки,"1 кімната, 54 / 20 / 12 м², поверх 8 з 25, з ремонтом, панельні, 2018, сьогодні о 07:43, Створено 28 травня",54 м²,$ 361
flatfy,https://flatfy.ua/redirect/4677605845,3550,USD,3550.00,2,130,27.31,Звіринець,"3 кімнати, 130 / 80 / 40 м², поверх 14 з 28, з ремонтом, монолітно-каркасний, 2013, вчора о 13:50, Створено 29 травня",130 м²,$ 3 550
flatfy,https://flatfy.ua/redirect/4674778591,608,USD,608.00,1,47,12.94,Голосіїв,"2 кімнати, 47 / 17 / 15 м², поверх 4 з 26, з ремонтом, монолітно-каркасний, 2018, 29 травня, Створено 28 травня",47 м²,$ 608
flatfy,https://flatfy.ua/redirect/4674137499,428,USD,428.00,0,35,12.23,Борщагівка,"1 кімната, 35 / 16 / 11 м², поверх 7 з 25, з ремонтом, монолітно-каркасний, 2020, 29 травня, Створено 28 травня",35 м²,$ 428
flatfy,https://flatfy.ua/redirect/4675781720,999,USD,999.00,0,50,19.98,Чорна Гора,"1 кімната, 50 / 15 / 22 м², поверх 24 з 30, з ремонтом, цегляний будинок, 2019, вчора о 10:31, Створено 28 травня",50 м²,$ 999
flatfy,https://flatfy.ua/redirect/4676168105,2100,USD,2100.00,2,90,23.33,Чорна Гора,"3 кімнати, 90 / 60 / 15 м², поверх 4 з 16, з ремонтом, цегляний будинок, 2020, вчора о 12:05, Створено 28 травня",90 м²,$ 2 100
flatfy,https://flatfy.ua/redirect/4674956399,248,USD,248.00,1,52,4.77,Харківський,"2 кімнати, 52 / 25 / 8 м², поверх 2 з 12, з ремонтом, утеплена панель, 1983, 29 травня, Створено 28 травня",52 м²,$ 248
flatfy,https://flatfy.ua/redirect/4676100660,850,USD,850.00,1,61,13.93,Позняки,"2 кімнати, 61 / 34 / 12 м², поверх 11 з 23, з ремонтом, монолітно-каркасний, 2012, сьогодні о 11:12, Створено 28 травня",61 м²,$ 850
flatfy,https://flatfy.ua/redirect/4653469958,800,USD,800.00,1,67,11.94,Чоколівка,"2 кімнати, 67 / 38 / 18 м², поверх 19 з 26, з ремонтом, цегляний будинок, 2023, сьогодні о 15:18, Створено 28 травня",67 м²,$ 800
flatfy,https://flatfy.ua/redirect/4674951658,1100,USD,1100.00,0,48,22.92,Нова забудова,"1 кімната, 48 / 18 / 20 м², поверх 4 з 24, з ремонтом, цегляний будинок, 2021, сьогодні о 14:15, Створено 28 травня",48 м²,$ 1 100
flatfy,https://flatfy.ua/redirect/4675483226,226,USD,226.00,0,35,6.46,Виноградар,"1 кімната, 35 / 18 / 8 м², поверх 14 з 16, з ремонтом, утеплена панель, 1982, сьогодні о 14:00, Створено 28 травня",35 м²,$ 226
flatfy,https://flatfy.ua/redirect/4675976591,1600,USD,1600.00,1,78,20.51,Черепанова гора,"2 кімнати, 78 / 30 / 15 м², поверх 20 з 25, з ремонтом, монолітно-каркасний, 2012, 28 травня, Створено 28 травня",78 м²,$ 1 600
flatfy,https://flatfy.ua/redirect/4674990609,541,USD,541.00,0,43,12.58,Виноградар,"1 кімната, 43 / 13 / 17 м², поверх 4 з 25, з ремонтом, блочні, 2024, вчора о 22:22, Створено 28 травня",43 м²,$ 541
flatfy,https://flatfy.ua/redirect/4674171017,563,USD,563.00,2,120,4.69,Осокорки,"3 кімнати, 120 / 62 / 22 м², поверх 1 з 10, з ремонтом, утеплена панель, 1997, сьогодні о 09:07, Створено 28 травня",120 м²,$ 563
flatfy,https://flatfy.ua/redirect/4676113956,608,USD,608.00,0,55,11.05,Дарницький,"1 кімната, 55 / 18 / 15 м², поверх 7 з 26, з ремонтом, блочні, 2021, 29 травня, Створено 28 травня",55 м²,$ 608
flatfy,https://flatfy.ua/redirect/4675978772,1800,USD,1800.00,2,100,18.00,Печерський,"3 кімнати, 100 / 50 / 15 м², поверх 16 з 32, з ремонтом, монолітно-каркасний, 28 травня, Створено 28 травня",100 м²,$ 1 800
flatfy,https://flatfy.ua/redirect/4675966535,900,USD,900.00,0,53,16.98,Черепанова гора,"1 кімната, 53 / 30 / 8 м², поверх 14 з 24, з ремонтом, монолітно-каркасний, 2018, 28 травня, Створено 28 травня",53 м²,$ 900
flatfy,https://flatfy.ua/redirect/4675246693,750,USD,750.00,0,40,18.75,Теремки,"1 кімната, 40 / 15 / 20 м², поверх 4 з 10, з ремонтом, монолітно-каркасний, 2020, 28 травня, Створено 28 травня",40 м²,$ 750
flatfy,https://flatfy.ua/redirect/4674917244,1000,USD,1000.00,1,75,13.33,Татарка,"2 кімнати, 75 / 35 / 30 м², поверх 9 з 14, з ремонтом, блочні, 2021, сьогодні о 18:11, Створено 28 травня",75 м²,$ 1 000
flatfy,https://flatfy.ua/redirect/4674751988,676,USD,676.00,0,40,16.90,Позняки,"1 кімната, 40 / 20 / 10 м², поверх 9 з 12, з ремонтом, монолітно-каркасний, 2018, 28 травня, Створено 28 травня",40 м²,$ 676
flatfy,https://flatfy.ua/redirect/4675342362,721,USD,721.00,0,48,15.02,Дарницький,"1 кімната, 48 / 20 / 20 м², поверх 5 з 26, з ремонтом, монолітно-каркасний, 2023, сьогодні о 20:23, Створено 28 травня",48 м²,$ 721
flatfy,https://flatfy.ua/redirect/4676920990,750,USD,750.00,1,45,16.67,Шулявка,"2 кімнати, 45 / 20 / 19 м², поверх 20 з 28, з ремонтом, цегляний будинок, 2025, сьогодні о 20:24, Створено 28 травня",45 м²,$ 750
flatfy,https://flatfy.ua/redirect/4675084755,406,USD,406.00,1,55,7.38,Оболонь,"2 кімнати, 55 / 30 / 6.2 м², поверх 4 з 9, з ремонтом, панельні, 1973, сьогодні о 09:01, Створено 28 травня",55 м²,$ 406
flatfy,https://flatfy.ua/redirect/4676913664,743,USD,743.00,2,120,6.19,Солом’янський,"3 кімнати, 120 / 60 / 20 м², поверх 2 з 2, з ремонтом, цегляний будинок, сьогодні о 17:46, Створено 28 травня",120 м²,$ 743
flatfy,https://flatfy.ua/redirect/4675369517,417,USD,417.00,1,72,5.79,Осокорки,"2 кімнати, 72 / 40 / 15 м², поверх 11 з 16, з ремонтом, монолітно-каркасний, 2004, сьогодні о 18:33, Створено 28 травня",72 м²,$ 417
flatfy,https://flatfy.ua/redirect/4674431422,372,USD,372.00,0,46,8.09,Пріорка,"1 кімната, 46 / 30 / 8 м², поверх 13 з 25, з ремонтом, монолітно-каркасний, 2023, сьогодні о 08:47, Створено 28 травня",46 м²,$ 372
flatfy,https://flatfy.ua/redirect/4674969137,1350,USD,1350.00,1,86,15.70,Нижній Печерськ,"2 кімнати, 86 / 20 / 35 м², поверх 22 з 25, з ремонтом, монолітно-каркасний, 2014, 29 травня, Створено 28 травня",86 м²,$ 1 350
flatfy,https://flatfy.ua/redirect/4674768910,766,USD,766.00,1,52,14.73,Поділ,"2 кімнати, 52 / 35 / 8 м², поверх 5 з 9, з ремонтом, монолітно-каркасний, 2005, сьогодні о 09:02, Створено 28 травня",52 м²,$ 766
flatfy,https://flatfy.ua/redirect/4675407348,248,USD,248.00,0,30,8.27,Стара Дарниця,"1 кімната, 30 / 14 / 6 м², поверх 3 з 5, з ремонтом, панельні, 1962, сьогодні о 13:46, Створено 28 травня",30 м²,$ 248
flatfy,https://flatfy.ua/redirect/4676208108,293,USD,293.00,0,36,8.14,Лісовий,"1 кімната, 36 / 12 / 6 м², поверх 1 з 5, з ремонтом, панельні, 1964, 29 травня, Створено 28 травня",36 м²,$ 293
flatfy,https://flatfy.ua/redirect/4674569904,496,USD,496.00,1,78,6.36,Борщагівка,"2 кімнати, 78 / 35 / 17 м², поверх 6 з 21, з ремонтом, монолітно-каркасний, 2014, 28 травня, Створено 28 травня",78 м²,$ 496
flatfy,https://flatfy.ua/redirect/4675401247,1100,USD,1100.00,2,60,18.33,Історичний центр,"3 кімнати, 60 / 36 / 12 м², поверх 2 з 5, з ремонтом, цегляний будинок, 1899, сьогодні о 10:48, Створено 28 травня",60 м²,$ 1 100
flatfy,https://flatfy.ua/redirect/4675456824,552,USD,552.00,0,33,16.73,Ґалаґани,"1 кімната, 33 / 16 / 10 м², поверх 5 з 17, з ремонтом, блочні, 2021, сьогодні о 10:48, Створено 28 травня",33 м²,$ 552
flatfy,https://flatfy.ua/redirect/4677394073,563,USD,563.00,2,100,5.63,Теремки-2,"3 кімнати, 100 / 70 / 16 м², поверх 13 з 15, з ремонтом, утеплена панель, 2005, сьогодні о 00:06, Створено 29 травня",100 м²,$ 563
flatfy,https://flatfy.ua/redirect/4675913699,406,USD,406.00,0,45,9.02,Теремки-2,"1 кімната, 45 / 18 / 10 м², поверх 5 з 15, з ремонтом, утеплена панель, 2005, сьогодні о 13:51, Створено 28 травня",45 м²,$ 406
flatfy,https://flatfy.ua/redirect/4675973871,600,USD,600.00,0,40,15.00,Голосіїв,"1 кімната, 40 / 20 / 20 м², поверх 6 з 21, з ремонтом, блочні, 2022, сьогодні о 17:32, Створено 28 травня",40 м²,$ 600
flatfy,https://flatfy.ua/redirect/4675712802,406,USD,406.00,0,57,7.12,Оболонь,"1 кімната, 57 / 22 / 14 м², поверх 2 з 27, з ремонтом, монолітно-каркасний, 2007, сьогодні о 20:09, Створено 28 травня",57 м²,$ 406
flatfy,https://flatfy.ua/redirect/4675833489,950,USD,950.00,1,55.3,17.18,Липки,"2 кімнати, 55.3 / 33.3 / 9 м², поверх 4 з 6, з ремонтом, цегляний будинок, 1960, сьогодні о 21:09, Створено 28 травня",55.3 м²,$ 950
flatfy,https://flatfy.ua/redirect/4675433676,676,USD,676.00,2,105,6.44,Академмістечко,"3 кімнати, 105 / 62 / 14 м², поверх 18 з 24, з ремонтом, монолітно-каркасний, 2005, сьогодні о 13:46, Створено 28 травня",105 м²,$ 676
flatfy,https://flatfy.ua/redirect/4674518394,226,USD,226.00,0,42,5.38,Троєщина,"1 кімната, 42 / 17 / 9 м², поверх 14 з 14, з ремонтом, утеплена панель, 1988, сьогодні о 09:01, Створено 28 травня",42 м²,$ 226
flatfy,https://flatfy.ua/redirect/4676326027,563,USD,563.00,2,84,6.70,Нова забудова,"3 кімнати, 84 / 56 / 10 м², поверх 5 з 5, з ремонтом, цегляний будинок, 1915, сьогодні о 09:01, Створено 28 травня",84 м²,$ 563
flatfy,https://flatfy.ua/redirect/4675795867,597,USD,597.00,0,33,18.09,Нивки,"1 кімната, 33 / 13 / 10 м², поверх 9 з 9, з ремонтом, блочні, 2021, сьогодні о 09:01, Створено 28 травня",33 м²,$ 597
flatfy,https://flatfy.ua/redirect/4675609672,259,USD,259.00,1,42,6.17,Воскресенка,"2 кімнати, 42 / 20 / 6 м², поверх 5 з 5, з ремонтом, панельні, 1963, сьогодні о 09:01, Створено 28 травня",42 м²,$ 259
flatfy,https://flatfy.ua/redirect/4675964049,351,USD,351.00,0,36.8,9.54,Берковець,"1 кімната, 36.8 / 20.3 / 8 м², поверх 3 з 6, з ремонтом, панельні, 2020, сьогодні о 09:01, Створено 28 травня",36.8 м²,$ 351
flatfy,https://flatfy.ua/redirect/4675516386,406,USD,406.00,0,60,6.77,Лівобережний масив,"1 кімната, 60 / 30 / 18 м², поверх 4 з 21, з ремонтом, монолітно-каркасний, 2003, сьогодні о 21:39, Створено 28 травня",60 м²,$ 406
flatfy,https://flatfy.ua/redirect/4675086062,248,USD,248.00,2,68,3.65,Березняки,"3 кімнати, 68 / 50 / 8 м², поверх 1 з 9, з ремонтом, панельні, 1972, сьогодні о 09:25, Створено 28 травня",68 м²,$ 248
flatfy,https://flatfy.ua/redirect/4675500700,451,USD,451.00,0,37.4,12.06,Харківський,"1 кімната, 37.4 / 11 / 17 м², поверх 23 з 26, з ремонтом, цегляний будинок, 2023, сьогодні о 09:25, Створено 28 травня",37.4 м²,$ 451
flatfy,https://flatfy.ua/redirect/4675424787,900,USD,900.00,2,120,7.50,Черепанова гора,"3 кімнати, 120 / 1 / 1 м², поверх 24 з 25, з ремонтом, монолітно-каркасний, 2012, сьогодні о 18:20, Створено 28 травня",120 м²,$ 900
flatfy,https://flatfy.ua/redirect/4675902534,1100,USD,1100.00,1,65,16.92,Нова забудова,"2 кімнати, 65 / 40 / 10 м², поверх 17 з 31, з ремонтом, монолітно-каркасний, 2016, 28 травня, Створено 28 травня",65 м²,$ 1 100
flatfy,https://flatfy.ua/redirect/4675350812,950,USD,950.00,3,145,6.55,Солдатська слобідка,"4 кімнати, 145 / 90 / 20 м², поверх 12 з 13, з ремонтом, монолітно-каркасний, 2007, сьогодні о 18:48, Створено 28 травня",145 м²,$ 950
flatfy,https://flatfy.ua/redirect/4676762019,361,USD,361.00,1,65,5.55,Троєщина,"2 кімнати, 65 / 38 / 12 м², поверх 8 з 16, з ремонтом, утеплена панель, 2001, сьогодні о 11:05, Створено 28 травня",65 м²,$ 361
flatfy,https://flatfy.ua/redirect/4676496641,293,USD,293.00,0,38,7.71,Осокорки,"1 кімната, 38 / 29 / 9 м², поверх 15 з 16, з ремонтом, утеплена панель, 1995, сьогодні о 10:16, Створено 28 травня",38 м²,$ 293
flatfy,https://flatfy.ua/redirect/4677241352,327,USD,327.00,0,35,9.34,Оболонь,"1 кімната, 35 / 18 / 9 м², поверх 8 з 16, з ремонтом, утеплена панель, 1982, сьогодні о 20:08, Створено 28 травня",35 м²,$ 327
flatfy,https://flatfy.ua/redirect/4675780231,446,USD,446.00,2,61,7.31,Нижній Печерськ,"3 кімнати, 61 / 40 / 7 м², поверх 9 з 9, з ремонтом, цегляний будинок, 1966, вчора о 22:22, Створено 28 травня",61 м²,$ 446
flatfy,https://flatfy.ua/redirect/4677025448,361,USD,361.00,0,24,15.04,Нова забудова,"1 кімната, 24 / 13 / 6 м², поверх 5 з 9, з ремонтом, цегляний будинок, 1971, вчора о 09:32, Створено 28 травня",24 м²,$ 361
flatfy,https://flatfy.ua/redirect/4676945763,349,USD,349.00,0,48,7.27,Осокорки,"1 кімната, 48 / 18 / 12 м², поверх 3 з 23, з ремонтом, монолітно-каркасний, 2013, 28 травня, Створено 28 травня",48 м²,$ 349
flatfy,https://flatfy.ua/redirect/4676111936,833,USD,833.00,2,89,9.36,Дніпровський,"3 кімнати, 89 / 55 / 22 м², поверх 12 з 12, з ремонтом, монолітно-каркасний, 2018, сьогодні о 20:56, Створено 28 травня",89 м²,$ 833
flatfy,https://flatfy.ua/redirect/4675241321,743,USD,743.00,1,72,10.32,Подільський,"2 кімнати, 72 / 35 / 20 м², поверх 7 з 26, з ремонтом, монолітно-каркасний, 2023, сьогодні о 20:23, Створено 28 травня",72 м²,$ 743
flatfy,https://flatfy.ua/redirect/4674983223,2000,USD,2000.00,4,230,8.70,Поділ,"5 кімнат, 230 / 150 / 25 м², поверх 4 з 5, з ремонтом, цегляний будинок, 1895, вчора о 09:25, Створено 28 травня",230 м²,$ 2 000
flatfy,https://flatfy.ua/redirect/4675232331,1400,USD,1400.00,2,90,15.56,Чорна Гора,"3 кімнати, 90 / 50 / 25 м², поверх 16 з 22, з ремонтом, монолітно-каркасний, 2015, сьогодні о 10:19, Створено 28 травня",90 м²,$ 1 400
flatfy,https://flatfy.ua/redirect/4675836351,500,USD,500.00,2,73,6.85,Північно-Броварський,"3 кімнати, 73 / 35 / 9 м², поверх 4 з 16, з ремонтом, утеплена панель, 1972, сьогодні о 21:05, Створено 28 травня",73 м²,$ 500
flatfy,https://flatfy.ua/redirect/4674879090,214,USD,214.00,0,39,5.49,Троєщина,"1 кімната, 39 / 16 / 11 м², поверх 5 з 10, з ремонтом, цегляний будинок, 1994, сьогодні о 08:55, Створено 28 травня",39 м²,$ 214
flatfy,https://flatfy.ua/redirect/4675991323,788,USD,788.00,1,70,11.26,Відрадний,"2 кімнати, 70 / 32 / 15 м², поверх 19 з 24, з ремонтом, монолітно-каркасний, 2016, сьогодні о 12:19, Створено 28 травня",70 м²,$ 788
flatfy,https://flatfy.ua/redirect/4676246985,664,USD,664.00,0,55,12.07,Мишоловка,"1 кімната, 55 / 25 / 15 м², поверх 20 з 25, з ремонтом, монолітно-каркасний, 2012, сьогодні о 04:43, Створено 28 травня",55 м²,$ 664
flatfy,https://flatfy.ua/redirect/4676951517,316,USD,316.00,0,37,8.54,Замковище,"1 кімната, 37 / 18 / 10 м², поверх 3 з 10, з ремонтом, монолітно-каркасний, 2016, сьогодні о 11:05, Створено 28 травня",37 м²,$ 316
flatfy,https://flatfy.ua/redirect/4675226493,500,USD,500.00,2,90,5.56,Соцмісто,"3 кімнати, 90 / 40 / 10 м², поверх 9 з 9, з ремонтом, цегляний будинок, вчора о 10:48, Створено 28 травня",90 м²,$ 500
flatfy,https://flatfy.ua/redirect/4675986687,338,USD,338.00,1,47,7.19,Нивки,"2 кімнати, 47 / 29 / 8 м², поверх 3 з 9, з ремонтом, панельні, 1974, вчора о 10:44, Створено 28 травня",47 м²,$ 338
flatfy,https://flatfy.ua/redirect/4674739589,451,USD,451.00,0,40,11.28,Осокорки,"1 кімната, 40 / 18 / 12 м², поверх 25 з 26, з ремонтом, панельні, 2017, сьогодні о 08:57, Створено 28 травня",40 м²,$ 451
flatfy,https://flatfy.ua/redirect/4675419835,338,USD,338.00,0,38,8.89,Північно-Броварський,"1 кімната, 38 / 20 / 7 м², поверх 1 з 9, з ремонтом, цегляний будинок, 1973, сьогодні о 08:08, Створено 28 травня",38 м²,$ 338
flatfy,https://flatfy.ua/redirect/4674976884,1300,USD,1300.00,2,140,9.29,Солдатська слобідка,"3 кімнати, 140 / 80 / 20 м², поверх 5 з 10, з ремонтом, монолітно-каркасний, 2005, сьогодні о 07:58, Створено 28 травня",140 м²,$ 1 300
flatfy,https://flatfy.ua/redirect/4677215801,1300,USD,1300.00,3,125,10.40,Позняки,"4 кімнати, 125 / 50 / 35 м², поверх 11 з 25, з ремонтом, монолітно-каркасний, 2015, сьогодні о 10:03, Створено 28 травня",125 м²,$ 1 300
flatfy,https://flatfy.ua/redirect/4676372712,361,USD,361.00,0,32,11.28,Сирець,"1 кімната, 32 / 17 / 6 м², поверх 2 з 5, з ремонтом, цегляний будинок, 1959, сьогодні о 10:09, Створено 28 травня",32 м²,$ 361
flatfy,https://flatfy.ua/redirect/4676686478,451,USD,451.00,0,38,11.87,Голосіївський,"1 кімната, 38 / 18 / 10 м², поверх 12 з 13, з ремонтом, панельні, 2018, сьогодні о 11:06, Створено 28 травня",38 м²,$ 451
flatfy,https://flatfy.ua/redirect/4676711198,496,USD,496.00,0,52,9.54,Соцмісто,"1 кімната, 52 / 19 / 18.4 м², поверх 16 з 16, з ремонтом, блочні, 2015, сьогодні о 11:05, Створено 28 травня",52 м²,$ 496
flatfy,https://flatfy.ua/redirect/4676742254,1238,USD,1238.00,2,110,11.25,Микільська Слобідка,"3 кімнати, 110 / 60 / 20 м², поверх 22 з 25, з ремонтом, цегляний будинок, 2021, сьогодні о 11:05, Створено 28 травня",110 м²,$ 1 238
flatfy,https://flatfy.ua/redirect/4676070089,743,USD,743.00,1,52,14.29,Нижній Печерськ,"2 кімнати, 52 / 35 / 15 м², поверх 8 з 19, з ремонтом, монолітно-каркасний, 2017, сьогодні о 11:54, Створено 28 травня",52 м²,$ 743
flatfy,https://flatfy.ua/redirect/4676068604,900,USD,900.00,0,56,16.07,Нижній Печерськ,"1 кімната, 56 / 20 / 15 м², поверх 16 з 24, з ремонтом, монолітно-каркасний, 2018, сьогодні о 11:24, Створено 28 травня",56 м²,$ 900
flatfy,https://flatfy.ua/redirect/4674643893,451,USD,451.00,0,46,9.80,Новобіличі,"1 кімната, 46 / 20 / 16 м², поверх 8 з 27, з ремонтом, монолітно-каркасний, 2025, 29 травня, Створено 28 травня",46 м²,$ 451
flatfy,https://flatfy.ua/redirect/4675154967,270,USD,270.00,0,37,7.30,Солом'янка,"1 кімната, 37 / 20 / 8 м², поверх 7 з 9, з ремонтом, панельні, 1967, вчора о 10:48, Створено 28 травня",37 м²,$ 270
flatfy,https://flatfy.ua/redirect/4676061673,496,USD,496.00,0,35,14.17,Подільський,"1 кімната, 35 / 20 / 10 м², поверх 7 з 25, з ремонтом, блочні, 2022, 28 травня, Створено 28 травня",35 м²,$ 496
flatfy,https://flatfy.ua/redirect/4676194158,721,USD,721.00,2,81,8.90,Соцмісто,"3 кімнати, 81 / 50 / 14.9 м², поверх 2 з 10, з ремонтом, блочні, 2013, 28 травня, Створено 28 травня",81 м²,$ 721
flatfy,https://flatfy.ua/redirect/4675763994,800,USD,800.00,0,34,23.53,Нивки,"1 кімната, 34 / 11 / 13 м², поверх 16 з 16, з ремонтом, блочні, 2020, 28 травня, Створено 28 травня",34 м²,$ 800
flatfy,https://flatfy.ua/redirect/4676126151,600,USD,600.00,0,45,13.33,Шулявка,"1 кімната, 45 / 20 / 9 м², поверх 26 з 31, з ремонтом, монолітно-каркасний, 2021, 28 травня, Створено 28 травня",45 м²,$ 600
flatfy,https://flatfy.ua/redirect/4676152112,805,USD,805.00,0,43,18.72,Поділ,"1 кімната, 43 / 40 / 3 м², поверх 10 з 12, з ремонтом, цегляний будинок, 2020, вчора о 10:05, Створено 28 травня",43 м²,$ 805
flatfy,https://flatfy.ua/redirect/4674932495,541,USD,541.00,2,83,6.52,Оболонь,"3 кімнати, 83 / 46 / 9 м², поверх 12 з 16, з ремонтом, цегляний будинок, 1984, 29 травня, Створено 28 травня",83 м²,$ 541
flatfy,https://flatfy.ua/redirect/4675040685,664,USD,664.00,0,52,12.77,Подільський,"1 кімната, 52 / 18 / 17 м², поверх 4 з 25, з ремонтом, блочні, 2022, 28 травня, Створено 28 травня",52 м²,$ 664
flatfy,https://flatfy.ua/redirect/4675570223,1000,USD,1000.00,1,49,20.41,Нижній Печерськ,"2 кімнати, 49 / 15 / 25 м², поверх 5 з 10, з ремонтом, монолітно-каркасний, 2017, 28 травня, Створено 28 травня",49 м²,$ 1 000
flatfy,https://flatfy.ua/redirect/4675488612,552,USD,552.00,0,43,12.84,Солом’янський,"1 кімната, 43 / 20 / 15 м², поверх 9 з 9, з ремонтом, монолітно-каркасний, 2017, сьогодні о 20:39, Створено 28 травня",43 м²,$ 552
flatfy,https://flatfy.ua/redirect/4674917002,352,USD,352.00,2,72,4.89,Борщагівка,"3 кімнати, 72 / 45 / 9 м², поверх 13 з 16, з ремонтом, утеплена панель, 1986, вчора о 10:12, Створено 28 травня",72 м²,$ 352
flatfy,https://flatfy.ua/redirect/4674602952,248,USD,248.00,1,48,5.17,Нивки,"2 кімнати, 48 / 22 / 6 м², поверх 2 з 5, з ремонтом, панельні, 1966, 29 травня, Створено 28 травня",48 м²,$ 248
flatfy,https://flatfy.ua/redirect/4676847041,372,USD,372.00,1,60,6.20,Позняки,"2 кімнати, 60 / 30 / 10 м², поверх 7 з 16, з ремонтом, утеплена панель, 2003, вчора о 12:13, Створено 28 травня",60 м²,$ 372
flatfy,https://flatfy.ua/redirect/4675764060,304,USD,304.00,0,43,7.07,Позняки,"1 кімната, 43 / 18 / 10 м², поверх 9 з 15, з ремонтом, утеплена панель, 1998, вчора о 04:30, Створено 28 травня",43 м²,$ 304
flatfy,https://flatfy.ua/redirect/4676001459,203,USD,203.00,0,33,6.15,Троєщина,"1 кімната, 33 / 17 / 6 м², поверх 21 з 25, без ремонту, утеплена панель, 2013, 29 травня, Створено 28 травня",33 м²,$ 203
flatfy,https://flatfy.ua/redirect/4675440150,700,USD,700.00,0,54,12.96,Подільський,"1 кімната, 54 / 30 / 22 м², поверх 11 з 26, з ремонтом, блочні, 2022, 29 травня, Створено 28 травня",54 м²,$ 700
flatfy,https://flatfy.ua/redirect/4674973359,383,USD,383.00,1,54,7.09,Стара Дарниця,"2 кімнати, 54 / 29 / 10 м², поверх 4 з 4, з ремонтом, цегляний будинок, 1957, 28 травня, Створено 28 травня",54 м²,$ 383
flatfy,https://flatfy.ua/redirect/4676421891,901,USD,901.00,1,59,15.27,Чорна Гора,"2 кімнати, 59 / 34.1 / 9 м², поверх 4 з 6, з ремонтом, цегляний будинок, 1960, 28 травня, Створено 28 травня",59 м²,$ 901
flatfy,https://flatfy.ua/redirect/4676194443,850,USD,850.00,0,43,19.77,Подільський,"1 кімната, 43 / 24 / 16 м², поверх 8 з 24, з ремонтом, монолітно-каркасний, 2022, 28 травня, Створено 28 травня",43 м²,$ 850
flatfy,https://flatfy.ua/redirect/4675113605,900,USD,900.00,0,57,15.79,Позняки,"1 кімната, 57 / 22 / 20 м², поверх 7 з 24, з ремонтом, монолітно-каркасний, 2016, 28 травня, Створено 28 травня",57 м²,$ 900
flatfy,https://flatfy.ua/redirect/4676056525,541,USD,541.00,0,40,13.53,Подільський,"1 кімната, 40 / 18 / 17 м², поверх 16 з 25, з ремонтом, блочні, 2023, сьогодні о 07:43, Створено 28 травня",40 м²,$ 541
flatfy,https://flatfy.ua/redirect/4676056716,406,USD,406.00,2,77.9,5.21,Теремки-1,"3 кімнати, 77.9 / 43.9 / 8.6 м², поверх 12 з 16, з ремонтом, утеплена панель, 1984, 29 травня, Створено 28 травня",77.9 м²,$ 406
flatfy,https://flatfy.ua/redirect/4675366983,1150,USD,1150.00,0,55,20.91,Нова забудова,"1 кімната, 55 / 16 / 17 м², поверх 6 з 23, з ремонтом, монолітно-каркасний, 2019, 28 травня, Створено 28 травня",55 м²,$ 1 150
flatfy,https://flatfy.ua/redirect/4675469824,315,USD,315.00,0,43,7.33,Позняки,"1 кімната, 43 / 18 / 10 м², поверх 3 з 19, з ремонтом, утеплена панель, 2006, 29 травня, Створено 28 травня",43 м²,$ 315
flatfy,https://flatfy.ua/redirect/4675401235,1150,USD,1150.00,0,61,18.85,Нова забудова,"1 кімната, 61 / 28 / 20 м², поверх 6 з 23, з ремонтом, монолітно-каркасний, 2019, 28 травня, Створено 28 травня",61 м²,$ 1 150
flatfy,https://flatfy.ua/redirect/4675411340,1200,USD,1200.00,0,50,24.00,Нова забудова,"1 кімната, 50 / 18 / 20 м², поверх 11 з 25, з ремонтом, монолітно-каркасний, 2016, 28 травня, Створено 28 травня",50 м²,$ 1 200
flatfy,https://flatfy.ua/redirect/4675403814,650,USD,650.00,0,54,12.04,Оболонь,"1 кімната, 54 / 17 / 18 м², поверх 7 з 19, з ремонтом, монолітно-каркасний, 2001, 28 травня, Створено 28 травня",54 м²,$ 650
flatfy,https://flatfy.ua/redirect/4674871574,293,USD,293.00,0,21,13.95,Дніпровський,"1 кімната, 21 / 14 / 4 м², поверх 7 з 14, з ремонтом, монолітно-каркасний, 2018, 28 травня, Створено 28 травня",21 м²,$ 293
flatfy,https://flatfy.ua/redirect/4677008731,361,USD,361.00,0,40,9.03,Харківський,"1 кімната, 40 / 20 / 12 м², поверх 20 з 23, з ремонтом, цегляний будинок, 2021, 29 травня, Створено 28 травня",40 м²,$ 361
flatfy,https://flatfy.ua/redirect/4674499249,361,USD,361.00,1,45,8.02,Нивки,"2 кімнати, 45 / 28 / 7 м², поверх 2 з 5, з ремонтом, панельні, 1960, сьогодні о 07:49, Створено 28 травня",45 м²,$ 361
flatfy,https://flatfy.ua/redirect/4675369986,293,USD,293.00,1,61.3,4.78,Нивки,"2 кімнати, 61.3 / 32 / 4 м², поверх 5 з 5, з ремонтом, панельні, 1963, 29 травня, Створено 28 травня",61.3 м²,$ 293
flatfy,https://flatfy.ua/redirect/4675610443,788,USD,788.00,2,86,9.16,Черепанова гора,"3 кімнати, 86 / 55 / 8 м², поверх 9 з 10, з ремонтом, цегляний будинок, 1972, вчора о 08:12, Створено 28 травня",86 м²,$ 788
flatfy,https://flatfy.ua/redirect/4674949074,394,USD,394.00,1,47,8.38,Нивки,"2 кімнати, 47 / 30 / 7 м², поверх 4 з 5, з ремонтом, цегляний будинок, 1960, 28 травня, Створено 28 травня",47 м²,$ 394
flatfy,https://flatfy.ua/redirect/4675626920,361,USD,361.00,2,73,4.95,Мостицький масив,"3 кімнати, 73 / 46 / 9 м², поверх 8 з 16, без ремонту, утеплена панель, 1992, 28 травня, Створено 28 травня",73 м²,$ 361
flatfy,https://flatfy.ua/redirect/4675079477,248,USD,248.00,1,44,5.64,Виноградар,"2 кімнати, 44 / 26 / 7 м², поверх 13 з 16, без ремонту, утеплена панель, 1983, 28 травня, Створено 28 травня",44 м²,$ 248
flatfy,https://flatfy.ua/redirect/4676661629,338,USD,338.00,0,38,8.89,Теремки-2,"1 кімната, 38 / 18 / 9 м², поверх 22 з 24, з ремонтом, утеплена панель, 2018, вчора о 23:31, Створено 28 травня",38 м²,$ 338
flatfy,https://flatfy.ua/redirect/4676309073,406,USD,406.00,0,35,11.60,Теремки,"1 кімната, 35 / 13 / 18 м², поверх 3 з 6, з ремонтом, 2021, 28 травня, Створено 28 травня",35 м²,$ 406
flatfy,https://flatfy.ua/redirect/4675765078,676,USD,676.00,1,108,6.26,Теремки-2,"2 кімнати, 108 / 60 / 35 м², поверх 15 з 17, з ремонтом, монолітно-каркасний, 2007, 29 травня, Створено 28 травня",108 м²,$ 676
flatfy,https://flatfy.ua/redirect/4674757745,563,USD,563.00,1,68,8.28,Борщагівка,"2 кімнати, 68 / 36 / 10 м², поверх 22 з 23, з ремонтом, монолітно-каркасний, 2014, 28 травня, Створено 28 травня",68 м²,$ 563
flatfy,https://flatfy.ua/redirect/4674763809,248,USD,248.00,2,62,4.00,Березняки,"3 кімнати, 62 / 42 / 7 м², поверх 1 з 9, з ремонтом, панельні, 1969, вчора о 16:13, Створено 28 травня",62 м²,$ 248
flatfy,https://flatfy.ua/redirect/4674739418,541,USD,541.00,0,47,11.51,Подільський,"1 кімната, 47 / 14 / 21 м², поверх 1 з 25, з ремонтом, блочні, 2023, сьогодні о 09:26, Створено 28 травня",47 м²,$ 541
flatfy,https://flatfy.ua/redirect/4674687905,304,USD,304.00,0,48,6.33,Осокорки,"1 кімната, 48 / 35 / 10 м², поверх 22 з 25, з ремонтом, монолітно-каркасний, 2013, сьогодні о 09:28, Створено 28 травня",48 м²,$ 304
flatfy,https://flatfy.ua/redirect/4676729922,428,USD,428.00,0,40,10.70,Чоколівка,"1 кімната, 40 / 14 / 15 м², поверх 2 з 5, з ремонтом, цегляний будинок, 2013, сьогодні о 09:05, Створено 28 травня",40 м²,$ 428
flatfy,https://flatfy.ua/redirect/4676357137,1200,USD,1200.00,1,57,21.05,Кудрявець,"2 кімнати, 57 / 17 / 25 м², поверх 15 з 26, з ремонтом, цегляний будинок, 2021, 29 травня, Створено 28 травня",57 м²,$ 1 200
flatfy,https://flatfy.ua/redirect/4674635549,304,USD,304.00,0,37,8.22,ЖК Район,"1 кімната, 37 / 20 / 10 м², поверх 1 з 8, з ремонтом, блочні, 2017, сьогодні о 09:22, Створено 28 травня",37 м²,$ 304
flatfy,https://flatfy.ua/redirect/4676297344,361,USD,361.00,0,34,10.62,Деміївка,"1 кімната, 34 / 18 / 10 м², поверх 8 з 16, з ремонтом, утеплена панель, 1980, сьогодні о 12:31, Створено 28 травня",34 м²,$ 361
flatfy,https://flatfy.ua/redirect/4674697475,304,USD,304.00,0,36,8.44,Березняки,"1 кімната, 36 / 19 / 10 м², поверх 3 з 16, з ремонтом, утеплена панель, 1972, сьогодні о 12:30, Створено 28 травня",36 м²,$ 304
flatfy,https://flatfy.ua/redirect/4675335881,316,USD,316.00,0,34,9.29,Шулявка,"1 кімната, 34 / 16 / 8.2 м², поверх 14 з 16, без ремонту, утеплена панель, 1979, сьогодні о 12:07, Створено 28 травня",34 м²,$ 316
flatfy,https://flatfy.ua/redirect/4674655847,473,USD,473.00,2,77,6.14,Лівобережний масив,"3 кімнати, 77 / 45 / 9 м², поверх 14 з 16, з ремонтом, цегляний будинок, 1995, сьогодні о 13:19, Створено 28 травня",77 м²,$ 473
flatfy,https://flatfy.ua/redirect/4675455910,383,USD,383.00,1,47,8.15,Стара Дарниця,"2 кімнати, 47 / 18.3 / 11.4 м², поверх 12 з 28, з ремонтом, монолітно-каркасний, 2012, сьогодні о 13:20, Створено 28 травня",47 м²,$ 383
flatfy,https://flatfy.ua/redirect/4675449730,586,USD,586.00,2,83,7.06,Кадетський Гай,"3 кімнати, 83 / 40 / 19 м², поверх 12 з 14, з ремонтом, цегляний будинок, 2004, сьогодні о 13:19, Створено 28 травня",83 м²,$ 586
flatfy,https://flatfy.ua/redirect/4675335322,1300,USD,1300.00,5,220,5.91,Вітряні Гори,"6 кімнат, 220 / 140 / 45 м², поверх 25 з 26, з ремонтом, монолітно-каркасний, 2015, сьогодні о 11:11, Створено 28 травня",220 м²,$ 1 300
flatfy,https://flatfy.ua/redirect/4674905741,1200,USD,1200.00,2,94,12.77,Голосіїв,"3 кімнати, 94 / 60 / 12 м², поверх 8 з 10, з ремонтом, монолітно-каркасний, 2010, вчора о 12:05, Створено 28 травня",94 м²,$ 1 200
flatfy,https://flatfy.ua/redirect/4674701703,338,USD,338.00,1,77,4.39,Позняки,"2 кімнати, 77 / 30 / 12 м², поверх 19 з 22, з ремонтом, утеплена панель, 2006, сьогодні о 11:21, Створено 28 травня",77 м²,$ 338
flatfy,https://flatfy.ua/redirect/4674687935,361,USD,361.00,1,77,4.69,Позняки,"2 кімнати, 77 / 32 / 12 м², поверх 4 з 25, з ремонтом, утеплена панель, 2015, сьогодні о 11:21, Створено 28 травня",77 м²,$ 361
flatfy,https://flatfy.ua/redirect/4676056322,361,USD,361.00,0,30,12.03,Оболонь,"1 кімната, 30 / 15 / 9 м², поверх 4 з 9, з ремонтом, цегляний будинок, 1977, сьогодні о 11:17, Створено 28 травня",30 м²,$ 361
flatfy,https://flatfy.ua/redirect/4674532452,181,USD,181.00,0,32,5.66,Воскресенка,"1 кімната, 32 / 17 / 7 м², поверх 9 з 9, з ремонтом, панельні, 1966, сьогодні о 11:14, Створено 28 травня",32 м²,$ 181
flatfy,https://flatfy.ua/redirect/4674967267,473,USD,473.00,1,43,11.00,Позняки,"2 кімнати, 43 / 16 / 18 м², поверх 11 з 25, з ремонтом, монолітно-каркасний, 2019, сьогодні о 14:03, Створено 28 травня",43 м²,$ 473
flatfy,https://flatfy.ua/redirect/4675340915,451,USD,451.00,2,90,5.01,Лівобережний масив,"3 кімнати, 90 / 48 / 14 м², поверх 11 з 15, з ремонтом, цегляний будинок, 2001, сьогодні о 14:06, Створено 28 травня",90 м²,$ 451
flatfy,https://flatfy.ua/redirect/4675709066,608,USD,608.00,0,54,11.26,Олександрівська Слобідка,"1 кімната, 54 / 17 / 19 м², поверх 25 з 26, з ремонтом, цегляний будинок, 2018, вчора о 04:30, Створено 28 травня",54 м²,$ 608
flatfy,https://flatfy.ua/redirect/4675404256,226,USD,226.00,0,40,5.65,Троєщина,"1 кімната, 40 / 18 / 9 м², поверх 8 з 16, з ремонтом, утеплена панель, 2005, 28 травня, Створено 28 травня",40 м²,$ 226
flatfy,https://flatfy.ua/redirect/4675650412,1600,USD,1600.00,1,5600,0.29,Нова забудова,"2 кімнати, 5600 / 18 / 28 м², поверх 10 з 25, з ремонтом, монолітно-каркасний, 2017, вчора о 11:08, Створено 28 травня",5600 м²,$ 1 600
flatfy,https://flatfy.ua/redirect/4675054884,316,USD,316.00,0,34,9.29,Мінський,"1 кімната, 34 / 27 / 7 м², поверх 2 з 25, з ремонтом, монолітно-каркасний, 2019, 28 травня, Створено 28 травня",34 м²,$ 316
flatfy,https://flatfy.ua/redirect/4674911488,226,USD,226.00,0,35,6.46,Теремки-2,"1 кімната, 35 / 18 / 7 м², поверх 6 з 16, з ремонтом, утеплена панель, 1981, вчора о 09:36, Створено 28 травня",35 м²,$ 226
flatfy,https://flatfy.ua/redirect/4674853837,226,USD,226.00,0,40,5.65,Харківський,"1 кімната, 40 / 20 / 8 м², поверх 2 з 9, з ремонтом, утеплена панель, 1986, вчора о 09:36, Створено 28 травня",40 м²,$ 226
flatfy,https://flatfy.ua/redirect/4675289056,700,USD,700.00,1,53,13.21,Печерськ,"2 кімнати, 53 / 18 / 10 м², поверх 13 з 14, з ремонтом, цегляний будинок, 1973, сьогодні о 11:46, Створено 28 травня",53 м²,$ 700
flatfy,https://flatfy.ua/redirect/4675604628,1500,USD,1500.00,2,100,15.00,Нова забудова,"3 кімнати, 100 / 60 / 16 м², поверх 4 з 12, з ремонтом, монолітно-каркасний, 2014, 28 травня, Створено 28 травня",100 м²,$ 1 500
flatfy,https://flatfy.ua/redirect/4675269631,788,USD,788.00,2,85,9.27,Кадетський Гай,"3 кімнати, 85 / 30 / 30 м², поверх 7 з 14, з ремонтом, монолітно-каркасний, 2010, сьогодні о 14:32, Створено 28 травня",85 м²,$ 788
flatfy,https://flatfy.ua/redirect/4675308942,473,USD,473.00,0,45,10.51,Подільський,"1 кімната, 45 / 16 / 18 м², поверх 18 з 26, з ремонтом, блочні, 2022, сьогодні о 14:32, Створено 28 травня",45 м²,$ 473
flatfy,https://flatfy.ua/redirect/4676112062,900,USD,900.00,1,65,13.85,Нижній Печерськ,"2 кімнати, 65 / 25 / 17 м², поверх 18 з 25, з ремонтом, монолітно-каркасний, 2014, сьогодні о 10:27, Створено 28 травня",65 м²,$ 900
flatfy,https://flatfy.ua/redirect/4676356358,248,USD,248.00,1,45,5.51,Воскресенка,"2 кімнати, 45 / 35 / 8 м², поверх 4 з 5, з ремонтом, цегляний будинок, сьогодні о 05:24, Створено 28 травня",45 м²,$ 248
flatfy,https://flatfy.ua/redirect/4675241168,338,USD,338.00,0,53,6.38,Позняки,"1 кімната, 53 / 24 / 13 м², поверх 15 з 16, з ремонтом, монолітно-каркасний, 2006, 28 травня, Створено 28 травня",53 м²,$ 338
flatfy,https://flatfy.ua/redirect/4675621973,136,USD,136.00,0,22,6.18,Сирець,"1 кімната, 22 / 10 / 5 м², поверх 3 з 9, без ремонту, цегляний будинок, 1972, 29 травня, Створено 28 травня",22 м²,$ 136
flatfy,https://flatfy.ua/redirect/4676268585,361,USD,361.00,1,46,7.85,Олександрівська Слобідка,"2 кімнати, 46 / 30 / 7 м², поверх 4 з 5, з ремонтом, цегляний будинок, 1960, вчора о 10:09, Створено 28 травня",46 м²,$ 361
flatfy,https://flatfy.ua/redirect/4677209138,338,USD,338.00,0,43.3,7.81,Нова Дарниця,"1 кімната, 43.3 / 18.5 / 7.5 м², поверх 4 з 9, з ремонтом, панельні, 1973, 28 травня, Створено 28 травня",43.3 м²,$ 338
flatfy,https://flatfy.ua/redirect/4675410758,271,USD,271.00,1,40,6.78,Соцмісто,"2 кімнати, 40 / 27 / 7.5 м², поверх 5 з 5, з ремонтом, панельні, 1961, сьогодні о 08:54, Створено 28 травня",40 м²,$ 271
flatfy,https://flatfy.ua/redirect/4675314049,496,USD,496.00,1,43,11.53,Воскресенка,"2 кімнати, 43 / 20 / 10 м², поверх 10 з 25, з ремонтом, блочні, 2024, сьогодні о 10:04, Створено 28 травня",43 м²,$ 496
flatfy,https://flatfy.ua/redirect/4675608473,181,USD,181.00,0,50,3.62,Деснянський,"1 кімната, 50 / 18 / 14 м², поверх 14 з 25, без ремонту, панельні, 2013, сьогодні о 12:57, Створено 28 травня",50 м²,$ 181
flatfy,https://flatfy.ua/redirect/4676643902,248,USD,248.00,0,43,5.77,Позняки,"1 кімната, 43 / 18 / 10 м², поверх 5 з 22, з ремонтом, утеплена панель, 2010, сьогодні о 10:30, Створено 28 травня",43 м²,$ 248
flatfy,https://flatfy.ua/redirect/4674492535,428,USD,428.00,3,75,5.71,Березняки,"4 кімнати, 75 / 55 / 12 м², поверх 6 з 16, з ремонтом, цегляний будинок, 1993, сьогодні о 09:59, Створено 28 травня",75 м²,$ 428
flatfy,https://flatfy.ua/redirect/4677090054,563,USD,563.00,2,120,4.69,Солдатська слобідка,"3 кімнати, 120 / 80 / 20 м², поверх 3 з 5, з ремонтом, монолітно-каркасний, 2003, сьогодні о 18:37, Створено 28 травня",120 м²,$ 563
flatfy,https://flatfy.ua/redirect/4674874476,586,USD,586.00,1,61,9.61,Липки,"2 кімнати, 61 / 34 / 10 м², поверх 7 з 9, з ремонтом, цегляний будинок, 1978, сьогодні о 18:26, Створено 28 травня",61 м²,$ 586
flatfy,https://flatfy.ua/redirect/4675816479,750,USD,750.00,0,48,15.63,Нова забудова,"1 кімната, 48 / 18 / 18 м², поверх 15 з 22, з ремонтом, монолітно-каркасний, 2018, сьогодні о 16:31, Створено 28 травня",48 м²,$ 750
flatfy,https://flatfy.ua/redirect/4676755514,338,USD,338.00,0,48,7.04,Сирець,"1 кімната, 48 / 30 / 10 м², поверх 9 з 10, з ремонтом, монолітно-каркасний, 2013, сьогодні о 18:10, Створено 28 травня",48 м²,$ 338
flatfy,https://flatfy.ua/redirect/4676031118,338,USD,338.00,2,72,4.69,Троєщина,"3 кімнати, 72 / 56 / 10 м², поверх 10 з 16, з ремонтом, утеплена панель, 1985, сьогодні о 18:14, Створено 28 травня",72 м²,$ 338
flatfy,https://flatfy.ua/redirect/4674557805,372,USD,372.00,1,47,7.91,Оболонь,"2 кімнати, 47 / 35 / 7 м², поверх 16 з 16, з ремонтом, утеплена панель, 1977, сьогодні о 18:49, Створено 28 травня",47 м²,$ 372
flatfy,https://flatfy.ua/redirect/4674904223,338,USD,338.00,0,42,8.05,Теремки-1,"1 кімната, 42 / 19 / 12 м², поверх 16 з 24, з ремонтом, монолітно-каркасний, 2016, сьогодні о 13:17, Створено 28 травня",42 м²,$ 338
flatfy,https://flatfy.ua/redirect/4675484988,293,USD,293.00,0,36,8.14,Березняки,"1 кімната, 36 / 18 / 8.5 м², поверх 15 з 16, з ремонтом, утеплена панель, 1970, сьогодні о 19:01, Створено 28 травня",36 м²,$ 293
flatfy,https://flatfy.ua/redirect/4674858228,226,USD,226.00,0,29,7.79,Звіринець,"1 кімната, 29 / 16.7 / 6 м², поверх 5 з 9, без ремонту, цегляний будинок, 1978, сьогодні о 16:06, Створено 28 травня",29 м²,$ 226
flatfy,https://flatfy.ua/redirect/4675810237,7500,USD,7500.00,4,290,25.86,Чорна Гора,"5 кімнат, 290 / 150 / 30 м², поверх 7 з 28, з ремонтом, монолітно-каркасний, 2013, вчора о 12:05, Створено 28 травня",290 м²,$ 7 500
flatfy,https://flatfy.ua/redirect/4674780352,271,USD,271.00,0,38,7.13,Стара Дарниця,"1 кімната, 38 / 20 / 10 м², поверх 8 з 16, з ремонтом, утеплена панель, 1990, сьогодні о 16:24, Створено 28 травня",38 м²,$ 271
flatfy,https://flatfy.ua/redirect/4674501420,226,USD,226.00,0,30,7.53,Соцмісто,"1 кімната, 30 / 16 / 7.5 м², поверх 2 з 5, з ремонтом, панельні, 1962, сьогодні о 09:38, Створено 28 травня",30 м²,$ 226
flatfy,https://flatfy.ua/redirect/4674796198,226,USD,226.00,0,44,5.14,Осокорки,"1 кімната, 44 / 19 / 9 м², поверх 7 з 16, без ремонту, утеплена панель, 1995, сьогодні о 19:27, Створено 28 травня",44 м²,$ 226
flatfy,https://flatfy.ua/redirect/4676112661,383,USD,383.00,0,50,7.66,Кадетський Гай,"1 кімната, 50 / 20 / 14 м², поверх 8 з 16, з ремонтом, монолітно-каркасний, 2008, сьогодні о 20:34, Створено 28 травня",50 м²,$ 383
flatfy,https://flatfy.ua/redirect/4676542535,428,USD,428.00,0,30,14.27,Голосіїв,"1 кімната, 30 / 18 / 5 м², поверх 13 з 24, з ремонтом, цегляний будинок, 2019, вчора о 12:45, Створено 28 травня",30 м²,$ 428
flatfy,https://flatfy.ua/redirect/4675083215,451,USD,451.00,2,61,7.39,Шулявка,"3 кімнати, 61 / 43 / 6 м², поверх 1 з 5, з ремонтом, цегляний будинок, 1974, сьогодні о 21:28, Створено 28 травня",61 м²,$ 451
flatfy,https://flatfy.ua/redirect/4675308997,394,USD,394.00,0,40,9.85,Варшавський Мікрорайон,"1 кімната, 40 / 16 / 12 м², поверх 20 з 25, з ремонтом, монолітно-каркасний, 2017, сьогодні о 21:56, Створено 28 травня",40 м²,$ 394
flatfy,https://flatfy.ua/redirect/4676499661,271,USD,271.00,0,34,7.97,Новобіличі,"1 кімната, 34 / 17 / 7 м², поверх 6 з 9, з ремонтом, панельні, 1976, сьогодні о 21:58, Створено 28 травня",34 м²,$ 271
flatfy,https://flatfy.ua/redirect/4674857462,237,USD,237.00,1,45,5.27,Північно-Броварський,"2 кімнати, 45 / 30 / 7 м², поверх 9 з 9, з ремонтом, панельні, 1970, сьогодні о 21:52, Створено 28 травня",45 м²,$ 237
flatfy,https://flatfy.ua/redirect/4592447012,271,USD,271.00,0,31,8.74,Святошинський,"1 кімната, 31 / - / 7 м², поверх 4 з 9, з ремонтом, панельні, 8 травня, Створено 8 травня",31 м²,$ 271
flatfy,https://flatfy.ua/redirect/4606096891,316,USD,316.00,1,55,5.75,Троєщина,"2 кімнати, 55 / - / 8 м², поверх 6 з 16, з ремонтом, панельні, 1990, 11 травня, Створено 11 травня",55 м²,$ 316
flatfy,https://flatfy.ua/redirect/4666303849,406,USD,406.00,0,42,9.67,Сирець,"1 кімната, 42 / - / 16 м², поверх 9 з 16, з ремонтом, блочні, 2021, 26 травня, Створено 25 травня",42 м²,$ 406
flatfy,https://flatfy.ua/redirect/4681541203,293,USD,293.00,0,30,9.77,Караваєві Дачі,"1 кімната, 30 / - / 3 м², поверх 16 з 26, з ремонтом, цегляний будинок, 2021, 29 травня, Створено 28 травня",30 м²,$ 293
flatfy,https://flatfy.ua/redirect/4675872606,192,USD,192.00,0,22,8.73,Святошино,"1 кімната, 22 / - / 4 м², поверх 5 з 9, з ремонтом, панельні, 1973, 28 травня, Створено 28 травня",22 м²,$ 192
flatfy,https://flatfy.ua/redirect/3948172260,1500,USD,1500.00,2,130,11.54,Чорна Гора,"3 кімнати, 130 / - / 30 м², поверх 10 з 17, з ремонтом, цегляний будинок, 28 травня, Створено 28 травня",130 м²,$ 1 500
flatfy,https://flatfy.ua/redirect/4681355143,248,USD,248.00,0,38,6.53,Позняки,"1 кімната, 38 / - / 8 м², поверх 4 з 16, з ремонтом, утеплена панель, 1993, 29 травня, Створено 28 травня",38 м²,$ 248
flatfy,https://flatfy.ua/redirect/4675992458,271,USD,271.00,0,29.05,9.33,Північно-Броварський,"1 кімната, 29.05 / - / 6.4 м², поверх 4 з 5, з ремонтом, панельні, 1963, 28 травня, Створено 28 травня",29.05 м²,$ 271
flatfy,https://flatfy.ua/redirect/4676949900,900,USD,900.00,0,54,16.67,Нова забудова,"1 кімната, 54 / - / 17 м², поверх 10 з 22, з ремонтом, монолітно-каркасний, 2019, 28 травня, Створено 28 травня",54 м²,$ 900
flatfy,https://flatfy.ua/redirect/4675214584,226,USD,226.00,0,36,6.28,Нова Дарниця,"1 кімната, 36 / - / 9 м², поверх 9 з 16, з ремонтом, утеплена панель, 1998, 28 травня, Створено 28 травня",36 м²,$ 226
flatfy,https://flatfy.ua/redirect/4675872575,800,USD,800.00,1,55,14.55,Позняки,"2 кімнати, 55 / - / 20 м², поверх 15 з 26, з ремонтом, цегляний будинок, 2019, 28 травня, Створено 28 травня",55 м²,$ 800
flatfy,https://flatfy.ua/redirect/1152087232,1400,USD,1400.00,2,141,9.93,Кудрявець,"3 кімнати, 141 / - / 15 м², поверх 2 з 9, з ремонтом, цегляний будинок, 2000, 27 травня, Створено 28 травня",141 м²,$ 1 400
flatfy,https://flatfy.ua/redirect/3332206635,1700,USD,1700.00,1,50,34.00,Чорна Гора,"2 кімнати, 50 / - / 20 м², поверх 4 з 18, з ремонтом, 28 травня, Створено 28 травня",50 м²,$ 1 700
flatfy,https://flatfy.ua/redirect/4676623265,383,USD,383.00,0,36,10.64,Ґалаґани,"1 кімната, 36 / - / 6 м², поверх 2 з 24, з ремонтом, панельні, 2016, 28 травня, Створено 28 травня",36 м²,$ 383
flatfy,https://flatfy.ua/redirect/4674238553,372,USD,372.00,0,47,7.91,Осокорки,"1 кімната, 47 / - / 10 м², поверх 4 з 18, з ремонтом, утеплена панель, 1999, 28 травня, Створено 28 травня",47 м²,$ 372
flatfy,https://flatfy.ua/redirect/4675174331,316,USD,316.00,0,48,6.58,Теремки-2,"1 кімната, 48 / - / 10 м², поверх 2 з 14, з ремонтом, цегляний будинок, 2014, 28 травня, Створено 28 травня",48 м²,$ 316
flatfy,https://flatfy.ua/redirect/4675685569,75000,USD,75000.00,1,60,1250.00,Троєщина,"2 кімнати, 60 / - / 9 м², поверх 14 з 16, з ремонтом, панельні, 28 травня, Створено 28 травня",60 м²,$ 75 000
flatfy,https://flatfy.ua/redirect/4675963242,248,USD,248.00,0,35,7.09,Борщагівка,"1 кімната, 35 / - / 6 м², поверх 5 з 9, з ремонтом, цегляний будинок, 1982, 28 травня, Створено 28 травня",35 м²,$ 248
flatfy,https://flatfy.ua/redirect/4675643756,676,USD,676.00,2,74,9.14,Соцмісто,"3 кімнати, 74 / - / 21 м², поверх 3 з 14, з ремонтом, 28 травня, Створено 28 травня",74 м²,$ 676
flatfy,https://flatfy.ua/redirect/4676221582,361,USD,361.00,0,50,7.22,Академмістечко,"1 кімната, 50 / - / 15 м², поверх 10 з 25, з ремонтом, 28 травня, Створено 28 травня",50 м²,$ 361
flatfy,https://flatfy.ua/redirect/4674910931,338,USD,338.00,1,65,5.20,Лівобережний масив,"2 кімнати, 65 / - / 10 м², поверх 16 з 16, з ремонтом, цегляний будинок, 1981, 28 травня, Створено 28 травня",65 м²,$ 338
flatfy,https://flatfy.ua/redirect/4245932367,451,USD,451.00,0,50,9.02,Харківський,"1 кімната, 50 / - / 8 м², поверх 20 з 23, з ремонтом, цегляний будинок, 2020, 30 квітня, Створено 29 травня",50 м²,$ 451
flatfy,https://flatfy.ua/redirect/4676369987,293,USD,293.00,0,49,5.98,Позняки,"1 кімната, 49 / - / 12 м², поверх 7 з 25, з ремонтом, монолітно-каркасний, 2015, 28 травня, Створено 28 травня",49 м²,$ 293
flatfy,https://flatfy.ua/redirect/4675423179,338,USD,338.00,1,50,6.76,Відрадний,"2 кімнати, 50 / - / 6 м², поверх 4 з 5, з ремонтом, цегляний будинок, 1965, 28 травня, Створено 28 травня",50 м²,$ 338
flatfy,https://flatfy.ua/redirect/4675992440,1900,USD,1900.00,2,98,19.39,Чорна Гора,"3 кімнати, 98 / - / 20 м², поверх 8 з 24, з ремонтом, цегляний будинок, 2020, 28 травня, Створено 28 травня",98 м²,$ 1 900
flatfy,https://flatfy.ua/redirect/4676029275,1872,USD,1872.00,1,82,22.83,Нова забудова,"2 кімнати, 82 / - / 18 м², поверх 7 з 24, з ремонтом, монолітно-каркасний, 2019, 28 травня, Створено 28 травня",82 м²,$ 1 872
flatfy,https://flatfy.ua/redirect/4675349069,800,USD,800.00,0,50,16.00,Нижній Печерськ,"1 кімната, 50 / - / 23 м², поверх 8 з 18, з ремонтом, цегляний будинок, 2014, 28 травня, Створено 28 травня",50 м²,$ 800
flatfy,https://flatfy.ua/redirect/4677114949,518,USD,518.00,2,74,7.00,,"3 кімнати, 74 / - / 10 м², поверх 4 з 9, з ремонтом, цегляний будинок, 28 травня, Створено 28 травня",74 м²,$ 518
flatfy,https://flatfy.ua/redirect/4677336422,316,USD,316.00,2,65,4.86,Виноградар,"3 кімнати, 65 / - / 9 м², поверх 9 з 9, з ремонтом, цегляний будинок, 1985, 29 травня, Створено 29 травня",65 м²,$ 316
flatfy,https://flatfy.ua/redirect/4381425762,338,USD,338.00,0,50,6.76,Подільський,"1 кімната, 50 / - / 10 м², поверх 5 з 7, з ремонтом, цегляний будинок, 28 травня, Створено 28 травня",50 м²,$ 338
flatfy,https://flatfy.ua/redirect/4675569107,316,USD,316.00,1,51,6.20,Борщагівка,"2 кімнати, 51 / - / 7 м², поверх 1 з 9, з ремонтом, панельні, 1971, 28 травня, Створено 28 травня",51 м²,$ 316
flatfy,https://flatfy.ua/redirect/4674929355,203,USD,203.00,1,35,5.80,Позняки,"2 кімнати, 35 / - / 7 м², поверх 15 з 17, з ремонтом, утеплена панель, 1995, 28 травня, Створено 28 травня",35 м²,$ 203
flatfy,https://flatfy.ua/redirect/4677184017,338,USD,338.00,1,48,7.04,Шевченківський,"2 кімнати, 48 / - / 8 м², поверх 8 з 9, з ремонтом, вчора о 10:40, Створено 28 травня",48 м²,$ 338
flatfy,https://flatfy.ua/redirect/4675778824,428,USD,428.00,2,87,4.92,Осокорки,"3 кімнати, 87 / - / 10 м², поверх 5 з 10, з ремонтом, утеплена панель, 1997, 28 травня, Створено 28 травня",87 м²,$ 428
flatfy,https://flatfy.ua/redirect/4441117249,529,USD,529.00,1,52,10.17,Нижній Печерськ,"2 кімнати, 52 / - / 8 м², поверх 3 з 5, з ремонтом, цегляний будинок, 1968, 28 травня, Створено 28 травня",52 м²,$ 529
flatfy,https://flatfy.ua/redirect/4624732053,383,USD,383.00,0,40,9.57,Подільський,"1 кімната, 40 / - / 14 м², поверх 8 з 21, з ремонтом, 16 травня, Створено 28 травня",40 м²,$ 383
flatfy,https://flatfy.ua/redirect/4676546390,631,USD,631.00,1,55.4,11.39,Берковець,"2 кімнати, 55.4 / - / 10 м², поверх 3 з 6, з ремонтом, панельні, 2020, 28 травня, Створено 28 травня",55.4 м²,$ 631
flatfy,https://flatfy.ua/redirect/4676323954,214,USD,214.00,0,38,5.63,Райдужний,"1 кімната, 38 / - / 10 м², поверх 8 з 16, з ремонтом, утеплена панель, 1984, 28 травня, Створено 28 травня",38 м²,$ 214
flatfy,https://flatfy.ua/redirect/4684045326,406,USD,406.00,1,37,10.97,,"2 кімнати, 37 / - / 16 м², поверх 1 з 4, з ремонтом, цегляний будинок, вчора о 13:07, Створено 28 травня",37 м²,$ 406
flatfy,https://flatfy.ua/redirect/4675872581,226,USD,226.00,0,34,6.65,Олександрівська Слобідка,"1 кімната, 34 / - / 7 м², поверх 2 з 14, з ремонтом, цегляний будинок, 1975, 28 травня, Створено 28 травня",34 м²,$ 226
flatfy,https://flatfy.ua/redirect/4675924917,383,USD,383.00,2,60,6.38,,"3 кімнати, 60 / - / 6 м², поверх 1 з 9, з ремонтом, панельні, вчора о 15:56, Створено 28 травня",60 м²,$ 383
flatfy,https://flatfy.ua/redirect/4674970050,451,USD,451.00,0,52,8.67,Академмістечко,"1 кімната, 52 / - / 18 м², поверх 7 з 25, з ремонтом, цегляний будинок, 1961, 28 травня, Створено 28 травня",52 м²,$ 451
flatfy,https://flatfy.ua/redirect/4676383827,248,USD,248.00,0,34,7.29,Борщагівка,"1 кімната, 34 / - / 7 м², поверх 7 з 9, з ремонтом, цегляний будинок, 1969, 28 травня, Створено 28 травня",34 м²,$ 248
flatfy,https://flatfy.ua/redirect/4605665710,518,USD,518.00,0,50,10.36,Голосіївський,"1 кімната, 50 / - / 18 м², поверх 22 з 25, з ремонтом, 11 травня, Створено 28 травня",50 м²,$ 518
flatfy,https://flatfy.ua/redirect/4675949300,950,USD,950.00,0,57,16.67,Липки,"1 кімната, 57 / - / 1 м², поверх 3 з 5, з ремонтом, цегляний будинок, 1935, 28 травня, Створено 28 травня",57 м²,$ 950
flatfy,https://flatfy.ua/redirect/4676275224,226,USD,226.00,0,26,8.69,Мостицький масив,"1 кімната, 26 / - / 5 м², поверх 4 з 9, з ремонтом, панельні, 1985, 28 травня, Створено 28 травня",26 м²,$ 226
flatfy,https://flatfy.ua/redirect/4537247643,473,USD,473.00,3,98,4.83,,"4 кімнати, 98 / - / 23 м², поверх 3 з 9, з ремонтом, цегляний будинок, 28 травня, Створено 28 травня",98 м²,$ 473
flatfy,https://flatfy.ua/redirect/4674994697,808,USD,808.00,2,70,11.54,Липки,"3 кімнати, 70 / - / 19 м², поверх 4 з 5, з ремонтом, цегляний будинок, 1929, 28 травня, Створено 28 травня",70 м²,$ 808
flatfy,https://flatfy.ua/redirect/4675174343,1400,USD,1400.00,1,78,17.95,Солдатська слобідка,"2 кімнати, 78 / - / 1 м², поверх 3 з 10, з ремонтом, монолітно-каркасний, 2019, 28 травня, Створено 28 травня",78 м²,$ 1 400
flatfy,https://flatfy.ua/redirect/4675052588,293,USD,293.00,0,35,8.37,,"1 кімната, 35 / - / 9 м², поверх 11 з 16, з ремонтом, 28 травня, Створено 28 травня",35 м²,$ 293
flatfy,https://flatfy.ua/redirect/4676180709,271,USD,271.00,0,35,7.74,,"1 кімната, 35 / - / 10 м², поверх 1 з 2, з ремонтом, 28 травня, Створено 28 травня",35 м²,$ 271
flatfy,https://flatfy.ua/redirect/4685052985,541,USD,541.00,1,52,10.40,Сирець,"2 кімнати, 52 / - / 11 м², поверх 4 з 5, з ремонтом, монолітно-каркасний, 2013, вчора о 18:48, Створено 28 травня",52 м²,$ 541
flatfy,https://flatfy.ua/redirect/4675711220,586,USD,586.00,0,41,14.29,Голосіїв,"1 кімната, 41 / - / 18 м², поверх 2 з 9, з ремонтом, цегляний будинок, 2020, вчора о 15:24, Створено 28 травня",41 м²,$ 586
flatfy,https://flatfy.ua/redirect/4675963232,676,USD,676.00,1,70,9.66,Деміївка,"2 кімнати, 70 / - / 10 м², поверх 11 з 20, з ремонтом, монолітно-каркасний, 2015, 28 травня, Створено 28 травня",70 м²,$ 676
flatfy,https://flatfy.ua/redirect/4675278827,900,USD,900.00,2,120,7.50,Позняки,"3 кімнати, 120 / - / 50 м², поверх 19 з 25, з ремонтом, монолітно-каркасний, 2009, 28 травня, Створено 28 травня",120 м²,$ 900
flatfy,https://flatfy.ua/redirect/4675149318,2500,USD,2500.00,1,188,13.30,Чорна Гора,"2 кімнати, 188 / - / 28 м², поверх 27 з 30, з ремонтом, цегляний будинок, 28 травня, Створено 28 травня",188 м²,$ 2 500
flatfy,https://flatfy.ua/redirect/4675266065,226,USD,226.00,0,38,5.95,Троєщина,"1 кімната, 38 / - / 9 м², поверх 21 з 24, з ремонтом, утеплена панель, 2013, 28 травня, Створено 28 травня",38 м²,$ 226
flatfy,https://flatfy.ua/redirect/4676753832,383,USD,383.00,1,50,7.66,Лівобережний масив,"2 кімнати, 50 / - / 12 м², поверх 25 з 25, з ремонтом, 28 травня, Створено 28 травня",50 м²,$ 383
flatfy,https://flatfy.ua/redirect/4676821578,214,USD,214.00,0,30,7.13,Борщагівка,"1 кімната, 30 / - / 5 м², поверх 2 з 5, з ремонтом, цегляний будинок, 28 травня, Створено 28 травня",30 м²,$ 214
flatfy,https://flatfy.ua/redirect/4676768134,271,USD,271.00,1,47,5.77,,"2 кімнати, 47 / - / 7 м², поверх 5 з 5, з ремонтом, 28 травня, Створено 28 травня",47 м²,$ 271
flatfy,https://flatfy.ua/redirect/4675149309,800,USD,800.00,2,78,10.26,Солдатська слобідка,"3 кімнати, 78 / - / 21 м², поверх 10 з 20, з ремонтом, монолітно-каркасний, 2014, 28 травня, Створено 28 травня",78 м²,$ 800
flatfy,https://flatfy.ua/redirect/4650334392,248,USD,248.00,0,31.5,7.87,Березняки,"1 кімната, 31.5 / - / 7 м², поверх 3 з 9, з ремонтом, панельні, 1968, 22 травня, Створено 28 травня",31.5 м²,$ 248
flatfy,https://flatfy.ua/redirect/4679339168,1000,USD,1000.00,0,54,18.52,Нова забудова,"1 кімната, 54 / - / 20 м², поверх 20 з 23, з ремонтом, монолітно-каркасний, 2019, 29 травня, Створено 28 травня",54 м²,$ 1 000
flatfy,https://flatfy.ua/redirect/4679837248,147,USD,147.00,0,20,7.35,Шулявка,"1 кімната, 20 / - / 3 м², поверх 5 з 5, з ремонтом, цегляний будинок, 1965, 29 травня, Створено 28 травня",20 м²,$ 147
flatfy,https://flatfy.ua/redirect/4556875511,248,USD,248.00,0,48,5.17,Соцмісто,"1 кімната, 48 / - / 2 м², поверх 6 з 6, з ремонтом, цегляний будинок, вчора о 10:32, Створено 28 травня",48 м²,$ 248
flatfy,https://flatfy.ua/redirect/4676673550,721,USD,721.00,0,40,18.02,Теремки,"1 кімната, 40 / - / 15 м², поверх 8 з 9, з ремонтом, блочні, 2021, 28 травня, Створено 28 травня",40 м²,$ 721
flatfy,https://flatfy.ua/redirect/4675067079,293,USD,293.00,1,48,6.10,Троєщина,"2 кімнати, 48 / - / 8 м², поверх 7 з 9, з ремонтом, утеплена панель, 1984, 28 травня, Створено 28 травня",48 м²,$ 293
flatfy,https://flatfy.ua/redirect/4675643770,484,USD,484.00,1,36,13.44,Святошино,"2 кімнати, 36 / - / 6 м², поверх 6 з 25, з ремонтом, цегляний будинок, 28 травня, Створено 28 травня",36 м²,$ 484
flatfy,https://flatfy.ua/redirect/3832162593,2200,USD,2200.00,1,81,27.16,Чорна Гора,"2 кімнати, 81 / - / 28 м², поверх 8 з 22, з ремонтом, цегляний будинок, 2014, 28 травня, Створено 28 травня",81 м²,$ 2 200
flatfy,https://flatfy.ua/redirect/4680244016,473,USD,473.00,1,57,8.30,Теремки-2,"2 кімнати, 57 / - / 7 м², поверх 19 з 24, з ремонтом, утеплена панель, 2018, 29 травня, Створено 28 травня",57 м²,$ 473
flatfy,https://flatfy.ua/redirect/4675624501,398,USD,398.00,1,52,7.65,Харківський,"2 кімнати, 52 / - / 8 м², поверх 4 з 9, з ремонтом, панельні, 1985, 28 травня, Створено 28 травня",52 м²,$ 398
flatfy,https://flatfy.ua/redirect/4285909936,2900,USD,2900.00,1,76.5,37.91,Історичний центр,"2 кімнати, 76.5 / - / 20 м², поверх 2 з 11, з ремонтом, блочні, 2021, вчора о 11:07, Створено 28 травня",76.5 м²,$ 2 900
flatfy,https://flatfy.ua/redirect/4675253044,1100,USD,1100.00,1,55,20.00,Чорна Гора,"2 кімнати, 55 / - / 1 м², поверх 12 з 18, з ремонтом, 28 травня, Створено 28 травня",55 м²,$ 1 100
flatfy,https://flatfy.ua/redirect/4416889936,361,USD,361.00,0,45,8.02,Голосіївський,"1 кімната, 45 / - / 15 м², поверх 7 з 10, з ремонтом, 28 травня, Створено 28 травня",45 м²,$ 361
flatfy,https://flatfy.ua/redirect/4674792101,451,USD,451.00,0,50,9.02,,"1 кімната, 50 / - / 9 м², поверх 4 з 20, з ремонтом, 28 травня, Створено 28 травня",50 м²,$ 451
flatfy,https://flatfy.ua/redirect/4676206387,350,USD,350.00,0,52.1,6.72,Троєщина,"1 кімната, 52.1 / - / 18 м², поверх 14 з 16, з ремонтом, утеплена панель, 2006, 28 травня, Створено 28 травня",52.1 м²,$ 350
flatfy,https://flatfy.ua/redirect/4674671648,271,USD,271.00,0,39,6.95,,"1 кімната, 39 / - / 8.5 м², поверх 9 з 9, з ремонтом, 28 травня, Створено 28 травня",39 м²,$ 271
flatfy,https://flatfy.ua/redirect/4653577353,406,USD,406.00,0,38,10.68,,"1 кімната, 38 / - / 8 м², поверх 3 з 9, з ремонтом, цегляний будинок, 23 травня, Створено 28 травня",38 м²,$ 406
flatfy,https://flatfy.ua/redirect/4689821749,900,USD,900.00,1,52,17.31,Голосіївський,"2 кімнати, 52 / - / 15 м², поверх 3 з 5, з ремонтом, цегляний будинок, сьогодні о 20:55, Створено 28 травня",52 м²,$ 900
flatfy,https://flatfy.ua/redirect/4676029288,226,USD,226.00,0,40,5.65,Біличі,"1 кімната, 40 / - / 6 м², поверх 10 з 16, з ремонтом, панельні, 1990, 28 травня, Створено 28 травня",40 м²,$ 226
flatfy,https://flatfy.ua/redirect/4676151240,169,USD,169.00,0,33,5.12,Березняки,"1 кімната, 33 / - / 8 м², поверх 7 з 9, з ремонтом, 28 травня, Створено 28 травня",33 м²,$ 169
flatfy,https://flatfy.ua/redirect/4671115069,500,USD,500.00,1,53.1,9.42,Сирець,"2 кімнати, 53.1 / 35 / 12 м², поверх 2 з 5, з ремонтом, цегляний будинок, 1962, 27 травня, Створено 27 травня",53.1 м²,$ 500
flatfy,https://flatfy.ua/redirect/4635634770,496,USD,496.00,0,32,15.50,Рибальський острів,"1 кімната, 32 / 16 / 6 м², поверх 13 з 26, з ремонтом, монолітно-каркасний, 2022, 27 травня, Створено 27 травня",32 м²,$ 496
flatfy,https://flatfy.ua/redirect/4633335395,586,USD,586.00,0,42,13.95,Позняки,"1 кімната, 42 / 32 / 10 м², поверх 1 з 5, з ремонтом, 27 травня, Створено 27 травня",42 м²,$ 586
flatfy,https://flatfy.ua/redirect/4670944732,181,USD,181.00,0,37,4.89,Шевченківський,"1 кімната, 37 / 25 / 7 м², поверх 1 з 9, без ремонту, панельні, 1969, 27 травня, Створено 27 травня",37 м²,$ 181
flatfy,https://flatfy.ua/redirect/3843119894,563,USD,563.00,0,42,13.40,Деміївка,"1 кімната, 42 / 16 / 20 м², поверх 11 з 18, з ремонтом, монолітно-каркасний, 2017, 27 травня, Створено 27 травня",42 м²,$ 563
flatfy,https://flatfy.ua/redirect/4670503149,800,USD,800.00,1,74,10.81,Нова забудова,"2 кімнати, 74 / - / 16 м², поверх 17 з 20, з ремонтом, монолітно-каркасний, 2005, 27 травня, Створено 27 травня",74 м²,$ 800
flatfy,https://flatfy.ua/redirect/4661408164,631,USD,631.00,1,55,11.47,Лук'янівка,"2 кімнати, 55 / 25 / - м², поверх 5 з 24, з ремонтом, монолітно-каркасний, 2015, 27 травня, Створено 27 травня",55 м²,$ 631
flatfy,https://flatfy.ua/redirect/4670818906,777,USD,777.00,2,104,7.47,,"3 кімнати, 104 / 55 / 20 м², поверх 8 з 13, з ремонтом, монолітно-каркасний, 2015, 27 травня, Створено 27 травня",104 м²,$ 777
flatfy,https://flatfy.ua/redirect/4668025200,451,USD,451.00,2,95,4.75,Харківський,"3 кімнати, 95 / 50 / 14 м², поверх 16 з 18, з ремонтом, монолітно-каркасний, 2006, 27 травня, Створено 27 травня",95 м²,$ 451
flatfy,https://flatfy.ua/redirect/4521729884,500,USD,500.00,1,75,6.67,,"2 кімнати, 75 / 37 / 15 м², поверх 3 з 23, з ремонтом, монолітно-каркасний, 2014, 27 травня, Створено 27 травня",75 м²,$ 500
flatfy,https://flatfy.ua/redirect/4666514406,451,USD,451.00,0,38,11.87,Відрадний,"1 кімната, 38 м², поверх 12 з 17, з ремонтом, блочні, 2020, 27 травня, Створено 27 травня",38 м²,$ 451
flatfy,https://flatfy.ua/redirect/4639724839,361,USD,361.00,0,43,8.40,Теремки,"1 кімната, 43 / 16 / 14 м², поверх 13 з 24, з ремонтом, монолітно-каркасний, 2016, 27 травня, Створено 27 травня",43 м²,$ 361
flatfy,https://flatfy.ua/redirect/4670653933,833,USD,833.00,2,86,9.69,Соцмісто,"3 кімнати, 86 м², поверх 6 з 8, з ремонтом, блочні, 2010, 27 травня, Створено 27 травня",86 м²,$ 833
flatfy,https://flatfy.ua/redirect/4637773751,181,USD,181.00,0,25,7.24,Райдужний,"1 кімната, 25 / 15 / 6 м², поверх 9 з 9, з ремонтом, цегляний будинок, 1980, 28 травня, Створено 28 травня",25 м²,$ 181
flatfy,https://flatfy.ua/redirect/4604902540,900,USD,900.00,2,100,9.00,Саперна Слобідка,"3 кімнати, 100 м², поверх 6 з 20, з ремонтом, монолітно-каркасний, 2008, 27 травня, Створено 27 травня",100 м²,$ 900
flatfy,https://flatfy.ua/redirect/4489964379,743,USD,743.00,1,112,6.63,Дніпровський,"2 кімнати, 112 / 70 / 20 м², поверх 6 з 10, з ремонтом, монолітно-каркасний, 2014, 27 травня, Створено 27 травня",112 м²,$ 743
flatfy,https://flatfy.ua/redirect/4579834706,833,USD,833.00,1,58,14.36,Голосіївський,"2 кімнати, 58 / 30 / 22 м², поверх 3 з 26, з ремонтом, монолітно-каркасний, 2021, 27 травня, Створено 27 травня",58 м²,$ 833
flatfy,https://flatfy.ua/redirect/4670729301,282,USD,282.00,0,33,8.55,Лук'янівка,"1 кімната, 33 / 18 / 7 м², поверх 5 з 6, з ремонтом, цегляний будинок, 1966, 27 травня, Створено 27 травня",33 м²,$ 282
flatfy,https://flatfy.ua/redirect/3957255849,496,USD,496.00,0,37,13.41,,"1 кімната, 37 / 11 / 18 м², поверх 21 з 26, з ремонтом, цегляний будинок, 2023, 27 травня, Створено 27 травня",37 м²,$ 496
flatfy,https://flatfy.ua/redirect/4628802371,900,USD,900.00,2,122,7.38,Оболонський,"3 кімнати, 122 / 61 / 34 м², поверх 5 з 16, з ремонтом, монолітно-каркасний, 2007, 27 травня, Створено 27 травня",122 м²,$ 900
flatfy,https://flatfy.ua/redirect/4584378678,4000,USD,4000.00,4,175,22.86,Нова забудова,"5 кімнат, 175 / 110 / 65 м², поверх 5 з 6, з ремонтом, цегляний будинок, 1917, 27 травня, Створено 27 травня",175 м²,$ 4 000
flatfy,https://flatfy.ua/redirect/4364227966,1050,USD,1050.00,0,55.11,19.05,Дарницький,"1 кімната, 55.11 м², поверх 17 з 26, з ремонтом, цегляний будинок, 2023, 27 травня, Створено 27 травня",55.11 м²,$ 1 050
flatfy,https://flatfy.ua/redirect/4608784783,1600,USD,1600.00,2,135,11.85,Оболонь,"3 кімнати, 135 / 75 / 25 м², поверх 12 з 15, з ремонтом, монолітно-каркасний, 2005, сьогодні о 09:00, Створено 27 травня",135 м²,$ 1 600
flatfy,https://flatfy.ua/redirect/4672735104,721,USD,721.00,2,89,8.10,Вітряні Гори,"3 кімнати, 89 / 60 / 27 м², поверх 8 з 25, з ремонтом, монолітно-каркасний, 2009, сьогодні о 09:01, Створено 27 травня",89 м²,$ 721
flatfy,https://flatfy.ua/redirect/4670426924,496,USD,496.00,1,78,6.36,Осокорки,"2 кімнати, 78 / 38 / 18 м², поверх 14 з 14, з ремонтом, утеплена панель, 1999, сьогодні о 09:00, Створено 27 травня",78 м²,$ 496
flatfy,https://flatfy.ua/redirect/4670371258,721,USD,721.00,1,70,10.30,Подільський,"2 кімнати, 70 / 29 / 25 м², поверх 17 з 26, з ремонтом, монолітно-каркасний, 2024, сьогодні о 09:00, Створено 27 травня",70 м²,$ 721
flatfy,https://flatfy.ua/redirect/4670801889,901,USD,901.00,1,55,16.38,Чорна Гора,"2 кімнати, 55 / 24 / 9 м², поверх 18 з 24, з ремонтом, блочні, 2017, сьогодні о 09:00, Створено 27 травня",55 м²,$ 901
flatfy,https://flatfy.ua/redirect/4671514522,1200,USD,1200.00,1,65,18.46,Позняки,"2 кімнати, 65 / 20 / 30 м², поверх 17 з 25, з ремонтом, блочні, 2020, сьогодні о 09:01, Створено 28 травня",65 м²,$ 1 200
flatfy,https://flatfy.ua/redirect/4671043688,1500,USD,1500.00,2,94,15.96,Північно-Броварський,"3 кімнати, 94 / 40 / 20 м², поверх 5 з 26, з ремонтом, монолітно-каркасний, 2017, сьогодні о 09:00, Створено 27 травня",94 м²,$ 1 500
flatfy,https://flatfy.ua/redirect/4672003885,383,USD,383.00,0,41.5,9.23,Новобіличі,"1 кімната, 41.5 / 20 / 15 м², поверх 14 з 27, з ремонтом, блочні, 2023, сьогодні о 09:01, Створено 27 травня",41.5 м²,$ 383
flatfy,https://flatfy.ua/redirect/4629501084,338,USD,338.00,0,35,9.66,Караваєві Дачі,"1 кімната, 35 / 17 / 6 м², поверх 4 з 9, з ремонтом, цегляний будинок, 1980, сьогодні о 09:00, Створено 27 травня",35 м²,$ 338
flatfy,https://flatfy.ua/redirect/4671309913,563,USD,563.00,0,54,10.43,Деміївка,"1 кімната, 54 / 19 / 15 м², поверх 24 з 25, з ремонтом, монолітно-каркасний, 2019, вчора о 16:26, Створено 27 травня",54 м²,$ 563
flatfy,https://flatfy.ua/redirect/4671443287,750,USD,750.00,1,42,17.86,Голосіїв,"2 кімнати, 42 / 20 / 18 м², поверх 4 з 21, з ремонтом, монолітно-каркасний, 2024, 29 травня, Створено 27 травня",42 м²,$ 750
flatfy,https://flatfy.ua/redirect/4671058655,2000,USD,2000.00,0,55,36.36,Нова забудова,"1 кімната, 55 / 20 / 10 м², поверх 13 з 25, з ремонтом, цегляний будинок, 2019, сьогодні о 11:43, Створено 27 травня",55 м²,$ 2 000
flatfy,https://flatfy.ua/redirect/4669724386,451,USD,451.00,0,50,9.02,Позняки,"1 кімната, 50 / 20 / 16 м², поверх 9 з 25, з ремонтом, монолітно-каркасний, 2015, сьогодні о 19:01, Створено 27 травня",50 м²,$ 451
flatfy,https://flatfy.ua/redirect/4670769678,2000,USD,2000.00,2,95,21.05,Теремки,"3 кімнати, 95 / 65 / 30 м², поверх 7 з 10, з ремонтом, монолітно-каркасний, 2020, вчора о 14:46, Створено 27 травня",95 м²,$ 2 000
flatfy,https://flatfy.ua/redirect/4668333882,946,USD,946.00,1,75,12.61,Кудрявець,"2 кімнати, 75 / 50 / 10 м², поверх 16 з 23, з ремонтом, монолітно-каркасний, 2013, 27 травня, Створено 27 травня",75 м²,$ 946
flatfy,https://flatfy.ua/redirect/4671273417,2500,USD,2500.00,1,88,28.41,Історичний центр,"2 кімнати, 88 / 46 / 22 м², поверх 16 з 19, з ремонтом, монолітно-каркасний, 2013, 27 травня, Створено 27 травня",88 м²,$ 2 500
flatfy,https://flatfy.ua/redirect/4670803178,800,USD,800.00,3,100,8.00,Лук'янівка,"4 кімнати, 100 / 70 / 10 м², поверх 2 з 5, з ремонтом, цегляний будинок, 1958, 27 травня, Створено 27 травня",100 м²,$ 800
flatfy,https://flatfy.ua/redirect/4671042197,4500,USD,4500.00,3,170,26.47,Чорна Гора,"4 кімнати, 170 / 100 / 50 м², поверх 5 з 11, з ремонтом, монолітно-каркасний, 2014, сьогодні о 12:38, Створено 27 травня",170 м²,$ 4 500
flatfy,https://flatfy.ua/redirect/4672225952,361,USD,361.00,0,30,12.03,Звіринець,"1 кімната, 30 / 15 / 6 м², поверх 1 з 5, з ремонтом, цегляний будинок, 1962, сьогодні о 09:57, Створено 27 травня",30 м²,$ 361
flatfy,https://flatfy.ua/redirect/4671994912,750,USD,750.00,1,65,11.54,Нова забудова,"2 кімнати, 65 / 45 / 9 м², поверх 2 з 5, з ремонтом, цегляний будинок, 1953, сьогодні о 11:03, Створено 27 травня",65 м²,$ 750
flatfy,https://flatfy.ua/redirect/4670670104,750,USD,750.00,1,51,14.71,Позняки,"2 кімнати, 51 / 30 / 20 м², поверх 22 з 26, з ремонтом, монолітно-каркасний, 2016, 27 травня, Створено 27 травня",51 м²,$ 750
flatfy,https://flatfy.ua/redirect/4670531516,1000,USD,1000.00,1,65,15.38,Позняки,"2 кімнати, 65 / 35 / 25 м², поверх 23 з 23, з ремонтом, монолітно-каркасний, 2012, 27 травня, Створено 27 травня",65 м²,$ 1 000
flatfy,https://flatfy.ua/redirect/4670357376,1000,USD,1000.00,0,56,17.86,Нова забудова,"1 кімната, 56 / 40 / 15 м², поверх 14 з 25, з ремонтом, блочні, 2021, вчора о 20:33, Створено 27 травня",56 м²,$ 1 000
flatfy,https://flatfy.ua/redirect/4671290500,3100,USD,3100.00,2,93,33.33,Нова забудова,"3 кімнати, 93 / 60 / 20 м², поверх 6 з 10, з ремонтом, цегляний будинок, 2021, вчора о 08:41, Створено 27 травня",93 м²,$ 3 100
flatfy,https://flatfy.ua/redirect/4672722722,680,USD,680.00,0,47,14.47,Подільський,"1 кімната, 47 / 24 / 23 м², поверх 5 з 26, з ремонтом, цегляний будинок, 2023, 29 травня, Створено 27 травня",47 м²,$ 680
flatfy,https://flatfy.ua/redirect/4671265310,721,USD,721.00,3,100,7.21,Соцмісто,"4 кімнати, 100 / 60 / 20 м², поверх 9 з 10, з ремонтом, блочні, 2013, 28 травня, Створено 27 травня",100 м²,$ 721
flatfy,https://flatfy.ua/redirect/4661902085,406,USD,406.00,0,35,11.60,Ґалаґани,"1 кімната, 35 / 19 / 12 м², поверх 9 з 17, з ремонтом, монолітно-каркасний, 2019, сьогодні о 14:31, Створено 27 травня",35 м²,$ 406
flatfy,https://flatfy.ua/redirect/4671815094,563,USD,563.00,0,45,12.51,Подільський,"1 кімната, 45 / 17 / 18 м², поверх 4 з 26, з ремонтом, цегляний будинок, 2025, сьогодні о 14:34, Створено 27 травня",45 м²,$ 563
flatfy,https://flatfy.ua/redirect/4669879005,900,USD,900.00,1,71,12.68,Печерськ,"2 кімнати, 71 / 43 / 13 м², поверх 12 з 25, з ремонтом, монолітно-каркасний, 2012, сьогодні о 14:36, Створено 27 травня",71 м²,$ 900
flatfy,https://flatfy.ua/redirect/4670341113,800,USD,800.00,1,70,11.43,Нова забудова,"2 кімнати, 70 / 40 / 15 м², поверх 6 з 13, з ремонтом, монолітно-каркасний, 2006, сьогодні о 14:36, Створено 27 травня",70 м²,$ 800
flatfy,https://flatfy.ua/redirect/4671061724,541,USD,541.00,0,40,13.53,Позняки,"1 кімната, 40 / 12 / 16 м², поверх 10 з 33, з ремонтом, монолітно-каркасний, 2021, сьогодні о 14:36, Створено 27 травня",40 м²,$ 541
flatfy,https://flatfy.ua/redirect/4662704587,900,USD,900.00,0,42,21.43,Нижній Печерськ,"1 кімната, 42 / 32 / 10 м², поверх 6 з 6, з ремонтом, монолітно-каркасний, 2015, сьогодні о 14:54, Створено 27 травня",42 м²,$ 900
flatfy,https://flatfy.ua/redirect/4339929690,878,USD,878.00,2,137,6.41,Печерськ,"3 кімнати, 137 / 35 / 35 м², поверх 3 з 3, з ремонтом, цегляний будинок, 1892, 29 травня, Створено 27 травня",137 м²,$ 878
flatfy,https://flatfy.ua/redirect/4670323353,698,USD,698.00,0,75.5,9.25,Печерськ,"1 кімната, 75.5 / 40 / 19 м², поверх 8 з 27, з ремонтом, монолітно-каркасний, 2012, 27 травня, Створено 27 травня",75.5 м²,$ 698
flatfy,https://flatfy.ua/redirect/4671637276,518,USD,518.00,0,44,11.77,Лівобережний масив,"1 кімната, 44 / 20 / 20 м², поверх 14 з 24, з ремонтом, монолітно-каркасний, 2019, 27 травня, Створено 27 травня",44 м²,$ 518
flatfy,https://flatfy.ua/redirect/4670804955,743,USD,743.00,1,66,11.26,Варшавський Мікрорайон,"2 кімнати, 66 / 40 / 20 м², поверх 23 з 23, з ремонтом, монолітно-каркасний, 2019, 27 травня, Створено 27 травня",66 м²,$ 743
flatfy,https://flatfy.ua/redirect/4670803886,563,USD,563.00,0,54,10.43,Теремки,"1 кімната, 54 / 20 / 19 м², поверх 20 з 23, з ремонтом, блочні, 2023, 27 травня, Створено 27 травня",54 м²,$ 563
flatfy,https://flatfy.ua/redirect/4628009457,1300,USD,1300.00,1,67,19.40,Чорна Гора,"2 кімнати, 67 / 50 / 15 м², поверх 3 з 30, з ремонтом, монолітно-каркасний, 2013, сьогодні о 08:21, Створено 27 травня",67 м²,$ 1 300
flatfy,https://flatfy.ua/redirect/4670944446,316,USD,316.00,1,54,5.85,Дніпровський,"2 кімнати, 54 / 46 / 8 м², поверх 7 з 14, з ремонтом, цегляний будинок, 1981, сьогодні о 09:46, Створено 27 травня",54 м²,$ 316
flatfy,https://flatfy.ua/redirect/4672863734,527,USD,527.00,0,47,11.21,Солом’янський,"1 кімната, 47 / 18 / 15 м², поверх 1 з 10, з ремонтом, монолітно-каркасний, 2017, 29 травня, Створено 27 травня",47 м²,$ 527
flatfy,https://flatfy.ua/redirect/4672834850,406,USD,406.00,0,34,11.94,Ґалаґани,"1 кімната, 34 / 15 / 8 м², поверх 9 з 16, з ремонтом, блочні, 2021, 29 травня, Створено 27 травня",34 м²,$ 406
flatfy,https://flatfy.ua/redirect/4671672049,271,USD,271.00,0,32,8.47,Оболонь,"1 кімната, 32 / 17 / 7 м², поверх 8 з 16, з ремонтом, утеплена панель, 1991, 27 травня, Створено 27 травня",32 м²,$ 271
flatfy,https://flatfy.ua/redirect/4671326340,1299,USD,1299.00,1,70,18.56,Чорна Гора,"2 кімнати, 70 / 50 / 15 м², поверх 17 з 24, з ремонтом, блочні, 2017, сьогодні о 11:03, Створено 27 травня",70 м²,$ 1 299
flatfy,https://flatfy.ua/redirect/4508315944,2500,USD,2500.00,0,65,38.46,Верхня Теличка,"1 кімната, 65 / 51 / 10 м², поверх 2 з 7, з ремонтом, блочні, 2021, вчора о 08:42, Створено 27 травня",65 м²,$ 2 500
flatfy,https://flatfy.ua/redirect/4665336067,496,USD,496.00,0,39,12.72,Теремки-2,"1 кімната, 39 / 20 / 10 м², поверх 19 з 24, з ремонтом, монолітно-каркасний, 2025, сьогодні о 17:56, Створено 27 травня",39 м²,$ 496
flatfy,https://flatfy.ua/redirect/4669876519,1200,USD,1200.00,0,60,20.00,Нова забудова,"1 кімната, 60 / 20 / 25 м², поверх 7 з 25, з ремонтом, монолітно-каркасний, 2016, сьогодні о 14:36, Створено 27 травня",60 м²,$ 1 200
flatfy,https://flatfy.ua/redirect/4648662426,900,USD,900.00,2,97,9.28,Шулявка,"3 кімнати, 97 / 50 / 20 м², поверх 9 з 25, з ремонтом, монолітно-каркасний, 2009, 29 травня, Створено 27 травня",97 м²,$ 900
flatfy,https://flatfy.ua/redirect/4671956846,631,USD,631.00,2,87,7.25,Осокорки,"3 кімнати, 87 / 55 / 23 м², поверх 19 з 25, з ремонтом, блочні, 2013, сьогодні о 21:46, Створено 27 травня",87 м²,$ 631
flatfy,https://flatfy.ua/redirect/4671322186,1200,USD,1200.00,1,55,21.82,Нова забудова,"2 кімнати, 55 / 30 / 20 м², поверх 6 з 11, з ремонтом, цегляний будинок, 2021, вчора о 08:40, Створено 27 травня",55 м²,$ 1 200
flatfy,https://flatfy.ua/redirect/4672504350,750,USD,750.00,0,57,13.16,Солдатська слобідка,"1 кімната, 57 / 20 / 17 м², поверх 5 з 17, з ремонтом, монолітно-каркасний, 2014, 29 травня, Створено 27 травня",57 м²,$ 750
flatfy,https://flatfy.ua/redirect/4670802324,586,USD,586.00,1,67,8.75,Голосіїв,"2 кімнати, 67 / 45 / 20 м², поверх 13 з 26, з ремонтом, монолітно-каркасний, 2018, сьогодні о 09:00, Створено 27 травня",67 м²,$ 586
flatfy,https://flatfy.ua/redirect/4671669236,451,USD,451.00,2,70,6.44,Татарка,"3 кімнати, 70 / 45 / 9 м², поверх 7 з 9, з ремонтом, цегляний будинок, 1979, сьогодні о 09:01, Створено 27 травня",70 м²,$ 451
flatfy,https://flatfy.ua/redirect/4671764052,338,USD,338.00,0,37,9.14,Харківський,"1 кімната, 37 / 12 / 15 м², поверх 5 з 12, з ремонтом, блочні, 2022, сьогодні о 17:25, Створено 27 травня",37 м²,$ 338
flatfy,https://flatfy.ua/redirect/4671440668,496,USD,496.00,2,72,6.89,Борщагівка,"3 кімнати, 72 / 40 / 13.7 м², поверх 8 з 9, з ремонтом, цегляний будинок, 1997, сьогодні о 13:42, Створено 27 травня",72 м²,$ 496
flatfy,https://flatfy.ua/redirect/4671393995,676,USD,676.00,2,70,9.66,Куренівка,"3 кімнати, 70 / 50 / 8 м², поверх 8 з 9, з ремонтом, цегляний будинок, 1964, сьогодні о 13:42, Створено 27 травня",70 м²,$ 676
flatfy,https://flatfy.ua/redirect/4671215323,811,USD,811.00,0,52.6,15.42,Шулявка,"1 кімната, 52.6 / 16 / 19.4 м², поверх 15 з 36, з ремонтом, монолітно-каркасний, 2021, 27 травня, Створено 27 травня",52.6 м²,$ 811
flatfy,https://flatfy.ua/redirect/4672123057,451,USD,451.00,3,60,7.52,Оболонь,"4 кімнати, 60 / 41 / 7 м², поверх 2 з 9, без ремонту, панельні, 1973, 29 травня, Створено 27 травня",60 м²,$ 451
flatfy,https://flatfy.ua/redirect/4670803058,338,USD,338.00,0,50,6.76,Позняки,"1 кімната, 50 / 20 / 15 м², поверх 18 з 25, з ремонтом, утеплена панель, 2010, вчора о 09:13, Створено 27 травня",50 м²,$ 338
flatfy,https://flatfy.ua/redirect/4670706851,563,USD,563.00,1,72,7.82,Теремки,"2 кімнати, 72 / 39 / 16 м², поверх 21 з 23, з ремонтом, цегляний будинок, 2021, сьогодні о 19:44, Створено 27 травня",72 м²,$ 563
flatfy,https://flatfy.ua/redirect/4670819277,451,USD,451.00,0,57,7.91,Позняки,"1 кімната, 57 / 30 / 12 м², поверх 16 з 25, з ремонтом, монолітно-каркасний, 2009, сьогодні о 09:00, Створено 27 травня",57 м²,$ 451
flatfy,https://flatfy.ua/redirect/4670508253,563,USD,563.00,0,40.5,13.90,Саперна Слобідка,"1 кімната, 40.5 / 20 / 15 м², поверх 5 з 24, з ремонтом, цегляний будинок, 2016, сьогодні о 09:00, Створено 27 травня",40.5 м²,$ 563
flatfy,https://flatfy.ua/redirect/4671308579,563,USD,563.00,0,48,11.73,Теремки,"1 кімната, 48 / 25 / 15 м², поверх 7 з 23, з ремонтом, блочні, 2023, сьогодні о 09:01, Створено 27 травня",48 м²,$ 563
flatfy,https://flatfy.ua/redirect/4672912647,850,USD,850.00,1,65,13.08,Нивки,"2 кімнати, 65 / 30 / 15 м², поверх 4 з 9, з ремонтом, блочні, 2022, сьогодні о 09:01, Створено 27 травня",65 м²,$ 850
flatfy,https://flatfy.ua/redirect/4671811135,383,USD,383.00,0,51,7.51,Соцмісто,"1 кімната, 51 / 30 / 10 м², поверх 18 з 22, з ремонтом, монолітно-каркасний, 2012, сьогодні о 09:01, Створено 27 травня",51 м²,$ 383
flatfy,https://flatfy.ua/redirect/4670701863,1300,USD,1300.00,2,88,14.77,Святошино,"3 кімнати, 88 / 45 / 20 м², поверх 7 з 12, з ремонтом, монолітно-каркасний, 2022, сьогодні о 09:00, Створено 27 травня",88 м²,$ 1 300
flatfy,https://flatfy.ua/redirect/4669705815,316,USD,316.00,1,66,4.79,Лісовий,"2 кімнати, 66 / 40 / 8 м², поверх 7 з 9, з ремонтом, цегляний будинок, 2001, сьогодні о 09:00, Створено 27 травня",66 м²,$ 316
flatfy,https://flatfy.ua/redirect/4671609929,451,USD,451.00,1,87,5.18,Позняки,"2 кімнати, 87 / 20 / 42 м², поверх 18 з 28, з ремонтом, монолітно-каркасний, 2005, сьогодні о 07:00, Створено 27 травня",87 м²,$ 451
flatfy,https://flatfy.ua/redirect/4672186345,420,USD,420.00,0,40,10.50,Нижній Печерськ,"1 кімната, 40 / 18 / 8 м², поверх 4 з 5, з ремонтом, цегляний будинок, 1961, вчора о 18:05, Створено 27 травня",40 м²,$ 420
flatfy,https://flatfy.ua/redirect/4670864448,563,USD,563.00,0,45,12.51,Оболонь,"1 кімната, 45 / 20 / 12 м², поверх 23 з 26, з ремонтом, монолітно-каркасний, 2017, сьогодні о 15:44, Створено 27 травня",45 м²,$ 563
flatfy,https://flatfy.ua/redirect/4670479442,304,USD,304.00,0,38,8.00,Осокорки,"1 кімната, 38 / 18 / 10 м², поверх 19 з 25, з ремонтом, панельні, 2020, вчора о 11:15, Створено 27 травня",38 м²,$ 304
flatfy,https://flatfy.ua/redirect/4672450244,316,USD,316.00,0,34,9.29,Мінський,"1 кімната, 34 / 14 / 8 м², поверх 6 з 22, з ремонтом, монолітно-каркасний, 2019, сьогодні о 17:32, Створено 27 травня",34 м²,$ 316
flatfy,https://flatfy.ua/redirect/4670404822,421,USD,421.00,0,48,8.77,Лівобережний масив,"1 кімната, 48 / 19 / 12 м², поверх 14 з 25, з ремонтом, монолітно-каркасний, 2012, сьогодні о 16:10, Створено 27 травня",48 м²,$ 421
flatfy,https://flatfy.ua/redirect/4672130993,5000,USD,5000.00,4,143,34.97,Чорна Гора,"5 кімнат, 143 / 90 / 20 м², поверх 3 з 16, з ремонтом, цегляний будинок, 2020, сьогодні о 11:42, Створено 27 травня",143 м²,$ 5 000
flatfy,https://flatfy.ua/redirect/4670489260,473,USD,473.00,1,54,8.76,Лівобережний масив,"2 кімнати, 54 / 25 / 12 м², поверх 17 з 27, з ремонтом, монолітно-каркасний, 2009, сьогодні о 16:10, Створено 27 травня",54 м²,$ 473
flatfy,https://flatfy.ua/redirect/4671114876,338,USD,338.00,0,45,7.51,Вишгородський масив,"1 кімната, 45 / 20 / 10 м², поверх 19 з 22, з ремонтом, монолітно-каркасний, сьогодні о 08:20, Створено 27 травня",45 м²,$ 338
flatfy,https://flatfy.ua/redirect/4670851534,226,USD,226.00,0,30,7.53,Воскресенка,"1 кімната, 30 / 17 / 6 м², поверх 1 з 5, з ремонтом, панельні, 1966, сьогодні о 10:09, Створено 27 травня",30 м²,$ 226
flatfy,https://flatfy.ua/redirect/4671996580,451,USD,451.00,0,45,10.02,Лук'янівка,"1 кімната, 45 / 18 / 10 м², поверх 9 з 25, з ремонтом, монолітно-каркасний, 2020, сьогодні о 15:24, Створено 27 травня",45 м²,$ 451
flatfy,https://flatfy.ua/redirect/4671193846,563,USD,563.00,0,59,9.54,Позняки,"1 кімната, 59 / 34 / 13 м², поверх 9 з 36, з ремонтом, монолітно-каркасний, 2007, 28 травня, Створено 27 травня",59 м²,$ 563
flatfy,https://flatfy.ua/redirect/4670858754,766,USD,766.00,1,63,12.16,Оболонь,"2 кімнати, 63 / 15 / 32 м², поверх 10 з 26, з ремонтом, монолітно-каркасний, 2017, вчора о 22:54, Створено 27 травня",63 м²,$ 766
flatfy,https://flatfy.ua/redirect/4670778447,1400,USD,1400.00,0,50,28.00,Солдатська слобідка,"1 кімната, 50 / 22 / 20 м², поверх 10 з 12, з ремонтом, монолітно-каркасний, 2017, сьогодні о 15:07, Створено 27 травня",50 м²,$ 1 400
flatfy,https://flatfy.ua/redirect/4671670025,304,USD,304.00,0,32,9.50,Лук'янівка,"1 кімната, 32 / 15 / 5 м², поверх 2 з 6, з ремонтом, цегляний будинок, 1966, 29 травня, Створено 27 травня",32 м²,$ 304
flatfy,https://flatfy.ua/redirect/4671826771,293,USD,293.00,1,40,7.33,Соцмісто,"2 кімнати, 40 / 28 / 8 м², поверх 4 з 5, з ремонтом, панельні, 1961, сьогодні о 07:11, Створено 27 травня",40 м²,$ 293
flatfy,https://flatfy.ua/redirect/4671591438,406,USD,406.00,1,62,6.55,Осокорки,"2 кімнати, 62 / 38 / 10 м², поверх 11 з 16, з ремонтом, утеплена панель, 1998, 27 травня, Створено 27 травня",62 м²,$ 406
flatfy,https://flatfy.ua/redirect/4671649004,563,USD,563.00,1,55,10.24,Феофанія,"2 кімнати, 55 / 35 / 12 м², поверх 1 з 4, з ремонтом, цегляний будинок, 2014, сьогодні о 17:33, Створено 27 травня",55 м²,$ 563
flatfy,https://flatfy.ua/redirect/4671996804,338,USD,338.00,1,46,7.35,Лівобережний масив,"2 кімнати, 46 / 25 / 7 м², поверх 6 з 9, з ремонтом, панельні, 1969, сьогодні о 21:05, Створено 27 травня",46 м²,$ 338
flatfy,https://flatfy.ua/redirect/4671059527,563,USD,563.00,0,40,14.07,Варшавський Мікрорайон,"1 кімната, 40 / 15 / 10 м², поверх 23 з 25, з ремонтом, утеплена панель, 2008, 29 травня, Створено 27 травня",40 м²,$ 563
flatfy,https://flatfy.ua/redirect/4672944170,349,USD,349.00,0,37,9.43,Осокорки,"1 кімната, 37 / 16 / 10 м², поверх 24 з 25, з ремонтом, цегляний будинок, 2022, сьогодні о 13:05, Створено 27 травня",37 м²,$ 349
flatfy,https://flatfy.ua/redirect/4671563298,451,USD,451.00,0,32,14.09,Жуляни,"1 кімната, 32 / 12 / 18 м², поверх 3 з 6, з ремонтом, блочні, 2022, сьогодні о 04:43, Створено 27 травня",32 м²,$ 451
flatfy,https://flatfy.ua/redirect/4672951338,676,USD,676.00,0,43,15.72,Дніпровський,"1 кімната, 43 / 15 / 18 м², поверх 12 з 17, з ремонтом, цегляний будинок, 2022, 29 травня, Створено 27 травня",43 м²,$ 676
flatfy,https://flatfy.ua/redirect/4670501602,226,USD,226.00,1,45,5.02,Соцмісто,"2 кімнати, 45 / 30 / 7 м², поверх 5 з 5, з ремонтом, цегляний будинок, 1961, сьогодні о 16:10, Створено 27 травня",45 м²,$ 226
flatfy,https://flatfy.ua/redirect/4670377271,574,USD,574.00,1,54,10.63,Нова забудова,"2 кімнати, 54 / 34 / 10 м², поверх 4 з 5, з ремонтом, цегляний будинок, 1956, сьогодні о 20:58, Створено 27 травня",54 м²,$ 574
flatfy,https://flatfy.ua/redirect/4670972772,650,USD,650.00,1,50,13.00,Голосіїв,"2 кімнати, 50 / 19 / 15 м², поверх 17 з 26, з ремонтом, блочні, 2024, 27 травня, Створено 27 травня",50 м²,$ 650
flatfy,https://flatfy.ua/redirect/4670544912,529,USD,529.00,0,41,12.90,Подільський,"1 кімната, 41 / 17 / 17 м², поверх 3 з 25, з ремонтом, блочні, 2022, 29 травня, Створено 27 травня",41 м²,$ 529
flatfy,https://flatfy.ua/redirect/4672918241,271,USD,271.00,1,58,4.67,ДВРЗ,"2 кімнати, 58 / 34 / 9 м², поверх 9 з 16, з ремонтом, утеплена панель, 2004, вчора о 14:22, Створено 27 травня",58 м²,$ 271
flatfy,https://flatfy.ua/redirect/4671651849,496,USD,496.00,0,45,11.02,Голосіївський,"1 кімната, 45 / 20 / 25 м², поверх 21 з 24, з ремонтом, блочні, 2024, 28 травня, Створено 27 травня",45 м²,$ 496
flatfy,https://flatfy.ua/redirect/4670392496,1700,USD,1700.00,2,110,15.45,Черепанова гора,"3 кімнати, 110 / 80 / 26 м², поверх 4 з 25, з ремонтом, монолітно-каркасний, 2012, 27 травня, Створено 27 травня",110 м²,$ 1 700
flatfy,https://flatfy.ua/redirect/4670409058,788,USD,788.00,0,51,15.45,Поділ,"1 кімната, 51 / 40 / 8 м², поверх 9 з 12, з ремонтом, цегляний будинок, 2020, 29 травня, Створено 27 травня",51 м²,$ 788
flatfy,https://flatfy.ua/redirect/4670914580,271,USD,271.00,0,37,7.32,Троєщина,"1 кімната, 37 / 18 / 10 м², поверх 26 з 26, з ремонтом, монолітно-каркасний, 2021, сьогодні о 12:39, Створено 27 травня",37 м²,$ 271
flatfy,https://flatfy.ua/redirect/4672087850,1400,USD,1400.00,2,70,20.00,Чорна Гора,"3 кімнати, 70 / 40 / 15 м², поверх 4 з 29, з ремонтом, монолітно-каркасний, 2017, сьогодні о 11:43, Створено 27 травня",70 м²,$ 1 400
flatfy,https://flatfy.ua/redirect/4671590265,338,USD,338.00,0,26.5,12.75,Нова Дарниця,"1 кімната, 26.5 / 15 / 5 м², поверх 6 з 9, з ремонтом, цегляний будинок, 1987, 27 травня, Створено 27 травня",26.5 м²,$ 338
flatfy,https://flatfy.ua/redirect/4670797604,800,USD,800.00,2,64,12.50,Поділ,"3 кімнати, 64 / 40 / 9 м², поверх 3 з 9, з ремонтом, цегляний будинок, 1973, сьогодні о 15:25, Створено 27 травня",64 м²,$ 800
flatfy,https://flatfy.ua/redirect/4672186288,338,USD,338.00,0,28,12.07,Солдатська слобідка,"1 кімната, 28 / 16 / 5 м², поверх 1 з 5, з ремонтом, цегляний будинок, 1959, 27 травня, Створено 27 травня",28 м²,$ 338
flatfy,https://flatfy.ua/redirect/4670503745,1013,USD,1013.00,1,59,17.17,Липки,"2 кімнати, 59 / 40 / 7 м², поверх 4 з 5, з ремонтом, цегляний будинок, 1937, 27 травня, Створено 27 травня",59 м²,$ 1 013
flatfy,https://flatfy.ua/redirect/4670185156,676,USD,676.00,2,90,7.51,Позняки,"3 кімнати, 90 / 60 / 15 м², поверх 19 з 36, з ремонтом, монолітно-каркасний, 2007, сьогодні о 19:09, Створено 27 травня",90 м²,$ 676
flatfy,https://flatfy.ua/redirect/4671413181,289,USD,289.00,1,60,4.82,Троєщина,"2 кімнати, 60 / 32 / 10 м², поверх 15 з 25, з ремонтом, монолітно-каркасний, 2016, сьогодні о 15:20, Створено 27 травня",60 м²,$ 289
flatfy,https://flatfy.ua/redirect/4673015061,338,USD,338.00,0,23,14.70,Голосіїв,"1 кімната, 23 / 12 / 3 м², поверх 10 з 19, з ремонтом, монолітно-каркасний, 2022, сьогодні о 20:54, Створено 28 травня",23 м²,$ 338
flatfy,https://flatfy.ua/redirect/4671479472,327,USD,327.00,0,41,7.98,Позняки,"1 кімната, 41 / 20 / 10 м², поверх 9 з 25, з ремонтом, монолітно-каркасний, 2011, сьогодні о 21:46, Створено 27 травня",41 м²,$ 327
flatfy,https://flatfy.ua/redirect/4670262863,631,USD,631.00,1,42,15.02,Голосіїв,"2 кімнати, 42 / 30 / 11 м², поверх 12 з 21, з ремонтом, монолітно-каркасний, 2024, сьогодні о 11:51, Створено 27 травня",42 м²,$ 631
flatfy,https://flatfy.ua/redirect/4639187237,541,USD,541.00,0,44,12.30,Подільський,"1 кімната, 44 / 16 / 22 м², поверх 4 з 25, з ремонтом, монолітно-каркасний, 2022, 22 травня, Створено 20 травня",44 м²,$ 541
flatfy,https://flatfy.ua/redirect/4672175730,451,USD,451.00,0,48,9.40,Солдатська слобідка,"1 кімната, 48 / 15 / 10 м², поверх 9 з 16, з ремонтом, монолітно-каркасний, 2013, 27 травня, Створено 27 травня",48 м²,$ 451
flatfy,https://flatfy.ua/redirect/4671932984,900,USD,900.00,2,120,7.50,Позняки,"3 кімнати, 120 / 47 / 35 м², поверх 17 з 25, з ремонтом, монолітно-каркасний, 2015, 27 травня, Створено 27 травня",120 м²,$ 900
flatfy,https://flatfy.ua/redirect/4670794738,500,USD,500.00,1,51,9.80,Нова забудова,"2 кімнати, 51 / 35 / 15 м², поверх 4 з 10, з ремонтом, цегляний будинок, 1969, вчора о 15:51, Створено 27 травня",51 м²,$ 500
flatfy,https://flatfy.ua/redirect/4671881956,1350,USD,1350.00,1,55,24.55,Нова забудова,"2 кімнати, 55 / 30 / 15 м², поверх 12 з 25, з ремонтом, монолітно-каркасний, 2018, 29 травня, Створено 27 травня",55 м²,$ 1 350
flatfy,https://flatfy.ua/redirect/4671415962,293,USD,293.00,0,43,6.81,Позняки,"1 кімната, 43 / 18 / 8 м², поверх 3 з 16, з ремонтом, утеплена панель, 2004, 29 травня, Створено 27 травня",43 м²,$ 293
flatfy,https://flatfy.ua/redirect/4670805420,203,USD,203.00,0,36,5.64,Лісовий,"1 кімната, 36 / 17 / 8 м², поверх 1 з 9, з ремонтом, цегляний будинок, 1968, 29 травня, Створено 27 травня",36 м²,$ 203
flatfy,https://flatfy.ua/redirect/4670954678,439,USD,439.00,0,40,10.97,Подільський,"1 кімната, 40 / 19 / 6 м², поверх 4 з 26, з ремонтом, монолітно-каркасний, 2023, 29 травня, Створено 27 травня",40 м²,$ 439
flatfy,https://flatfy.ua/redirect/4672626268,406,USD,406.00,1,53,7.66,Кудрявець,"2 кімнати, 53 / 30 / 10 м², поверх 5 з 9, з ремонтом, цегляний будинок, 1979, 27 травня, Створено 27 травня",53 м²,$ 406
flatfy,https://flatfy.ua/redirect/4671419257,338,USD,338.00,1,60,5.63,Позняки,"2 кімнати, 60 / 25 / 8 м², поверх 18 з 25, з ремонтом, утеплена панель, 2014, вчора о 19:56, Створено 27 травня",60 м²,$ 338
flatfy,https://flatfy.ua/redirect/4671403537,361,USD,361.00,1,55,6.56,Новобіличі,"2 кімнати, 55 / 32 / 9 м², поверх 2 з 12, з ремонтом, панельні, 1977, вчора о 13:03, Створено 27 травня",55 м²,$ 361
flatfy,https://flatfy.ua/redirect/4671059168,800,USD,800.00,0,49,16.33,Нижній Печерськ,"1 кімната, 49 / 35 / 10 м², поверх 8 з 25, з ремонтом, монолітно-каркасний, 2015, 29 травня, Створено 27 травня",49 м²,$ 800
flatfy,https://flatfy.ua/redirect/4672188399,496,USD,496.00,2,75,6.61,Виноградар,"3 кімнати, 75 / 42 / 8 м², поверх 2 з 12, з ремонтом, утеплена панель, 1982, вчора о 23:35, Створено 27 травня",75 м²,$ 496
flatfy,https://flatfy.ua/redirect/4671578937,3500,USD,3500.00,2,100,35.00,Чорна Гора,"3 кімнати, 100 / 65 / 25 м², поверх 6 з 10, з ремонтом, цегляний будинок, 2020, вчора о 08:40, Створено 27 травня",100 м²,$ 3 500
flatfy,https://flatfy.ua/redirect/4672253567,1100,USD,1100.00,2,63,17.46,Теремки,"3 кімнати, 63 / 35 / 19 м², поверх 7 з 10, з ремонтом, блочні, 2021, 27 травня, Створено 27 травня",63 м²,$ 1 100
flatfy,https://flatfy.ua/redirect/4671784146,271,USD,271.00,0,34,7.97,Виноградар,"1 кімната, 34 / 17 / 9 м², поверх 4 з 16, з ремонтом, утеплена панель, 1981, сьогодні о 03:39, Створено 27 травня",34 м²,$ 271
flatfy,https://flatfy.ua/redirect/4671297429,1800,USD,1800.00,3,163,11.04,Нова забудова,"4 кімнати, 163 / 130 / 20 м², поверх 8 з 16, з ремонтом, монолітно-каркасний, 2005, вчора о 14:53, Створено 27 травня",163 м²,$ 1 800
flatfy,https://flatfy.ua/redirect/4672819322,271,USD,271.00,0,40,6.78,ДВРЗ,"1 кімната, 40 / 18 / 9 м², поверх 7 з 9, з ремонтом, цегляний будинок, 1995, сьогодні о 08:55, Створено 27 травня",40 м²,$ 271
flatfy,https://flatfy.ua/redirect/4670283839,541,USD,541.00,2,70,7.73,Виноградар,"3 кімнати, 70 / 45 / 10 м², поверх 3 з 9, з ремонтом, утеплена панель, 1987, сьогодні о 07:49, Створено 27 травня",70 м²,$ 541
flatfy,https://flatfy.ua/redirect/4672182858,451,USD,451.00,0,32,14.09,Дніпровський,"1 кімната, 32 / 15 / 15 м², поверх 5 з 9, з ремонтом, блочні, 2019, сьогодні о 07:52, Створено 27 травня",32 м²,$ 451
flatfy,https://flatfy.ua/redirect/4670064414,271,USD,271.00,1,45,6.02,Чоколівка,"2 кімнати, 45 / 30 / 10 м², поверх 3 з 5, без ремонту, цегляний будинок, 1961, сьогодні о 12:58, Створено 27 травня",45 м²,$ 271
flatfy,https://flatfy.ua/redirect/4672009284,338,USD,338.00,1,55,6.15,ДВРЗ,"2 кімнати, 55 / 35 / 8 м², поверх 2 з 10, з ремонтом, утеплена панель, 1993, сьогодні о 12:29, Створено 27 травня",55 м²,$ 338
flatfy,https://flatfy.ua/redirect/4672075379,743,USD,743.00,2,104,7.14,Лівобережний масив,"3 кімнати, 104 / 52 / 30 м², поверх 6 з 15, з ремонтом, монолітно-каркасний, 2003, сьогодні о 12:29, Створено 27 травня",104 м²,$ 743
flatfy,https://flatfy.ua/redirect/4671427838,856,USD,856.00,1,56,15.29,Нова забудова,"2 кімнати, 56 / 22 / 22 м², поверх 4 з 21, з ремонтом, монолітно-каркасний, 2017, сьогодні о 10:17, Створено 27 травня",56 м²,$ 856
flatfy,https://flatfy.ua/redirect/4670720421,631,USD,631.00,1,62,10.18,Подільський,"2 кімнати, 62 / 30 / 20 м², поверх 2 з 26, з ремонтом, монолітно-каркасний, 2024, сьогодні о 09:26, Створено 27 травня",62 м²,$ 631
flatfy,https://flatfy.ua/redirect/4669972038,850,USD,850.00,1,47,18.09,Старий Київ,"2 кімнати, 47 / 29 / 8 м², поверх 2 з 5, з ремонтом, цегляний будинок, 1965, сьогодні о 11:07, Створено 27 травня",47 м²,$ 850
flatfy,https://flatfy.ua/redirect/4669951379,1200,USD,1200.00,2,120,10.00,Печерськ,"3 кімнати, 120 / 71 / 18 м², поверх 5 з 26, з ремонтом, цегляний будинок, 2005, сьогодні о 11:07, Створено 27 травня",120 м²,$ 1 200
flatfy,https://flatfy.ua/redirect/4669936521,2000,USD,2000.00,2,87,22.99,Нижній Печерськ,"3 кімнати, 87 / 41 / 12 м², поверх 6 з 23, з ремонтом, монолітно-каркасний, 2017, сьогодні о 11:08, Створено 27 травня",87 м²,$ 2 000
flatfy,https://flatfy.ua/redirect/4671651050,383,USD,383.00,0,46,8.33,Осокорки,"1 кімната, 46 / 21 / 13 м², поверх 18 з 25, з ремонтом, утеплена панель, 2014, сьогодні о 11:09, Створено 27 травня",46 м²,$ 383
flatfy,https://flatfy.ua/redirect/4671471895,181,USD,181.00,0,32,5.66,Нова Дарниця,"1 кімната, 32 / 19 / 4 м², поверх 3 з 5, без ремонту, цегляний будинок, 1961, сьогодні о 11:09, Створено 27 травня",32 м²,$ 181
flatfy,https://flatfy.ua/redirect/4671009642,293,USD,293.00,0,49,5.98,Позняки,"1 кімната, 49 / 20 / 12 м², поверх 4 з 24, з ремонтом, монолітно-каркасний, 2007, сьогодні о 11:38, Створено 27 травня",49 м²,$ 293
flatfy,https://flatfy.ua/redirect/4670802242,743,USD,743.00,1,75,9.91,Солом'янка,"2 кімнати, 75 / 34 / 20 м², поверх 9 з 21, з ремонтом, монолітно-каркасний, 2014, вчора о 14:33, Створено 27 травня",75 м²,$ 743
flatfy,https://flatfy.ua/redirect/4671273524,650,USD,650.00,0,47,13.83,Подільський,"1 кімната, 47 / 16 / 20 м², поверх 9 з 25, з ремонтом, монолітно-каркасний, 2022, сьогодні о 09:26, Створено 27 травня",47 м²,$ 650
flatfy,https://flatfy.ua/redirect/4670726864,406,USD,406.00,0,39,10.41,Осокорки,"1 кімната, 39 / 18 / 10 м², поверх 9 з 25, з ремонтом, панельні, 2017, сьогодні о 10:28, Створено 27 травня",39 м²,$ 406
flatfy,https://flatfy.ua/redirect/4671814635,484,USD,484.00,1,50,9.68,Оболонь,"2 кімнати, 50 / 34 / 9 м², поверх 4 з 9, з ремонтом, утеплена панель, 1979, сьогодні о 11:04, Створено 27 травня",50 м²,$ 484
flatfy,https://flatfy.ua/redirect/4670323639,316,USD,316.00,2,70,4.51,Святошино,"3 кімнати, 70 / 42 / 9 м², поверх 6 з 16, з ремонтом, утеплена панель, 1979, сьогодні о 11:30, Створено 27 травня",70 м²,$ 316
flatfy,https://flatfy.ua/redirect/4670608139,1300,USD,1300.00,2,97,13.40,Караваєві Дачі,"3 кімнати, 97 / 40 / 15 м², поверх 14 з 17, з ремонтом, монолітно-каркасний, 2003, сьогодні о 11:46, Створено 27 травня",97 м²,$ 1 300
flatfy,https://flatfy.ua/redirect/4671762269,642,USD,642.00,0,50,12.84,Чорна Гора,"1 кімната, 50 / 20 / 15 м², поверх 14 з 25, з ремонтом, монолітно-каркасний, 2015, 29 травня, Створено 27 травня",50 м²,$ 642
flatfy,https://flatfy.ua/redirect/4670869551,901,USD,901.00,2,95,9.48,Нижній Печерськ,"3 кімнати, 95 / 50 / 15 м², поверх 20 з 22, з ремонтом, монолітно-каркасний, 2013, 28 травня, Створено 27 травня",95 м²,$ 901
flatfy,https://flatfy.ua/redirect/4670740544,203,USD,203.00,0,34,5.97,Нивки,"1 кімната, 34 / 16 / 6 м², поверх 5 з 9, з ремонтом, панельні, 1975, 27 травня, Створено 27 травня",34 м²,$ 203
flatfy,https://flatfy.ua/redirect/4670931981,700,USD,700.00,0,43,16.28,Дніпровський,"1 кімната, 43 / 10 / 16 м², поверх 4 з 17, з ремонтом, цегляний будинок, 2022, вчора о 10:32, Створено 27 травня",43 м²,$ 700
flatfy,https://flatfy.ua/redirect/4671335591,451,USD,451.00,0,38,11.87,Осокорки,"1 кімната, 38 / 16 / 13 м², поверх 14 з 25, з ремонтом, цегляний будинок, 2022, сьогодні о 06:44, Створено 27 травня",38 м²,$ 451
flatfy,https://flatfy.ua/redirect/4670608266,563,USD,563.00,0,40,14.07,Оболонський,"1 кімната, 40 / 12 / 15 м², поверх 2 з 5, з ремонтом, монолітно-каркасний, 2021, 27 травня, Створено 27 травня",40 м²,$ 563
flatfy,https://flatfy.ua/redirect/4669803934,394,USD,394.00,1,71,5.55,Позняки,"2 кімнати, 71 / 45 / 12 м², поверх 11 з 26, з ремонтом, монолітно-каркасний, 2006, 29 травня, Створено 27 травня",71 м²,$ 394
flatfy,https://flatfy.ua/redirect/4669668080,700,USD,700.00,1,61,11.48,Печерськ,"2 кімнати, 61 / 18 / 19 м², поверх 3 з 9, з ремонтом, цегляний будинок, 1965, сьогодні о 05:03, Створено 27 травня",61 м²,$ 700
flatfy,https://flatfy.ua/redirect/4670489221,600,USD,600.00,0,30,20.00,Верхня Теличка,"1 кімната, 30 / 20 / 10 м², поверх 5 з 26, з ремонтом, монолітно-каркасний, 2020, сьогодні о 08:28, Створено 27 травня",30 м²,$ 600
flatfy,https://flatfy.ua/redirect/4670569402,586,USD,586.00,2,101,5.80,Позняки,"3 кімнати, 101 / 75 / 20 м², поверх 19 з 24, з ремонтом, монолітно-каркасний, 2006, сьогодні о 13:37, Створено 27 травня",101 м²,$ 586
flatfy,https://flatfy.ua/redirect/4671925799,316,USD,316.00,0,38,8.32,Новобіличі,"1 кімната, 38 / 14 / 10 м², поверх 20 з 26, з ремонтом, монолітно-каркасний, 2014, сьогодні о 18:45, Створено 27 травня",38 м²,$ 316
flatfy,https://flatfy.ua/redirect/4670621492,406,USD,406.00,1,50,8.12,Поділ,"2 кімнати, 50 / 39 / 8 м², поверх 1 з 9, з ремонтом, цегляний будинок, 1969, сьогодні о 19:11, Створено 27 травня",50 м²,$ 406
flatfy,https://flatfy.ua/redirect/4671624562,226,USD,226.00,1,54,4.19,Харківський,"2 кімнати, 54 / 30 / 8 м², поверх 9 з 9, без ремонту, утеплена панель, 1985, сьогодні о 14:38, Створено 27 травня",54 м²,$ 226
flatfy,https://flatfy.ua/redirect/4671934201,375,USD,375.00,1,70,5.36,Багринова гора,"2 кімнати, 70 / 40 / 15 м², поверх 3 з 25, з ремонтом, цегляний будинок, 2019, сьогодні о 15:28, Створено 27 травня",70 м²,$ 375
flatfy,https://flatfy.ua/redirect/4671649475,1200,USD,1200.00,2,103,11.65,Теремки-2,"3 кімнати, 103 / 56 / 16 м², поверх 19 з 19, з ремонтом, монолітно-каркасний, 2005, 27 травня, Створено 27 травня",103 м²,$ 1 200
flatfy,https://flatfy.ua/redirect/4670915514,428,USD,428.00,1,70,6.11,Мінський,"2 кімнати, 70 / 40 / 25 м², поверх 21 з 25, з ремонтом, монолітно-каркасний, 2017, сьогодні о 16:58, Створено 27 травня",70 м²,$ 428
flatfy,https://flatfy.ua/redirect/4669959589,541,USD,541.00,2,100,5.41,Позняки,"3 кімнати, 100 / 30 / 30 м², поверх 2 з 16, з ремонтом, монолітно-каркасний, 1999, сьогодні о 17:56, Створено 27 травня",100 м²,$ 541
flatfy,https://flatfy.ua/redirect/4669959658,900,USD,900.00,1,104,8.65,Позняки,"2 кімнати, 104 / 20 / 50 м², поверх 13 з 25, з ремонтом, монолітно-каркасний, 2006, сьогодні о 17:56, Створено 27 травня",104 м²,$ 900
flatfy,https://flatfy.ua/redirect/4669717691,293,USD,293.00,1,78,3.76,Північно-Броварський,"2 кімнати, 78 / 45 / 12 м², поверх 6 з 16, з ремонтом, монолітно-каркасний, 2004, сьогодні о 18:13, Створено 27 травня",78 м²,$ 293
flatfy,https://flatfy.ua/redirect/4670375467,1000,USD,1000.00,0,64,15.63,Нова забудова,"1 кімната, 64 / 30 / 20 м², поверх 18 з 25, з ремонтом, монолітно-каркасний, 2007, сьогодні о 18:48, Створено 27 травня",64 м²,$ 1 000
flatfy,https://flatfy.ua/redirect/4671748231,304,USD,304.00,0,35,8.69,Дніпровський,"1 кімната, 35 / 30 / 5 м², поверх 7 з 9, з ремонтом, монолітно-каркасний, 2018, сьогодні о 19:54, Створено 27 травня",35 м²,$ 304
flatfy,https://flatfy.ua/redirect/4670993421,361,USD,361.00,1,65,5.55,Соцмісто,"2 кімнати, 65 / 34 / 12 м², поверх 5 з 5, з ремонтом, цегляний будинок, сьогодні о 21:05, Створено 27 травня",65 м²,$ 361
flatfy,https://flatfy.ua/redirect/4671202789,192,USD,192.00,0,33,5.82,Троєщина,"1 кімната, 33 / 17 / 8 м², поверх 8 з 9, з ремонтом, утеплена панель, 1984, сьогодні о 17:17, Створено 27 травня",33 м²,$ 192
flatfy,https://flatfy.ua/redirect/4672240146,203,USD,203.00,0,23,8.83,Північно-Броварський,"1 кімната, 23 / 11 / 5 м², поверх 9 з 9, з ремонтом, панельні, 1972, сьогодні о 21:02, Створено 27 травня",23 м²,$ 203
flatfy,https://flatfy.ua/redirect/4671231699,451,USD,451.00,0,45,10.02,Позняки,"1 кімната, 45 / 20 / 13 м², поверх 2 з 16, з ремонтом, утеплена панель, 2002, сьогодні о 21:28, Створено 27 травня",45 м²,$ 451
flatfy,https://flatfy.ua/redirect/4636062795,394,USD,394.00,0,38,10.37,Голосіїв,"1 кімната, 38 / - / 28 м², поверх 4 з 21, з ремонтом, 21 травня, Створено 20 травня",38 м²,$ 394
flatfy,https://flatfy.ua/redirect/4665566729,147,USD,147.00,0,25,5.88,Вишгородський масив,"1 кімната, 25 / - / 12 м², поверх 3 з 5, з ремонтом, цегляний будинок, 26 травня, Створено 26 травня",25 м²,$ 147
flatfy,https://flatfy.ua/redirect/4671675532,406,USD,406.00,2,110,3.69,Позняки,"3 кімнати, 110 / - / 12 м², поверх 7 з 16, з ремонтом, панельні, 2002, 27 травня, Створено 27 травня",110 м²,$ 406
flatfy,https://flatfy.ua/redirect/4671217770,203,USD,203.00,0,33,6.15,Харківський,"1 кімната, 33 / - / 8 м², поверх 4 з 16, з ремонтом, цегляний будинок, 1984, 27 травня, Створено 27 травня",33 м²,$ 203
flatfy,https://flatfy.ua/redirect/4670914829,1000,USD,1000.00,2,105,9.52,Мінський,"3 кімнати, 105 / - / 30 м², поверх 8 з 24, з ремонтом, 27 травня, Створено 27 травня",105 м²,$ 1 000
flatfy,https://flatfy.ua/redirect/3751717157,361,USD,361.00,0,50,7.22,Мишоловка,"1 кімната, 50 / - / 15 м², поверх 13 з 15, з ремонтом, утеплена панель, 2005, 27 травня, Створено 27 травня",50 м²,$ 361
flatfy,https://flatfy.ua/redirect/4681020096,361,USD,361.00,2,60,6.02,Звіринець,"3 кімнати, 60 / - / 7 м², поверх 2 з 5, з ремонтом, цегляний будинок, 1962, 29 травня, Створено 27 травня",60 м²,$ 361
flatfy,https://flatfy.ua/redirect/4636473530,372,USD,372.00,0,45,8.27,Пріорка,"1 кімната, 45 / - / 12 м², поверх 4 з 24, з ремонтом, панельні, 2025, 19 травня, Створено 27 травня",45 м²,$ 372
flatfy,https://flatfy.ua/redirect/4672169073,361,USD,361.00,0,30,12.03,Липки,"1 кімната, 30 / - / 6 м², поверх 8 з 9, з ремонтом, панельні, 1967, 27 травня, Створено 27 травня",30 м²,$ 361
flatfy,https://flatfy.ua/redirect/4672265134,608,USD,608.00,1,38,16.00,Нивки,"2 кімнати, 38 / - / 20 м², поверх 6 з 7, з ремонтом, 27 травня, Створено 27 травня",38 м²,$ 608
flatfy,https://flatfy.ua/redirect/4671141115,1350,USD,1350.00,0,55,24.55,Нова забудова,"1 кімната, 55 / - / 24 м², поверх 4 з 10, з ремонтом, цегляний будинок, 27 травня, Створено 27 травня",55 м²,$ 1 350
flatfy,https://flatfy.ua/redirect/4671427223,304,USD,304.00,1,53,5.74,Березняки,"2 кімнати, 53 / - / 6 м², поверх 3 з 9, з ремонтом, цегляний будинок, 1968, 27 травня, Створено 27 травня",53 м²,$ 304
flatfy,https://flatfy.ua/redirect/4672374162,563,USD,563.00,1,70,8.04,,"2 кімнати, 70 / - / 12 м², поверх 9 з 12, з ремонтом, цегляний будинок, 27 травня, Створено 27 травня",70 м²,$ 563
flatfy,https://flatfy.ua/redirect/4670762060,338,USD,338.00,0,38,8.89,,"1 кімната, 38 / - / 15 м², поверх 3 з 4, з ремонтом, 27 травня, Створено 27 травня",38 м²,$ 338
flatfy,https://flatfy.ua/redirect/4670786924,136,USD,136.00,0,35,3.89,Троєщина,"1 кімната, 35 / - / 8 м², поверх 15 з 16, з ремонтом, утеплена панель, 1983, 27 травня, Створено 27 травня",35 м²,$ 136
flatfy,https://flatfy.ua/redirect/4670968726,316,USD,316.00,1,40,7.90,Чоколівка,"2 кімнати, 40 / - / 6 м², поверх 1 з 5, з ремонтом, цегляний будинок, 1960, 27 травня, Створено 27 травня",40 м²,$ 316
flatfy,https://flatfy.ua/redirect/4671689432,226,USD,226.00,0,32,7.06,Солом'янка,"1 кімната, 32 / - / 8 м², поверх 9 з 16, з ремонтом, панельні, 1974, 27 травня, Створено 27 травня",32 м²,$ 226
flatfy,https://flatfy.ua/redirect/4671193240,496,USD,496.00,1,83,5.98,Теремки-2,"2 кімнати, 83 / - / 16 м², поверх 11 з 12, з ремонтом, цегляний будинок, 2006, 27 травня, Створено 27 травня",83 м²,$ 496
flatfy,https://flatfy.ua/redirect/4679518381,428,USD,428.00,1,53,8.08,Біличі,"2 кімнати, 53 / - / 8.5 м², поверх 7 з 16, з ремонтом, утеплена панель, 1993, 29 травня, Створено 27 травня",53 м²,$ 428
flatfy,https://flatfy.ua/redirect/4676110842,631,USD,631.00,0,30,21.03,Голосіїв,"1 кімната, 30 / - / 10 м², поверх 8 з 16, з ремонтом, 28 травня, Створено 27 травня",30 м²,$ 631
flatfy,https://flatfy.ua/redirect/4670675196,169,USD,169.00,0,23,7.35,Караваєві Дачі,"1 кімната, 23 / - / 23 м², поверх 1 з 2, з ремонтом, 27 травня, Створено 27 травня",23 м²,$ 169
flatfy,https://flatfy.ua/redirect/4669929566,271,USD,271.00,0,28,9.68,,"1 кімната, 28 / - / 6 м², поверх 2 з 5, з ремонтом, цегляний будинок, 27 травня, Створено 27 травня",28 м²,$ 271
flatfy,https://flatfy.ua/redirect/4674910954,259,USD,259.00,0,36,7.19,Новобіличі,"1 кімната, 36 / - / 8 м², поверх 3 з 16, з ремонтом, цегляний будинок, 1981, 28 травня, Створено 27 травня",36 м²,$ 259
flatfy,https://flatfy.ua/redirect/4671663688,304,USD,304.00,1,46,6.61,Шулявка,"2 кімнати, 46 / - / 8 м², поверх 3 з 9, з ремонтом, панельні, 1978, 27 травня, Створено 27 травня",46 м²,$ 304
flatfy,https://flatfy.ua/redirect/4679065616,761,USD,761.00,1,48,15.85,Лівобережний масив,"2 кімнати, 48 / - / 18 м², поверх 3 з 26, з ремонтом, цегляний будинок, 2021, 29 травня, Створено 27 травня",48 м²,$ 761
flatfy,https://flatfy.ua/redirect/4672280352,181,USD,181.00,0,24,7.54,Нивки,"1 кімната, 24 / - / 8 м², поверх 1 з 5, з ремонтом, цегляний будинок, 1973, 27 травня, Створено 27 травня",24 м²,$ 181
flatfy,https://flatfy.ua/redirect/4675992446,518,USD,518.00,1,50,10.36,Печерськ,"2 кімнати, 50 / - / 7 м², поверх 6 з 9, з ремонтом, цегляний будинок, 1963, 28 травня, Створено 27 травня",50 м²,$ 518
flatfy,https://flatfy.ua/redirect/4671296765,316,USD,316.00,1,76,4.16,,"2 кімнати, 76 / - / 12 м², поверх 14 з 25, з ремонтом, панельні, 27 травня, Створено 27 травня",76 м²,$ 316
flatfy,https://flatfy.ua/redirect/4679553251,676,USD,676.00,1,75,9.01,,"2 кімнати, 75 / - / 14 м², поверх 3 з 25, з ремонтом, цегляний будинок, 29 травня, Створено 27 травня",75 м²,$ 676
flatfy,https://flatfy.ua/redirect/4672374157,271,USD,271.00,0,28,9.68,Академмістечко,"1 кімната, 28 / - / 5 м², поверх 4 з 5, з ремонтом, цегляний будинок, 1967, 27 травня, Створено 27 травня",28 м²,$ 271
flatfy,https://flatfy.ua/redirect/4599623108,176,USD,176.00,0,28,6.29,Стара Дарниця,"1 кімната, 28 / - / 7 м², поверх 1 з 9, з ремонтом, цегляний будинок, 1986, 22 травня, Створено 27 травня",28 м²,$ 176
flatfy,https://flatfy.ua/redirect/4673064692,451,USD,451.00,2,72,6.26,Троєщина,"3 кімнати, 72 / - / 9.5 м², поверх 2 з 16, з ремонтом, утеплена панель, 1984, 28 травня, Створено 28 травня",72 м²,$ 451
flatfy,https://flatfy.ua/redirect/4669874422,586,USD,586.00,0,35,16.74,,"1 кімната, 35 / - / 10 м², поверх 3 з 3, з ремонтом, цегляний будинок, 27 травня, Створено 27 травня",35 м²,$ 586
flatfy,https://flatfy.ua/redirect/4672321226,1700,USD,1700.00,1,120,14.17,Чорна Гора,"2 кімнати, 120 / - / 63 м², поверх 4 з 18, з ремонтом, монолітно-каркасний, 2010, 27 травня, Створено 27 травня",120 м²,$ 1 700
flatfy,https://flatfy.ua/redirect/4285196513,338,USD,338.00,2,70,4.83,,"3 кімнати, 70 / - / 8 м², поверх 1 з 9, з ремонтом, панельні, 27 травня, Створено 27 травня",70 м²,$ 338
flatfy,https://flatfy.ua/redirect/4670196632,563,USD,563.00,0,50,11.26,,"1 кімната, 50 / - / 14 м², поверх 6 з 25, з ремонтом, 27 травня, Створено 27 травня",50 м²,$ 563
flatfy,https://flatfy.ua/redirect/4032919971,338,USD,338.00,1,52,6.50,Нова Дарниця,"2 кімнати, 52 / - / 8 м², поверх 3 з 9, з ремонтом, цегляний будинок, 27 травня, Створено 27 травня",52 м²,$ 338
flatfy,https://flatfy.ua/redirect/4671041616,451,USD,451.00,0,47,9.60,Позняки,"1 кімната, 47 / - / 15 м², поверх 7 з 22, з ремонтом, блочні, 2023, 27 травня, Створено 27 травня",47 м²,$ 451
flatfy,https://flatfy.ua/redirect/4670859723,383,USD,383.00,1,64,5.98,Осокорки,"2 кімнати, 64 / - / 12.5 м², поверх 15 з 25, з ремонтом, монолітно-каркасний, 2014, 27 травня, Створено 27 травня",64 м²,$ 383
flatfy,https://flatfy.ua/redirect/4669110007,304,USD,304.00,0,21,14.48,Соцмісто,"1 кімната, 21 / - / 7 м², поверх 3 з 8, з ремонтом, цегляний будинок, 2018, сьогодні о 02:59, Створено 27 травня",21 м²,$ 304
flatfy,https://flatfy.ua/redirect/3915775835,248,USD,248.00,0,38,6.53,Нова Дарниця,"1 кімната, 38 / - / 8 м², поверх 3 з 5, з ремонтом, цегляний будинок, 1968, 21 травня, Створено 27 травня",38 м²,$ 248
flatfy,https://flatfy.ua/redirect/4670786940,383,USD,383.00,2,76,5.04,Новобіличі,"3 кімнати, 76 / - / 12 м², поверх 4 з 12, з ремонтом, панельні, 1977, 27 травня, Створено 27 травня",76 м²,$ 383
flatfy,https://flatfy.ua/redirect/4672321231,383,USD,383.00,1,64,5.98,Дарницький,"2 кімнати, 64 / - / 10 м², поверх 1 з 9, з ремонтом, панельні, 27 травня, Створено 27 травня",64 м²,$ 383
flatfy,https://flatfy.ua/redirect/4675781692,586,USD,586.00,1,51,11.49,Татарка,"2 кімнати, 51 / - / 8 м², поверх 5 з 9, з ремонтом, панельні, 1987, 28 травня, Створено 27 травня",51 м²,$ 586
flatfy,https://flatfy.ua/redirect/4520459438,361,USD,361.00,0,36,10.03,Борщагівка,"1 кімната, 36 / - / 9 м², поверх 5 з 25, з ремонтом, 20 травня, Створено 27 травня",36 м²,$ 361
flatfy,https://flatfy.ua/redirect/4676546394,586,USD,586.00,0,52,11.27,Голосіїв,"1 кімната, 52 / - / 20 м², поверх 12 з 27, з ремонтом, монолітно-каркасний, 2017, 28 травня, Створено 27 травня",52 м²,$ 586
flatfy,https://flatfy.ua/redirect/4671245002,304,USD,304.00,0,43,7.07,Троєщина,"1 кімната, 43 / - / 12 м², поверх 10 з 25, з ремонтом, утеплена панель, 2009, 27 травня, Створено 27 травня",43 м²,$ 304
flatfy,https://flatfy.ua/redirect/4670874273,338,USD,338.00,0,37,9.14,Оболонь,"1 кімната, 37 / - / 7 м², поверх 1 з 9, з ремонтом, панельні, 1973, 27 травня, Створено 27 травня",37 м²,$ 338
flatfy,https://flatfy.ua/redirect/3975085352,226,USD,226.00,0,34,6.65,Троєщина,"1 кімната, 34 / - / 8 м², поверх 7 з 9, з ремонтом, утеплена панель, 1992, 27 травня, Створено 27 травня",34 м²,$ 226
flatfy,https://flatfy.ua/redirect/4133079580,226,USD,226.00,0,38,5.95,Святошинський,"1 кімната, 38 / - / 9 м², поверх 13 з 21, з ремонтом, 27 травня, Створено 27 травня",38 м²,$ 226
flatfy,https://flatfy.ua/redirect/4671880967,597,USD,597.00,2,88,6.78,Вітряні Гори,"3 кімнати, 88 / - / 9 м², поверх 5 з 9, з ремонтом, цегляний будинок, 1998, 27 травня, Створено 27 травня",88 м²,$ 597
flatfy,https://flatfy.ua/redirect/4432489187,181,USD,181.00,0,25,7.24,Голосіївський,"1 кімната, 25 / - / 4 м², поверх 1 з 3, з ремонтом, 29 травня, Створено 27 травня",25 м²,$ 181
flatfy,https://flatfy.ua/redirect/4672457060,586,USD,586.00,0,45,13.02,Відрадний,"1 кімната, 45 / - / 15 м², поверх 25 з 26, з ремонтом, монолітно-каркасний, 2017, 27 травня, Створено 27 травня",45 м²,$ 586
flatfy,https://flatfy.ua/redirect/4685256283,271,USD,271.00,1,40,6.78,Нижній Печерськ,"2 кімнати, 40 / - / 6 м², поверх 3 з 5, з ремонтом, цегляний будинок, 1960, вчора о 19:57, Створено 27 травня",40 м²,$ 271
flatfy,https://flatfy.ua/redirect/4671402595,451,USD,451.00,2,63,7.16,Голосіїв,"3 кімнати, 63 / - / 7 м², поверх 6 з 9, з ремонтом, цегляний будинок, 1964, 27 травня, Створено 27 травня",63 м²,$ 451
flatfy,https://flatfy.ua/redirect/4672471303,406,USD,406.00,2,70,5.80,Шевченківський,"3 кімнати, 70 / - / 8 м², поверх 3 з 5, з ремонтом, цегляний будинок, 27 травня, Створено 27 травня",70 м²,$ 406
flatfy,https://flatfy.ua/redirect/4671931849,496,USD,496.00,2,106,4.68,Солом'янка,"3 кімнати, 106 / - / 15 м², поверх 10 з 19, з ремонтом, цегляний будинок, 2001, 27 травня, Створено 27 травня",106 м²,$ 496
flatfy,https://flatfy.ua/redirect/4671810481,496,USD,496.00,1,45,11.02,Нова забудова,"2 кімнати, 45 / - / 6 м², поверх 2 з 9, з ремонтом, цегляний будинок, 1965, 27 травня, Створено 27 травня",45 м²,$ 496
flatfy,https://flatfy.ua/redirect/4077692105,282,USD,282.00,2,56,5.04,Куренівка,"3 кімнати, 56 / - / 8 м², поверх 1 з 3, з ремонтом, цегляний будинок, 1935, 27 травня, Створено 27 травня",56 м²,$ 282
flatfy,https://flatfy.ua/redirect/4653366176,631,USD,631.00,2,80,7.89,Позняки,"3 кімнати, 80 / - / 15 м², поверх 15 з 25, з ремонтом, монолітно-каркасний, 2016, 29 травня, Створено 27 травня",80 м²,$ 631
flatfy,https://flatfy.ua/redirect/4309374486,484,USD,484.00,0,41,11.80,Харківський,"1 кімната, 41 / - / 18 м², поверх 10 з 25, з ремонтом, цегляний будинок, 2023, 27 травня, Створено 27 травня",41 м²,$ 484
flatfy,https://flatfy.ua/redirect/4671141076,327,USD,327.00,0,39,8.38,Голосіївський,"1 кімната, 39 / - / 14 м², поверх 2 з 2, з ремонтом, 27 травня, Створено 27 травня",39 м²,$ 327
flatfy,https://flatfy.ua/redirect/4672060786,248,USD,248.00,0,23,10.78,Стара Дарниця,"1 кімната, 23 / - / 5 м², поверх 19 з 26, з ремонтом, блочні, 2016, 27 травня, Створено 27 травня",23 м²,$ 248
flatfy,https://flatfy.ua/redirect/4670145991,226,USD,226.00,0,40,5.65,Багринова гора,"1 кімната, 40 / - / 9 м², поверх 16 з 24, з ремонтом, панельні, 2019, 27 травня, Створено 27 травня",40 м²,$ 226
flatfy,https://flatfy.ua/redirect/4671141093,338,USD,338.00,0,55,6.15,Вітряні Гори,"1 кімната, 55 / - / 16 м², поверх 10 з 27, з ремонтом, утеплена панель, 2015, 27 травня, Створено 27 травня",55 м²,$ 338
flatfy,https://flatfy.ua/redirect/4643543918,471,USD,471.00,0,48,9.81,Сирець,"1 кімната, 48 / - / 14 м², поверх 16 з 20, з ремонтом, монолітно-каркасний, 2011, 28 травня, Створено 27 травня",48 м²,$ 471
flatfy,https://flatfy.ua/redirect/4670675221,203,USD,203.00,0,31,6.55,Відрадний,"1 кімната, 31 / - / 7 м², поверх 1 з 5, з ремонтом, цегляний будинок, 1962, 27 травня, Створено 27 травня",31 м²,$ 203
flatfy,https://flatfy.ua/redirect/4670762044,406,USD,406.00,0,40,10.15,Голосіїв,"1 кімната, 40 / - / 18 м², поверх 5 з 34, з ремонтом, блочні, 2020, 27 травня, Створено 27 травня",40 м²,$ 406
flatfy,https://flatfy.ua/redirect/4672861614,1801,USD,1801.00,1,86,20.94,Нижній Печерськ,"2 кімнати, 86 / - / 16.8 м², поверх 12 з 25, з ремонтом, цегляний будинок, 2011, 27 травня, Створено 27 травня",86 м²,$ 1 801
flatfy,https://flatfy.ua/redirect/4670620878,226,USD,226.00,0,45,5.02,Троєщина,"1 кімната, 45 / - / 12 м², поверх 23 з 25, з ремонтом, 27 травня, Створено 27 травня",45 м²,$ 226
flatfy,https://flatfy.ua/redirect/4671321325,338,USD,338.00,0,34,9.94,Харківський,"1 кімната, 34 / - / 8 м², поверх 1 з 9, з ремонтом, цегляний будинок, 1988, 27 травня, Створено 27 травня",34 м²,$ 338
flatfy,https://flatfy.ua/redirect/3816630513,248,USD,248.00,0,36,6.89,Північно-Броварський,"1 кімната, 36 / - / 8 м², поверх 7 з 9, з ремонтом, панельні, 1978, 26 травня, Створено 27 травня",36 м²,$ 248
flatfy,https://flatfy.ua/redirect/4670874290,181,USD,181.00,1,56,3.23,Мишоловка,"2 кімнати, 56 / - / 12 м², поверх 3 з 18, з ремонтом, утеплена панель, 2005, 27 травня, Створено 27 травня",56 м²,$ 181
flatfy,https://flatfy.ua/redirect/4671499087,226,USD,226.00,0,29,7.79,Нивки,"1 кімната, 29 / - / 6 м², поверх 5 з 5, з ремонтом, панельні, 1962, 27 травня, Створено 27 травня",29 м²,$ 226
flatfy,https://flatfy.ua/redirect/4671458646,316,USD,316.00,0,44,7.18,Позняки,"1 кімната, 44 / - / 13 м², поверх 7 з 14, з ремонтом, монолітно-каркасний, 1998, 27 травня, Створено 27 травня",44 м²,$ 316
flatfy,https://flatfy.ua/redirect/4671648667,496,USD,496.00,0,42,11.81,Варшавський Мікрорайон,"1 кімната, 42 / - / 18 м², поверх 6 з 14, з ремонтом, 27 травня, Створено 27 травня",42 м²,$ 496
flatfy,https://flatfy.ua/redirect/4671272716,1351,USD,1351.00,1,110,12.28,Солдатська слобідка,"2 кімнати, 110 / - / 25 м², поверх 18 з 22, з ремонтом, цегляний будинок, 2010, 27 травня, Створено 27 травня",110 м²,$ 1 351
flatfy,https://flatfy.ua/redirect/4673465600,282,USD,282.00,0,30,9.40,,"1 кімната, 30 / - / 7 м², поверх 4 з 5, з ремонтом, 28 травня, Створено 28 травня",30 м²,$ 282
flatfy,https://flatfy.ua/redirect/4671810469,950,USD,950.00,2,102,9.31,,"3 кімнати, 102 / - / 13 м², поверх 3 з 25, з ремонтом, 27 травня, Створено 27 травня",102 м²,$ 950
flatfy,https://flatfy.ua/redirect/4671617125,271,USD,271.00,0,35,7.74,Феофанія,"1 кімната, 35 / - / 7 м², поверх 6 з 9, з ремонтом, цегляний будинок, 1965, 27 травня, Створено 27 травня",35 м²,$ 271
flatfy,https://flatfy.ua/redirect/4687702500,248,USD,248.00,0,32,7.75,Позняки,"1 кімната, 32 / - / 7 м², поверх 4 з 9, з ремонтом, цегляний будинок, 1982, сьогодні о 09:24, Створено 27 травня",32 м²,$ 248
flatfy,https://flatfy.ua/redirect/4680187115,73,USD,73.00,0,30,2.43,Нивки,"1 кімната, 30 / - / 6 м², поверх 12 з 16, без ремонту, монолітно-каркасний, 2019, 29 травня, Створено 27 травня",30 м²,$ 73
flatfy,https://flatfy.ua/redirect/4671057456,878,USD,878.00,1,75,11.71,Позняки,"2 кімнати, 75 / - / 18 м², поверх 6 з 24, з ремонтом, цегляний будинок, 2023, 27 травня, Створено 27 травня",75 м²,$ 878
flatfy,https://flatfy.ua/redirect/4672137184,338,USD,338.00,1,58,5.83,Виноградар,"2 кімнати, 58 / - / 9 м², поверх 4 з 10, з ремонтом, панельні, 1991, сьогодні о 08:03, Створено 27 травня",58 м²,$ 338
flatfy,https://flatfy.ua/redirect/4678842165,293,USD,293.00,0,38,7.71,Відрадний,"1 кімната, 38 / - / 8 м², поверх 6 з 9, з ремонтом, цегляний будинок, 1973, 29 травня, Створено 27 травня",38 м²,$ 293
flatfy,https://flatfy.ua/redirect/4670900295,338,USD,338.00,1,47,7.19,Микільська Борщагівка,"2 кімнати, 47 / - / 6 м², поверх 9 з 9, з ремонтом, панельні, 1968, сьогодні о 12:19, Створено 27 травня",47 м²,$ 338
flatfy,https://flatfy.ua/redirect/4670730388,799,USD,799.00,1,85,9.40,Нижній Печерськ,"2 кімнати, 85 / - / 16 м², поверх 18 з 26, з ремонтом, цегляний будинок, 2005, сьогодні о 11:24, Створено 27 травня",85 м²,$ 799
flatfy,https://flatfy.ua/redirect/4149877657,291,USD,291.00,1,50,5.82,Татарка,"2 кімнати, 50 / - / 8.5 м², поверх 7 з 9, з ремонтом, цегляний будинок, 1976, сьогодні о 11:56, Створено 27 травня",50 м²,$ 291
flatfy,https://flatfy.ua/redirect/4212381746,203,USD,203.00,0,23,8.83,Лісовий,"1 кімната, 23 / - / 4 м², поверх 1 з 9, з ремонтом, цегляний будинок, 1972, 27 травня, Створено 27 травня",23 м²,$ 203
flatfy,https://flatfy.ua/redirect/4671244974,226,USD,226.00,0,39,5.79,Троєщина,"1 кімната, 39 / - / 12 м², поверх 11 з 25, з ремонтом, утеплена панель, 2008, 27 травня, Створено 27 травня",39 м²,$ 226
flatfy,https://flatfy.ua/redirect/4672321228,338,USD,338.00,1,56,6.04,Харківський,"2 кімнати, 56 / - / 9 м², поверх 5 з 10, з ремонтом, цегляний будинок, 1987, 27 травня, Створено 27 травня",56 м²,$ 338
flatfy,https://flatfy.ua/redirect/4670730404,721,USD,721.00,0,52,13.87,Теремки,"1 кімната, 52 / - / 20 м², поверх 10 з 23, з ремонтом, 27 травня, Створено 27 травня",52 м²,$ 721
flatfy,https://flatfy.ua/redirect/4500532743,293,USD,293.00,1,46,6.37,Вітряні Гори,"2 кімнати, 46 / - / 6 м², поверх 3 з 5, з ремонтом, цегляний будинок, 1965, сьогодні о 10:03, Створено 27 травня",46 м²,$ 293
flatfy,https://flatfy.ua/redirect/4667340779,361,USD,361.00,1,57,6.33,Осокорки,"2 кімнати, 57 / - / 11.5 м², поверх 18 з 25, з ремонтом, монолітно-каркасний, 2007, 26 травня, Створено 27 травня",57 м²,$ 361
flatfy,https://flatfy.ua/redirect/4670337999,169,USD,169.00,0,30,5.63,Сирець,"1 кімната, 30 / - / 6 м², поверх 4 з 9, з ремонтом, цегляний будинок, 1975, сьогодні о 15:15, Створено 27 травня",30 м²,$ 169
flatfy,https://flatfy.ua/redirect/3354704748,563,USD,563.00,3,124,4.54,Борщагівка,"4 кімнати, 124 / - / 16 м², поверх 12 з 18, з ремонтом, монолітно-каркасний, 2012, сьогодні о 15:15, Створено 27 травня",124 м²,$ 563
flatfy,https://flatfy.ua/redirect/4507975917,451,USD,451.00,0,30,15.03,Совки,"1 кімната, 30 / - / 10 м², поверх 23 з 28, з ремонтом, цегляний будинок, 27 травня, Створено 27 травня",30 м²,$ 451
flatfy,https://flatfy.ua/redirect/4672008261,169,USD,169.00,0,26,6.50,Райдужний,"1 кімната, 26 / - / 4 м², поверх 2 з 2, з ремонтом, сьогодні о 18:56, Створено 27 травня",26 м²,$ 169
flatfy,https://flatfy.ua/redirect/4114911305,586,USD,586.00,0,46,12.74,Виноградар,"1 кімната, 46 / - / 20 м², поверх 12 з 25, з ремонтом, блочні, 2024, сьогодні о 19:07, Створено 27 травня",46 м²,$ 586
flatfy,https://flatfy.ua/redirect/4672060788,428,USD,428.00,0,35,12.23,Ґалаґани,"1 кімната, 35 / - / 8 м², поверх 11 з 16, з ремонтом, монолітно-каркасний, 2016, сьогодні о 19:07, Створено 27 травня",35 м²,$ 428
flatfy,https://flatfy.ua/redirect/4672111762,338,USD,338.00,0,32,10.56,Осокорки,"1 кімната, 32 / - / 8 м², поверх 18 з 26, з ремонтом, сьогодні о 19:01, Створено 27 травня",32 м²,$ 338
flatfy,https://flatfy.ua/redirect/4672008267,203,USD,203.00,1,40,5.08,,"2 кімнати, 40 / - / 4 м², поверх 1 з 2, з ремонтом, сьогодні о 18:47, Створено 27 травня",40 м²,$ 203
flatfy,https://flatfy.ua/redirect/4671648666,293,USD,293.00,1,60,4.88,Лісовий,"2 кімнати, 60 / - / 8 м², поверх 11 з 12, з ремонтом, панельні, 1972, сьогодні о 16:40, Створено 27 травня",60 м²,$ 293
flatfy,https://flatfy.ua/redirect/4671689461,451,USD,451.00,1,54,8.35,Виноградар,"2 кімнати, 54 / - / 7 м², поверх 12 з 16, з ремонтом, панельні, 1982, сьогодні о 16:40, Створено 27 травня",54 м²,$ 451
flatfy,https://flatfy.ua/redirect/4670620837,271,USD,271.00,0,27,10.04,Оболонь,"1 кімната, 27 / - / 6 м², поверх 9 з 9, з ремонтом, панельні, 1975, сьогодні о 10:55, Створено 27 травня",27 м²,$ 271
flatfy,https://flatfy.ua/redirect/4353949921,270,USD,270.00,0,23,11.74,Оболонь,"1 кімната, 23 / - / 6 м², поверх 1 з 9, з ремонтом, панельні, 1975, 27 травня, Створено 27 травня",23 м²,$ 270
flatfy,https://flatfy.ua/redirect/4672393137,226,USD,226.00,1,50,4.52,Пріорка,"2 кімнати, 50 / - / 9 м², поверх 1 з 10, з ремонтом, панельні, сьогодні о 20:55, Створено 27 травня",50 м²,$ 226
flatfy,https://flatfy.ua/redirect/4672549948,563,USD,563.00,0,53,10.62,Солом'янка,"1 кімната, 53 / - / 18 м², поверх 8 з 23, з ремонтом, монолітно-каркасний, 2018, 27 травня, Створено 27 травня",53 м²,$ 563
flatfy,https://flatfy.ua/redirect/1980877693,383,USD,383.00,0,36,10.64,Березняки,"1 кімната, 36 / - / 8 м², поверх 2 з 9, з ремонтом, панельні, 1968, 26 травня, Створено 26 травня",36 м²,$ 383
flatfy,https://flatfy.ua/redirect/4121211833,383,USD,383.00,0,41,9.34,Деснянський,"1 кімната, 41 м², поверх 9 з 12, з ремонтом, цегляний будинок, 2016, 26 травня, Створено 26 травня",41 м²,$ 383
flatfy,https://flatfy.ua/redirect/3779542322,800,USD,800.00,2,75,10.67,Старий Київ,"3 кімнати, 75 / 53 / 7 м², поверх 7 з 9, з ремонтом, цегляний будинок, 1955, 26 травня, Створено 26 травня",75 м²,$ 800
flatfy,https://flatfy.ua/redirect/4654716846,372,USD,372.00,0,36.6,10.16,Голосіївський,"1 кімната, 36.6 / 17.6 / 9.4 м², поверх 7 з 12, з ремонтом, цегляний будинок, 1986, 26 травня, Створено 26 травня",36.6 м²,$ 372
flatfy,https://flatfy.ua/redirect/4115173658,248,USD,248.00,0,32,7.75,Нова Дарниця,"1 кімната, 32 / 20 / 5 м², поверх 9 з 9, з ремонтом, цегляний будинок, 26 травня, Створено 26 травня",32 м²,$ 248
flatfy,https://flatfy.ua/redirect/4562543480,382,USD,382.00,2,68,5.62,,"3 кімнати, 68 / 58 / 10 м², поверх 12 з 16, з ремонтом, утеплена панель, 1986, 26 травня, Створено 26 травня",68 м²,$ 382
flatfy,https://flatfy.ua/redirect/4512458497,295,USD,295.00,1,43,6.86,,"2 кімнати, 43 / 2.6 / 6.3 м², поверх 4 з 5, з ремонтом, цегляний будинок, 1959, 26 травня, Створено 26 травня",43 м²,$ 295
flatfy,https://flatfy.ua/redirect/4625945650,900,USD,900.00,0,38,23.68,,"1 кімната, 38 / 19 / - м², поверх 20 з 26, з ремонтом, блочні, 2020, 26 травня, Створено 26 травня",38 м²,$ 900
flatfy,https://flatfy.ua/redirect/4650081867,586,USD,586.00,0,43,13.63,Виноградар,"1 кімната, 43 / 14 / 19 м², поверх 24 з 25, з ремонтом, блочні, 2023, 26 травня, Створено 26 травня",43 м²,$ 586
flatfy,https://flatfy.ua/redirect/3432144389,1200,USD,1200.00,1,65,18.46,Теремки-1,"2 кімнати, 65 / 18 / 30 м², поверх 16 з 34, з ремонтом, цегляний будинок, 2021, 26 травня, Створено 26 травня",65 м²,$ 1 200
flatfy,https://flatfy.ua/redirect/4659062078,1200,USD,1200.00,0,60,20.00,Голосіїв,"1 кімната, 60 / 34 / 23 м², поверх 9 з 25, з ремонтом, цегляний будинок, 2023, 26 травня, Створено 26 травня",60 м²,$ 1 200
flatfy,https://flatfy.ua/redirect/4107007598,327,USD,327.00,1,75.8,4.31,Позняки,"2 кімнати, 75.8 / 36 / 11.5 м², поверх 24 з 25, з ремонтом, утеплена панель, 2014, 26 травня, Створено 26 травня",75.8 м²,$ 327
flatfy,https://flatfy.ua/redirect/4661895077,574,USD,574.00,2,67.4,8.52,Караваєві Дачі,"3 кімнати, 67.4 / - / 19 м², поверх 7 з 25, з ремонтом, монолітно-каркасний, 2021, 26 травня, Створено 26 травня",67.4 м²,$ 574
flatfy,https://flatfy.ua/redirect/4583867658,988,USD,988.00,2,110,8.98,Позняки,"3 кімнати, 110 / 75 / 15 м², поверх 25 з 25, з ремонтом, монолітно-каркасний, 2013, 26 травня, Створено 26 травня",110 м²,$ 988
flatfy,https://flatfy.ua/redirect/4560853920,1000,USD,1000.00,2,80,12.50,Дніпровський,"3 кімнати, 80 / 32 / 26 м², поверх 5 з 10, з ремонтом, блочні, 2010, 27 травня, Створено 27 травня",80 м²,$ 1 000
flatfy,https://flatfy.ua/redirect/4604541802,642,USD,642.00,3,104,6.17,Печерський,"4 кімнати, 104 / 60 / 15 м², поверх 7 з 7, з ремонтом, цегляний будинок, 1952, 26 травня, Створено 26 травня",104 м²,$ 642
flatfy,https://flatfy.ua/redirect/4667715988,518,USD,518.00,1,73,7.10,Позняки,"2 кімнати, 73 / 40 / 21 м², поверх 14 з 25, з ремонтом, утеплена панель, 2011, 26 травня, Створено 26 травня",73 м²,$ 518
flatfy,https://flatfy.ua/redirect/4441663617,950,USD,950.00,1,56,16.96,Шулявка,"2 кімнати, 56 / 15 / 16 м², поверх 25 з 36, з ремонтом, цегляний будинок, 2021, 26 травня, Створено 26 травня",56 м²,$ 950
flatfy,https://flatfy.ua/redirect/3989989892,1300,USD,1300.00,1,62,20.97,Голосіївський,"2 кімнати, 62 / 48 / 6 м², поверх 2 з 3, з ремонтом, цегляний будинок, 1917, 26 травня, Створено 26 травня",62 м²,$ 1 300
flatfy,https://flatfy.ua/redirect/4637603277,631,USD,631.00,0,45,14.02,Позняки,"1 кімната, 45 / 30 / 15 м², поверх 3 з 26, з ремонтом, монолітно-каркасний, 2024, 26 травня, Створено 26 травня",45 м²,$ 631
flatfy,https://flatfy.ua/redirect/4666141543,462,USD,462.00,0,40,11.55,Липки,"1 кімната, 40 / 18 / 9 м², поверх 4 з 11, з ремонтом, цегляний будинок, 1978, сьогодні о 20:13, Створено 26 травня",40 м²,$ 462
flatfy,https://flatfy.ua/redirect/4667927636,1800,USD,1800.00,2,110,16.36,Рибальський острів,"3 кімнати, 110 / 40 / 40 м², поверх 5 з 9, з ремонтом, цегляний будинок, 2021, сьогодні о 19:00, Створено 26 травня",110 м²,$ 1 800
flatfy,https://flatfy.ua/redirect/4666422385,1850,USD,1850.00,2,96,19.27,Чорна Гора,"3 кімнати, 96 / 42 / 15 м², поверх 21 з 29, з ремонтом, монолітно-каркасний, 2020, сьогодні о 07:06, Створено 26 травня",96 м²,$ 1 850
flatfy,https://flatfy.ua/redirect/4666255978,608,USD,608.00,1,72.5,8.39,Нова забудова,"2 кімнати, 72.5 / 45 / 12 м², поверх 3 з 4, з ремонтом, цегляний будинок, 1952, сьогодні о 13:50, Створено 26 травня",72.5 м²,$ 608
flatfy,https://flatfy.ua/redirect/4595206968,539,USD,539.00,0,46,11.72,Виноградар,"1 кімната, 46 / 16 / 25 м², поверх 7 з 15, з ремонтом, монолітно-каркасний, 2024, сьогодні о 09:01, Створено 26 травня",46 м²,$ 539
flatfy,https://flatfy.ua/redirect/4666361134,2300,USD,2300.00,1,60,38.33,Чорна Гора,"2 кімнати, 60 / 35 / 20 м², поверх 11 з 24, з ремонтом, цегляний будинок, 2020, сьогодні о 09:00, Створено 26 травня",60 м²,$ 2 300
flatfy,https://flatfy.ua/redirect/4666077589,563,USD,563.00,0,44,12.80,Голосіїв,"1 кімната, 44 / 18 / 20 м², поверх 3 з 14, з ремонтом, блочні, 2020, сьогодні о 09:00, Створено 26 травня",44 м²,$ 563
flatfy,https://flatfy.ua/redirect/4665521851,1100,USD,1100.00,0,60,18.33,Нова забудова,"1 кімната, 60 / 40 / 15 м², поверх 17 з 25, з ремонтом, монолітно-каркасний, 2007, сьогодні о 09:00, Створено 26 травня",60 м²,$ 1 100
flatfy,https://flatfy.ua/redirect/4666307829,491,USD,491.00,0,56.3,8.72,Позняки,"1 кімната, 56.3 / 42 / 14.2 м², поверх 12 з 23, з ремонтом, монолітно-каркасний, 2007, сьогодні о 09:00, Створено 26 травня",56.3 м²,$ 491
flatfy,https://flatfy.ua/redirect/4666702164,800,USD,800.00,2,70,11.43,Осокорки,"3 кімнати, 70 / 45 / 15 м², поверх 15 з 25, з ремонтом, блочні, 2025, сьогодні о 09:00, Створено 26 травня",70 м²,$ 800
flatfy,https://flatfy.ua/redirect/4667373493,1000,USD,1000.00,0,48,20.83,Верхня Теличка,"1 кімната, 48 / 25 / 14 м², поверх 7 з 26, з ремонтом, монолітно-каркасний, 2020, 26 травня, Створено 26 травня",48 м²,$ 1 000
flatfy,https://flatfy.ua/redirect/4666769365,2000,USD,2000.00,0,50,40.00,Старий Київ,"1 кімната, 50 / 36 / 12 м², поверх 2 з 4, з ремонтом, цегляний будинок, 1917, сьогодні о 15:35, Створено 26 травня",50 м²,$ 2 000
flatfy,https://flatfy.ua/redirect/4668264508,1100,USD,1100.00,0,50,22.00,Голосіїв,"1 кімната, 50 / 35 / 15 м², поверх 22 з 25, з ремонтом, цегляний будинок, 2023, вчора о 10:48, Створено 26 травня",50 м²,$ 1 100
flatfy,https://flatfy.ua/redirect/4665635923,676,USD,676.00,1,56,12.07,Нижній Печерськ,"2 кімнати, 56 / 10 / 25 м², поверх 5 з 16, з ремонтом, монолітно-каркасний, 2015, 29 травня, Створено 26 травня",56 м²,$ 676
flatfy,https://flatfy.ua/redirect/4665453219,788,USD,788.00,0,40,19.70,Нова забудова,"1 кімната, 40 / 15 / 20 м², поверх 3 з 24, з ремонтом, цегляний будинок, 2021, сьогодні о 21:24, Створено 26 травня",40 м²,$ 788
flatfy,https://flatfy.ua/redirect/4608550382,451,USD,451.00,0,50,9.02,Позняки,"1 кімната, 50 / 30 / 15 м², поверх 2 з 25, з ремонтом, монолітно-каркасний, 2015, 27 травня, Створено 26 травня",50 м²,$ 451
flatfy,https://flatfy.ua/redirect/4666935626,676,USD,676.00,1,58,11.66,Солом'янка,"2 кімнати, 58 / 20 / 11 м², поверх 18 з 24, з ремонтом, цегляний будинок, 2016, 26 травня, Створено 26 травня",58 м²,$ 676
flatfy,https://flatfy.ua/redirect/4666012985,451,USD,451.00,0,55,8.20,Солдатська слобідка,"1 кімната, 55 / 25 / 16 м², поверх 20 з 25, з ремонтом, монолітно-каркасний, 2014, сьогодні о 20:09, Створено 26 травня",55 м²,$ 451
flatfy,https://flatfy.ua/redirect/4666435619,1521,USD,1521.00,4,138,11.02,Лівобережний масив,"5 кімнат, 138 / 100 / 15 м², поверх 23 з 26, з ремонтом, монолітно-каркасний, 2019, сьогодні о 11:43, Створено 26 травня",138 м²,$ 1 521
flatfy,https://flatfy.ua/redirect/4666250678,226,USD,226.00,0,44,5.14,Осокорки,"1 кімната, 44 / 20 / 10 м², поверх 6 з 25, з ремонтом, панельні, 2017, сьогодні о 19:01, Створено 26 травня",44 м²,$ 226
flatfy,https://flatfy.ua/redirect/4520291073,529,USD,529.00,0,41,12.90,Голосіїв,"1 кімната, 41 / 15 / 20 м², поверх 10 з 25, з ремонтом, панельні, 2023, вчора о 09:12, Створено 26 травня",41 м²,$ 529
flatfy,https://flatfy.ua/redirect/4665881327,604,USD,604.00,0,47,12.85,Подільський,"1 кімната, 47 / 15 / 19 м², поверх 6 з 26, з ремонтом, блочні, 2022, вчора о 09:40, Створено 26 травня",47 м²,$ 604
flatfy,https://flatfy.ua/redirect/4666966425,518,USD,518.00,0,42,12.33,Подільський,"1 кімната, 42 / 24 / 18 м², поверх 19 з 26, з ремонтом, блочні, 2022, 29 травня, Створено 26 травня",42 м²,$ 518
flatfy,https://flatfy.ua/redirect/4666800925,700,USD,700.00,1,43,16.28,Чорна Гора,"2 кімнати, 43 / 25 / 15 м², поверх 28 з 30, з ремонтом, цегляний будинок, 2019, 27 травня, Створено 26 травня",43 м²,$ 700
flatfy,https://flatfy.ua/redirect/4667681648,850,USD,850.00,0,64,13.28,Північно-Броварський,"1 кімната, 64 / 20 / 21 м², поверх 12 з 26, з ремонтом, монолітно-каркасний, 2019, сьогодні о 08:11, Створено 26 травня",64 м²,$ 850
flatfy,https://flatfy.ua/redirect/4663825955,980,USD,980.00,0,52,18.85,Нова забудова,"1 кімната, 52 / 34 / 7.5 м², поверх 4 з 5, з ремонтом, цегляний будинок, 1917, сьогодні о 10:05, Створено 26 травня",52 м²,$ 980
flatfy,https://flatfy.ua/redirect/4666399620,1000,USD,1000.00,1,71,14.08,Солом’янський,"2 кімнати, 71 / 17 / 30 м², поверх 8 з 10, з ремонтом, монолітно-каркасний, 2017, вчора о 13:45, Створено 26 травня",71 м²,$ 1 000
flatfy,https://flatfy.ua/redirect/4667474308,1899,USD,1899.00,2,77,24.66,Нижній Печерськ,"3 кімнати, 77 / 50 / 15 м², поверх 3 з 13, з ремонтом, монолітно-каркасний, 2017, вчора о 21:19, Створено 26 травня",77 м²,$ 1 899
flatfy,https://flatfy.ua/redirect/4666410156,500,USD,500.00,2,152,3.29,Лівобережний масив,"3 кімнати, 152 / 90 / 14 м², поверх 7 з 14, без ремонту, монолітно-каркасний, 2012, 27 травня, Створено 26 травня",152 м²,$ 500
flatfy,https://flatfy.ua/redirect/4608645681,1100,USD,1100.00,1,72,15.28,Подільський,"2 кімнати, 72 / 52 / 20 м², поверх 3 з 26, з ремонтом, монолітно-каркасний, 2024, вчора о 10:26, Створено 26 травня",72 м²,$ 1 100
flatfy,https://flatfy.ua/redirect/4667358146,2600,USD,2600.00,0,65,40.00,Верхня Теличка,"1 кімната, 65 / 40 / 25 м², поверх 4 з 7, з ремонтом, блочні, 2021, вчора о 14:52, Створено 26 травня",65 м²,$ 2 600
flatfy,https://flatfy.ua/redirect/4666215196,3300,USD,3300.00,4,240,13.75,Чорна Гора,"5 кімнат, 240 / 170 / 70 м², поверх 10 з 24, з ремонтом, монолітно-каркасний, 2010, 29 травня, Створено 26 травня",240 м²,$ 3 300
flatfy,https://flatfy.ua/redirect/4632046454,192,USD,192.00,0,20.9,9.19,Сирець,"1 кімната, 20.9 / 11.5 / 4.3 м², поверх 1 з 9, з ремонтом, цегляний будинок, 1975, 29 травня, Створено 26 травня",20.9 м²,$ 192
flatfy,https://flatfy.ua/redirect/4667848618,338,USD,338.00,0,40,8.45,Оболонь,"1 кімната, 40 / 18 / 9 м², поверх 5 з 16, з ремонтом, утеплена панель, 1977, сьогодні о 16:13, Створено 26 травня",40 м²,$ 338
flatfy,https://flatfy.ua/redirect/4666417723,2340,USD,2340.00,2,90,26.00,Історичний центр,"3 кімнати, 90 / 50 / 19 м², поверх 15 з 24, з ремонтом, монолітно-каркасний, 2013, вчора о 14:52, Створено 26 травня",90 м²,$ 2 340
flatfy,https://flatfy.ua/redirect/4665754962,1500,USD,1500.00,2,120,12.50,Чорна Гора,"3 кімнати, 120 / 60 / 30 м², поверх 7 з 30, з ремонтом, цегляний будинок, 2019, сьогодні о 15:00, Створено 26 травня",120 м²,$ 1 500
flatfy,https://flatfy.ua/redirect/4665736110,850,USD,850.00,1,45,18.89,Історичний центр,"2 кімнати, 45 / 25 / 6 м², поверх 6 з 9, з ремонтом, цегляний будинок, 1963, сьогодні о 15:00, Створено 26 травня",45 м²,$ 850
flatfy,https://flatfy.ua/redirect/4665665274,900,USD,900.00,1,64,14.06,Деміївка,"2 кімнати, 64 / 30 / 15 м², поверх 5 з 17, з ремонтом, цегляний будинок, 2021, сьогодні о 15:00, Створено 26 травня",64 м²,$ 900
flatfy,https://flatfy.ua/redirect/4666744155,900,USD,900.00,1,64,14.06,Позняки,"2 кімнати, 64 / 40 / 15 м², поверх 23 з 25, з ремонтом, монолітно-каркасний, 2015, 26 травня, Створено 26 травня",64 м²,$ 900
flatfy,https://flatfy.ua/redirect/4666541708,1000,USD,1000.00,1,62,16.13,Позняки,"2 кімнати, 62 / 40 / 15 м², поверх 19 з 25, з ремонтом, монолітно-каркасний, 2015, 28 травня, Створено 26 травня",62 м²,$ 1 000
flatfy,https://flatfy.ua/redirect/4665970378,586,USD,586.00,0,46,12.74,Подільський,"1 кімната, 46 / 21 / 25 м², поверх 24 з 26, з ремонтом, блочні, 2022, 29 травня, Створено 26 травня",46 м²,$ 586
flatfy,https://flatfy.ua/redirect/4666626103,653,USD,653.00,1,75,8.71,Голосіїв,"2 кімнати, 75 / 35 / 15 м², поверх 17 з 25, з ремонтом, панельні, 2015, сьогодні о 19:58, Створено 26 травня",75 м²,$ 653
flatfy,https://flatfy.ua/redirect/4665723389,1800,USD,1800.00,1,87,20.69,Звіринець,"2 кімнати, 87 / 25 / 15 м², поверх 14 з 28, з ремонтом, монолітно-каркасний, 2013, сьогодні о 15:00, Створено 26 травня",87 м²,$ 1 800
flatfy,https://flatfy.ua/redirect/4667036871,2500,USD,2500.00,2,130,19.23,Чорна Гора,"3 кімнати, 130 / 80 / 20 м², поверх 23 з 30, з ремонтом, монолітно-каркасний, 2013, 29 травня, Створено 26 травня",130 м²,$ 2 500
flatfy,https://flatfy.ua/redirect/4666286156,3500,USD,3500.00,2,188,18.62,Чорна Гора,"3 кімнати, 188 / 105 / 25 м², поверх 24 з 30, з ремонтом, монолітно-каркасний, 2013, вчора о 14:52, Створено 26 травня",188 м²,$ 3 500
flatfy,https://flatfy.ua/redirect/4667177988,563,USD,563.00,1,59,9.54,Багринова гора,"2 кімнати, 59 / 31 / 12.6 м², поверх 13 з 24, з ремонтом, монолітно-каркасний, 2009, сьогодні о 09:00, Створено 26 травня",59 м²,$ 563
flatfy,https://flatfy.ua/redirect/4666019354,518,USD,518.00,0,48,10.79,Теремки,"1 кімната, 48 / 28 / 20 м², поверх 17 з 23, з ремонтом, блочні, 2025, сьогодні о 17:55, Створено 26 травня",48 м²,$ 518
flatfy,https://flatfy.ua/redirect/4668261752,743,USD,743.00,2,92,8.08,Осокорки,"3 кімнати, 92 / 60 / 10 м², поверх 13 з 25, з ремонтом, монолітно-каркасний, 2014, вчора о 09:10, Створено 26 травня",92 м²,$ 743
flatfy,https://flatfy.ua/redirect/4667411722,820,USD,820.00,1,80,10.25,Печерськ,"2 кімнати, 80 / 58 / 12 м², поверх 3 з 6, з ремонтом, цегляний будинок, 1958, 26 травня, Створено 26 травня",80 м²,$ 820
flatfy,https://flatfy.ua/redirect/4668047642,563,USD,563.00,1,42,13.40,Липки,"2 кімнати, 42 / 36 / 5 м², поверх 2 з 5, з ремонтом, цегляний будинок, 1962, 26 травня, Створено 26 травня",42 м²,$ 563
flatfy,https://flatfy.ua/redirect/4666850983,694,USD,694.00,0,46,15.09,Нижній Печерськ,"1 кімната, 46 / 16 / 17 м², поверх 11 з 12, з ремонтом, цегляний будинок, 1978, сьогодні о 09:00, Створено 26 травня",46 м²,$ 694
flatfy,https://flatfy.ua/redirect/4666917738,2695,USD,2695.00,3,120,22.46,Чорна Гора,"4 кімнати, 120 / 90 / 20 м², поверх 3 з 30, з ремонтом, монолітно-каркасний, 2016, сьогодні о 09:00, Створено 26 травня",120 м²,$ 2 695
flatfy,https://flatfy.ua/redirect/4666355517,1500,USD,1500.00,2,80,18.75,Нова забудова,"3 кімнати, 80 / 40 / 20 м², поверх 12 з 21, з ремонтом, монолітно-каркасний, 2017, сьогодні о 09:00, Створено 26 травня",80 м²,$ 1 500
flatfy,https://flatfy.ua/redirect/4667574048,473,USD,473.00,1,77,6.14,Багринова гора,"2 кімнати, 77 / 39 / 12 м², поверх 18 з 25, з ремонтом, утеплена панель, 2014, сьогодні о 09:00, Створено 26 травня",77 м²,$ 473
flatfy,https://flatfy.ua/redirect/4666408571,631,USD,631.00,1,80,7.89,Голосіїв,"2 кімнати, 80 / 45 / 15 м², поверх 6 з 13, з ремонтом, монолітно-каркасний, 2017, сьогодні о 12:58, Створено 26 травня",80 м²,$ 631
flatfy,https://flatfy.ua/redirect/4666137835,383,USD,383.00,1,56,6.84,Осокорки,"2 кімнати, 56 / 30 / 9 м², поверх 14 з 16, з ремонтом, утеплена панель, 1995, сьогодні о 13:46, Створено 26 травня",56 м²,$ 383
flatfy,https://flatfy.ua/redirect/4666073839,282,USD,282.00,0,44,6.41,Осокорки,"1 кімната, 44 / 18 / 14 м², поверх 11 з 18, з ремонтом, утеплена панель, 2001, сьогодні о 13:47, Створено 26 травня",44 м²,$ 282
flatfy,https://flatfy.ua/redirect/4666931959,338,USD,338.00,2,90,3.76,Троєщина,"3 кімнати, 90 / 47 / 14 м², поверх 15 з 25, з ремонтом, утеплена панель, 2008, 26 травня, Створено 26 травня",90 м²,$ 338
flatfy,https://flatfy.ua/redirect/4668354150,878,USD,878.00,2,65,13.51,Солом'янка,"3 кімнати, 65 / 40 / 10 м², поверх 11 з 26, з ремонтом, цегляний будинок, 2018, сьогодні о 17:56, Створено 26 травня",65 м²,$ 878
flatfy,https://flatfy.ua/redirect/4665088527,248,USD,248.00,1,52,4.77,Борщагівка,"2 кімнати, 52 / 30 / 7 м², поверх 5 з 9, без ремонту, панельні, 1981, сьогодні о 18:47, Створено 26 травня",52 м²,$ 248
flatfy,https://flatfy.ua/redirect/4665893606,327,USD,327.00,1,80,4.09,Троєщина,"2 кімнати, 80 / 35 / 11 м², поверх 16 з 16, з ремонтом, утеплена панель, 2005, вчора о 11:28, Створено 26 травня",80 м²,$ 327
flatfy,https://flatfy.ua/redirect/4667573755,406,USD,406.00,2,60,6.77,Святошино,"3 кімнати, 60 / 45 / 8 м², поверх 9 з 9, з ремонтом, цегляний будинок, 1975, сьогодні о 17:47, Створено 26 травня",60 м²,$ 406
flatfy,https://flatfy.ua/redirect/4666253512,950,USD,950.00,2,84,11.31,Соцмісто,"3 кімнати, 84 / 27 / 30 м², поверх 7 з 16, з ремонтом, блочні, 2013, 26 травня, Створено 26 травня",84 м²,$ 950
flatfy,https://flatfy.ua/redirect/4667033572,2000,USD,2000.00,2,140,14.29,Верхня Теличка,"3 кімнати, 140 / 90 / 20 м², поверх 25 з 26, з ремонтом, цегляний будинок, 2008, 29 травня, Створено 26 травня",140 м²,$ 2 000
flatfy,https://flatfy.ua/redirect/4667675983,338,USD,338.00,0,48,7.04,Харківський,"1 кімната, 48 / 21 / 17 м², поверх 17 з 25, з ремонтом, монолітно-каркасний, 2014, 29 травня, Створено 26 травня",48 м²,$ 338
flatfy,https://flatfy.ua/redirect/4666757366,1600,USD,1600.00,1,52,30.77,Чорна Гора,"2 кімнати, 52 / 15 / 21 м², поверх 14 з 29, з ремонтом, монолітно-каркасний, 2017, 26 травня, Створено 26 травня",52 м²,$ 1 600
flatfy,https://flatfy.ua/redirect/4665410091,900,USD,900.00,1,67,13.43,Нова забудова,"2 кімнати, 67 / 40 / 6 м², поверх 4 з 5, з ремонтом, цегляний будинок, 1956, сьогодні о 08:10, Створено 26 травня",67 м²,$ 900
flatfy,https://flatfy.ua/redirect/4666039759,1700,USD,1700.00,1,62,27.42,Деміївка,"2 кімнати, 62 / 40 / 15 м², поверх 17 з 21, з ремонтом, монолітно-каркасний, 2019, 28 травня, Створено 26 травня",62 м²,$ 1 700
flatfy,https://flatfy.ua/redirect/4668309010,316,USD,316.00,2,65,4.86,Біличі,"3 кімнати, 65 / 41 / 9 м², поверх 7 з 9, з ремонтом, панельні, 1976, сьогодні о 11:21, Створено 26 травня",65 м²,$ 316
flatfy,https://flatfy.ua/redirect/4668254851,700,USD,700.00,1,44,15.91,Подільський,"2 кімнати, 44 / 18 / 17 м², поверх 8 з 25, з ремонтом, монолітно-каркасний, 2025, 28 травня, Створено 26 травня",44 м²,$ 700
flatfy,https://flatfy.ua/redirect/4666997220,699,USD,699.00,1,45,15.53,Оболонь,"2 кімнати, 45 / 20 / 25 м², поверх 6 з 23, з ремонтом, блочні, 2017, сьогодні о 10:04, Створено 26 травня",45 м²,$ 699
flatfy,https://flatfy.ua/redirect/4666302490,2500,USD,2500.00,3,260,9.62,Липки,"4 кімнати, 260 / 180 / 18 м², поверх 3 з 18, з ремонтом, монолітно-каркасний, 2000, сьогодні о 11:34, Створено 26 травня",260 м²,$ 2 500
flatfy,https://flatfy.ua/redirect/4665695076,619,USD,619.00,0,30,20.63,Поділ,"1 кімната, 30 / 15 / 10 м², поверх 1 з 4, з ремонтом, цегляний будинок, 1913, сьогодні о 15:00, Створено 26 травня",30 м²,$ 619
flatfy,https://flatfy.ua/redirect/4665762843,600,USD,600.00,1,75,8.00,Олександрівська Слобідка,"2 кімнати, 75 / 20 / 15 м², поверх 2 з 4, з ремонтом, цегляний будинок, 1961, сьогодні о 15:00, Створено 26 травня",75 м²,$ 600
flatfy,https://flatfy.ua/redirect/4665832456,1700,USD,1700.00,1,88,19.32,Верхня Теличка,"2 кімнати, 88 / 50 / 25 м², поверх 11 з 23, з ремонтом, монолітно-каркасний, 2024, сьогодні о 15:00, Створено 26 травня",88 м²,$ 1 700
flatfy,https://flatfy.ua/redirect/4665489286,451,USD,451.00,0,40,11.28,Голосіїв,"1 кімната, 40 / 17 / 8 м², поверх 25 з 25, з ремонтом, монолітно-каркасний, 2020, сьогодні о 21:25, Створено 26 травня",40 м²,$ 451
flatfy,https://flatfy.ua/redirect/4667104706,451,USD,451.00,1,48,9.40,Березняки,"2 кімнати, 48 / 42 / 6 м², поверх 25 з 27, з ремонтом, монолітно-каркасний, 2014, сьогодні о 07:15, Створено 26 травня",48 м²,$ 451
flatfy,https://flatfy.ua/redirect/4666221491,586,USD,586.00,0,42,13.95,Солдатська слобідка,"1 кімната, 42 / 12 / 20 м², поверх 3 з 14, з ремонтом, монолітно-каркасний, 2017, сьогодні о 09:00, Створено 26 травня",42 м²,$ 586
flatfy,https://flatfy.ua/redirect/4667268321,316,USD,316.00,1,48,6.58,Татарка,"2 кімнати, 48 / 28 / 8 м², поверх 9 з 9, з ремонтом, цегляний будинок, 1990, сьогодні о 09:00, Створено 26 травня",48 м²,$ 316
flatfy,https://flatfy.ua/redirect/4666463091,1351,USD,1351.00,2,110,12.28,Історичний центр,"3 кімнати, 110 / 61 / 13.4 м², поверх 5 з 7, з ремонтом, цегляний будинок, 1913, сьогодні о 09:00, Створено 26 травня",110 м²,$ 1 351
flatfy,https://flatfy.ua/redirect/4666375884,541,USD,541.00,1,65.2,8.30,Мостицький масив,"2 кімнати, 65.2 / 30 / 14.3 м², поверх 15 з 22, з ремонтом, утеплена панель, 2011, сьогодні о 09:00, Створено 26 травня",65.2 м²,$ 541
flatfy,https://flatfy.ua/redirect/4666275633,203,USD,203.00,0,42,4.83,Осокорки,"1 кімната, 42 / 21 / 9 м², поверх 10 з 16, з ремонтом, утеплена панель, 1998, 29 травня, Створено 26 травня",42 м²,$ 203
flatfy,https://flatfy.ua/redirect/4666293420,900,USD,900.00,1,60,15.00,Шулявка,"2 кімнати, 60 / 20 / 18 м², поверх 13 з 34, з ремонтом, монолітно-каркасний, 2018, сьогодні о 19:28, Створено 26 травня",60 м²,$ 900
flatfy,https://flatfy.ua/redirect/4666917493,2800,USD,2800.00,1,120,23.33,Липки,"2 кімнати, 120 / 60 / 40 м², поверх 5 з 5, з ремонтом, цегляний будинок, 1914, сьогодні о 15:08, Створено 26 травня",120 м²,$ 2 800
flatfy,https://flatfy.ua/redirect/4665711759,1000,USD,1000.00,1,50,20.00,Липки,"2 кімнати, 50 / 30 / 10 м², поверх 4 з 4, з ремонтом, цегляний будинок, 1897, сьогодні о 17:05, Створено 26 травня",50 м²,$ 1 000
flatfy,https://flatfy.ua/redirect/4665876260,327,USD,327.00,1,69,4.74,Позняки,"2 кімнати, 69 / 50 / 15 м², поверх 20 з 25, з ремонтом, утеплена панель, 2014, 28 травня, Створено 26 травня",69 м²,$ 327
flatfy,https://flatfy.ua/redirect/4667557337,4800,USD,4800.00,3,209,22.97,Нижній Печерськ,"4 кімнати, 209 / 120 / 40 м², поверх 10 з 15, з ремонтом, монолітно-каркасний, 2019, 29 травня, Створено 26 травня",209 м²,$ 4 800
flatfy,https://flatfy.ua/redirect/4666567663,451,USD,451.00,0,45,10.02,Позняки,"1 кімната, 45 / 18 / 10 м², поверх 16 з 25, з ремонтом, монолітно-каркасний, 2019, 26 травня, Створено 26 травня",45 м²,$ 451
flatfy,https://flatfy.ua/redirect/4667672222,282,USD,282.00,0,35,8.06,Куренівка,"1 кімната, 35 / 18 / 6 м², поверх 8 з 9, з ремонтом, цегляний будинок, 1979, сьогодні о 21:48, Створено 26 травня",35 м²,$ 282
flatfy,https://flatfy.ua/redirect/4668416884,451,USD,451.00,1,52,8.67,Нижній Печерськ,"2 кімнати, 52 / 34 / 10 м², поверх 5 з 5, з ремонтом, цегляний будинок, 1957, сьогодні о 11:09, Створено 26 травня",52 м²,$ 451
flatfy,https://flatfy.ua/redirect/4665900748,1400,USD,1400.00,1,60,23.33,Чорна Гора,"2 кімнати, 60 / 24 / 10 м², поверх 10 з 24, з ремонтом, монолітно-каркасний, 2020, 29 травня, Створено 26 травня",60 м²,$ 1 400
flatfy,https://flatfy.ua/redirect/4667644248,946,USD,946.00,2,91,10.40,Лівобережний масив,"3 кімнати, 91 / 45 / 25 м², поверх 9 з 25, з ремонтом, монолітно-каркасний, 2019, вчора о 09:32, Створено 26 травня",91 м²,$ 946
flatfy,https://flatfy.ua/redirect/4666892678,1200,USD,1200.00,0,44,27.27,Лук'янівка,"1 кімната, 44 / 14 / 20 м², поверх 17 з 22, з ремонтом, блочні, 2023, сьогодні о 09:31, Створено 26 травня",44 м²,$ 1 200
flatfy,https://flatfy.ua/redirect/4667129188,563,USD,563.00,1,46,12.24,Шулявка,"2 кімнати, 46 / 33 / 9 м², поверх 3 з 5, з ремонтом, цегляний будинок, 1960, вчора о 11:57, Створено 26 травня",46 м²,$ 563
flatfy,https://flatfy.ua/redirect/4667208235,450,USD,450.00,1,47,9.57,Варшавський Мікрорайон,"2 кімнати, 47 / 16 / 17 м², поверх 14 з 16, з ремонтом, монолітно-каркасний, 2017, 29 травня, Створено 26 травня",47 м²,$ 450
flatfy,https://flatfy.ua/redirect/4666968689,2500,USD,2500.00,1,65,38.46,Верхня Теличка,"2 кімнати, 65 / 43 / 17 м², поверх 2 з 7, з ремонтом, блочні, 2021, 28 травня, Створено 26 травня",65 м²,$ 2 500
flatfy,https://flatfy.ua/redirect/4667968560,1150,USD,1150.00,1,70,16.43,Позняки,"2 кімнати, 70 / 20 / 20 м², поверх 25 з 26, з ремонтом, блочні, 2020, 26 травня, Створено 26 травня",70 м²,$ 1 150
flatfy,https://flatfy.ua/redirect/4665734102,541,USD,541.00,0,41,13.20,Солдатська слобідка,"1 кімната, 41 / 19 / 19 м², поверх 11 з 16, з ремонтом, монолітно-каркасний, 2013, сьогодні о 10:19, Створено 26 травня",41 м²,$ 541
flatfy,https://flatfy.ua/redirect/4666610392,428,USD,428.00,0,47,9.11,Лівобережний масив,"1 кімната, 47 / 12 / 18 м², поверх 6 з 16, з ремонтом, монолітно-каркасний, 2017, 29 травня, Створено 26 травня",47 м²,$ 428
flatfy,https://flatfy.ua/redirect/4667037094,800,USD,800.00,1,67,11.94,Нова Дарниця,"2 кімнати, 67 / 40 / 26 м², поверх 24 з 25, з ремонтом, блочні, 2018, 29 травня, Створено 26 травня",67 м²,$ 800
flatfy,https://flatfy.ua/redirect/4666968925,900,USD,900.00,0,50,18.00,Поділ,"1 кімната, 50 / 25 / 15 м², поверх 6 з 9, з ремонтом, цегляний будинок, 2021, сьогодні о 18:48, Створено 26 травня",50 м²,$ 900
flatfy,https://flatfy.ua/redirect/4666665429,900,USD,900.00,2,108,8.33,Нивки,"3 кімнати, 108 / 60 / 19 м², поверх 10 з 14, з ремонтом, монолітно-каркасний, 2016, вчора о 23:16, Створено 26 травня",108 м²,$ 900
flatfy,https://flatfy.ua/redirect/4666106149,1000,USD,1000.00,2,105,9.52,Поділ,"3 кімнати, 105 / 40 / 21 м², поверх 4 з 5, з ремонтом, цегляний будинок, 1928, 28 травня, Створено 26 травня",105 м²,$ 1 000
flatfy,https://flatfy.ua/redirect/4667212462,1150,USD,1150.00,1,60,19.17,Нова забудова,"2 кімнати, 60 / 30 / 17 м², поверх 20 з 22, з ремонтом, монолітно-каркасний, 2016, вчора о 14:52, Створено 26 травня",60 м²,$ 1 150
flatfy,https://flatfy.ua/redirect/4665718971,700,USD,700.00,1,74,9.46,Нова забудова,"2 кімнати, 74 / 33 / 12 м², поверх 16 з 24, з ремонтом, монолітно-каркасний, 2007, сьогодні о 07:58, Створено 26 травня",74 м²,$ 700
flatfy,https://flatfy.ua/redirect/4666829148,2600,USD,2600.00,1,65,40.00,Верхня Теличка,"2 кімнати, 65 / 20 / 40 м², поверх 3 з 7, з ремонтом, блочні, 2021, сьогодні о 10:04, Створено 26 травня",65 м²,$ 2 600
flatfy,https://flatfy.ua/redirect/4667341729,597,USD,597.00,0,50,11.94,Караваєві Дачі,"1 кімната, 50 / 25 / 15.6 м², поверх 8 з 25, з ремонтом, блочні, 2020, вчора о 13:20, Створено 26 травня",50 м²,$ 597
flatfy,https://flatfy.ua/redirect/4667685505,800,USD,800.00,0,42,19.05,Нивки,"1 кімната, 42 / 17 / 15 м², поверх 4 з 9, з ремонтом, монолітно-каркасний, 2022, сьогодні о 11:15, Створено 26 травня",42 м²,$ 800
flatfy,https://flatfy.ua/redirect/4667472984,327,USD,327.00,0,36,9.08,Новобіличі,"1 кімната, 36 / 18 / 10 м², поверх 13 з 14, з ремонтом, утеплена панель, 1998, сьогодні о 10:56, Створено 26 травня",36 м²,$ 327
flatfy,https://flatfy.ua/redirect/4667004957,950,USD,950.00,1,50,19.00,Нивки,"2 кімнати, 50 / 30 / 16 м², поверх 8 з 16, з ремонтом, блочні, 2021, вчора о 14:46, Створено 26 травня",50 м²,$ 950
flatfy,https://flatfy.ua/redirect/4666376273,349,USD,349.00,0,32,10.91,Відрадний,"1 кімната, 32 / 18 / 8 м², поверх 4 з 5, з ремонтом, цегляний будинок, 1961, 29 травня, Створено 26 травня",32 м²,$ 349
flatfy,https://flatfy.ua/redirect/4666969016,563,USD,563.00,0,40,14.07,Печерськ,"1 кімната, 40 / 20 / 8 м², поверх 9 з 9, з ремонтом, цегляний будинок, 1971, 29 травня, Створено 26 травня",40 м²,$ 563
flatfy,https://flatfy.ua/redirect/4666585934,631,USD,631.00,0,44,14.34,Подільський,"1 кімната, 44 / 16 / 18 м², поверх 19 з 23, з ремонтом, блочні, 2025, 26 травня, Створено 26 травня",44 м²,$ 631
flatfy,https://flatfy.ua/redirect/4666693198,1200,USD,1200.00,1,87,13.79,Подільський,"2 кімнати, 87 / 32 / 34 м², поверх 19 з 26, з ремонтом, блочні, 2022, 29 травня, Створено 26 травня",87 м²,$ 1 200
flatfy,https://flatfy.ua/redirect/4666504216,563,USD,563.00,0,42,13.40,Виноградар,"1 кімната, 42 / 17 / 10 м², поверх 21 з 25, з ремонтом, блочні, 2024, 29 травня, Створено 26 травня",42 м²,$ 563
flatfy,https://flatfy.ua/redirect/4666013955,451,USD,451.00,1,55,8.20,Теремки-1,"2 кімнати, 55 / 32 / 9 м², поверх 4 з 18, з ремонтом, утеплена панель, 1985, сьогодні о 09:27, Створено 26 травня",55 м²,$ 451
flatfy,https://flatfy.ua/redirect/4666564521,2000,USD,2000.00,2,123,16.26,Чорна Гора,"3 кімнати, 123 / 50 / 20 м², поверх 14 з 22, з ремонтом, цегляний будинок, 2017, сьогодні о 09:51, Створено 26 травня",123 м²,$ 2 000
flatfy,https://flatfy.ua/redirect/4666892495,1400,USD,1400.00,1,60,23.33,Оболонь,"2 кімнати, 60 / 35 / 17 м², поверх 9 з 24, з ремонтом, цегляний будинок, 2020, сьогодні о 10:02, Створено 26 травня",60 м²,$ 1 400
flatfy,https://flatfy.ua/redirect/4667207269,1500,USD,1500.00,2,150,10.00,Печерськ,"3 кімнати, 150 / 110 / 15 м², поверх 26 з 47, з ремонтом, монолітно-каркасний, 2012, 26 травня, Створено 26 травня",150 м²,$ 1 500
flatfy,https://flatfy.ua/redirect/4667372450,600,USD,600.00,2,130,4.62,Лівобережний масив,"3 кімнати, 130 / 90 / 14.6 м², поверх 12 з 13, з ремонтом, монолітно-каркасний, 2005, 26 травня, Створено 26 травня",130 м²,$ 600
flatfy,https://flatfy.ua/redirect/4665929738,999,USD,999.00,2,100,9.99,Солдатська слобідка,"3 кімнати, 100 / 60 / 15 м², поверх 11 з 25, з ремонтом, монолітно-каркасний, 2014, 26 травня, Створено 26 травня",100 м²,$ 999
flatfy,https://flatfy.ua/redirect/4667528072,2000,USD,2000.00,3,125,16.00,Солом'янка,"4 кімнати, 125 / 77 / 25 м², поверх 22 з 24, з ремонтом, цегляний будинок, 2018, сьогодні о 12:25, Створено 26 травня",125 м²,$ 2 000
flatfy,https://flatfy.ua/redirect/4666639900,451,USD,451.00,1,45,10.02,Феофанія,"2 кімнати, 45 / 25 / 12 м², поверх 9 з 9, з ремонтом, цегляний будинок, 2015, 27 травня, Створено 26 травня",45 м²,$ 451
flatfy,https://flatfy.ua/redirect/4666511714,586,USD,586.00,1,40,14.65,Шулявка,"2 кімнати, 40 / 23 / 10 м², поверх 22 з 25, з ремонтом, монолітно-каркасний, 2017, 28 травня, Створено 26 травня",40 м²,$ 586
flatfy,https://flatfy.ua/redirect/4666693864,900,USD,900.00,1,80,11.25,Липки,"2 кімнати, 80 / 55 / 20 м², поверх 10 з 10, з ремонтом, цегляний будинок, 1953, сьогодні о 14:25, Створено 26 травня",80 м²,$ 900
flatfy,https://flatfy.ua/redirect/4668411994,1000,USD,1000.00,1,45,22.22,Нова забудова,"2 кімнати, 45 / 19 / 15 м², поверх 10 з 23, з ремонтом, сьогодні о 18:05, Створено 26 травня",45 м²,$ 1 000
flatfy,https://flatfy.ua/redirect/4666569737,451,USD,451.00,2,85,5.31,Позняки,"3 кімнати, 85 / 56 / 10 м², поверх 9 з 16, з ремонтом, утеплена панель, 1994, сьогодні о 16:11, Створено 26 травня",85 м²,$ 451
flatfy,https://flatfy.ua/redirect/4665933689,361,USD,361.00,1,47,7.68,Стара Дарниця,"2 кімнати, 47 / 33 / 8 м², поверх 8 з 9, з ремонтом, панельні, 1968, 26 травня, Створено 26 травня",47 м²,$ 361
flatfy,https://flatfy.ua/redirect/4666746117,451,USD,451.00,0,44,10.25,Сирець,"1 кімната, 44 / 18 / 16 м², поверх 15 з 24, з ремонтом, монолітно-каркасний, 2021, 29 травня, Створено 26 травня",44 м²,$ 451
flatfy,https://flatfy.ua/redirect/4667852175,563,USD,563.00,1,50,11.26,Голосіївський,"2 кімнати, 50 / 30 / 15 м², поверх 3 з 20, з ремонтом, цегляний будинок, 2011, 27 травня, Створено 26 травня",50 м²,$ 563
flatfy,https://flatfy.ua/redirect/4668483392,1200,USD,1200.00,0,55,21.82,Чорна Гора,"1 кімната, 55 / 18 / 12 м², поверх 11 з 18, з ремонтом, монолітно-каркасний, 2010, 26 травня, Створено 26 травня",55 м²,$ 1 200
flatfy,https://flatfy.ua/redirect/4667727596,563,USD,563.00,1,49,11.49,Чорна Гора,"2 кімнати, 49 / 32 / 7 м², поверх 4 з 7, з ремонтом, цегляний будинок, 1962, 26 травня, Створено 26 травня",49 м²,$ 563
flatfy,https://flatfy.ua/redirect/4668284496,676,USD,676.00,1,78,8.67,Чорна Гора,"2 кімнати, 78 / 53 / 14 м², поверх 9 з 24, з ремонтом, монолітно-каркасний, 2014, вчора о 12:45, Створено 26 травня",78 м²,$ 676
flatfy,https://flatfy.ua/redirect/4667571890,750,USD,750.00,1,60,12.50,Нова забудова,"2 кімнати, 60 / 40 / 12 м², поверх 5 з 7, з ремонтом, цегляний будинок, 1917, вчора о 14:52, Створено 26 травня",60 м²,$ 750
flatfy,https://flatfy.ua/redirect/4666504501,1000,USD,1000.00,1,48,20.83,Подільський,"2 кімнати, 48 / 20 / 15 м², поверх 24 з 24, з ремонтом, монолітно-каркасний, 2022, вчора о 14:52, Створено 26 травня",48 м²,$ 1 000
flatfy,https://flatfy.ua/redirect/4666526669,451,USD,451.00,0,45,10.02,Оболонь,"1 кімната, 45 / 20 / 12 м², поверх 15 з 22, з ремонтом, монолітно-каркасний, 1990, вчора о 13:44, Створено 26 травня",45 м²,$ 451
flatfy,https://flatfy.ua/redirect/4667342805,600,USD,600.00,1,43,13.95,Голосіїв,"2 кімнати, 43 / 20 / 15 м², поверх 18 з 21, з ремонтом, панельні, 2023, 27 травня, Створено 26 травня",43 м²,$ 600
flatfy,https://flatfy.ua/redirect/4667133374,473,USD,473.00,0,42,11.26,Голосіїв,"1 кімната, 42 / 18 / 18 м², поверх 21 з 21, з ремонтом, панельні, 2023, вчора о 20:58, Створено 26 травня",42 м²,$ 473
flatfy,https://flatfy.ua/redirect/4666228705,653,USD,653.00,2,92,7.10,Позняки,"3 кімнати, 92 / 60 / 20 м², поверх 15 з 25, з ремонтом, монолітно-каркасний, 2013, вчора о 09:17, Створено 26 травня",92 м²,$ 653
flatfy,https://flatfy.ua/redirect/4667373424,2000,USD,2000.00,2,145,13.79,Лівобережний масив,"3 кімнати, 145 / 110 / 25 м², поверх 5 з 14, з ремонтом, монолітно-каркасний, 2012, 28 травня, Створено 26 травня",145 м²,$ 2 000
flatfy,https://flatfy.ua/redirect/4665710524,518,USD,518.00,0,42,12.33,Варшавський Мікрорайон,"1 кімната, 42 / 15.4 / 14 м², поверх 13 з 23, з ремонтом, монолітно-каркасний, 2019, 27 травня, Створено 26 травня",42 м²,$ 518
flatfy,https://flatfy.ua/redirect/4667037120,563,USD,563.00,1,57,9.88,Голосіїв,"2 кімнати, 57 / 30 / 12 м², поверх 4 з 4, з ремонтом, цегляний будинок, 1950, 29 травня, Створено 26 травня",57 м²,$ 563
flatfy,https://flatfy.ua/redirect/4668636922,394,USD,394.00,1,52,7.58,Оболонь,"2 кімнати, 52 / 34 / 9 м², поверх 1 з 16, з ремонтом, утеплена панель, 1980, 28 травня, Створено 27 травня",52 м²,$ 394
flatfy,https://flatfy.ua/redirect/4666388114,1200,USD,1200.00,2,123,9.76,Кудрявець,"3 кімнати, 123 / 64 / 19 м², поверх 13 з 23, з ремонтом, монолітно-каркасний, 2013, 29 травня, Створено 26 травня",123 м²,$ 1 200
flatfy,https://flatfy.ua/redirect/4666362102,316,USD,316.00,0,60,5.27,Шулявка,"1 кімната, 60 / 22 / 15 м², поверх 19 з 27, без ремонту, монолітно-каркасний, 2009, вчора о 23:35, Створено 26 травня",60 м²,$ 316
flatfy,https://flatfy.ua/redirect/4667059422,968,USD,968.00,2,97,9.98,Відрадний,"3 кімнати, 97 / 57 / 16 м², поверх 17 з 24, з ремонтом, монолітно-каркасний, 2016, вчора о 08:12, Створено 26 травня",97 м²,$ 968
flatfy,https://flatfy.ua/redirect/4666408598,788,USD,788.00,2,74,10.65,Шулявка,"3 кімнати, 74 / 35 / 11 м², поверх 8 з 12, з ремонтом, цегляний будинок, 1976, 29 травня, Створено 26 травня",74 м²,$ 788
flatfy,https://flatfy.ua/redirect/4667332806,271,USD,271.00,1,52,5.21,Нивки,"2 кімнати, 52 / 31 / 8 м², поверх 2 з 9, без ремонту, цегляний будинок, 1974, 29 травня, Створено 26 травня",52 м²,$ 271
flatfy,https://flatfy.ua/redirect/4666253623,541,USD,541.00,0,60,9.02,Солом'янка,"1 кімната, 60 / 25 / 20 м², поверх 19 з 25, з ремонтом, цегляний будинок, 2010, вчора о 09:17, Створено 26 травня",60 м²,$ 541
flatfy,https://flatfy.ua/redirect/4666076291,563,USD,563.00,1,57,9.88,Голосіїв,"2 кімнати, 57 / 33 / 9.6 м², поверх 4 з 5, з ремонтом, цегляний будинок, 1955, вчора о 11:02, Створено 26 травня",57 м²,$ 563
flatfy,https://flatfy.ua/redirect/4665835633,417,USD,417.00,0,56,7.45,Олександрівська Слобідка,"1 кімната, 56 / 18 / 14 м², поверх 17 з 25, з ремонтом, монолітно-каркасний, 2010, вчора о 07:02, Створено 26 травня",56 м²,$ 417
flatfy,https://flatfy.ua/redirect/4667979646,518,USD,518.00,0,42,12.33,Солом’янський,"1 кімната, 42 / 30 / 8 м², поверх 16 з 26, з ремонтом, монолітно-каркасний, 2021, 26 травня, Створено 26 травня",42 м²,$ 518
flatfy,https://flatfy.ua/redirect/4668296773,473,USD,473.00,1,79,5.99,Позняки,"2 кімнати, 79 / 54 / 16 м², поверх 17 з 25, з ремонтом, монолітно-каркасний, 2007, 27 травня, Створено 26 травня",79 м²,$ 473
flatfy,https://flatfy.ua/redirect/4668412058,181,USD,181.00,0,32,5.66,Березняки,"1 кімната, 32 / 18 / 5 м², поверх 4 з 9, з ремонтом, цегляний будинок, 1973, вчора о 12:51, Створено 26 травня",32 м²,$ 181
flatfy,https://flatfy.ua/redirect/4666407623,1000,USD,1000.00,2,76,13.16,Старий Київ,"3 кімнати, 76 / 50 / 20 м², поверх 2 з 5, з ремонтом, цегляний будинок, 1960, 27 травня, Створено 26 травня",76 м²,$ 1 000
flatfy,https://flatfy.ua/redirect/4666686027,361,USD,361.00,1,56,6.45,Академмістечко,"2 кімнати, 56 / 28 / 18 м², поверх 9 з 16, з ремонтом, утеплена панель, 1992, 26 травня, Створено 26 травня",56 м²,$ 361
flatfy,https://flatfy.ua/redirect/4667352441,1500,USD,1500.00,0,50,30.00,Нова забудова,"1 кімната, 50 / 38 / 10 м², поверх 19 з 24, з ремонтом, монолітно-каркасний, 2019, 28 травня, Створено 26 травня",50 м²,$ 1 500
flatfy,https://flatfy.ua/redirect/4667528032,361,USD,361.00,0,36,10.03,Північно-Броварський,"1 кімната, 36 / 17 / 8 м², поверх 5 з 16, з ремонтом, утеплена панель, 1974, вчора о 11:26, Створено 26 травня",36 м²,$ 361
flatfy,https://flatfy.ua/redirect/4666254341,226,USD,226.00,0,34,6.65,Райдужний,"1 кімната, 34 / 16 / 8 м², поверх 1 з 9, з ремонтом, панельні, 1973, сьогодні о 05:15, Створено 26 травня",34 м²,$ 226
flatfy,https://flatfy.ua/redirect/4666285903,203,USD,203.00,0,29,7.00,Вітряні Гори,"1 кімната, 29 / 16 / 6 м², поверх 6 з 9, з ремонтом, цегляний будинок, 1974, сьогодні о 05:15, Створено 26 травня",29 м²,$ 203
flatfy,https://flatfy.ua/redirect/4666536869,1800,USD,1800.00,2,80,22.50,Нова забудова,"3 кімнати, 80 / 30 / 30 м², поверх 24 з 24, з ремонтом, цегляний будинок, 2021, 26 травня, Створено 26 травня",80 м²,$ 1 800
flatfy,https://flatfy.ua/redirect/4665971600,3500,USD,3500.00,3,168,20.83,Нова забудова,"4 кімнати, 168 / 100 / 20 м², поверх 4 з 6, з ремонтом, цегляний будинок, 1911, сьогодні о 07:58, Створено 26 травня",168 м²,$ 3 500
flatfy,https://flatfy.ua/redirect/4665760847,2000,USD,2000.00,3,150,13.33,Історичний центр,"4 кімнати, 150 / 90 / 17 м², поверх 6 з 7, з ремонтом, цегляний будинок, 1949, сьогодні о 07:58, Створено 26 травня",150 м²,$ 2 000
flatfy,https://flatfy.ua/redirect/4666221110,271,USD,271.00,1,50,5.42,Русанівка,"2 кімнати, 50 / 30 / 7 м², поверх 3 з 9, з ремонтом, панельні, 1966, сьогодні о 08:44, Створено 26 травня",50 м²,$ 271
flatfy,https://flatfy.ua/redirect/4666202658,901,USD,901.00,0,57,15.81,Нижній Печерськ,"1 кімната, 57 / 25 / 18 м², поверх 10 з 14, з ремонтом, монолітно-каркасний, 2015, сьогодні о 08:44, Створено 26 травня",57 м²,$ 901
flatfy,https://flatfy.ua/redirect/4666422409,563,USD,563.00,0,60,9.38,Позняки,"1 кімната, 60 / 30 / 25 м², поверх 20 з 23, з ремонтом, монолітно-каркасний, 2007, сьогодні о 12:51, Створено 26 травня",60 м²,$ 563
flatfy,https://flatfy.ua/redirect/4666080532,248,USD,248.00,1,60,4.13,Троєщина,"2 кімнати, 60 / 45 / 12 м², поверх 13 з 25, з ремонтом, утеплена панель, 2013, сьогодні о 12:57, Створено 26 травня",60 м²,$ 248
flatfy,https://flatfy.ua/redirect/4667642198,304,USD,304.00,1,61,4.98,Воскресенка,"2 кімнати, 61 / 32 / 15 м², поверх 2 з 9, з ремонтом, цегляний будинок, 1982, сьогодні о 12:29, Створено 26 травня",61 м²,$ 304
flatfy,https://flatfy.ua/redirect/4668256067,406,USD,406.00,0,45,9.02,Позняки,"1 кімната, 45 / 18 / 20 м², поверх 23 з 25, з ремонтом, монолітно-каркасний, 2015, сьогодні о 12:30, Створено 26 травня",45 м²,$ 406
flatfy,https://flatfy.ua/redirect/4668254785,192,USD,192.00,0,30,6.40,Березняки,"1 кімната, 30 / 17 / 5 м², поверх 7 з 9, з ремонтом, цегляний будинок, 1972, сьогодні о 12:30, Створено 26 травня",30 м²,$ 192
flatfy,https://flatfy.ua/redirect/4665653820,600,USD,600.00,0,31,19.35,Нивки,"1 кімната, 31 / 9 / 13.6 м², поверх 4 з 6, з ремонтом, блочні, 2019, сьогодні о 10:16, Створено 26 травня",31 м²,$ 600
flatfy,https://flatfy.ua/redirect/4666579412,541,USD,541.00,2,100,5.41,Осокорки,"3 кімнати, 100 / 45 / 25 м², поверх 18 з 24, з ремонтом, монолітно-каркасний, 2003, сьогодні о 10:19, Створено 26 травня",100 м²,$ 541
flatfy,https://flatfy.ua/redirect/4667199237,361,USD,361.00,0,37.4,9.65,Чоколівка,"1 кімната, 37.4 / 19.6 / 8 м², поверх 1 з 4, з ремонтом, цегляний будинок, 1958, сьогодні о 10:19, Створено 26 травня",37.4 м²,$ 361
flatfy,https://flatfy.ua/redirect/4666589693,383,USD,383.00,1,55,6.96,Харківський,"2 кімнати, 55 / 30 / 9 м², поверх 17 з 23, з ремонтом, цегляний будинок, 2020, сьогодні о 10:19, Створено 26 травня",55 м²,$ 383
flatfy,https://flatfy.ua/redirect/4665834818,1599,USD,1599.00,2,83,19.27,Печерськ,"3 кімнати, 83 / 53 / 15 м², поверх 8 з 31, з ремонтом, монолітно-каркасний, 2017, сьогодні о 07:58, Створено 26 травня",83 м²,$ 1 599
flatfy,https://flatfy.ua/redirect/4666651533,338,USD,338.00,0,35,9.66,Святошино,"1 кімната, 35 / 22 / 8 м², поверх 8 з 9, з ремонтом, цегляний будинок, 1980, сьогодні о 11:08, Створено 26 травня",35 м²,$ 338
flatfy,https://flatfy.ua/redirect/4666111306,226,USD,226.00,1,51,4.43,Лісовий,"2 кімнати, 51 / 33 / 11 м², поверх 3 з 9, з ремонтом, панельні, 1972, сьогодні о 11:08, Створено 26 травня",51 м²,$ 226
flatfy,https://flatfy.ua/redirect/4666759990,181,USD,181.00,0,55,3.29,Нова Дарниця,"1 кімната, 55 / 22 / 8 м², поверх 4 з 9, без ремонту, цегляний будинок, 1986, сьогодні о 11:09, Створено 26 травня",55 м²,$ 181
flatfy,https://flatfy.ua/redirect/4666611948,282,USD,282.00,1,43,6.56,Осокорки,"2 кімнати, 43 / 23 / 4 м², поверх 18 з 25, з ремонтом, панельні, 2014, сьогодні о 11:09, Створено 26 травня",43 м²,$ 282
flatfy,https://flatfy.ua/redirect/4666640735,271,USD,271.00,1,43.5,6.23,Сирець,"2 кімнати, 43.5 / 26.5 / 7 м², поверх 2 з 5, без ремонту, цегляний будинок, 1961, сьогодні о 11:23, Створено 26 травня",43.5 м²,$ 271
flatfy,https://flatfy.ua/redirect/4666534358,316,USD,316.00,0,35,9.03,Оболонь,"1 кімната, 35 / 18 / 9 м², поверх 5 з 16, з ремонтом, утеплена панель, 1982, сьогодні о 11:24, Створено 26 травня",35 м²,$ 316
flatfy,https://flatfy.ua/redirect/4666053238,248,USD,248.00,1,56,4.43,Осокорки,"2 кімнати, 56 / 32 / 9 м², поверх 10 з 10, з ремонтом, утеплена панель, 1995, сьогодні о 11:40, Створено 26 травня",56 м²,$ 248
flatfy,https://flatfy.ua/redirect/4666221052,788,USD,788.00,4,150,5.25,Багринова гора,"5 кімнат, 150 / 85 / 12 м², поверх 21 з 25, з ремонтом, утеплена панель, 2014, сьогодні о 12:07, Створено 26 травня",150 м²,$ 788
flatfy,https://flatfy.ua/redirect/4667482056,1000,USD,1000.00,1,98,10.20,Нова забудова,"2 кімнати, 98 / 60 / 18.9 м², поверх 4 з 20, з ремонтом, монолітно-каркасний, 2004, вчора о 14:52, Створено 26 травня",98 м²,$ 1 000
flatfy,https://flatfy.ua/redirect/4666457840,800,USD,800.00,2,105,7.62,Нижній Печерськ,"3 кімнати, 105 / 40 / 35 м², поверх 16 з 18, з ремонтом, монолітно-каркасний, 2006, сьогодні о 09:25, Створено 26 травня",105 м²,$ 800
flatfy,https://flatfy.ua/redirect/4666376026,338,USD,338.00,1,50,6.76,Лівобережний масив,"2 кімнати, 50 / 30 / 8 м², поверх 9 з 9, з ремонтом, панельні, 1977, сьогодні о 09:25, Створено 26 травня",50 м²,$ 338
flatfy,https://flatfy.ua/redirect/4666569927,608,USD,608.00,1,70,8.69,КПІ,"2 кімнати, 70 / 42 / 15 м², поверх 3 з 3, з ремонтом, цегляний будинок, 1975, сьогодні о 09:57, Створено 26 травня",70 м²,$ 608
flatfy,https://flatfy.ua/redirect/4667909366,496,USD,496.00,2,85,5.84,Соцмісто,"3 кімнати, 85 / 38 / 10 м², поверх 9 з 9, з ремонтом, цегляний будинок, сьогодні о 10:24, Створено 26 травня",85 м²,$ 496
flatfy,https://flatfy.ua/redirect/4665856507,271,USD,271.00,0,33,8.21,Мінський,"1 кімната, 33 / 17 / 5 м², поверх 25 з 25, з ремонтом, монолітно-каркасний, 2010, 27 травня, Створено 26 травня",33 м²,$ 271
flatfy,https://flatfy.ua/redirect/4667616156,1700,USD,1700.00,1,74,22.97,Черепанова гора,"2 кімнати, 74 / 50 / 20 м², поверх 16 з 24, з ремонтом, монолітно-каркасний, 2018, вчора о 14:52, Створено 26 травня",74 м²,$ 1 700
flatfy,https://flatfy.ua/redirect/4666462281,327,USD,327.00,0,35,9.34,Оболонь,"1 кімната, 35 / 18 / 9 м², поверх 10 з 16, з ремонтом, утеплена панель, 1976, сьогодні о 11:24, Створено 26 травня",35 м²,$ 327
flatfy,https://flatfy.ua/redirect/4666020798,316,USD,316.00,1,56,5.64,Троєщина,"2 кімнати, 56 / 32 / 12 м², поверх 16 з 16, з ремонтом, утеплена панель, 1985, сьогодні о 11:55, Створено 26 травня",56 м²,$ 316
flatfy,https://flatfy.ua/redirect/4667727355,181,USD,181.00,0,35,5.17,Харківський,"1 кімната, 35 / 16 / 7 м², поверх 9 з 9, з ремонтом, утеплена панель, 1983, сьогодні о 13:17, Створено 26 травня",35 м²,$ 181
flatfy,https://flatfy.ua/redirect/4668322489,451,USD,451.00,0,45,10.02,Соцмісто,"1 кімната, 45 / 17 / 13 м², поверх 8 з 10, з ремонтом, монолітно-каркасний, 2015, 27 травня, Створено 26 травня",45 м²,$ 451
flatfy,https://flatfy.ua/redirect/4667586906,1300,USD,1300.00,2,117,11.11,Кудрявець,"3 кімнати, 117 / 80 / 20 м², поверх 10 з 22, з ремонтом, монолітно-каркасний, 2008, вчора о 14:52, Створено 26 травня",117 м²,$ 1 300
flatfy,https://flatfy.ua/redirect/4665915942,381,USD,381.00,0,40,9.53,Мінський,"1 кімната, 40 / 17 / 14 м², поверх 7 з 26, з ремонтом, монолітно-каркасний, 2015, вчора о 16:13, Створено 26 травня",40 м²,$ 381
flatfy,https://flatfy.ua/redirect/4665835542,721,USD,721.00,0,52,13.87,Оболонь,"1 кімната, 52 / 20 / 12 м², поверх 5 з 23, з ремонтом, блочні, 2017, вчора о 09:41, Створено 26 травня",52 м²,$ 721
flatfy,https://flatfy.ua/redirect/4665738334,293,USD,293.00,0,52,5.63,Нова Дарниця,"1 кімната, 52 / 20 / 10 м², поверх 7 з 10, з ремонтом, монолітно-каркасний, 2010, 28 травня, Створено 26 травня",52 м²,$ 293
flatfy,https://flatfy.ua/redirect/4667289503,1250,USD,1250.00,1,55,22.73,Нова забудова,"2 кімнати, 55 / 40 / 15 м², поверх 8 з 25, з ремонтом, монолітно-каркасний, 2019, 26 травня, Створено 26 травня",55 м²,$ 1 250
flatfy,https://flatfy.ua/redirect/4666370777,451,USD,451.00,1,53,8.51,Воскресенка,"2 кімнати, 53 / 33 / 8 м², поверх 23 з 25, з ремонтом, монолітно-каркасний, 2012, 28 травня, Створено 26 травня",53 м²,$ 451
flatfy,https://flatfy.ua/redirect/4667199674,473,USD,473.00,0,42,11.26,Голосіїв,"1 кімната, 42 / 18 / 18 м², поверх 20 з 21, з ремонтом, панельні, 2023, вчора о 20:57, Створено 26 травня",42 м²,$ 473
flatfy,https://flatfy.ua/redirect/4667357833,203,USD,203.00,0,35,5.80,Лівобережний масив,"1 кімната, 35 / 17 / 8 м², поверх 2 з 16, з ремонтом, утеплена панель, 1976, 29 травня, Створено 26 травня",35 м²,$ 203
flatfy,https://flatfy.ua/redirect/4666535420,631,USD,631.00,2,78,8.09,Шулявка,"3 кімнати, 78 / 45 / 10 м², поверх 1 з 16, з ремонтом, цегляний будинок, 1983, 27 травня, Створено 26 травня",78 м²,$ 631
flatfy,https://flatfy.ua/redirect/4667576001,1200,USD,1200.00,0,59,20.34,Нова забудова,"1 кімната, 59 / 18 / 20 м², поверх 16 з 23, з ремонтом, монолітно-каркасний, 2019, вчора о 14:52, Створено 26 травня",59 м²,$ 1 200
flatfy,https://flatfy.ua/redirect/4666540050,586,USD,586.00,1,72,8.14,Теремки-2,"2 кімнати, 72 / 45 / 12 м², поверх 16 з 22, з ремонтом, монолітно-каркасний, 2015, сьогодні о 14:10, Створено 26 травня",72 м²,$ 586
flatfy,https://flatfy.ua/redirect/4667684785,383,USD,383.00,0,32,11.97,Соцмісто,"1 кімната, 32 / 19 / 5 м², поверх 6 з 16, з ремонтом, монолітно-каркасний, 2018, 29 травня, Створено 26 травня",32 м²,$ 383
flatfy,https://flatfy.ua/redirect/4666040228,203,USD,203.00,1,46,4.41,Нивки,"2 кімнати, 46 / 27 / 6 м², поверх 5 з 5, з ремонтом, панельні, 1964, 26 травня, Створено 26 травня",46 м²,$ 203
flatfy,https://flatfy.ua/redirect/4667136572,293,USD,293.00,0,40,7.33,Осокорки,"1 кімната, 40 / 19 / 8 м², поверх 3 з 25, з ремонтом, монолітно-каркасний, 2014, 27 травня, Створено 26 травня",40 м²,$ 293
flatfy,https://flatfy.ua/redirect/4666785240,700,USD,700.00,1,64,10.94,Липки,"2 кімнати, 64 / 15 / 25 м², поверх 3 з 12, з ремонтом, монолітно-каркасний, 2005, 26 травня, Створено 26 травня",64 м²,$ 700
flatfy,https://flatfy.ua/redirect/4666602116,226,USD,226.00,0,48,4.71,Солом’янський,"1 кімната, 48 / 35 / 9 м², поверх 8 з 9, з ремонтом, цегляний будинок, 1975, вчора о 07:42, Створено 26 травня",48 м²,$ 226
flatfy,https://flatfy.ua/redirect/4666545128,181,USD,181.00,0,32,5.66,Лісовий,"1 кімната, 32 / 18 / 6 м², поверх 8 з 9, з ремонтом, панельні, 1972, 29 травня, Створено 26 травня",32 м²,$ 181
flatfy,https://flatfy.ua/redirect/4667210208,900,USD,900.00,0,58,15.52,Шулявка,"1 кімната, 58 / 30 / 18 м², поверх 34 з 36, з ремонтом, монолітно-каркасний, 2021, 26 травня, Створено 26 травня",58 м²,$ 900
flatfy,https://flatfy.ua/redirect/4666305958,631,USD,631.00,1,85,7.42,Нова забудова,"2 кімнати, 85 / 40 / 20 м², поверх 18 з 32, з ремонтом, монолітно-каркасний, 2013, вчора о 09:17, Створено 26 травня",85 м²,$ 631
flatfy,https://flatfy.ua/redirect/4667516390,338,USD,338.00,2,82,4.12,Солом'янка,"3 кімнати, 82 / 46 / 8 м², поверх 13 з 17, без ремонту, цегляний будинок, 1978, вчора о 14:18, Створено 26 травня",82 м²,$ 338
flatfy,https://flatfy.ua/redirect/4666396671,563,USD,563.00,0,60,9.38,Нова забудова,"1 кімната, 60 / 20 / 25 м², поверх 5 з 6, з ремонтом, цегляний будинок, 1948, вчора о 07:37, Створено 26 травня",60 м²,$ 563
flatfy,https://flatfy.ua/redirect/4666292600,563,USD,563.00,2,111,5.07,Деміївка,"3 кімнати, 111 / 80 / 12 м², поверх 5 з 21, з ремонтом, монолітно-каркасний, 2007, сьогодні о 13:37, Створено 26 травня",111 м²,$ 563
flatfy,https://flatfy.ua/redirect/4666744593,563,USD,563.00,1,57,9.88,Печерський,"2 кімнати, 57 / 47 / 9 м², поверх 6 з 6, з ремонтом, цегляний будинок, 26 травня, Створено 26 травня",57 м²,$ 563
flatfy,https://flatfy.ua/redirect/4667399292,900,USD,900.00,2,120,7.50,Царське село,"3 кімнати, 120 / 90 / 25 м², поверх 8 з 19, з ремонтом, цегляний будинок, 2008, сьогодні о 13:57, Створено 26 травня",120 м²,$ 900
flatfy,https://flatfy.ua/redirect/4667271267,361,USD,361.00,1,55,6.56,Лівобережний масив,"2 кімнати, 55 / 40 / 10 м², поверх 7 з 12, з ремонтом, цегляний будинок, 1986, сьогодні о 18:04, Створено 26 травня",55 м²,$ 361
flatfy,https://flatfy.ua/redirect/4666611217,500,USD,500.00,1,60,8.33,Шулявка,"2 кімнати, 60 / 45 / 9 м², поверх 4 з 5, з ремонтом, цегляний будинок, 1966, сьогодні о 18:27, Створено 26 травня",60 м²,$ 500
flatfy,https://flatfy.ua/redirect/4666767744,226,USD,226.00,0,43,5.26,Троєщина,"1 кімната, 43 / 18 / 11 м², поверх 22 з 22, з ремонтом, панельні, 2006, сьогодні о 18:14, Створено 26 травня",43 м²,$ 226
flatfy,https://flatfy.ua/redirect/4665848873,406,USD,406.00,0,40,10.15,Голосіїв,"1 кімната, 40 / 24 / 9 м², поверх 9 з 9, з ремонтом, цегляний будинок, 1987, сьогодні о 18:22, Створено 26 травня",40 м²,$ 406
flatfy,https://flatfy.ua/redirect/4667631319,1300,USD,1300.00,1,70,18.57,Чорна Гора,"2 кімнати, 70 / 30 / 20 м², поверх 10 з 24, з ремонтом, блочні, 2017, вчора о 14:52, Створено 26 травня",70 м²,$ 1 300
flatfy,https://flatfy.ua/redirect/4666306028,995,USD,995.00,0,45,22.11,Історичний центр,"1 кімната, 45 / 20 / 12 м², поверх 9 з 19, з ремонтом, блочні, 2021, сьогодні о 18:08, Створено 26 травня",45 м²,$ 995
flatfy,https://flatfy.ua/redirect/4665350044,226,USD,226.00,1,54,4.19,Троєщина,"2 кімнати, 54 / 30 / 8 м², поверх 1 з 16, без ремонту, утеплена панель, 1983, сьогодні о 17:36, Створено 26 травня",54 м²,$ 226
flatfy,https://flatfy.ua/redirect/4666739310,700,USD,700.00,1,55,12.73,Нова забудова,"2 кімнати, 55 / 25 / 17 м², поверх 7 з 9, з ремонтом, монолітно-каркасний, 2005, сьогодні о 16:01, Створено 26 травня",55 м²,$ 700
flatfy,https://flatfy.ua/redirect/4667196656,226,USD,226.00,0,28,8.07,Нивки,"1 кімната, 28 / 15 / 5 м², поверх 5 з 5, з ремонтом, цегляний будинок, 1974, сьогодні о 17:39, Створено 26 травня",28 м²,$ 226
flatfy,https://flatfy.ua/redirect/4668217445,248,USD,248.00,0,36,6.89,Куренівка,"1 кімната, 36 / 17 / 8 м², поверх 2 з 9, з ремонтом, утеплена панель, 1979, сьогодні о 15:20, Створено 26 травня",36 м²,$ 248
flatfy,https://flatfy.ua/redirect/4665437511,550,USD,550.00,0,47.5,11.58,Лук'янівка,"1 кімната, 47.5 / 18 / 12 м², поверх 24 з 25, з ремонтом, цегляний будинок, 2021, сьогодні о 21:21, Створено 26 травня",47.5 м²,$ 550
flatfy,https://flatfy.ua/redirect/4665710727,302,USD,302.00,1,54,5.59,Солом'янка,"2 кімнати, 54 / 29 / 9 м², поверх 7 з 7, без ремонту, цегляний будинок, 1957, сьогодні о 20:33, Створено 26 травня",54 м²,$ 302
flatfy,https://flatfy.ua/redirect/4665813100,248,USD,248.00,1,48,5.17,Лісовий,"2 кімнати, 48 / 29 / 7 м², поверх 2 з 9, з ремонтом, цегляний будинок, 1972, сьогодні о 20:33, Створено 26 травня",48 м²,$ 248
flatfy,https://flatfy.ua/redirect/4665605130,338,USD,338.00,2,77,4.39,Виноградар,"3 кімнати, 77 / 44 / 9 м², поверх 12 з 16, без ремонту, утеплена панель, 1987, сьогодні о 20:33, Створено 26 травня",77 м²,$ 338
flatfy,https://flatfy.ua/redirect/4665626353,248,USD,248.00,0,33,7.52,Солом'янка,"1 кімната, 33 / 16 / 8.5 м², поверх 10 з 16, без ремонту, утеплена панель, 1979, сьогодні о 20:33, Створено 26 травня",33 м²,$ 248
flatfy,https://flatfy.ua/redirect/4665861052,284,USD,284.00,1,57,4.98,Позняки,"2 кімнати, 57 / 33 / 11 м², поверх 11 з 16, з ремонтом, утеплена панель, 2001, сьогодні о 20:33, Створено 26 травня",57 м²,$ 284
flatfy,https://flatfy.ua/redirect/4667346159,338,USD,338.00,0,30,11.27,Оболонь,"1 кімната, 30 / 15 / 6 м², поверх 2 з 9, з ремонтом, цегляний будинок, 1974, сьогодні о 19:51, Створено 26 травня",30 м²,$ 338
flatfy,https://flatfy.ua/redirect/4668031743,248,USD,248.00,0,20,12.40,Солом’янський,"1 кімната, 20 / 10 / 4 м², поверх 1 з 5, з ремонтом, цегляний будинок, сьогодні о 21:55, Створено 26 травня",20 м²,$ 248
flatfy,https://flatfy.ua/redirect/4589859129,203,USD,203.00,1,47,4.32,Борщагівка,"2 кімнати, 47 / - / 7 м², поверх 8 з 9, з ремонтом, панельні, 1981, 7 травня, Створено 7 травня",47 м²,$ 203
flatfy,https://flatfy.ua/redirect/4597442050,406,USD,406.00,0,35,11.60,Нова забудова,"1 кімната, 35 / - / 12 м², поверх 12 з 14, з ремонтом, цегляний будинок, 1986, 9 травня, Створено 9 травня",35 м²,$ 406
flatfy,https://flatfy.ua/redirect/4632869204,518,USD,518.00,0,42,12.33,Микільська Слобідка,"1 кімната, 42 / - / 20 м², поверх 22 з 24, з ремонтом, цегляний будинок, 2020, 18 травня, Створено 19 травня",42 м²,$ 518
flatfy,https://flatfy.ua/redirect/4668295919,496,USD,496.00,1,78,6.36,Позняки,"2 кімнати, 78 / - / 25 м², поверх 16 з 25, з ремонтом, утеплена панель, 2011, 26 травня, Створено 26 травня",78 м²,$ 496
flatfy,https://flatfy.ua/redirect/4665566737,158,USD,158.00,0,28,5.64,,"1 кімната, 28 / - / 5 м², поверх 2 з 5, з ремонтом, цегляний будинок, 26 травня, Створено 26 травня",28 м²,$ 158
flatfy,https://flatfy.ua/redirect/4671747118,496,USD,496.00,1,44,11.27,Теремки-2,"2 кімнати, 44 / - / 9 м², поверх 11 з 19, з ремонтом, 27 травня, Створено 26 травня",44 м²,$ 496
flatfy,https://flatfy.ua/redirect/4666039206,900,USD,900.00,0,50,18.00,Дарницький,"1 кімната, 50 / - / 15 м², поверх 16 з 25, з ремонтом, 26 травня, Створено 26 травня",50 м²,$ 900
flatfy,https://flatfy.ua/redirect/4667116023,226,USD,226.00,0,26.2,8.63,Дарницький,"1 кімната, 26.2 / - / 6.2 м², поверх 7 з 9, з ремонтом, панельні, 26 травня, Створено 26 травня",26.2 м²,$ 226
flatfy,https://flatfy.ua/redirect/4667291710,271,USD,271.00,0,38,7.13,Біличе поле,"1 кімната, 38 / - / 8 м², поверх 9 з 9, з ремонтом, цегляний будинок, 26 травня, Створено 26 травня",38 м²,$ 271
flatfy,https://flatfy.ua/redirect/4632510386,271,USD,271.00,1,54,5.02,Вишгородський масив,"2 кімнати, 54 / - / 8 м², поверх 2 з 16, з ремонтом, панельні, 2002, 18 травня, Створено 26 травня",54 м²,$ 271
flatfy,https://flatfy.ua/redirect/4584152516,1200,USD,1200.00,1,55,21.82,Чорна Гора,"2 кімнати, 55 / - / 10 м², поверх 3 з 30, з ремонтом, 27 травня, Створено 26 травня",55 м²,$ 1 200
flatfy,https://flatfy.ua/redirect/4520166490,293,USD,293.00,1,52,5.63,Голосіїв,"2 кімнати, 52 / - / 8 м², поверх 2 з 9, з ремонтом, панельні, 1982, 26 травня, Створено 26 травня",52 м²,$ 293
flatfy,https://flatfy.ua/redirect/4668150927,338,USD,338.00,1,55,6.15,Нивки,"2 кімнати, 55 / - / 8 м², поверх 5 з 9, з ремонтом, цегляний будинок, 1989, 26 травня, Створено 26 травня",55 м²,$ 338
flatfy,https://flatfy.ua/redirect/4259061970,383,USD,383.00,2,72,5.32,Біличі,"3 кімнати, 72 / - / 11 м², поверх 14 з 16, з ремонтом, утеплена панель, 1978, 26 травня, Створено 26 травня",72 м²,$ 383
flatfy,https://flatfy.ua/redirect/4676466138,158,USD,158.00,0,36,4.39,Троєщина,"1 кімната, 36 / - / 8 м², поверх 5 з 9, з ремонтом, утеплена панель, 1988, 28 травня, Створено 26 травня",36 м²,$ 158
flatfy,https://flatfy.ua/redirect/4667211690,631,USD,631.00,3,103,6.13,Нова забудова,"4 кімнати, 103 / - / 16 м², поверх 6 з 8, з ремонтом, цегляний будинок, 1940, 26 травня, Створено 26 травня",103 м²,$ 631
flatfy,https://flatfy.ua/redirect/4667584847,1400,USD,1400.00,1,65,21.54,Нова забудова,"2 кімнати, 65 / - / 30 м², поверх 11 з 24, з ремонтом, 26 травня, Створено 26 травня",65 м²,$ 1 400
flatfy,https://flatfy.ua/redirect/4666556623,248,USD,248.00,0,36,6.89,Троєщина,"1 кімната, 36 / - / 8 м², поверх 15 з 18, з ремонтом, утеплена панель, 1989, 26 травня, Створено 26 травня",36 м²,$ 248
flatfy,https://flatfy.ua/redirect/4608478945,203,USD,203.00,0,45,4.51,Святошинський,"1 кімната, 45 / - / 8.5 м², поверх 5 з 9, з ремонтом, 12 травня, Створено 26 травня",45 м²,$ 203
flatfy,https://flatfy.ua/redirect/4666201886,338,USD,338.00,1,56,6.04,Троєщина,"2 кімнати, 56 / - / 9.5 м², поверх 13 з 16, з ремонтом, панельні, 2002, 26 травня, Створено 26 травня",56 м²,$ 338
flatfy,https://flatfy.ua/redirect/4668150929,473,USD,473.00,1,65,7.28,Нижній Печерськ,"2 кімнати, 65 / - / 7 м², поверх 8 з 10, з ремонтом, цегляний будинок, 1977, 26 травня, Створено 26 травня",65 м²,$ 473
flatfy,https://flatfy.ua/redirect/4666303883,451,USD,451.00,1,78,5.78,,"2 кімнати, 78 / - / 17 м², поверх 1 з 20, з ремонтом, 26 травня, Створено 26 травня",78 м²,$ 451
flatfy,https://flatfy.ua/redirect/4666252922,237,USD,237.00,0,27,8.78,Виноградар,"1 кімната, 27 / - / 6 м², поверх 2 з 9, з ремонтом, цегляний будинок, 1985, 26 травня, Створено 26 травня",27 м²,$ 237
flatfy,https://flatfy.ua/redirect/4667267128,293,USD,293.00,2,61,4.80,Північно-Броварський,"3 кімнати, 61 / - / 7.7 м², поверх 2 з 5, з ремонтом, панельні, 1964, 26 травня, Створено 26 травня",61 м²,$ 293
flatfy,https://flatfy.ua/redirect/4668320417,338,USD,338.00,0,46,7.35,Виноградар,"1 кімната, 46 / - / 12 м², поверх 2 з 25, з ремонтом, утеплена панель, 2004, 26 травня, Створено 26 травня",46 м²,$ 338
flatfy,https://flatfy.ua/redirect/4667170209,750,USD,750.00,1,45,16.67,Позняки,"2 кімнати, 45 / - / 18 м², поверх 15 з 25, з ремонтом, монолітно-каркасний, 2015, 26 травня, Створено 26 травня",45 м²,$ 750
flatfy,https://flatfy.ua/redirect/4667052838,338,USD,338.00,0,54,6.26,Осокорки,"1 кімната, 54 / - / 12 м², поверх 12 з 22, з ремонтом, монолітно-каркасний, 2004, 26 травня, Створено 26 травня",54 м²,$ 338
flatfy,https://flatfy.ua/redirect/4666374916,3400,USD,3400.00,2,105,32.38,,"3 кімнати, 105 / - / 35 м², поверх 6 з 7, з ремонтом, цегляний будинок, 26 травня, Створено 26 травня",105 м²,$ 3 400
flatfy,https://flatfy.ua/redirect/4666847862,721,USD,721.00,2,89,8.10,Стара Дарниця,"3 кімнати, 89 / - / 20 м², поверх 1 з 8, з ремонтом, цегляний будинок, 1955, 26 травня, Створено 26 травня",89 м²,$ 721
flatfy,https://flatfy.ua/redirect/4666929247,136,USD,136.00,0,18,7.56,,"1 кімната, 18 / - / 16 м², поверх 2 з 3, з ремонтом, 26 травня, Створено 26 травня",18 м²,$ 136
flatfy,https://flatfy.ua/redirect/4662553171,338,USD,338.00,1,47,7.19,Звіринець,"2 кімнати, 47 / - / 7 м², поверх 3 з 5, з ремонтом, цегляний будинок, 25 травня, Створено 26 травня",47 м²,$ 338
flatfy,https://flatfy.ua/redirect/4667863896,214,USD,214.00,0,28,7.64,Нова Дарниця,"1 кімната, 28 / - / 7 м², поверх 3 з 5, з ремонтом, цегляний будинок, 1968, 26 травня, Створено 26 травня",28 м²,$ 214
flatfy,https://flatfy.ua/redirect/4667316174,496,USD,496.00,0,41,12.10,,"1 кімната, 41 / - / 10 м², поверх 12 з 25, з ремонтом, 26 травня, Створено 26 травня",41 м²,$ 496
flatfy,https://flatfy.ua/redirect/4609809590,563,USD,563.00,0,50,11.26,Солом'янка,"1 кімната, 50 / - / 20 м², поверх 18 з 23, з ремонтом, цегляний будинок, 2018, 12 травня, Створено 26 травня",50 м²,$ 563
flatfy,https://flatfy.ua/redirect/4667370676,271,USD,271.00,1,48,5.65,Деснянський,"2 кімнати, 48 / - / 7 м², поверх 5 з 9, з ремонтом, 26 травня, Створено 26 травня",48 м²,$ 271
flatfy,https://flatfy.ua/redirect/4666705143,226,USD,226.00,0,47,4.81,Борщагівка,"1 кімната, 47 / - / 8.5 м², поверх 14 з 16, з ремонтом, цегляний будинок, 1990, 26 травня, Створено 26 травня",47 м²,$ 226
flatfy,https://flatfy.ua/redirect/4666421765,1300,USD,1300.00,3,141,9.22,Нижній Печерськ,"4 кімнати, 141 / - / 18 м², поверх 13 з 26, з ремонтом, цегляний будинок, 2011, 26 травня, Створено 26 травня",141 м²,$ 1 300
flatfy,https://flatfy.ua/redirect/4667116028,181,USD,181.00,0,29,6.24,Нова Дарниця,"1 кімната, 29 / - / 7 м², поверх 1 з 5, з ремонтом, цегляний будинок, 1961, 26 травня, Створено 26 травня",29 м²,$ 181
flatfy,https://flatfy.ua/redirect/4294687728,608,USD,608.00,0,42.4,14.34,Академмістечко,"1 кімната, 42.4 / - / 24 м², поверх 9 з 21, з ремонтом, монолітно-каркасний, 2022, 27 травня, Створено 26 травня",42.4 м²,$ 608
flatfy,https://flatfy.ua/redirect/3222165306,192,USD,192.00,0,35,5.49,,"1 кімната, 35 / - / 15 м², поверх 1 з 4, з ремонтом, цегляний будинок, 26 травня, Створено 26 травня",35 м²,$ 192
flatfy,https://flatfy.ua/redirect/4666705179,327,USD,327.00,0,40,8.18,Солдатська слобідка,"1 кімната, 40 / - / 8 м², поверх 6 з 9, з ремонтом, цегляний будинок, 1976, 26 травня, Створено 26 травня",40 м²,$ 327
flatfy,https://flatfy.ua/redirect/4667863906,451,USD,451.00,1,56,8.05,Олександрівська Слобідка,"2 кімнати, 56 / - / 20 м², поверх 9 з 9, з ремонтом, цегляний будинок, 2010, 26 травня, Створено 26 травня",56 м²,$ 451
flatfy,https://flatfy.ua/redirect/4504742794,181,USD,181.00,0,40,4.53,Лісовий,"1 кімната, 40 / - / 10 м², поверх 6 з 9, з ремонтом, 21 травня, Створено 26 травня",40 м²,$ 181
flatfy,https://flatfy.ua/redirect/4666809591,293,USD,293.00,0,32,9.16,Нивки,"1 кімната, 32 / - / 5 м², поверх 4 з 5, з ремонтом, цегляний будинок, 1975, 26 травня, Створено 26 травня",32 м²,$ 293
flatfy,https://flatfy.ua/redirect/4666654005,259,USD,259.00,1,56,4.63,Татарка,"2 кімнати, 56 / - / 9 м², поверх 5 з 9, з ремонтом, панельні, 1977, 26 травня, Створено 26 травня",56 м²,$ 259
flatfy,https://flatfy.ua/redirect/4668452297,304,USD,304.00,1,54,5.63,Мінський,"2 кімнати, 54 / - / 9 м², поверх 6 з 9, з ремонтом, панельні, 1971, 26 травня, Створено 26 травня",54 м²,$ 304
flatfy,https://flatfy.ua/redirect/4666585018,451,USD,451.00,1,75,6.01,Теремки-2,"2 кімнати, 75 / - / 20 м², поверх 4 з 18, з ремонтом, 26 травня, Створено 26 травня",75 м²,$ 451
flatfy,https://flatfy.ua/redirect/4683591705,394,USD,394.00,0,32,12.31,Поділ,"1 кімната, 32 / - / 7 м², поверх 4 з 5, з ремонтом, цегляний будинок, 1964, вчора о 10:48, Створено 26 травня",32 м²,$ 394
flatfy,https://flatfy.ua/redirect/4666609602,5200,USD,5200.00,3,147,35.37,Чорна Гора,"4 кімнати, 147 / - / 1 м², поверх 8 з 17, з ремонтом, цегляний будинок, 2020, 26 травня, Створено 26 травня",147 м²,$ 5 200
flatfy,https://flatfy.ua/redirect/4667032483,271,USD,271.00,0,29,9.34,Відрадний,"1 кімната, 29 / - / 9 м², поверх 4 з 9, з ремонтом, цегляний будинок, 1973, 26 травня, Створено 26 травня",29 м²,$ 271
flatfy,https://flatfy.ua/redirect/4685026787,990,USD,990.00,1,93,10.65,Голосіївський,"2 кімнати, 93 / - / 20 м², поверх 14 з 20, з ремонтом, вчора о 18:40, Створено 26 травня",93 м²,$ 990
flatfy,https://flatfy.ua/redirect/3598105915,271,USD,271.00,0,20.5,13.22,Соцмісто,"1 кімната, 20.5 / - / 1.4 м², поверх 5 з 12, з ремонтом, монолітно-каркасний, 2018, 26 травня, Створено 26 травня",20.5 м²,$ 271
flatfy,https://flatfy.ua/redirect/4672709633,451,USD,451.00,0,54,8.35,Теремки-1,"1 кімната, 54 / - / 17 м², поверх 20 з 24, з ремонтом, монолітно-каркасний, 2014, 27 травня, Створено 26 травня",54 м²,$ 451
flatfy,https://flatfy.ua/redirect/4666868166,338,USD,338.00,0,24,14.08,Харківський,"1 кімната, 24 / - / 3 м², поверх 9 з 12, з ремонтом, блочні, 2022, 26 травня, Створено 26 травня",24 м²,$ 338
flatfy,https://flatfy.ua/redirect/4666929246,428,USD,428.00,1,80.3,5.33,,"2 кімнати, 80.3 / - / 14.7 м², поверх 16 з 22, з ремонтом, цегляний будинок, 26 травня, Створено 26 травня",80.3 м²,$ 428
flatfy,https://flatfy.ua/redirect/4665943042,496,USD,496.00,0,56,8.86,Шулявка,"1 кімната, 56 / - / 20 м², поверх 21 з 24, з ремонтом, монолітно-каркасний, 2016, 26 травня, Створено 26 травня",56 м²,$ 496
flatfy,https://flatfy.ua/redirect/4667723873,248,USD,248.00,0,36,6.89,Північно-Броварський,"1 кімната, 36 / - / 6.5 м², поверх 2 з 5, з ремонтом, панельні, 26 травня, Створено 26 травня",36 м²,$ 248
flatfy,https://flatfy.ua/redirect/4581032165,226,USD,226.00,1,55,4.11,Троєщина,"2 кімнати, 55 / - / 9 м², поверх 9 з 14, з ремонтом, панельні, 1989, 5 травня, Створено 26 травня",55 м²,$ 226
flatfy,https://flatfy.ua/redirect/4666374927,563,USD,563.00,1,50,11.26,Позняки,"2 кімнати, 50 / - / 20 м², поверх 14 з 25, з ремонтом, цегляний будинок, 2019, 26 травня, Створено 26 травня",50 м²,$ 563
flatfy,https://flatfy.ua/redirect/4678262533,203,USD,203.00,0,30,6.77,Воскресенка,"1 кімната, 30 / - / 7 м², поверх 5 з 5, з ремонтом, панельні, 1967, 29 травня, Створено 26 травня",30 м²,$ 203
flatfy,https://flatfy.ua/redirect/4666421768,406,USD,406.00,0,50,8.12,Ґалаґани,"1 кімната, 50 / - / 14 м², поверх 13 з 16, з ремонтом, 26 травня, Створено 26 травня",50 м²,$ 406
flatfy,https://flatfy.ua/redirect/4209444391,271,USD,271.00,0,24,11.29,Позняки,"1 кімната, 24 / - / 2 м², поверх 16 з 25, з ремонтом, 26 травня, Створено 26 травня",24 м²,$ 271
flatfy,https://flatfy.ua/redirect/4666399959,338,USD,338.00,1,55,6.15,Троєщина,"2 кімнати, 55 / - / 8 м², поверх 4 з 16, з ремонтом, панельні, 2002, 26 травня, Створено 26 травня",55 м²,$ 338
flatfy,https://flatfy.ua/redirect/4671458654,1100,USD,1100.00,2,90,12.22,Нижній Печерськ,"3 кімнати, 90 / - / 25 м², поверх 14 з 22, з ремонтом, монолітно-каркасний, 2014, 27 травня, Створено 26 травня",90 м²,$ 1 100
flatfy,https://flatfy.ua/redirect/4667267135,383,USD,383.00,1,60,6.38,Дарницький,"2 кімнати, 60 / - / 9 м², поверх 6 з 16, з ремонтом, вчора о 16:51, Створено 26 травня",60 м²,$ 383
flatfy,https://flatfy.ua/redirect/4666609578,271,USD,271.00,0,32,8.47,Стара Дарниця,"1 кімната, 32 / - / 7 м², поверх 17 з 26, з ремонтом, блочні, 2016, 26 травня, Створено 26 травня",32 м²,$ 271
flatfy,https://flatfy.ua/redirect/4668056444,192,USD,192.00,1,47,4.09,Лісовий,"2 кімнати, 47 / - / 7 м², поверх 3 з 9, з ремонтом, панельні, 1972, 26 травня, Створено 26 травня",47 м²,$ 192
flatfy,https://flatfy.ua/redirect/4007954743,361,USD,361.00,0,34,10.62,Голосіївський,"1 кімната, 34 / - / 6 м², поверх 4 з 5, з ремонтом, 26 травня, Створено 26 травня",34 м²,$ 361
flatfy,https://flatfy.ua/redirect/4668495551,226,USD,226.00,0,48,4.71,Пріорка,"1 кімната, 48 / - / 12 м², поверх 10 з 25, без ремонту, монолітно-каркасний, 2025, 26 травня, Створено 26 травня",48 м²,$ 226
flatfy,https://flatfy.ua/redirect/4049541676,900,USD,900.00,1,72,12.50,Липки,"2 кімнати, 72 / - / 8 м², поверх 1 з 6, з ремонтом, цегляний будинок, вчора о 14:27, Створено 26 травня",72 м²,$ 900
flatfy,https://flatfy.ua/redirect/4667211643,181,USD,181.00,0,24,7.54,Борщагівка,"1 кімната, 24 / - / 24 м², поверх 4 з 9, з ремонтом, цегляний будинок, 1970, 26 травня, Створено 26 травня",24 м²,$ 181
flatfy,https://flatfy.ua/redirect/4666556615,700,USD,700.00,2,82,8.54,Печерськ,"3 кімнати, 82 / - / 12 м², поверх 8 з 13, з ремонтом, цегляний будинок, 1974, 26 травня, Створено 26 травня",82 м²,$ 700
flatfy,https://flatfy.ua/redirect/4667316164,338,USD,338.00,0,38,8.89,Осокорки,"1 кімната, 38 / - / 12 м², поверх 10 з 20, з ремонтом, монолітно-каркасний, 2017, 26 травня, Створено 26 травня",38 м²,$ 338
flatfy,https://flatfy.ua/redirect/4666609589,496,USD,496.00,0,48,10.33,Теремки-2,"1 кімната, 48 / - / 11 м², поверх 12 з 22, з ремонтом, 26 травня, Створено 26 травня",48 м²,$ 496
flatfy,https://flatfy.ua/redirect/4667052830,316,USD,316.00,0,53,5.96,Лісовий,"1 кімната, 53 / - / 14 м², поверх 19 з 23, з ремонтом, монолітно-каркасний, 2007, 26 травня, Створено 26 травня",53 м²,$ 316
flatfy,https://flatfy.ua/redirect/4667291703,383,USD,383.00,0,38,10.08,Осокорки,"1 кімната, 38 / - / 9 м², поверх 8 з 25, з ремонтом, монолітно-каркасний, 2016, сьогодні о 11:48, Створено 26 травня",38 м²,$ 383
flatfy,https://flatfy.ua/redirect/4569061104,176,USD,176.00,0,28,6.29,Березняки,"1 кімната, 28 / - / 7 м², поверх 8 з 9, з ремонтом, панельні, 1969, 2 травня, Створено 26 травня",28 м²,$ 176
flatfy,https://flatfy.ua/redirect/4669042810,316,USD,316.00,0,22,14.36,Соцмісто,"1 кімната, 22 / - / 5 м², поверх 1 з 7, з ремонтом, цегляний будинок, 2018, сьогодні о 02:59, Створено 27 травня",22 м²,$ 316
flatfy,https://flatfy.ua/redirect/3558745869,406,USD,406.00,0,48,8.46,Теремки-1,"1 кімната, 48 / - / 17 м², поверх 24 з 25, з ремонтом, блочні, 2021, 26 травня, Створено 26 травня",48 м²,$ 406
flatfy,https://flatfy.ua/redirect/4666012365,181,USD,181.00,0,21,8.62,Воскресенка,"1 кімната, 21 / - / 4 м², поверх 1 з 3, з ремонтом, вчора о 10:08, Створено 26 травня",21 м²,$ 181
flatfy,https://flatfy.ua/redirect/4643352157,372,USD,372.00,1,45,8.27,Нивки,"2 кімнати, 45 / - / 6 м², поверх 1 з 5, з ремонтом, 21 травня, Створено 26 травня",45 м²,$ 372
flatfy,https://flatfy.ua/redirect/4668267820,214,USD,214.00,0,28,7.64,Чоколівка,"1 кімната, 28 / - / 5 м², поверх 6 з 9, з ремонтом, цегляний будинок, 1973, 26 травня, Створено 26 травня",28 м²,$ 214
flatfy,https://flatfy.ua/redirect/4679958538,1750,USD,1750.00,4,240,7.29,Липки,"5 кімнат, 240 / - / 17 м², поверх 4 з 5, з ремонтом, цегляний будинок, 1917, 29 травня, Створено 26 травня",240 м²,$ 1 750
flatfy,https://flatfy.ua/redirect/3967484145,2800,USD,2800.00,4,200,14.00,Верхня Теличка,"5 кімнат, 200 / - / 30 м², поверх 8 з 24, з ремонтом, цегляний будинок, 2008, 26 травня, Створено 26 травня",200 м²,$ 2 800
flatfy,https://flatfy.ua/redirect/4667291688,338,USD,338.00,1,54,6.26,Відрадний,"2 кімнати, 54 / - / 10 м², поверх 5 з 5, з ремонтом, цегляний будинок, 1963, 26 травня, Створено 26 травня",54 м²,$ 338
flatfy,https://flatfy.ua/redirect/4330297845,1000,USD,1000.00,0,50,20.00,Липки,"1 кімната, 50 / - / 15 м², поверх 3 з 9, з ремонтом, цегляний будинок, 1950, 23 травня, Створено 26 травня",50 м²,$ 1 000
flatfy,https://flatfy.ua/redirect/4667052797,327,USD,327.00,1,48,6.81,Борщагівка,"2 кімнати, 48 / - / 9 м², поверх 8 з 9, з ремонтом, панельні, 1968, 26 травня, Створено 26 травня",48 м²,$ 327
flatfy,https://flatfy.ua/redirect/4680161027,950,USD,950.00,2,85,11.18,Нова забудова,"3 кімнати, 85 / - / 10 м², поверх 6 з 9, з ремонтом, цегляний будинок, 1965, 29 травня, Створено 26 травня",85 м²,$ 950
flatfy,https://flatfy.ua/redirect/4422459056,383,USD,383.00,0,42,9.12,Позняки,"1 кімната, 42 / - / 7 м², поверх 26 з 26, з ремонтом, монолітно-каркасний, 2018, 26 травня, Створено 26 травня",42 м²,$ 383
flatfy,https://flatfy.ua/redirect/1343105389,1000,USD,1000.00,2,110,9.09,Шевченківський,"3 кімнати, 110 / - / 10 м², поверх 4 з 4, з ремонтом, 29 травня, Створено 26 травня",110 м²,$ 1 000
flatfy,https://flatfy.ua/redirect/4666149393,563,USD,563.00,1,62,9.08,Лук'янівка,"2 кімнати, 62 / - / 18 м², поверх 15 з 25, з ремонтом, монолітно-каркасний, 2016, 26 травня, Створено 26 травня",62 м²,$ 563
flatfy,https://flatfy.ua/redirect/4679881922,1049,USD,1049.00,2,117,8.97,Саперна Слобідка,"3 кімнати, 117 / - / 15.5 м², поверх 5 з 24, з ремонтом, монолітно-каркасний, 2009, 29 травня, Створено 26 травня",117 м²,$ 1 049
flatfy,https://flatfy.ua/redirect/4688750856,473,USD,473.00,0,37,12.78,Голосіїв,"1 кімната, 37 / - / 7 м², поверх 15 з 16, з ремонтом, монолітно-каркасний, 2020, сьогодні о 15:23, Створено 26 травня",37 м²,$ 473
flatfy,https://flatfy.ua/redirect/4683990766,338,USD,338.00,1,55,6.15,Чоколівка,"2 кімнати, 55 / - / 20 м², поверх 3 з 5, з ремонтом, цегляний будинок, 1959, вчора о 19:35, Створено 26 травня",55 м²,$ 338
flatfy,https://flatfy.ua/redirect/4666399953,304,USD,304.00,0,36,8.44,Північно-Броварський,"1 кімната, 36 / - / 9 м², поверх 3 з 16, з ремонтом, панельні, 1972, 26 травня, Створено 26 травня",36 м²,$ 304
flatfy,https://flatfy.ua/redirect/4676790997,214,USD,214.00,0,19,11.26,Багринова гора,"1 кімната, 19 / - / 5 м², поверх 15 з 21, з ремонтом, сьогодні о 21:55, Створено 26 травня",19 м²,$ 214
flatfy,https://flatfy.ua/redirect/4662362474,271,USD,271.00,0,32.8,8.26,Соцмісто,"1 кімната, 32.8 / 16.9 / 5.6 м², поверх 2 з 5, з ремонтом, цегляний будинок, 1962, 25 травня, Створено 25 травня",32.8 м²,$ 271
flatfy,https://flatfy.ua/redirect/4629366014,563,USD,563.00,3,88,6.40,,"4 кімнати, 88 / 62 / 15 м², поверх 6 з 17, з ремонтом, утеплена панель, 2002, 25 травня, Створено 25 травня",88 м²,$ 563
flatfy,https://flatfy.ua/redirect/4662819689,1238,USD,1238.00,2,96,12.90,Шулявка,"3 кімнати, 96 / - / 5 м², поверх 8 з 36, з ремонтом, монолітно-каркасний, 2021, 25 травня, Створено 25 травня",96 м²,$ 1 238
flatfy,https://flatfy.ua/redirect/4639488578,406,USD,406.00,1,56,7.25,Дарницький,"2 кімнати, 56 м², поверх 9 з 16, з ремонтом, утеплена панель, 1997, 25 травня, Створено 25 травня",56 м²,$ 406
flatfy,https://flatfy.ua/redirect/4521146005,631,USD,631.00,1,42,15.02,Солом’янський,"2 кімнати, 42 м², поверх 16 з 17, з ремонтом, блочні, 2022, 25 травня, Створено 25 травня",42 м²,$ 631
flatfy,https://flatfy.ua/redirect/4661902341,451,USD,451.00,0,32,14.09,Рибальський острів,"1 кімната, 32 / - / 9 м², поверх 15 з 26, з ремонтом, монолітно-каркасний, 2022, 25 травня, Створено 25 травня",32 м²,$ 451
flatfy,https://flatfy.ua/redirect/4632503500,400,USD,400.00,0,60,6.67,Троєщина,"1 кімната, 60 / 23 / 21 м², поверх 16 з 23, з ремонтом, монолітно-каркасний, 2010, 25 травня, Створено 25 травня",60 м²,$ 400
flatfy,https://flatfy.ua/redirect/3699569194,923,USD,923.00,0,53,17.42,Шулявка,"1 кімната, 53 / 16 / 20 м², поверх 9 з 36, з ремонтом, цегляний будинок, 2021, 25 травня, Створено 25 травня",53 м²,$ 923
flatfy,https://flatfy.ua/redirect/4663616197,850,USD,850.00,0,44,19.32,Теремки,"1 кімната, 44 / 14 / 20 м², поверх 5 з 9, з ремонтом, блочні, 2022, 25 травня, Створено 25 травня",44 м²,$ 850
flatfy,https://flatfy.ua/redirect/4436465018,788,USD,788.00,2,100,7.88,Солом'янка,"3 кімнати, 100 / 60 / 15 м², поверх 18 з 21, з ремонтом, монолітно-каркасний, 2011, 25 травня, Створено 25 травня",100 м²,$ 788
flatfy,https://flatfy.ua/redirect/4591761181,406,USD,406.00,1,45.6,8.90,Дарницький,"2 кімнати, 45.6 / 18.4 / - м², поверх 8 з 23, з ремонтом, цегляний будинок, 2020, 25 травня, Створено 25 травня",45.6 м²,$ 406
flatfy,https://flatfy.ua/redirect/4560770562,496,USD,496.00,0,45,11.02,Голосіївський,"1 кімната, 45 / - / 20 м², поверх 21 з 26, з ремонтом, блочні, 2021, 25 травня, Створено 25 травня",45 м²,$ 496
flatfy,https://flatfy.ua/redirect/4593172580,586,USD,586.00,0,34,17.24,Академмістечко,"1 кімната, 34 / 10 / 15 м², поверх 10 з 21, з ремонтом, монолітно-каркасний, 2022, 25 травня, Створено 25 травня",34 м²,$ 586
flatfy,https://flatfy.ua/redirect/4589259715,361,USD,361.00,1,45,8.02,Північно-Броварський,"2 кімнати, 45 / 27 / 9 м², поверх 8 з 16, з ремонтом, утеплена панель, 1973, 25 травня, Створено 25 травня",45 м²,$ 361
flatfy,https://flatfy.ua/redirect/4635844008,541,USD,541.00,0,45,12.02,Подільський,"1 кімната, 45 / 15 / 20 м², поверх 20 з 23, з ремонтом, блочні, 2025, 25 травня, Створено 25 травня",45 м²,$ 541
flatfy,https://flatfy.ua/redirect/4609938024,1200,USD,1200.00,2,95,12.63,Лук'янівка,"3 кімнати, 95 м², поверх 9 з 26, з ремонтом, блочні, 2016, 25 травня, Створено 25 травня",95 м²,$ 1 200
flatfy,https://flatfy.ua/redirect/4537065954,1100,USD,1100.00,1,48,22.92,Позняки,"2 кімнати, 48 м², поверх 17 з 26, з ремонтом, цегляний будинок, 2023, 25 травня, Створено 25 травня",48 м²,$ 1 100
flatfy,https://flatfy.ua/redirect/4663204809,451,USD,451.00,1,60,7.52,Олександрівська Слобідка,"2 кімнати, 60 / 40 / 20 м², поверх 15 з 28, з ремонтом, блочні, 2013, сьогодні о 09:00, Створено 25 травня",60 м²,$ 451
flatfy,https://flatfy.ua/redirect/4661453951,1900,USD,1900.00,3,104,18.27,Поділ,"4 кімнати, 104 / 60 / 21 м², поверх 8 з 10, з ремонтом, блочні, 2020, сьогодні о 17:48, Створено 25 травня",104 м²,$ 1 900
flatfy,https://flatfy.ua/redirect/4663544323,600,USD,600.00,0,41,14.63,Солом’янський,"1 кімната, 41 / 17 / 15 м², поверх 16 з 26, з ремонтом, монолітно-каркасний, 2021, сьогодні о 09:01, Створено 25 травня",41 м²,$ 600
flatfy,https://flatfy.ua/redirect/4660814120,1200,USD,1200.00,0,60,20.00,Нижній Печерськ,"1 кімната, 60 / 35 / 10 м², поверх 10 з 22, з ремонтом, монолітно-каркасний, 2014, сьогодні о 09:00, Створено 25 травня",60 м²,$ 1 200
flatfy,https://flatfy.ua/redirect/4661715113,700,USD,700.00,1,61,11.48,Солом'янка,"2 кімнати, 61 / 40 / 10 м², поверх 12 з 20, без ремонту, монолітно-каркасний, 2010, сьогодні о 09:00, Створено 25 травня",61 м²,$ 700
flatfy,https://flatfy.ua/redirect/4662501120,1400,USD,1400.00,1,60,23.33,Липки,"2 кімнати, 60 / 30 / 25 м², поверх 1 з 4, з ремонтом, цегляний будинок, 1950, сьогодні о 09:00, Створено 25 травня",60 м²,$ 1 400
flatfy,https://flatfy.ua/redirect/4662568533,1200,USD,1200.00,3,135,8.89,Позняки,"4 кімнати, 135 / 100 / 20 м², поверх 24 з 25, з ремонтом, монолітно-каркасний, 2012, сьогодні о 09:00, Створено 25 травня",135 м²,$ 1 200
flatfy,https://flatfy.ua/redirect/4662915603,338,USD,338.00,0,47.5,7.12,Академмістечко,"1 кімната, 47.5 / 18 / 8.3 м², поверх 16 з 16, з ремонтом, утеплена панель, 1983, сьогодні о 09:00, Створено 25 травня",47.5 м²,$ 338
flatfy,https://flatfy.ua/redirect/4662681943,1053,USD,1053.00,0,47,22.40,Історичний центр,"1 кімната, 47 / 18 / 11 м², поверх 5 з 19, з ремонтом, блочні, 2021, сьогодні о 09:00, Створено 25 травня",47 м²,$ 1 053
flatfy,https://flatfy.ua/redirect/4662292910,1800,USD,1800.00,1,84,21.43,Звіринець,"2 кімнати, 84 / 40 / 20 м², поверх 14 з 28, з ремонтом, монолітно-каркасний, 2013, сьогодні о 09:00, Створено 25 травня",84 м²,$ 1 800
flatfy,https://flatfy.ua/redirect/4641129251,1500,USD,1500.00,1,50,30.00,Нижній Печерськ,"2 кімнати, 50 / 40 / 10 м², поверх 16 з 23, з ремонтом, монолітно-каркасний, 2024, сьогодні о 09:03, Створено 25 травня",50 м²,$ 1 500
flatfy,https://flatfy.ua/redirect/4662255989,2500,USD,2500.00,1,75,33.33,Нова забудова,"2 кімнати, 75 / 20 / 35 м², поверх 12 з 24, з ремонтом, монолітно-каркасний, 2019, вчора о 12:18, Створено 25 травня",75 м²,$ 2 500
flatfy,https://flatfy.ua/redirect/4662077219,574,USD,574.00,0,49,11.71,Ґалаґани,"1 кімната, 49 / 20 / 14 м², поверх 6 з 17, з ремонтом, блочні, 2021, сьогодні о 17:23, Створено 25 травня",49 м²,$ 574
flatfy,https://flatfy.ua/redirect/4662215140,1500,USD,1500.00,1,50,30.00,Нова забудова,"2 кімнати, 50 / 20 / 20 м², поверх 12 з 19, з ремонтом, монолітно-каркасний, 2017, вчора о 12:18, Створено 25 травня",50 м²,$ 1 500
flatfy,https://flatfy.ua/redirect/4409935656,900,USD,900.00,0,50,18.00,Нова забудова,"1 кімната, 50 / 25 / 20 м², поверх 14 з 21, з ремонтом, монолітно-каркасний, 2018, сьогодні о 20:44, Створено 25 травня",50 м²,$ 900
flatfy,https://flatfy.ua/redirect/4662280601,743,USD,743.00,1,74,10.04,Подільський,"2 кімнати, 74 / 42 / 20 м², поверх 14 з 26, з ремонтом, монолітно-каркасний, 2022, сьогодні о 20:09, Створено 25 травня",74 м²,$ 743
flatfy,https://flatfy.ua/redirect/4662010686,586,USD,586.00,1,66,8.88,Варшавський Мікрорайон,"2 кімнати, 66 / 35 / 20 м², поверх 13 з 23, з ремонтом, монолітно-каркасний, 2019, сьогодні о 20:09, Створено 25 травня",66 м²,$ 586
flatfy,https://flatfy.ua/redirect/4662371890,901,USD,901.00,1,83,10.86,Нова забудова,"2 кімнати, 83 / 69 / 14 м², поверх 7 з 19, з ремонтом, монолітно-каркасний, 2006, 26 травня, Створено 25 травня",83 м²,$ 901
flatfy,https://flatfy.ua/redirect/4662008050,383,USD,383.00,0,37,10.35,Микільська Слобідка,"1 кімната, 37 / 16 / 12 м², поверх 9 з 26, з ремонтом, цегляний будинок, 2020, 29 травня, Створено 25 травня",37 м²,$ 383
flatfy,https://flatfy.ua/redirect/4662721251,439,USD,439.00,0,32,13.72,Сирець,"1 кімната, 32 / 22 / 10 м², поверх 15 з 24, з ремонтом, блочні, 2025, 28 травня, Створено 25 травня",32 м²,$ 439
flatfy,https://flatfy.ua/redirect/4662210796,690,USD,690.00,0,36,19.17,Ґалаґани,"1 кімната, 36 / 18 / 18 м², поверх 12 з 17, з ремонтом, блочні, 2024, 29 травня, Створено 25 травня",36 м²,$ 690
flatfy,https://flatfy.ua/redirect/4661274371,1199,USD,1199.00,1,47,25.51,Нова забудова,"2 кімнати, 47 / 30 / 10 м², поверх 15 з 24, з ремонтом, цегляний будинок, 2021, вчора о 21:19, Створено 25 травня",47 м²,$ 1 199
flatfy,https://flatfy.ua/redirect/4663272859,1000,USD,1000.00,1,48,20.83,Нова забудова,"2 кімнати, 48 / 15 / 20 м², поверх 22 з 24, з ремонтом, монолітно-каркасний, 2019, вчора о 14:53, Створено 25 травня",48 м²,$ 1 000
flatfy,https://flatfy.ua/redirect/4643456278,766,USD,766.00,2,102,7.51,Відрадний,"3 кімнати, 102 / 75 / 22 м², поверх 20 з 22, з ремонтом, монолітно-каркасний, 2010, сьогодні о 00:06, Створено 25 травня",102 м²,$ 766
flatfy,https://flatfy.ua/redirect/4662708925,900,USD,900.00,0,56,16.07,Нижній Печерськ,"1 кімната, 56 / 16 / 14 м², поверх 9 з 23, з ремонтом, монолітно-каркасний, 2018, 29 травня, Створено 25 травня",56 м²,$ 900
flatfy,https://flatfy.ua/redirect/4648424164,700,USD,700.00,1,42,16.67,Нова забудова,"2 кімнати, 42 / 12 / 18 м², поверх 5 з 22, з ремонтом, монолітно-каркасний, 2019, вчора о 07:43, Створено 25 травня",42 м²,$ 700
flatfy,https://flatfy.ua/redirect/4661303725,1499,USD,1499.00,1,55,27.25,Нова забудова,"2 кімнати, 55 / 30 / 15 м², поверх 15 з 21, з ремонтом, монолітно-каркасний, 2017, вчора о 21:19, Створено 25 травня",55 м²,$ 1 499
flatfy,https://flatfy.ua/redirect/4661635174,676,USD,676.00,0,45,15.02,Подільський,"1 кімната, 45 / 16 / 20 м², поверх 11 з 26, з ремонтом, блочні, 2022, 25 травня, Створено 25 травня",45 м²,$ 676
flatfy,https://flatfy.ua/redirect/4663185217,1300,USD,1300.00,2,70,18.57,Голосіїв,"3 кімнати, 70 / 40 / 15 м², поверх 6 з 23, з ремонтом, цегляний будинок, 2023, 25 травня, Створено 25 травня",70 м²,$ 1 300
flatfy,https://flatfy.ua/redirect/4661562337,608,USD,608.00,0,48.2,12.61,Ґалаґани,"1 кімната, 48.2 / 20 / 19.2 м², поверх 2 з 12, з ремонтом, блочні, 2021, 29 травня, Створено 25 травня",48.2 м²,$ 608
flatfy,https://flatfy.ua/redirect/4662319879,496,USD,496.00,0,29,17.10,Шевченківський,"1 кімната, 29 / 22 / 7 м², поверх 1 з 5, з ремонтом, цегляний будинок, 1975, 29 травня, Створено 25 травня",29 м²,$ 496
flatfy,https://flatfy.ua/redirect/4662496468,1500,USD,1500.00,2,119,12.61,Кудрявець,"3 кімнати, 119 / 60 / 35 м², поверх 7 з 16, з ремонтом, монолітно-каркасний, 2013, вчора о 14:52, Створено 25 травня",119 м²,$ 1 500
flatfy,https://flatfy.ua/redirect/4663792897,980,USD,980.00,1,61,16.07,Нова забудова,"2 кімнати, 61 / 32 / 20 м², поверх 4 з 5, з ремонтом, цегляний будинок, 1917, сьогодні о 10:05, Створено 25 травня",61 м²,$ 980
flatfy,https://flatfy.ua/redirect/4663982332,990,USD,990.00,0,82,12.07,Нова забудова,"1 кімната, 82 / 37 / 17 м², поверх 4 з 5, з ремонтом, цегляний будинок, 1917, сьогодні о 10:05, Створено 25 травня",82 м²,$ 990
flatfy,https://flatfy.ua/redirect/4662159885,788,USD,788.00,1,51,15.45,Оболонь,"2 кімнати, 51 / 30 / 10 м², поверх 5 з 21, з ремонтом, блочні, 2017, вчора о 14:53, Створено 25 травня",51 м²,$ 788
flatfy,https://flatfy.ua/redirect/4661414574,2500,USD,2500.00,2,103,24.27,Чорна Гора,"3 кімнати, 103 / 75 / 20 м², поверх 2 з 22, з ремонтом, цегляний будинок, 2020, 27 травня, Створено 25 травня",103 м²,$ 2 500
flatfy,https://flatfy.ua/redirect/4608689595,1000,USD,1000.00,1,76,13.16,Позняки,"2 кімнати, 76 / 32 / 30 м², поверх 12 з 26, з ремонтом, монолітно-каркасний, 2021, сьогодні о 13:08, Створено 25 травня",76 м²,$ 1 000
flatfy,https://flatfy.ua/redirect/4662660965,800,USD,800.00,1,60,13.33,Печерськ,"2 кімнати, 60 / 25 / 25 м², поверх 2 з 5, з ремонтом, цегляний будинок, 1959, 25 травня, Створено 25 травня",60 м²,$ 800
flatfy,https://flatfy.ua/redirect/4663002341,428,USD,428.00,1,48,8.92,Оболонь,"2 кімнати, 48 / 30 / 8 м², поверх 8 з 9, з ремонтом, панельні, 1980, 25 травня, Створено 25 травня",48 м²,$ 428
flatfy,https://flatfy.ua/redirect/4661737892,990,USD,990.00,2,70,14.14,Позняки,"3 кімнати, 70 / 40 / 10 м², поверх 16 з 33, з ремонтом, монолітно-каркасний, 2018, вчора о 13:46, Створено 25 травня",70 м²,$ 990
flatfy,https://flatfy.ua/redirect/4663425353,1100,USD,1100.00,2,120,9.17,Липки,"3 кімнати, 120 / 90 / 20 м², поверх 7 з 7, з ремонтом, цегляний будинок, 1915, вчора о 14:52, Створено 25 травня",120 м²,$ 1 100
flatfy,https://flatfy.ua/redirect/4661274297,1299,USD,1299.00,1,58,22.40,Нижній Печерськ,"2 кімнати, 58 / 30 / 15 м², поверх 7 з 15, з ремонтом, монолітно-каркасний, 2017, вчора о 21:19, Створено 25 травня",58 м²,$ 1 299
flatfy,https://flatfy.ua/redirect/4662064358,428,USD,428.00,0,36,11.89,Сирець,"1 кімната, 36 / 26 / 10 м², поверх 16 з 16, з ремонтом, блочні, 2021, 29 травня, Створено 25 травня",36 м²,$ 428
flatfy,https://flatfy.ua/redirect/4661941350,900,USD,900.00,1,53,16.98,Шулявка,"2 кімнати, 53 / 20 / 27 м², поверх 30 з 36, з ремонтом, монолітно-каркасний, 2021, сьогодні о 10:33, Створено 25 травня",53 м²,$ 900
flatfy,https://flatfy.ua/redirect/4661917415,800,USD,800.00,0,42,19.05,Нова забудова,"1 кімната, 42 / 17 / 15 м², поверх 9 з 21, з ремонтом, монолітно-каркасний, 2017, вчора о 13:46, Створено 25 травня",42 м²,$ 800
flatfy,https://flatfy.ua/redirect/4661635223,606,USD,606.00,1,71,8.54,Лівобережний масив,"2 кімнати, 71 / 30 / 14 м², поверх 15 з 26, з ремонтом, монолітно-каркасний, 2019, сьогодні о 21:05, Створено 25 травня",71 м²,$ 606
flatfy,https://flatfy.ua/redirect/4662470035,1200,USD,1200.00,2,75,16.00,Позняки,"3 кімнати, 75 / 50 / 20 м², поверх 25 з 26, з ремонтом, монолітно-каркасний, 2018, сьогодні о 21:46, Створено 25 травня",75 м²,$ 1 200
flatfy,https://flatfy.ua/redirect/4661967963,406,USD,406.00,0,37.5,10.83,Борщагівка,"1 кімната, 37.5 / 19.6 / 9.7 м², поверх 11 з 16, з ремонтом, блочні, 2015, сьогодні о 09:00, Створено 25 травня",37.5 м²,$ 406
flatfy,https://flatfy.ua/redirect/4662026298,451,USD,451.00,0,33.6,13.42,Голосіїв,"1 кімната, 33.6 / 17 / 5 м², поверх 7 з 13, з ремонтом, панельні, 2018, сьогодні о 09:00, Створено 25 травня",33.6 м²,$ 451
flatfy,https://flatfy.ua/redirect/4661569281,518,USD,518.00,1,55,9.42,Оболонь,"2 кімнати, 55 / 35 / 12 м², поверх 15 з 20, з ремонтом, монолітно-каркасний, 2013, сьогодні о 09:00, Створено 25 травня",55 м²,$ 518
flatfy,https://flatfy.ua/redirect/4662295439,316,USD,316.00,0,63.1,5.01,Стара Дарниця,"1 кімната, 63.1 / 16 / 22 м², поверх 3 з 7, з ремонтом, цегляний будинок, 1955, сьогодні о 09:00, Створено 25 травня",63.1 м²,$ 316
flatfy,https://flatfy.ua/redirect/4663576645,563,USD,563.00,0,45,12.51,Подільський,"1 кімната, 45 / 15 / 20 м², поверх 15 з 25, з ремонтом, монолітно-каркасний, 2022, сьогодні о 09:01, Створено 25 травня",45 м²,$ 563
flatfy,https://flatfy.ua/redirect/4661153323,304,USD,304.00,0,55,5.53,Чоколівка,"1 кімната, 55 / 32 / 9 м², поверх 11 з 16, з ремонтом, цегляний будинок, 1982, сьогодні о 13:33, Створено 25 травня",55 м²,$ 304
flatfy,https://flatfy.ua/redirect/4661642773,383,USD,383.00,0,55,6.96,Соцмісто,"1 кімната, 55 / 20 / 16 м², поверх 6 з 20, з ремонтом, монолітно-каркасний, 2012, сьогодні о 19:32, Створено 25 травня",55 м²,$ 383
flatfy,https://flatfy.ua/redirect/4662213466,1299,USD,1299.00,3,85,15.28,Печерськ,"4 кімнати, 85 / 60 / 14 м², поверх 9 з 17, з ремонтом, цегляний будинок, 2019, 29 травня, Створено 25 травня",85 м²,$ 1 299
flatfy,https://flatfy.ua/redirect/4662970708,518,USD,518.00,0,32,16.19,Саперна Слобідка,"1 кімната, 32 / 16 / 12 м², поверх 3 з 25, з ремонтом, монолітно-каркасний, 2015, сьогодні о 13:59, Створено 25 травня",32 м²,$ 518
flatfy,https://flatfy.ua/redirect/4662022735,563,USD,563.00,1,65,8.66,Нижній Печерськ,"2 кімнати, 65 / 38 / 12.7 м², поверх 4 з 5, з ремонтом, цегляний будинок, 1958, 25 травня, Створено 25 травня",65 м²,$ 563
flatfy,https://flatfy.ua/redirect/4662213614,900,USD,900.00,2,87,10.34,Осокорки,"3 кімнати, 87 / 45 / 12 м², поверх 8 з 21, з ремонтом, монолітно-каркасний, 2010, вчора о 11:27, Створено 25 травня",87 м²,$ 900
flatfy,https://flatfy.ua/redirect/4661051591,653,USD,653.00,2,130,5.02,Звіринець,"3 кімнати, 130 / 75 / 35 м², поверх 6 з 7, з ремонтом, цегляний будинок, 1951, 28 травня, Створено 25 травня",130 м²,$ 653
flatfy,https://flatfy.ua/redirect/4662879964,293,USD,293.00,0,33,8.88,Соцмісто,"1 кімната, 33 / 17 / 7 м², поверх 2 з 5, з ремонтом, цегляний будинок, 1962, сьогодні о 12:15, Створено 25 травня",33 м²,$ 293
flatfy,https://flatfy.ua/redirect/4663458856,358,USD,358.00,1,60,5.97,Позняки,"2 кімнати, 60 / 45 / 9 м², поверх 1 з 18, з ремонтом, утеплена панель, 1992, сьогодні о 11:45, Створено 25 травня",60 м²,$ 358
flatfy,https://flatfy.ua/redirect/4662476068,901,USD,901.00,1,60,15.02,Історичний центр,"2 кімнати, 60 / 25 / 10 м², поверх 4 з 5, з ремонтом, цегляний будинок, 1936, сьогодні о 13:49, Створено 25 травня",60 м²,$ 901
flatfy,https://flatfy.ua/redirect/4662898911,563,USD,563.00,0,42,13.40,Голосіїв,"1 кімната, 42 / 20 / 20 м², поверх 2 з 19, з ремонтом, монолітно-каркасний, 2021, сьогодні о 17:32, Створено 25 травня",42 м²,$ 563
flatfy,https://flatfy.ua/redirect/4661982293,1500,USD,1500.00,1,58,25.86,Нова забудова,"2 кімнати, 58 / 30 / 22 м², поверх 15 з 26, з ремонтом, монолітно-каркасний, 2019, сьогодні о 19:03, Створено 25 травня",58 м²,$ 1 500
flatfy,https://flatfy.ua/redirect/4663139894,563,USD,563.00,0,50,11.26,Дарницький,"1 кімната, 50 / 23 / 17 м², поверх 6 з 22, з ремонтом, монолітно-каркасний, 2023, сьогодні о 18:48, Створено 25 травня",50 м²,$ 563
flatfy,https://flatfy.ua/redirect/4662266752,349,USD,349.00,0,32,10.91,Солом’янський,"1 кімната, 32 / 16 / 9 м², поверх 3 з 5, з ремонтом, цегляний будинок, 2016, сьогодні о 17:38, Створено 25 травня",32 м²,$ 349
flatfy,https://flatfy.ua/redirect/4663220381,451,USD,451.00,0,30,15.03,Теремки-1,"1 кімната, 30 / 20 / 5 м², поверх 29 з 34, з ремонтом, монолітно-каркасний, 2021, сьогодні о 09:00, Створено 25 травня",30 м²,$ 451
flatfy,https://flatfy.ua/redirect/4662962948,608,USD,608.00,0,39,15.59,Подільський,"1 кімната, 39 / 17 / 13 м², поверх 12 з 25, з ремонтом, монолітно-каркасний, 2025, сьогодні о 09:00, Створено 25 травня",39 м²,$ 608
flatfy,https://flatfy.ua/redirect/4662654435,563,USD,563.00,1,43.2,13.03,Нижній Печерськ,"2 кімнати, 43.2 / 12.5 / 24 м², поверх 5 з 5, з ремонтом, панельні, 1962, сьогодні о 09:00, Створено 25 травня",43.2 м²,$ 563
flatfy,https://flatfy.ua/redirect/4662844905,293,USD,293.00,0,22,13.32,Борщагівка,"1 кімната, 22 / 10 / 4 м², поверх 6 з 9, з ремонтом, цегляний будинок, 1977, сьогодні о 09:00, Створено 25 травня",22 м²,$ 293
flatfy,https://flatfy.ua/redirect/4662735160,293,USD,293.00,0,43,6.81,Стара Дарниця,"1 кімната, 43 / 20 / 9 м², поверх 5 з 9, з ремонтом, монолітно-каркасний, 2012, сьогодні о 09:00, Створено 25 травня",43 м²,$ 293
flatfy,https://flatfy.ua/redirect/4662673844,316,USD,316.00,0,40,7.90,Лівобережний масив,"1 кімната, 40 / 19 / 7 м², поверх 11 з 16, з ремонтом, утеплена панель, 1976, сьогодні о 09:00, Створено 25 травня",40 м²,$ 316
flatfy,https://flatfy.ua/redirect/4662295518,516,USD,516.00,0,45,11.47,Лівобережний масив,"1 кімната, 45 / 25 / 20 м², поверх 24 з 25, з ремонтом, монолітно-каркасний, 2021, сьогодні о 09:00, Створено 25 травня",45 м²,$ 516
flatfy,https://flatfy.ua/redirect/4662321498,496,USD,496.00,1,55,9.02,Лук'янівка,"2 кімнати, 55 / 40 / 15 м², поверх 11 з 16, з ремонтом, монолітно-каркасний, 2009, сьогодні о 09:00, Створено 25 травня",55 м²,$ 496
flatfy,https://flatfy.ua/redirect/4664418106,496,USD,496.00,1,70,7.09,Позняки,"2 кімнати, 70 / 35 / 20 м², поверх 20 з 25, з ремонтом, утеплена панель, 2011, сьогодні о 09:00, Створено 26 травня",70 м²,$ 496
flatfy,https://flatfy.ua/redirect/4662459348,1000,USD,1000.00,2,114,8.77,Солдатська слобідка,"3 кімнати, 114 / 69.1 / 15 м², поверх 16 з 22, з ремонтом, цегляний будинок, 2005, сьогодні о 09:00, Створено 25 травня",114 м²,$ 1 000
flatfy,https://flatfy.ua/redirect/4661383807,1799,USD,1799.00,1,86,20.92,Печерськ,"2 кімнати, 86 / 50 / 15 м², поверх 16 з 31, з ремонтом, монолітно-каркасний, 2017, сьогодні о 07:59, Створено 25 травня",86 м²,$ 1 799
flatfy,https://flatfy.ua/redirect/4661828263,450,USD,450.00,1,46,9.78,Новобіличі,"2 кімнати, 46 / 30 / 12 м², поверх 27 з 27, з ремонтом, монолітно-каркасний, 2025, 29 травня, Створено 25 травня",46 м²,$ 450
flatfy,https://flatfy.ua/redirect/4661713915,473,USD,473.00,0,45,10.51,Теремки-1,"1 кімната, 45 / 35 / 10 м², поверх 3 з 34, з ремонтом, цегляний будинок, 2021, вчора о 09:18, Створено 25 травня",45 м²,$ 473
flatfy,https://flatfy.ua/redirect/4662412526,383,USD,383.00,0,53,7.23,Позняки,"1 кімната, 53 / 18 / 12 м², поверх 5 з 25, з ремонтом, монолітно-каркасний, 2016, 28 травня, Створено 25 травня",53 м²,$ 383
flatfy,https://flatfy.ua/redirect/4661842877,630,USD,630.00,1,50,12.60,Лук'янівка,"2 кімнати, 50 / 30 / 10 м², поверх 20 з 24, з ремонтом, цегляний будинок, 2021, 29 травня, Створено 25 травня",50 м²,$ 630
flatfy,https://flatfy.ua/redirect/4662811997,563,USD,563.00,1,55,10.24,Відрадний,"2 кімнати, 55 / 40 / 13 м², поверх 15 з 17, з ремонтом, монолітно-каркасний, 2022, 29 травня, Створено 25 травня",55 м²,$ 563
flatfy,https://flatfy.ua/redirect/4662689675,338,USD,338.00,0,30,11.27,Шулявка,"1 кімната, 30 / 20 / 10 м², поверх 4 з 9, з ремонтом, цегляний будинок, 1964, 29 травня, Створено 25 травня",30 м²,$ 338
flatfy,https://flatfy.ua/redirect/4662517449,450,USD,450.00,1,80,5.63,Вишгородський масив,"2 кімнати, 80 / 55 / 12 м², поверх 4 з 9, з ремонтом, цегляний будинок, 1953, 29 травня, Створено 25 травня",80 м²,$ 450
flatfy,https://flatfy.ua/redirect/4661931462,653,USD,653.00,0,56,11.66,Чорна Гора,"1 кімната, 56 / 27 / 14 м², поверх 19 з 22, з ремонтом, монолітно-каркасний, 2014, вчора о 09:32, Створено 25 травня",56 м²,$ 653
flatfy,https://flatfy.ua/redirect/4661904752,676,USD,676.00,2,90,7.51,Шулявка,"3 кімнати, 90 / 55 / 20 м², поверх 3 з 5, з ремонтом, цегляний будинок, 1960, вчора о 09:32, Створено 25 травня",90 м²,$ 676
flatfy,https://flatfy.ua/redirect/4662103144,450,USD,450.00,1,55,8.18,Шулявка,"2 кімнати, 55 / 40 / 12 м², поверх 2 з 6, з ремонтом, цегляний будинок, 1961, 29 травня, Створено 25 травня",55 м²,$ 450
flatfy,https://flatfy.ua/redirect/4662271667,428,USD,428.00,3,85,5.04,Троєщина,"4 кімнати, 85 / 60 / 10 м², поверх 6 з 16, з ремонтом, монолітно-каркасний, 1997, 29 травня, Створено 25 травня",85 м²,$ 428
flatfy,https://flatfy.ua/redirect/4662247163,451,USD,451.00,0,51,8.84,Лівобережний масив,"1 кімната, 51 / 26 / 14 м², поверх 22 з 25, з ремонтом, монолітно-каркасний, 2014, сьогодні о 13:05, Створено 25 травня",51 м²,$ 451
flatfy,https://flatfy.ua/redirect/4661561962,550,USD,550.00,0,48,11.46,Нова забудова,"1 кімната, 48 / 20 / 8 м², поверх 3 з 5, з ремонтом, цегляний будинок, 1917, сьогодні о 11:55, Створено 25 травня",48 м²,$ 550
flatfy,https://flatfy.ua/redirect/4661608334,563,USD,563.00,1,57,9.88,Сирець,"2 кімнати, 57 / 15 / 30 м², поверх 4 з 5, з ремонтом, цегляний будинок, 2017, сьогодні о 11:55, Створено 25 травня",57 м²,$ 563
flatfy,https://flatfy.ua/redirect/4661486781,361,USD,361.00,0,31,11.65,Дніпровський,"1 кімната, 31 / 17 / 7 м², поверх 10 з 16, з ремонтом, монолітно-каркасний, 2018, сьогодні о 11:55, Створено 25 травня",31 м²,$ 361
flatfy,https://flatfy.ua/redirect/4660973039,850,USD,850.00,0,44,19.32,Теремки,"1 кімната, 44 / 15 / 12 м², поверх 4 з 10, з ремонтом, монолітно-каркасний, 2019, вчора о 20:51, Створено 25 травня",44 м²,$ 850
flatfy,https://flatfy.ua/redirect/4661924572,856,USD,856.00,1,52,16.46,Шулявка,"2 кімнати, 52 / 17 / 18 м², поверх 32 з 36, з ремонтом, цегляний будинок, 2021, вчора о 09:32, Створено 25 травня",52 м²,$ 856
flatfy,https://flatfy.ua/redirect/4661841380,800,USD,800.00,2,77,10.39,Відрадний,"3 кімнати, 77 / 45 / 17 м², поверх 11 з 19, з ремонтом, цегляний будинок, 2018, вчора о 09:32, Створено 25 травня",77 м²,$ 800
flatfy,https://flatfy.ua/redirect/4662162611,495,USD,495.00,1,80,6.19,Позняки,"2 кімнати, 80 / 50 / 12 м², поверх 17 з 24, з ремонтом, цегляний будинок, 2005, 29 травня, Створено 25 травня",80 м²,$ 495
flatfy,https://flatfy.ua/redirect/4661987125,225,USD,225.00,1,55,4.09,Троєщина,"2 кімнати, 55 / 30 / 10 м², поверх 11 з 16, з ремонтом, монолітно-каркасний, 1985, 29 травня, Створено 25 травня",55 м²,$ 225
flatfy,https://flatfy.ua/redirect/4662664813,1200,USD,1200.00,1,50,24.00,Верхня Теличка,"2 кімнати, 50 / 20 / 15 м², поверх 5 з 26, з ремонтом, монолітно-каркасний, 2020, 29 травня, Створено 25 травня",50 м²,$ 1 200
flatfy,https://flatfy.ua/redirect/4661421414,586,USD,586.00,2,117,5.01,Лук'янівка,"3 кімнати, 117 / 70 / 40 м², поверх 19 з 22, з ремонтом, монолітно-каркасний, 2009, вчора о 10:25, Створено 25 травня",117 м²,$ 586
flatfy,https://flatfy.ua/redirect/4662712010,1500,USD,1500.00,1,90,16.67,Чорна Гора,"2 кімнати, 90 / 73 / 17 м², поверх 3 з 9, з ремонтом, монолітно-каркасний, 2014, 29 травня, Створено 25 травня",90 м²,$ 1 500
flatfy,https://flatfy.ua/redirect/4662375254,400,USD,400.00,0,40,10.00,Харківський,"1 кімната, 40 / 15 / 10 м², поверх 14 з 23, з ремонтом, цегляний будинок, 2021, сьогодні о 13:36, Створено 25 травня",40 м²,$ 400
flatfy,https://flatfy.ua/redirect/4662330879,496,USD,496.00,0,59,8.41,Біличі,"1 кімната, 59 / 20 / 16 м², поверх 10 з 25, з ремонтом, монолітно-каркасний, 2007, вчора о 10:36, Створено 25 травня",59 м²,$ 496
flatfy,https://flatfy.ua/redirect/4661616088,1850,USD,1850.00,3,140,13.21,Чорна Гора,"4 кімнати, 140 / 120 / 15 м², поверх 10 з 22, з ремонтом, монолітно-каркасний, 2015, сьогодні о 11:43, Створено 25 травня",140 м²,$ 1 850
flatfy,https://flatfy.ua/redirect/4662293373,496,USD,496.00,0,42,11.81,Позняки,"1 кімната, 42 / 18 / 12 м², поверх 22 з 26, з ремонтом, цегляний будинок, 2019, вчора о 10:18, Створено 25 травня",42 м²,$ 496
flatfy,https://flatfy.ua/redirect/4664182487,700,USD,700.00,0,45,15.56,Мишоловка,"1 кімната, 45 / 20 / 10 м², поверх 11 з 23, з ремонтом, блочні, 2021, 26 травня, Створено 26 травня",45 м²,$ 700
flatfy,https://flatfy.ua/redirect/4661478386,451,USD,451.00,0,44,10.25,Соцмісто,"1 кімната, 44 / 16 / 16 м², поверх 6 з 16, з ремонтом, блочні, 2013, сьогодні о 08:57, Створено 25 травня",44 м²,$ 451
flatfy,https://flatfy.ua/redirect/4662819600,2000,USD,2000.00,1,60,33.33,Старий Київ,"2 кімнати, 60 / 35 / 7 м², поверх 6 з 7, з ремонтом, цегляний будинок, 1957, вчора о 12:23, Створено 25 травня",60 м²,$ 2 000
flatfy,https://flatfy.ua/redirect/4661128828,338,USD,338.00,0,32,10.56,Сирець,"1 кімната, 32 / 17 / 7 м², поверх 3 з 5, з ремонтом, цегляний будинок, 1962, 29 травня, Створено 25 травня",32 м²,$ 338
flatfy,https://flatfy.ua/redirect/4661603056,361,USD,361.00,2,60,6.02,Чорна Гора,"3 кімнати, 60 / 40 / 7 м², поверх 8 з 9, без ремонту, панельні, 1980, 29 травня, Створено 25 травня",60 м²,$ 361
flatfy,https://flatfy.ua/redirect/4663249015,282,USD,282.00,0,20,14.10,Харківський,"1 кімната, 20 / 15 / 5 м², поверх 16 з 23, з ремонтом, цегляний будинок, 2020, 25 травня, Створено 25 травня",20 м²,$ 282
flatfy,https://flatfy.ua/redirect/4662554088,1200,USD,1200.00,1,68,17.65,Подільський,"2 кімнати, 68 / 40 / 15 м², поверх 17 з 23, з ремонтом, цегляний будинок, 2025, 28 травня, Створено 25 травня",68 м²,$ 1 200
flatfy,https://flatfy.ua/redirect/4662470975,372,USD,372.00,0,40,9.30,Борщагівка,"1 кімната, 40 / 20 / 10 м², поверх 4 з 10, з ремонтом, цегляний будинок, 1988, 28 травня, Створено 25 травня",40 м²,$ 372
flatfy,https://flatfy.ua/redirect/4662537713,372,USD,372.00,0,36,10.33,Дачі Осокорки,"1 кімната, 36 / 17 / 8 м², поверх 10 з 11, з ремонтом, монолітно-каркасний, 28 травня, Створено 25 травня",36 м²,$ 372
flatfy,https://flatfy.ua/redirect/4661982008,406,USD,406.00,1,70,5.80,Багринова гора,"2 кімнати, 70 / 35 / 13 м², поверх 16 з 25, з ремонтом, утеплена панель, 2014, 28 травня, Створено 25 травня",70 м²,$ 406
flatfy,https://flatfy.ua/redirect/4662586210,650,USD,650.00,1,60,10.83,Старий Київ,"2 кімнати, 60 / 30 / 8 м², поверх 4 з 6, з ремонтом, цегляний будинок, 1963, 27 травня, Створено 25 травня",60 м²,$ 650
flatfy,https://flatfy.ua/redirect/4661786381,304,USD,304.00,0,44,6.91,Русанівка,"1 кімната, 44 / 19 / 14 м², поверх 10 з 16, з ремонтом, цегляний будинок, 1973, 29 травня, Створено 25 травня",44 м²,$ 304
flatfy,https://flatfy.ua/redirect/4662215401,496,USD,496.00,1,68,7.29,Подільський,"2 кімнати, 68 / 45 / 16 м², поверх 19 з 26, з ремонтом, цегляний будинок, 2023, вчора о 11:26, Створено 25 травня",68 м²,$ 496
flatfy,https://flatfy.ua/redirect/4663451335,406,USD,406.00,1,48,8.46,Голосіївський,"2 кімнати, 48 / 37 / 8 м², поверх 2 з 9, з ремонтом, цегляний будинок, вчора о 22:00, Створено 25 травня",48 м²,$ 406
flatfy,https://flatfy.ua/redirect/4662292835,271,USD,271.00,0,33,8.21,Виноградар,"1 кімната, 33 / 18 / 7 м², поверх 16 з 16, з ремонтом, утеплена панель, 1982, 29 травня, Створено 25 травня",33 м²,$ 271
flatfy,https://flatfy.ua/redirect/4662662954,192,USD,192.00,0,44,4.36,Осокорки,"1 кімната, 44 / 18 / 12 м², поверх 11 з 18, без ремонту, утеплена панель, 1999, вчора о 15:38, Створено 25 травня",44 м²,$ 192
flatfy,https://flatfy.ua/redirect/4662677243,2500,USD,2500.00,3,185,13.51,Печерськ,"4 кімнати, 185 / 160 / 10 м², поверх 7 з 27, з ремонтом, монолітно-каркасний, 2012, 25 травня, Створено 25 травня",185 м²,$ 2 500
flatfy,https://flatfy.ua/redirect/4662800025,750,USD,750.00,0,46,16.30,Нова забудова,"1 кімната, 46 / 30 / 10 м², поверх 8 з 25, з ремонтом, монолітно-каркасний, 2017, 25 травня, Створено 25 травня",46 м²,$ 750
flatfy,https://flatfy.ua/redirect/4662674400,248,USD,248.00,1,54,4.59,Троєщина,"2 кімнати, 54 / 30 / 12 м², поверх 14 з 16, з ремонтом, утеплена панель, 1986, вчора о 14:18, Створено 25 травня",54 м²,$ 248
flatfy,https://flatfy.ua/redirect/4661620336,750,USD,750.00,1,56,13.39,Липки,"2 кімнати, 56 / 37 / 8 м², поверх 5 з 5, з ремонтом, цегляний будинок, 1937, сьогодні о 07:59, Створено 25 травня",56 м²,$ 750
flatfy,https://flatfy.ua/redirect/4661936364,203,USD,203.00,0,30,6.77,Борщагівка,"1 кімната, 30 / 14 / 6 м², поверх 6 з 9, без ремонту, утеплена панель, 1982, сьогодні о 12:07, Створено 25 травня",30 м²,$ 203
flatfy,https://flatfy.ua/redirect/4663233203,2800,USD,2800.00,2,160,17.50,Кудрявець,"3 кімнати, 160 / 80 / 15 м², поверх 4 з 5, з ремонтом, монолітно-каркасний, 2005, сьогодні о 10:08, Створено 25 травня",160 м²,$ 2 800
flatfy,https://flatfy.ua/redirect/4661768762,237,USD,237.00,2,48,4.94,Воскресенка,"3 кімнати, 48 / 32 / 6 м², поверх 5 з 5, без ремонту, панельні, 1962, сьогодні о 11:06, Створено 25 травня",48 м²,$ 237
flatfy,https://flatfy.ua/redirect/4663337163,271,USD,271.00,0,45,6.02,Позняки,"1 кімната, 45 / 22 / 12 м², поверх 8 з 16, без ремонту, утеплена панель, 1993, сьогодні о 11:09, Створено 25 травня",45 м²,$ 271
flatfy,https://flatfy.ua/redirect/4663024690,192,USD,192.00,0,22,8.73,Чоколівка,"1 кімната, 22 / 12 / 4 м², поверх 4 з 5, без ремонту, цегляний будинок, 1977, сьогодні о 11:09, Створено 25 травня",22 м²,$ 192
flatfy,https://flatfy.ua/redirect/4664183639,676,USD,676.00,0,43,15.72,Нивки,"1 кімната, 43 / 17 / 15 м², поверх 5 з 8, з ремонтом, блочні, 2023, сьогодні о 11:22, Створено 26 травня",43 м²,$ 676
flatfy,https://flatfy.ua/redirect/4661439543,631,USD,631.00,1,82,7.70,Нижній Печерськ,"2 кімнати, 82 / 46 / 20 м², поверх 11 з 27, з ремонтом, монолітно-каркасний, 2013, сьогодні о 11:40, Створено 25 травня",82 м²,$ 631
flatfy,https://flatfy.ua/redirect/4661474933,1000,USD,1000.00,2,90,11.11,Нова забудова,"3 кімнати, 90 / 75 / 9 м², поверх 5 з 9, з ремонтом, цегляний будинок, 1969, сьогодні о 10:45, Створено 25 травня",90 м²,$ 1 000
flatfy,https://flatfy.ua/redirect/4662685042,676,USD,676.00,0,56,12.07,Поділ,"1 кімната, 56 / 30 / 15 м², поверх 6 з 9, з ремонтом, монолітно-каркасний, 2005, сьогодні о 10:52, Створено 25 травня",56 м²,$ 676
flatfy,https://flatfy.ua/redirect/4662456626,563,USD,563.00,2,90,6.26,Сирець,"3 кімнати, 90 / 70 / 11.4 м², поверх 1 з 14, з ремонтом, утеплена панель, 2002, 26 травня, Створено 25 травня",90 м²,$ 563
flatfy,https://flatfy.ua/redirect/4664075041,406,USD,406.00,1,52,7.81,Солом'янка,"2 кімнати, 52 / 35 / 6 м², поверх 1 з 5, з ремонтом, панельні, 1964, вчора о 23:35, Створено 25 травня",52 м²,$ 406
flatfy,https://flatfy.ua/redirect/4661839044,451,USD,451.00,1,50,9.02,Олександрівська Слобідка,"2 кімнати, 50 / 28 / 11 м², поверх 5 з 25, з ремонтом, 27 травня, Створено 25 травня",50 м²,$ 451
flatfy,https://flatfy.ua/redirect/4661390702,856,USD,856.00,2,78,10.97,Поділ,"3 кімнати, 78 / 55 / 9 м², поверх 9 з 10, з ремонтом, цегляний будинок, 1975, 29 травня, Створено 25 травня",78 м²,$ 856
flatfy,https://flatfy.ua/redirect/4661413044,338,USD,338.00,1,45,7.51,Вишгородський масив,"2 кімнати, 45 / 30 / 7 м², поверх 3 з 5, з ремонтом, цегляний будинок, 1959, вчора о 09:41, Створено 25 травня",45 м²,$ 338
flatfy,https://flatfy.ua/redirect/4661897324,338,USD,338.00,0,35,9.66,Олександрівська Слобідка,"1 кімната, 35 / 18 / 6 м², поверх 9 з 9, з ремонтом, панельні, 1968, 29 травня, Створено 25 травня",35 м²,$ 338
flatfy,https://flatfy.ua/redirect/4662540813,631,USD,631.00,0,40,15.78,Липки,"1 кімната, 40 / 20 / 20 м², поверх 2 з 12, з ремонтом, цегляний будинок, 1976, 29 травня, Створено 25 травня",40 м²,$ 631
flatfy,https://flatfy.ua/redirect/4661895087,563,USD,563.00,1,76,7.41,Солом'янка,"2 кімнати, 76 / 36 / 15 м², поверх 8 з 24, з ремонтом, монолітно-каркасний, 2018, 25 травня, Створено 25 травня",76 м²,$ 563
flatfy,https://flatfy.ua/redirect/4660973041,203,USD,203.00,0,34,5.97,Виноградар,"1 кімната, 34 / 17 / 6 м², поверх 6 з 16, з ремонтом, утеплена панель, 1981, сьогодні о 16:10, Створено 25 травня",34 м²,$ 203
flatfy,https://flatfy.ua/redirect/4662665489,1200,USD,1200.00,2,117.3,10.23,Оболонь,"3 кімнати, 117.3 / 69.3 / 15.3 м², поверх 8 з 23, з ремонтом, блочні, 2017, сьогодні о 11:42, Створено 25 травня",117.3 м²,$ 1 200
flatfy,https://flatfy.ua/redirect/4661703139,237,USD,237.00,0,35,6.77,Позняки,"1 кімната, 35 / 15 / 10 м², поверх 1 з 16, з ремонтом, утеплена панель, 1993, сьогодні о 14:11, Створено 25 травня",35 м²,$ 237
flatfy,https://flatfy.ua/redirect/4662868128,327,USD,327.00,1,55,5.95,Борщагівка,"2 кімнати, 55 / 34 / 8 м², поверх 4 з 9, без ремонту, панельні, 1971, вчора о 11:53, Створено 25 травня",55 м²,$ 327
flatfy,https://flatfy.ua/redirect/4661606956,631,USD,631.00,1,70,9.01,Подільський,"2 кімнати, 70 / 50 / 15 м², поверх 16 з 24, з ремонтом, монолітно-каркасний, 2022, 28 травня, Створено 25 травня",70 м²,$ 631
flatfy,https://flatfy.ua/redirect/4661158893,226,USD,226.00,0,28,8.07,Стара Дарниця,"1 кімната, 28 / 18 / 6 м², поверх 4 з 16, з ремонтом, монолітно-каркасний, 2017, сьогодні о 05:25, Створено 25 травня",28 м²,$ 226
flatfy,https://flatfy.ua/redirect/4662403755,271,USD,271.00,1,52,5.21,Лісовий,"2 кімнати, 52 / 40 / 8 м², поверх 6 з 9, без ремонту, панельні, 1969, сьогодні о 05:24, Створено 25 травня",52 м²,$ 271
flatfy,https://flatfy.ua/redirect/4662211372,1500,USD,1500.00,1,68,22.06,Оболонь,"2 кімнати, 68 / 29 / 20 м², поверх 22 з 25, з ремонтом, монолітно-каркасний, 2018, 25 травня, Створено 25 травня",68 м²,$ 1 500
flatfy,https://flatfy.ua/redirect/4661949267,1300,USD,1300.00,2,80,16.25,Оболонь,"3 кімнати, 80 / 50 / 20 м², поверх 19 з 25, з ремонтом, монолітно-каркасний, 2018, 28 травня, Створено 25 травня",80 м²,$ 1 300
flatfy,https://flatfy.ua/redirect/4663181547,226,USD,226.00,0,37,6.11,Північно-Броварський,"1 кімната, 37 / 18 / 8 м², поверх 1 з 16, з ремонтом, утеплена панель, 1974, 27 травня, Створено 25 травня",37 м²,$ 226
flatfy,https://flatfy.ua/redirect/4662908529,361,USD,361.00,2,65,5.55,Теремки-2,"3 кімнати, 65 / 42 / 8 м², поверх 5 з 9, без ремонту, панельні, 1978, сьогодні о 13:10, Створено 25 травня",65 м²,$ 361
flatfy,https://flatfy.ua/redirect/4662402789,394,USD,394.00,1,50,7.88,Чоколівка,"2 кімнати, 50 / 30 / 7 м², поверх 3 з 3, з ремонтом, цегляний будинок, 1951, сьогодні о 13:35, Створено 25 травня",50 м²,$ 394
flatfy,https://flatfy.ua/redirect/4663850600,293,USD,293.00,1,45,6.51,Нижній Печерськ,"2 кімнати, 45 / 24 / 5 м², поверх 3 з 5, без ремонту, цегляний будинок, 1965, сьогодні о 13:35, Створено 25 травня",45 м²,$ 293
flatfy,https://flatfy.ua/redirect/4661648763,338,USD,338.00,0,36,9.39,Русанівка,"1 кімната, 36 / 17 / 6 м², поверх 2 з 9, з ремонтом, панельні, 1965, сьогодні о 13:37, Створено 25 травня",36 м²,$ 338
flatfy,https://flatfy.ua/redirect/4663055915,293,USD,293.00,0,36,8.14,Оболонь,"1 кімната, 36 / 18 / 8 м², поверх 11 з 13, з ремонтом, панельні, 1983, сьогодні о 18:13, Створено 25 травня",36 м²,$ 293
flatfy,https://flatfy.ua/redirect/4661755437,1000,USD,1000.00,0,46,21.74,Нова забудова,"1 кімната, 46 / 20 / 20 м², поверх 3 з 19, з ремонтом, монолітно-каркасний, 2017, 25 травня, Створено 25 травня",46 м²,$ 1 000
flatfy,https://flatfy.ua/redirect/4663838050,338,USD,338.00,0,51,6.63,Вишгородський масив,"1 кімната, 51 / 23 / 12 м², поверх 12 з 22, з ремонтом, блочні, сьогодні о 20:10, Створено 25 травня",51 м²,$ 338
flatfy,https://flatfy.ua/redirect/4661895726,406,USD,406.00,1,72,5.64,Позняки,"2 кімнати, 72 / 40 / 16 м², поверх 19 з 24, з ремонтом, монолітно-каркасний, 2007, сьогодні о 21:05, Створено 25 травня",72 м²,$ 406
flatfy,https://flatfy.ua/redirect/4662916709,631,USD,631.00,1,41,15.39,Голосіїв,"2 кімнати, 41 / 16 / 12 м², поверх 17 з 21, з ремонтом, панельні, 2025, сьогодні о 21:21, Створено 25 травня",41 м²,$ 631
flatfy,https://flatfy.ua/redirect/4663470590,649,USD,649.00,2,82,7.91,Солом'янка,"3 кімнати, 82 / 54 / 12 м², поверх 7 з 12, з ремонтом, цегляний будинок, 1972, сьогодні о 20:32, Створено 25 травня",82 м²,$ 649
flatfy,https://flatfy.ua/redirect/4663017344,1002,USD,1002.00,1,80,12.53,Деміївка,"2 кімнати, 80 / 40 / 16 м², поверх 10 з 18, з ремонтом, монолітно-каркасний, 2017, сьогодні о 20:32, Створено 25 травня",80 м²,$ 1 002
flatfy,https://flatfy.ua/redirect/4661155697,255,USD,255.00,1,45,5.67,Лісовий,"2 кімнати, 45 / 30 / 7 м², поверх 4 з 9, з ремонтом, панельні, 1969, сьогодні о 20:32, Створено 25 травня",45 м²,$ 255
flatfy,https://flatfy.ua/redirect/4662915984,541,USD,541.00,1,49,11.04,Деміївка,"2 кімнати, 49 / 15 / 25 м², поверх 5 з 5, з ремонтом, цегляний будинок, 2018, сьогодні о 20:04, Створено 25 травня",49 м²,$ 541
flatfy,https://flatfy.ua/redirect/4661896436,799,USD,799.00,1,45,17.76,Липки,"2 кімнати, 45 / 30 / 8 м², поверх 2 з 5, з ремонтом, цегляний будинок, 1955, сьогодні о 20:40, Створено 25 травня",45 м²,$ 799
flatfy,https://flatfy.ua/redirect/4662806614,2700,USD,2700.00,3,169,15.98,Історичний центр,"4 кімнати, 169 / 120 / 20 м², поверх 18 з 24, з ремонтом, цегляний будинок, 2017, сьогодні о 21:46, Створено 25 травня",169 м²,$ 2 700
flatfy,https://flatfy.ua/redirect/4663055152,563,USD,563.00,0,45,12.51,Подільський,"1 кімната, 45 / 16 / 20 м², поверх 14 з 25, з ремонтом, монолітно-каркасний, 2022, сьогодні о 21:58, Створено 25 травня",45 м²,$ 563
flatfy,https://flatfy.ua/redirect/4604022389,201,USD,201.00,1,60,3.35,ДВРЗ,"2 кімнати, 60 / - / 10 м², поверх 8 з 16, з ремонтом, утеплена панель, 2004, 11 травня, Створено 6 травня",60 м²,$ 201
flatfy,https://flatfy.ua/redirect/4633205955,169,USD,169.00,0,29,5.83,Феофанія,"1 кімната, 29 / - / 6 м², поверх 7 з 9, з ремонтом, цегляний будинок, 1965, 18 травня, Створено 18 травня",29 м²,$ 169
flatfy,https://flatfy.ua/redirect/3651680826,900,USD,900.00,0,50,18.00,Кудрявець,"1 кімната, 50 / - / 15 м², поверх 19 з 25, з ремонтом, цегляний будинок, 2021, 25 травня, Створено 25 травня",50 м²,$ 900
flatfy,https://flatfy.ua/redirect/4662738724,428,USD,428.00,0,50,8.56,Деміївка,"1 кімната, 50 / - / 20 м², поверх 13 з 25, з ремонтом, цегляний будинок, 25 травня, Створено 25 травня",50 м²,$ 428
flatfy,https://flatfy.ua/redirect/4661259327,518,USD,518.00,1,84,6.17,Березняки,"2 кімнати, 84 / - / 15 м², поверх 21 з 25, з ремонтом, монолітно-каркасний, 2007, 25 травня, Створено 25 травня",84 м²,$ 518
flatfy,https://flatfy.ua/redirect/4663899633,338,USD,338.00,2,70,4.83,Березняки,"3 кімнати, 70 / - / 8.5 м², поверх 16 з 16, з ремонтом, панельні, 1972, 25 травня, Створено 25 травня",70 м²,$ 338
flatfy,https://flatfy.ua/redirect/4661729948,473,USD,473.00,0,42,11.26,Харківський,"1 кімната, 42 / - / 18 м², поверх 19 з 25, з ремонтом, 25 травня, Створено 25 травня",42 м²,$ 473
flatfy,https://flatfy.ua/redirect/4662738759,721,USD,721.00,1,110,6.55,Шулявка,"2 кімнати, 110 / - / 20 м², поверх 6 з 27, з ремонтом, монолітно-каркасний, 2009, 25 травня, Створено 25 травня",110 м²,$ 721
flatfy,https://flatfy.ua/redirect/4664008674,270,USD,270.00,1,50,5.40,Лісовий,"2 кімнати, 50 / - / 8 м², поверх 7 з 9, з ремонтом, панельні, 1972, 25 травня, Створено 25 травня",50 м²,$ 270
flatfy,https://flatfy.ua/redirect/2837971204,417,USD,417.00,2,77,5.42,Позняки,"3 кімнати, 77 / - / 11 м², поверх 11 з 17, з ремонтом, цегляний будинок, 2000, вчора о 10:15, Створено 25 травня",77 м²,$ 417
flatfy,https://flatfy.ua/redirect/4661465654,271,USD,271.00,2,70,3.87,Харківський,"3 кімнати, 70 / - / 10 м², поверх 1 з 9, з ремонтом, утеплена панель, 1985, 25 травня, Створено 25 травня",70 м²,$ 271
flatfy,https://flatfy.ua/redirect/4662686252,316,USD,316.00,2,55,5.75,Подільський,"3 кімнати, 55 / - / 7 м², поверх 2 з 5, з ремонтом, цегляний будинок, 25 травня, Створено 25 травня",55 м²,$ 316
flatfy,https://flatfy.ua/redirect/4663849213,226,USD,226.00,0,40,5.65,Харківський,"1 кімната, 40 / - / 9 м², поверх 9 з 18, з ремонтом, вчора о 11:43, Створено 25 травня",40 м²,$ 226
flatfy,https://flatfy.ua/redirect/4661560839,338,USD,338.00,1,45,7.51,Соцмісто,"2 кімнати, 45 / - / 7 м², поверх 5 з 5, з ремонтом, цегляний будинок, 1960, 25 травня, Створено 25 травня",45 м²,$ 338
flatfy,https://flatfy.ua/redirect/4663430307,1013,USD,1013.00,1,55,18.42,Позняки,"2 кімнати, 55 / - / 20 м², поверх 9 з 26, з ремонтом, цегляний будинок, 2023, 25 травня, Створено 25 травня",55 м²,$ 1 013
flatfy,https://flatfy.ua/redirect/4662578886,800,USD,800.00,1,51,15.69,Солом'янка,"2 кімнати, 51 / - / 20 м², поверх 14 з 25, з ремонтом, цегляний будинок, 2021, 25 травня, Створено 25 травня",51 м²,$ 800
flatfy,https://flatfy.ua/redirect/4661923872,1000,USD,1000.00,2,106,9.43,Лівобережний масив,"3 кімнати, 106 / - / 20 м², поверх 21 з 23, з ремонтом, цегляний будинок, 2003, 25 травня, Створено 25 травня",106 м²,$ 1 000
flatfy,https://flatfy.ua/redirect/4662007477,158,USD,158.00,2,109,1.45,Шевченківський,"3 кімнати, 109 / - / 30 м², поверх 21 з 36, без ремонту, 25 травня, Створено 25 травня",109 м²,$ 158
flatfy,https://flatfy.ua/redirect/4675423148,316,USD,316.00,0,42,7.52,Осокорки,"1 кімната, 42 / - / 8 м², поверх 6 з 16, з ремонтом, утеплена панель, 1995, 28 травня, Створено 25 травня",42 м²,$ 316
flatfy,https://flatfy.ua/redirect/4662183179,203,USD,203.00,1,46,4.41,Лісовий,"2 кімнати, 46 / - / 9 м², поверх 16 з 16, з ремонтом, панельні, 1977, 25 травня, Створено 25 травня",46 м²,$ 203
flatfy,https://flatfy.ua/redirect/4450043268,563,USD,563.00,1,55,10.24,,"2 кімнати, 55 / - / 13 м², поверх 4 з 5, з ремонтом, 25 травня, Створено 25 травня",55 м²,$ 563
flatfy,https://flatfy.ua/redirect/4663542653,811,USD,811.00,0,40,20.27,Позняки,"1 кімната, 40 / - / 17 м², поверх 9 з 26, з ремонтом, цегляний будинок, 2023, 25 травня, Створено 25 травня",40 м²,$ 811
flatfy,https://flatfy.ua/redirect/3869226116,518,USD,518.00,1,70,7.40,Кудрявець,"2 кімнати, 70 / - / 12 м², поверх 9 з 10, з ремонтом, цегляний будинок, 1972, 25 травня, Створено 25 травня",70 м²,$ 518
flatfy,https://flatfy.ua/redirect/4662710958,1500,USD,1500.00,1,70,21.43,Нижній Печерськ,"2 кімнати, 70 / - / 21 м², поверх 12 з 24, з ремонтом, монолітно-каркасний, 2018, 25 травня, Створено 25 травня",70 м²,$ 1 500
flatfy,https://flatfy.ua/redirect/4662844120,338,USD,338.00,0,45,7.51,Дарницький,"1 кімната, 45 / - / 11 м², поверх 3 з 18, з ремонтом, панельні, 25 травня, Створено 25 травня",45 м²,$ 338
flatfy,https://flatfy.ua/redirect/4662255108,316,USD,316.00,0,40,7.90,Позняки,"1 кімната, 40 / - / 9 м², поверх 16 з 16, з ремонтом, утеплена панель, 1990, 25 травня, Створено 25 травня",40 м²,$ 316
flatfy,https://flatfy.ua/redirect/4661495765,338,USD,338.00,1,72,4.69,КПІ,"2 кімнати, 72 / - / 14 м², поверх 3 з 3, з ремонтом, цегляний будинок, 1940, 25 травня, Створено 25 травня",72 м²,$ 338
flatfy,https://flatfy.ua/redirect/4661948421,451,USD,451.00,1,50,9.02,Голосіївський,"2 кімнати, 50 / - / 11 м², поверх 9 з 9, з ремонтом, вчора о 10:40, Створено 25 травня",50 м²,$ 451
flatfy,https://flatfy.ua/redirect/4664331735,271,USD,271.00,0,30,9.03,Соцмісто,"1 кімната, 30 / - / 7 м², поверх 3 з 9, з ремонтом, цегляний будинок, 1974, 26 травня, Створено 26 травня",30 м²,$ 271
flatfy,https://flatfy.ua/redirect/4045257047,181,USD,181.00,0,30,6.03,Троєщина,"1 кімната, 30 / - / 7 м², поверх 8 з 9, з ремонтом, цегляний будинок, 1992, 25 травня, Створено 25 травня",30 м²,$ 181
flatfy,https://flatfy.ua/redirect/4661560842,451,USD,451.00,0,45.3,9.96,Осокорки,"1 кімната, 45.3 / - / 18 м², поверх 10 з 25, з ремонтом, цегляний будинок, 2017, 25 травня, Створено 25 травня",45.3 м²,$ 451
flatfy,https://flatfy.ua/redirect/4670356170,811,USD,811.00,1,72,11.26,Позняки,"2 кімнати, 72 / - / 16 м², поверх 21 з 25, з ремонтом, блочні, 2021, 27 травня, Створено 25 травня",72 м²,$ 811
flatfy,https://flatfy.ua/redirect/4663204388,203,USD,203.00,0,43,4.72,Троєщина,"1 кімната, 43 / - / 8 м², поверх 7 з 12, з ремонтом, панельні, 25 травня, Створено 25 травня",43 м²,$ 203
flatfy,https://flatfy.ua/redirect/4662183193,293,USD,293.00,1,52,5.63,Деміївка,"2 кімнати, 52 / - / 9 м², поверх 9 з 9, з ремонтом, панельні, 1979, 25 травня, Створено 25 травня",52 м²,$ 293
flatfy,https://flatfy.ua/redirect/4662818788,811,USD,811.00,2,90,9.01,Лівобережний масив,"3 кімнати, 90 / - / 20 м², поверх 26 з 30, з ремонтом, цегляний будинок, 25 травня, Створено 25 травня",90 м²,$ 811
flatfy,https://flatfy.ua/redirect/4496987304,417,USD,417.00,1,45,9.27,Голосіївський,"2 кімнати, 45 / - / 8 м², поверх 19 з 20, з ремонтом, 25 травня, Створено 25 травня",45 м²,$ 417
flatfy,https://flatfy.ua/redirect/4661465649,271,USD,271.00,0,33,8.21,Чоколівка,"1 кімната, 33 / - / 8 м², поверх 3 з 5, з ремонтом, цегляний будинок, 1960, 25 травня, Створено 25 травня",33 м²,$ 271
flatfy,https://flatfy.ua/redirect/4663257873,361,USD,361.00,0,32,11.28,Оболонь,"1 кімната, 32 / - / 8 м², поверх 1 з 9, з ремонтом, цегляний будинок, 2015, 25 травня, Створено 25 травня",32 м²,$ 361
flatfy,https://flatfy.ua/redirect/4661451627,226,USD,226.00,1,54,4.19,Північно-Броварський,"2 кімнати, 54 / - / 11 м², поверх 10 з 16, з ремонтом, утеплена панель, 1986, 25 травня, Створено 25 травня",54 м²,$ 226
flatfy,https://flatfy.ua/redirect/4661948411,316,USD,316.00,0,40,7.90,,"1 кімната, 40 / - / 9 м², поверх 1 з 16, з ремонтом, вчора о 10:32, Створено 25 травня",40 м²,$ 316
flatfy,https://flatfy.ua/redirect/4672499686,850,USD,850.00,0,60,14.17,Чорна Гора,"1 кімната, 60 / - / 10 м², поверх 7 з 30, з ремонтом, цегляний будинок, 2013, 27 травня, Створено 25 травня",60 м²,$ 850
flatfy,https://flatfy.ua/redirect/4661427275,192,USD,192.00,0,37,5.19,Троєщина,"1 кімната, 37 / - / 9 м², поверх 8 з 10, з ремонтом, цегляний будинок, 1988, 25 травня, Створено 25 травня",37 м²,$ 192
flatfy,https://flatfy.ua/redirect/4665458236,541,USD,541.00,1,60,9.02,Нова забудова,"2 кімнати, 60 / - / 9 м², поверх 5 з 16, з ремонтом, цегляний будинок, 1971, 26 травня, Створено 25 травня",60 м²,$ 541
flatfy,https://flatfy.ua/redirect/4664688266,518,USD,518.00,0,35,14.80,Позняки,"1 кімната, 35 / - / 15 м², поверх 9 з 26, з ремонтом, цегляний будинок, 2023, 26 травня, Створено 25 травня",35 м²,$ 518
flatfy,https://flatfy.ua/redirect/4663123614,850,USD,850.00,2,160,5.31,Оболонь,"3 кімнати, 160 / - / 15 м², поверх 3 з 14, з ремонтом, цегляний будинок, 2002, 25 травня, Створено 25 травня",160 м²,$ 850
flatfy,https://flatfy.ua/redirect/4663123609,451,USD,451.00,1,55,8.20,Теремки-1,"2 кімнати, 55 / - / 12 м², поверх 12 з 25, з ремонтом, монолітно-каркасний, 2014, 25 травня, Створено 25 травня",55 м²,$ 451
flatfy,https://flatfy.ua/redirect/4675349062,496,USD,496.00,1,68,7.29,Голосіївський,"2 кімнати, 68 / - / 14 м², поверх 2 з 9, з ремонтом, цегляний будинок, 28 травня, Створено 25 травня",68 м²,$ 496
flatfy,https://flatfy.ua/redirect/4663899619,271,USD,271.00,1,60,4.52,Троєщина,"2 кімнати, 60 / - / 8 м², поверх 5 з 9, з ремонтом, утеплена панель, 1983, 25 травня, Створено 25 травня",60 м²,$ 271
flatfy,https://flatfy.ua/redirect/4663717538,700,USD,700.00,0,65,10.77,Солом’янський,"1 кімната, 65 / - / 8 м², поверх 2 з 2, з ремонтом, цегляний будинок, 25 травня, Створено 25 травня",65 м²,$ 700
flatfy,https://flatfy.ua/redirect/4661948377,406,USD,406.00,0,30,13.53,Нижній Печерськ,"1 кімната, 30 / - / 5 м², поверх 5 з 5, з ремонтом, 25 травня, Створено 25 травня",30 м²,$ 406
flatfy,https://flatfy.ua/redirect/4664038547,541,USD,541.00,0,41.5,13.04,Голосіїв,"1 кімната, 41.5 / - / 33 м², поверх 8 з 16, з ремонтом, 25 травня, Створено 25 травня",41.5 м²,$ 541
flatfy,https://flatfy.ua/redirect/4662633033,383,USD,383.00,0,42,9.12,Голосіїв,"1 кімната, 42 / - / 9 м², поверх 10 з 16, з ремонтом, утеплена панель, 2013, 25 травня, Створено 25 травня",42 м²,$ 383
flatfy,https://flatfy.ua/redirect/4682550964,439,USD,439.00,2,82,5.35,Лівобережний масив,"3 кімнати, 82 / - / 27 м², поверх 13 з 14, з ремонтом, цегляний будинок, 1979, вчора о 09:59, Створено 25 травня",82 м²,$ 439
flatfy,https://flatfy.ua/redirect/4666109600,361,USD,361.00,0,33,10.94,Оболонь,"1 кімната, 33 / - / 6 м², поверх 6 з 9, з ремонтом, панельні, 1973, 26 травня, Створено 25 травня",33 м²,$ 361
flatfy,https://flatfy.ua/redirect/4664376188,338,USD,338.00,0,28,12.07,Соцмісто,"1 кімната, 28 / - / 6 м², поверх 2 з 5, з ремонтом, цегляний будинок, 1959, 26 травня, Створено 26 травня",28 м²,$ 338
flatfy,https://flatfy.ua/redirect/4661907955,327,USD,327.00,0,60,5.45,Харківський,"1 кімната, 60 / - / 15 м², поверх 10 з 18, з ремонтом, монолітно-каркасний, 2006, 25 травня, Створено 25 травня",60 м²,$ 327
flatfy,https://flatfy.ua/redirect/4661801668,721,USD,721.00,2,55,13.11,Голосіївський,"3 кімнати, 55 / - / 5 м², поверх 24 з 25, з ремонтом, 25 травня, Створено 25 травня",55 м²,$ 721
flatfy,https://flatfy.ua/redirect/4662361055,304,USD,304.00,0,34,8.94,Солом'янка,"1 кімната, 34 / - / 9 м², поверх 12 з 16, з ремонтом, утеплена панель, 1979, 25 травня, Створено 25 травня",34 м²,$ 304
flatfy,https://flatfy.ua/redirect/4653257745,676,USD,676.00,1,45,15.02,Позняки,"2 кімнати, 45 / - / 20 м², поверх 9 з 20, з ремонтом, блочні, 2021, вчора о 00:31, Створено 25 травня",45 м²,$ 676
flatfy,https://flatfy.ua/redirect/4674854287,451,USD,451.00,1,54,8.35,Позняки,"2 кімнати, 54 / - / 20 м², поверх 19 з 23, з ремонтом, цегляний будинок, 2009, сьогодні о 07:20, Створено 25 травня",54 м²,$ 451
flatfy,https://flatfy.ua/redirect/4661923892,271,USD,271.00,1,56,4.84,,"2 кімнати, 56 / - / 9 м², поверх 2 з 14, з ремонтом, панельні, 25 травня, Створено 25 травня",56 м²,$ 271
flatfy,https://flatfy.ua/redirect/4206582480,203,USD,203.00,0,32,6.34,Соцмісто,"1 кімната, 32 / - / 6 м², поверх 2 з 5, з ремонтом, цегляний будинок, 1961, 29 травня, Створено 25 травня",32 м²,$ 203
flatfy,https://flatfy.ua/redirect/4661560850,259,USD,259.00,0,22.1,11.72,Татарка,"1 кімната, 22.1 / - / 12.3 м², поверх 4 з 9, з ремонтом, цегляний будинок, 1975, 25 травня, Створено 25 травня",22.1 м²,$ 259
flatfy,https://flatfy.ua/redirect/4679162043,338,USD,338.00,1,60,5.63,Позняки,"2 кімнати, 60 / - / 10 м², поверх 3 з 18, з ремонтом, утеплена панель, 1991, 29 травня, Створено 25 травня",60 м²,$ 338
flatfy,https://flatfy.ua/redirect/4663704195,428,USD,428.00,1,48,8.92,Північно-Броварський,"2 кімнати, 48 / - / 10 м², поверх 4 з 5, з ремонтом, панельні, 1963, 25 травня, Створено 25 травня",48 м²,$ 428
flatfy,https://flatfy.ua/redirect/4681494851,3000,USD,3000.00,1,68,44.12,Верхня Теличка,"2 кімнати, 68 / - / 20 м², поверх 8 з 25, з ремонтом, монолітно-каркасний, 2018, 29 травня, Створено 25 травня",68 м²,$ 3 000
flatfy,https://flatfy.ua/redirect/4661948379,563,USD,563.00,0,57,9.88,Караваєві Дачі,"1 кімната, 57 / - / 16 м², поверх 9 з 16, з ремонтом, монолітно-каркасний, 2000, 25 травня, Створено 25 травня",57 м²,$ 563
flatfy,https://flatfy.ua/redirect/4662869343,338,USD,338.00,0,30,11.27,Олександрівська Слобідка,"1 кімната, 30 / - / 8 м², поверх 1 з 5, з ремонтом, цегляний будинок, 25 травня, Створено 25 травня",30 м²,$ 338
flatfy,https://flatfy.ua/redirect/4662844100,406,USD,406.00,1,60,6.77,Позняки,"2 кімнати, 60 / - / 25 м², поверх 16 з 24, з ремонтом, монолітно-каркасний, 2007, 25 травня, Створено 25 травня",60 м²,$ 406
flatfy,https://flatfy.ua/redirect/4290695856,316,USD,316.00,0,24,13.17,Позняки,"1 кімната, 24 / - / 2 м², поверх 3 з 25, з ремонтом, блочні, 2021, 25 травня, Створено 25 травня",24 м²,$ 316
flatfy,https://flatfy.ua/redirect/4661923916,316,USD,316.00,1,46,6.87,Русанівка,"2 кімнати, 46 / - / 7 м², поверх 7 з 17, з ремонтом, утеплена панель, 1970, 25 травня, Створено 25 травня",46 м²,$ 316
flatfy,https://flatfy.ua/redirect/4624785980,394,USD,394.00,0,42,9.38,Голосіївський,"1 кімната, 42 / - / 25 м², поверх 23 з 26, з ремонтом, блочні, 2025, вчора о 11:43, Створено 25 травня",42 м²,$ 394
flatfy,https://flatfy.ua/redirect/4661235134,316,USD,316.00,0,22,14.36,Позняки,"1 кімната, 22 / - / 5 м², поверх 20 з 21, з ремонтом, монолітно-каркасний, 2019, сьогодні о 08:32, Створено 25 травня",22 м²,$ 316
flatfy,https://flatfy.ua/redirect/4661560831,316,USD,316.00,1,45,7.02,Соцмісто,"2 кімнати, 45 / - / 6 м², поверх 1 з 5, з ремонтом, цегляний будинок, 1962, 25 травня, Створено 25 травня",45 м²,$ 316
flatfy,https://flatfy.ua/redirect/4662361044,721,USD,721.00,2,101,7.14,Лук'янівка,"3 кімнати, 101 / - / 30 м², поверх 13 з 25, з ремонтом, монолітно-каркасний, 2016, вчора о 23:27, Створено 25 травня",101 м²,$ 721
flatfy,https://flatfy.ua/redirect/4661235131,417,USD,417.00,0,46,9.07,Голосіївський,"1 кімната, 46 / - / 12 м², поверх 3 з 9, з ремонтом, 25 травня, Створено 25 травня",46 м²,$ 417
flatfy,https://flatfy.ua/redirect/4662657988,1500,USD,1500.00,1,104,14.42,Варшавський Мікрорайон,"2 кімнати, 104 / - / 24.5 м², поверх 2 з 12, з ремонтом, 25 травня, Створено 25 травня",104 м²,$ 1 500
flatfy,https://flatfy.ua/redirect/4672993064,226,USD,226.00,0,32,7.06,Нова Дарниця,"1 кімната, 32 / - / 7 м², поверх 3 з 9, з ремонтом, цегляний будинок, 1974, 28 травня, Створено 25 травня",32 м²,$ 226
flatfy,https://flatfy.ua/redirect/4661908271,120000,USD,120000.00,0,47,2553.19,Микільська Слобідка,"1 кімната, 47 / - / 20 м², поверх 17 з 25, з ремонтом, цегляний будинок, 2022, 25 травня, Створено 25 травня",47 м²,$ 120 000
flatfy,https://flatfy.ua/redirect/4662021878,372,USD,372.00,0,40,9.30,Оболонь,"1 кімната, 40 / - / 6 м², поверх 1 з 5, з ремонтом, цегляний будинок, 25 травня, Створено 25 травня",40 м²,$ 372
flatfy,https://flatfy.ua/redirect/4074095248,563,USD,563.00,2,76,7.41,Оболонь,"3 кімнати, 76 / - / 12 м², поверх 15 з 24, з ремонтом, 25 травня, Створено 25 травня",76 м²,$ 563
flatfy,https://flatfy.ua/redirect/4662633017,1000,USD,1000.00,0,53,18.87,Нова забудова,"1 кімната, 53 / - / 19 м², поверх 5 з 21, з ремонтом, монолітно-каркасний, 2017, 25 травня, Створено 25 травня",53 м²,$ 1 000
flatfy,https://flatfy.ua/redirect/4313302837,136,USD,136.00,0,25,5.44,Нова Дарниця,"1 кімната, 25 / - / 6 м², поверх 1 з 4, з ремонтом, цегляний будинок, 25 травня, Створено 25 травня",25 м²,$ 136
flatfy,https://flatfy.ua/redirect/4378433338,248,USD,248.00,0,42,5.90,Троєщина,"1 кімната, 42 / - / 9 м², поверх 8 з 16, з ремонтом, утеплена панель, 2006, сьогодні о 09:31, Створено 25 травня",42 м²,$ 248
flatfy,https://flatfy.ua/redirect/4662307310,226,USD,226.00,1,53,4.26,Мінський,"2 кімнати, 53 / - / 10 м², поверх 6 з 9, з ремонтом, панельні, 1992, 25 травня, Створено 25 травня",53 м²,$ 226
flatfy,https://flatfy.ua/redirect/4374957080,451,USD,451.00,3,95,4.75,Печерськ,"4 кімнати, 95 / - / 10 м², поверх 1 з 5, з ремонтом, цегляний будинок, 1960, сьогодні о 11:40, Створено 25 травня",95 м²,$ 451
flatfy,https://flatfy.ua/redirect/4328169698,338,USD,338.00,2,95,3.56,Чоколівка,"3 кімнати, 95 / - / 10 м², поверх 9 з 16, з ремонтом, 25 травня, Створено 25 травня",95 м²,$ 338
flatfy,https://flatfy.ua/redirect/4662844122,361,USD,361.00,0,28,12.89,Біличі,"1 кімната, 28 / - / 6 м², поверх 2 з 4, з ремонтом, цегляний будинок, 2021, сьогодні о 17:16, Створено 25 травня",28 м²,$ 361
flatfy,https://flatfy.ua/redirect/4662869291,451,USD,451.00,0,40,11.28,Святошино,"1 кімната, 40 / - / 14 м², поверх 5 з 20, з ремонтом, цегляний будинок, 2017, сьогодні о 17:24, Створено 25 травня",40 м²,$ 451
flatfy,https://flatfy.ua/redirect/4662414791,338,USD,338.00,0,31,10.90,Соцмісто,"1 кімната, 31 / - / 7 м², поверх 3 з 10, з ремонтом, сьогодні о 15:39, Створено 25 травня",31 м²,$ 338
flatfy,https://flatfy.ua/redirect/4663123616,1000,USD,1000.00,1,67,14.93,Чорна Гора,"2 кімнати, 67 / - / 20 м², поверх 2 з 25, з ремонтом, блочні, 2017, сьогодні о 18:47, Створено 25 травня",67 м²,$ 1 000
flatfy,https://flatfy.ua/redirect/4600020142,496,USD,496.00,1,75,6.61,Позняки,"2 кімнати, 75 / - / 16 м², поверх 14 з 25, з ремонтом, монолітно-каркасний, 2016, сьогодні о 16:24, Створено 25 травня",75 м²,$ 496
flatfy,https://flatfy.ua/redirect/4664556587,361,USD,361.00,0,20,18.05,,"1 кімната, 20 / - / 3 м², поверх 3 з 5, з ремонтом, сьогодні о 16:24, Створено 26 травня",20 м²,$ 361
flatfy,https://flatfy.ua/redirect/4639489791,293,USD,293.00,0,30,9.77,Сирець,"1 кімната, 30 / - / 5.5 м², поверх 7 з 9, з ремонтом, цегляний будинок, 1980, сьогодні о 13:12, Створено 25 травня",30 м²,$ 293
flatfy,https://flatfy.ua/redirect/4658986745,1200,USD,1200.00,0,50,24.00,Голосіїв,"1 кімната, 50 / - / 23 м², поверх 9 з 23, з ремонтом, цегляний будинок, сьогодні о 20:31, Створено 25 травня",50 м²,$ 1 200
flatfy,https://flatfy.ua/redirect/4663602111,271,USD,271.00,0,30,9.03,Нивки,"1 кімната, 30 / - / 6 м², поверх 4 з 5, з ремонтом, панельні, 1964, 25 травня, Створено 25 травня",30 м²,$ 271
flatfy,https://flatfy.ua/redirect/4663849227,203,USD,203.00,0,42,4.83,Нивки,"1 кімната, 42 / - / 5 м², поверх 3 з 5, з ремонтом, цегляний будинок, 1970, 25 травня, Створено 25 травня",42 м²,$ 203
flatfy,https://flatfy.ua/redirect/4589308879,406,USD,406.00,0,42,9.67,Ґалаґани,"1 кімната, 42 / 18 / 12 м², поверх 13 з 16, з ремонтом, монолітно-каркасний, 2016, 7 травня, Створено 7 травня",42 м²,$ 406
flatfy,https://flatfy.ua/redirect/3864099633,1101,USD,1101.00,1,89,12.37,Кудрявець,"2 кімнати, 89 / 65 / 22 м², поверх 7 з 12, з ремонтом, монолітно-каркасний, 2009, 24 травня, Створено 24 травня",89 м²,$ 1 101
flatfy,https://flatfy.ua/redirect/4608892478,608,USD,608.00,0,47,12.94,Татарка,"1 кімната, 47 м², поверх 14 з 22, з ремонтом, блочні, 2021, 24 травня, Створено 24 травня",47 м²,$ 608
flatfy,https://flatfy.ua/redirect/4547695951,428,USD,428.00,1,78,5.49,Позняки,"2 кімнати, 78 / 40 / 13 м², поверх 11 з 26, з ремонтом, монолітно-каркасний, 2006, 25 травня, Створено 25 травня",78 м²,$ 428
flatfy,https://flatfy.ua/redirect/4659633766,800,USD,800.00,0,57,14.04,Чорна Гора,"1 кімната, 57 / 25 / 15 м², поверх 12 з 13, з ремонтом, монолітно-каркасний, 2014, 25 травня, Створено 25 травня",57 м²,$ 800
flatfy,https://flatfy.ua/redirect/4657988255,1000,USD,1000.00,0,41,24.39,Нивки,"1 кімната, 41 / 15 / 15 м², поверх 2 з 16, з ремонтом, монолітно-каркасний, 2019, сьогодні о 09:00, Створено 24 травня",41 м²,$ 1 000
flatfy,https://flatfy.ua/redirect/4657562261,518,USD,518.00,0,39,13.28,Голосіїв,"1 кімната, 39 / 16 / 15 м², поверх 9 з 14, з ремонтом, цегляний будинок, 2018, сьогодні о 20:09, Створено 24 травня",39 м²,$ 518
flatfy,https://flatfy.ua/redirect/4659393373,788,USD,788.00,1,67,11.76,Нова забудова,"2 кімнати, 67 / 45 / 12 м², поверх 4 з 17, з ремонтом, монолітно-каркасний, 2006, 28 травня, Створено 24 травня",67 м²,$ 788
flatfy,https://flatfy.ua/redirect/4658046041,181,USD,181.00,0,32,5.66,Троєщина,"1 кімната, 32 / 16 / 7 м², поверх 7 з 9, без ремонту, цегляний будинок, 1985, сьогодні о 09:00, Створено 24 травня",32 м²,$ 181
flatfy,https://flatfy.ua/redirect/4659375795,406,USD,406.00,1,45,9.02,Чоколівка,"2 кімнати, 45 / 25 / 9.5 м², поверх 7 з 9, з ремонтом, цегляний будинок, 1971, сьогодні о 09:00, Створено 24 травня",45 м²,$ 406
flatfy,https://flatfy.ua/redirect/4659943739,1300,USD,1300.00,0,63,20.63,Черепанова гора,"1 кімната, 63 / 21 / 24 м², поверх 16 з 23, з ремонтом, цегляний будинок, 2014, сьогодні о 09:00, Створено 25 травня",63 м²,$ 1 300
flatfy,https://flatfy.ua/redirect/4659303156,1200,USD,1200.00,1,65,18.46,Верхня Теличка,"2 кімнати, 65 / 40 / 10 м², поверх 19 з 26, з ремонтом, монолітно-каркасний, 2020, 29 травня, Створено 24 травня",65 м²,$ 1 200
flatfy,https://flatfy.ua/redirect/4657056205,514,USD,514.00,1,74,6.95,Воскресенка,"2 кімнати, 74 / 36 / 19 м², поверх 5 з 25, з ремонтом, монолітно-каркасний, 2017, сьогодні о 10:00, Створено 24 травня",74 м²,$ 514
flatfy,https://flatfy.ua/redirect/4658167519,1200,USD,1200.00,0,49,24.49,Голосіїв,"1 кімната, 49 / 25 / 15 м², поверх 8 з 23, з ремонтом, цегляний будинок, 2023, 24 травня, Створено 24 травня",49 м²,$ 1 200
flatfy,https://flatfy.ua/redirect/4660073685,721,USD,721.00,1,50,14.42,Нижній Печерськ,"2 кімнати, 50 / 15 / 18 м², поверх 5 з 16, з ремонтом, монолітно-каркасний, 2015, 29 травня, Створено 25 травня",50 м²,$ 721
flatfy,https://flatfy.ua/redirect/4657990505,676,USD,676.00,1,64,10.56,Ґалаґани,"2 кімнати, 64 / 30 / 14 м², поверх 8 з 16, з ремонтом, монолітно-каркасний, 2020, сьогодні о 19:13, Створено 24 травня",64 м²,$ 676
flatfy,https://flatfy.ua/redirect/4658458312,615,USD,615.00,1,41,15.00,Соцмісто,"2 кімнати, 41 / 15 / 15 м², поверх 5 з 13, з ремонтом, блочні, 2013, сьогодні о 09:01, Створено 24 травня",41 м²,$ 615
flatfy,https://flatfy.ua/redirect/4659275234,563,USD,563.00,0,43,13.09,Солом’янський,"1 кімната, 43 / 20 / 10 м², поверх 9 з 9, з ремонтом, монолітно-каркасний, 2017, 28 травня, Створено 24 травня",43 м²,$ 563
flatfy,https://flatfy.ua/redirect/4658116075,304,USD,304.00,0,34,8.94,Позняки,"1 кімната, 34 / 18 / 8 м², поверх 8 з 9, з ремонтом, цегляний будинок, 1987, сьогодні о 09:00, Створено 24 травня",34 м²,$ 304
flatfy,https://flatfy.ua/redirect/4657852693,1699,USD,1699.00,1,65,26.14,Нова забудова,"2 кімнати, 65 / 35 / 15 м², поверх 9 з 24, з ремонтом, монолітно-каркасний, 2019, сьогодні о 17:59, Створено 24 травня",65 м²,$ 1 699
flatfy,https://flatfy.ua/redirect/4657752184,338,USD,338.00,2,75,4.51,Троєщина,"3 кімнати, 75 / 65 / 10 м², поверх 3 з 16, з ремонтом, утеплена панель, 1991, сьогодні о 09:46, Створено 24 травня",75 м²,$ 338
flatfy,https://flatfy.ua/redirect/4657410032,3499,USD,3499.00,4,300,11.66,Липки,"5 кімнат, 300 / 180 / 25 м², поверх 6 з 7, з ремонтом, цегляний будинок, 1949, сьогодні о 09:36, Створено 24 травня",300 м²,$ 3 499
flatfy,https://flatfy.ua/redirect/4656978272,1600,USD,1600.00,2,89,17.98,Історичний центр,"3 кімнати, 89 / 80 / 7 м², поверх 3 з 4, з ремонтом, цегляний будинок, 1917, 24 травня, Створено 24 травня",89 м²,$ 1 600
flatfy,https://flatfy.ua/redirect/4414783466,85000,USD,85000.00,1,54,1574.07,Черепанова гора,"2 кімнати, 54 / 26 / 8 м², поверх 4 з 5, без ремонту, цегляний будинок, 1952, 29 травня, Створено 23 березня",54 м²,$ 85 000
flatfy,https://flatfy.ua/redirect/4583527055,195000,USD,195000.00,2,100.1,1948.05,Відрадний,"3 кімнати, 100.1 / 51.6 / 12.9 м², поверх 10 з 19, з ремонтом, цегляний будинок, 2016, сьогодні о 09:01, Створено 6 травня",100.1 м²,$ 195 000
flatfy,https://flatfy.ua/redirect/4290657932,875000,USD,875000.00,3,165,5303.03,Липки,"4 кімнати, 165 / 100 / 30 м², поверх 5 з 11, без ремонту, монолітно-каркасний, 2022, сьогодні о 09:00, Створено 18 лютого",165 м²,$ 875 000
flatfy,https://flatfy.ua/redirect/4520529395,385000,USD,385000.00,0,72,5347.22,Звіринець,"1 кімната, 72 / 20 / 30 м², поверх 2 з 5, з ремонтом, монолітно-каркасний, 2014, сьогодні о 09:00, Створено 20 квітня",72 м²,$ 385 000
flatfy,https://flatfy.ua/redirect/2512858532,3299000,USD,3299000.00,3,360,9163.89,Печерськ,"4 кімнати, 360 / 200 / 20 м², поверх 8 з 21, з ремонтом, монолітно-каркасний, сьогодні о 09:00, Створено 7 лютого 2025 р.",360 м²,$ 3 299 000
flatfy,https://flatfy.ua/redirect/4470201819,67500,USD,67500.00,1,45.9,1470.59,Оболонь,"2 кімнати, 45.9 / 25.7 / 6.5 м², поверх 9 з 9, з ремонтом, панельні, 1974, сьогодні о 11:32, Створено 6 квітня",45.9 м²,$ 67 500
flatfy,https://flatfy.ua/redirect/409362709,2199000,USD,2199000.00,3,310,7093.55,Печерськ,"4 кімнати, 310 / 180 / 19 м², поверх 7 з 20, з ремонтом, сьогодні о 09:00, Створено 4 березня 2023 р.",310 м²,$ 2 199 000
flatfy,https://flatfy.ua/redirect/4169167969,610000,USD,610000.00,3,158,3860.76,Нова забудова,"4 кімнати, 158 / 100 / 40 м², поверх 24 з 24, без ремонту, монолітно-каркасний, 2019, сьогодні о 19:00, Створено 16 січня",158 м²,$ 610 000
flatfy,https://flatfy.ua/redirect/4348336515,299000,USD,299000.00,2,75,3986.67,Лук'янівка,"3 кімнати, 75 / 60 / 10 м², поверх 2 з 12, з ремонтом, блочні, 2023, сьогодні о 09:00, Створено 5 березня",75 м²,$ 299 000
flatfy,https://flatfy.ua/redirect/4683389743,605000,USD,605000.00,2,102,5931.37,Нижній Печерськ,"3 кімнати, 102 / 50 / 15 м², поверх 3 з 20, з ремонтом, монолітно-каркасний, 2024, сьогодні о 09:01, Створено вчора о 09:35",102 м²,$ 605 000
flatfy,https://flatfy.ua/redirect/2268377559,920000,USD,920000.00,2,130,7076.92,Нижній Печерськ,"3 кімнати, 130 / 60 / 40 м², поверх 12 з 25, з ремонтом, монолітно-каркасний, 2015, сьогодні о 20:00, Створено 17 грудня 2024 р.",130 м²,$ 920 000
flatfy,https://flatfy.ua/redirect/4520387616,228000,USD,228000.00,1,92,2478.26,Деміївка,"2 кімнати, 92 / 56 / 17 м², поверх 19 з 25, з ремонтом, монолітно-каркасний, 2008, сьогодні о 09:00, Створено 20 квітня",92 м²,$ 228 000
flatfy,https://flatfy.ua/redirect/4352022439,122000,USD,122000.00,0,43,2837.21,Подільський,"1 кімната, 43 / 20 / 20 м², поверх 19 з 25, з ремонтом, монолітно-каркасний, 2025, сьогодні о 18:21, Створено 6 березня",43 м²,$ 122 000
flatfy,https://flatfy.ua/redirect/4454085363,129999,USD,129999.00,1,77,1688.30,Солом'янка,"2 кімнати, 77 / 35 / 12 м², поверх 9 з 24, без ремонту, монолітно-каркасний, 2018, сьогодні о 09:00, Створено 2 квітня",77 м²,$ 129 999
flatfy,https://flatfy.ua/redirect/4086898905,285000,USD,285000.00,2,150,1900.00,Забір’я,"3 кімнати, 150 / 39.8 / 6.4 м², 1-поверховий будинок, без ремонту, 2025, 29 травня, Створено 25 грудня 2025 р.",150 м²,$ 285 000
flatfy,https://flatfy.ua/redirect/4086921517,286900,USD,286900.00,2,151,1900.00,Забір’я,"3 кімнати, 151 / 43.5 / 8.57 м², 1-поверховий будинок, без ремонту, 2025, 29 травня, Створено 25 грудня 2025 р.",151 м²,$ 286 900
flatfy,https://flatfy.ua/redirect/4086960497,332500,USD,332500.00,2,175,1900.00,Забір’я,"3 кімнати, 175 / 47.7 / 11.94 м², 1-поверховий будинок, без ремонту, 2025, 29 травня, Створено 25 грудня 2025 р.",175 м²,$ 332 500
flatfy,https://flatfy.ua/redirect/4587747728,430000,USD,430000.00,2,145,2965.52,,"3 кімнати, 145 / 49 / 36 м², 2-поверховий будинок, з ремонтом, 25 травня, Створено 7 травня",145 м²,$ 430 000
flatfy,https://flatfy.ua/redirect/4528567598,118000,USD,118000.00,1,142.6,827.49,,"2 кімнати, 142.6 / 71.3 / 35.8 м², 2-поверховий будинок, без ремонту, 2019, сьогодні о 09:01, Створено 22 квітня",142.6 м²,$ 118 000
flatfy,https://flatfy.ua/redirect/4670998332,240000,USD,240000.00,1,66.3,3619.91,Нивки,"2 кімнати, 66.3 / 27.2 / 21.4 м², поверх 2 з 9, з ремонтом, монолітно-каркасний, 2021, сьогодні о 09:00, Створено 27 травня",66.3 м²,$ 240 000
flatfy,https://flatfy.ua/redirect/3843617863,105000,USD,105000.00,2,90,1166.67,,"3 кімнати, 90 / 45 / 35 м², 2-поверховий будинок, без ремонту, сьогодні о 09:00, Створено 25 жовтня 2025 р.",90 м²,$ 105 000
flatfy,https://flatfy.ua/redirect/3860265562,800000,USD,800000.00,2,110,7272.73,Нова забудова,"3 кімнати, 110 / 70 / 30 м², поверх 18 з 26, з ремонтом, монолітно-каркасний, 2019, сьогодні о 17:30, Створено 29 жовтня 2025 р.",110 м²,$ 800 000
flatfy,https://flatfy.ua/redirect/4675163842,59000,USD,59000.00,1,64.7,911.90,Олександрівська Слобідка,"2 кімнати, 64.7 / 42.2 / 8.3 м², поверх 1 з 4, з ремонтом, цегляний будинок, 1935, сьогодні о 09:01, Створено 28 травня",64.7 м²,$ 59 000
flatfy,https://flatfy.ua/redirect/4654175649,120000,USD,120000.00,2,94,1276.60,Святошино,"3 кімнати, 94 / 59 / 32 м², поверх 2 з 17, з ремонтом, монолітно-каркасний, 2015, сьогодні о 09:00, Створено 23 травня",94 м²,$ 120 000
