source,url,price_text,rooms_text,sqm_text,district,listed_at_text
olx,https://www.olx.ua/d/uk/obyavlenie/orenda-vidovo-2-kmnatno-kvartiri-m-demvska-IDYH3jj.html?search_reason=search%7Cpromoted,"27 000 грн..css-o2j8v0{color:var(--colorsForegroundSecondary);font-weight:var(--fontWeightRegular);width:100%;text-align:right;}.css-rbevy1{font-size:var(
        --fontSizeBodyExtraSmall,
        12px
    );line-height:var(
        --lineHeightRegular,
        16px
    );color:var(--colorsForegroundSecondary);font-weight:var(--fontWeightRegular);width:100%;text-align:right;}.css-zf56ej{color:var(
        --colorsForegroundPrimary,
        #02282C
    );font-family:var(--fontFamilyPrimary, Geomanist, sans-serif);font-weight:700;-webkit-text-decoration:none;text-decoration:none;font-size:var(
        --fontSizeBodyExtraSmall,
        12px
    );line-height:var(
        --lineHeightRegular,
        16px
    );color:var(--colorsForegroundSecondary);font-weight:var(--fontWeightRegular);width:100%;text-align:right;}Договірна","Оренда  Видової, 2-кімнатної квартири, м. Деміївська",,Голосіївський,"Київ, Голосіївський - 09 травня 2026 р."
olx,https://www.olx.ua/d/uk/obyavlenie/zdam-2-h-kmnatnu-kvartiru-dashkevicha-26-yaksniy-remont-ID10rLBa.html?search_reason=search%7Cpromoted,13 000 грн.,"Здам 2 х кімнатну квартиру Дашкевича 26, якісний ремонт.",,Дніпровський,"Київ, Дніпровський - 30 травня 2026 р."
olx,https://www.olx.ua/d/uk/obyavlenie/metro-minskaya-obolonskiy-prospekt-18-a-ID10zPIN.html?search_reason=search%7Cpromoted,28 000 грн.,"Метро Минская, Оболонский проспект, 18 а",,Оболонський,"Київ, Оболонський - 30 травня 2026 р."
olx,https://www.olx.ua/d/uk/obyavlenie/orenda-kvartiri-dovgostrokovo-ID10thpc.html?search_reason=search%7Corganic,44 293.08 грн.,Оренда квартири довгостроково,,Печерський,"Київ, Печерський - Сьогодні о 03:23"
olx,https://www.olx.ua/d/uk/obyavlenie/orenda-2-kmnatno-kvartiri-70m-kv-persha-zdacha-zhk-nivki-park-3hv-metro-nivki-ID10r5T4.html?search_reason=search%7Corganic,44 293.08 грн.Договірна,"Оренда 2 кімнатної квартири, 70м.кв ПЕРША ЗДАЧА ЖК «НИВКИ ПАРК» 3хв метро Нивки",,Святошинський,"Київ, Святошинський - Сьогодні о 16:17"
olx,https://www.olx.ua/d/uk/obyavlenie/persha-zdacha-kvartiri-lyuks-110m2-poznyaki-urlvska-4a-ID10sjxt.html?search_reason=search%7Corganic,50 937.04 грн.,‼️Перша здача квартири Люкс 110м2 Позняки Урлівська 4А,110м2,Дарницький,"Київ, Дарницький - Сьогодні о 13:25"
olx,https://www.olx.ua/d/uk/obyavlenie/zdam-svoyu-kvartiru-po-vul-zvrinetsky-zhk-trumf-ID10wZBF.html?search_reason=search%7Corganic,88 586.16 грн.Договірна,"Здам свою квартиру по вул.Звіринецькій ЖК ""Тріумф""",,Печерський,"Київ, Печерський - Сьогодні о 06:14"
olx,https://www.olx.ua/d/uk/obyavlenie/persha-zdacha-gotov-doukomplektuvati-kvartiru-pd-zapit-orendarya-3k-kvartira-gmir-20-zhk-patrotika-metro-poznyaki-10-hv-pshki-ID10sHJj.html?search_reason=search%7Corganic,30 000 грн.,Перша здача. Готові доукомплектувати квартиру під запит орендаря. 3к квартира. Гмирі 20. ЖК Патріотика метро Позняки -10 хв пішки,,Дарницький,"Київ, Дарницький - Сьогодні о 12:24"
olx,https://www.olx.ua/d/uk/obyavlenie/orenda-1k-kvartiri-zhk-dinastya-vul-lipkvskogo-37b-vd-vlasnika-ID10sfyz.html?search_reason=search%7Corganic,22 000 грн.,Оренда 1к квартири ЖК Династія вул. Липківського 37б від Власника,,Солом'янський,"Київ, Солом'янський - Сьогодні о 07:56"
olx,https://www.olx.ua/d/uk/obyavlenie/zdam-kvartiru-stants-metro-obolon-2hv-zhk-obolon-sky-ID10yAle.html?search_reason=search%7Corganic,25 000 грн.,Здам квартиру станці метро оболонь 2хв. Жк Obolon sky,,Оболонський,"Київ, Оболонський - Сьогодні о 07:02"
olx,https://www.olx.ua/d/uk/obyavlenie/poznyaki-mshugi-1-4-zdam-prostoru-3k-kvartiru-ID10sNvn.html?search_reason=search%7Corganic,25 000 грн.,Позняки Мішуги 1/4 Здам Простору 3к квартиру,,Дарницький,"Київ, Дарницький - Сьогодні о 15:44"
olx,https://www.olx.ua/d/uk/obyavlenie/zdatsya-1-kmnatna-kvartira-zhk-krishtalev-dzherela-2-ID10wH8g.html?search_reason=search%7Corganic,20 000 грн.,"Здається 1 кімнатна квартира, ЖК «Кришталеві джерела»-2",,Голосіївський,"Київ, Голосіївський - Сьогодні о 13:18"
olx,https://www.olx.ua/d/uk/obyavlenie/orenda-kvartiri-zhk-zarchniy-ID10rE6M.html?search_reason=search%7Corganic,20 000 грн.,Оренда квартири ЖК Зарічний,,Дарницький,"Київ, Дарницький - Сьогодні о 07:30"
olx,https://www.olx.ua/d/uk/obyavlenie/orenda-1-k-vul-yordanska-4-metro-obolon-10-hv-dream-town-ID10zrKo.html?search_reason=search%7Cpromoted,12 000 грн.,"Оренда 1-к вул. Йорданська 4 метро Оболонь 10 хв, Dream Town",,Оболонський,"Київ, Оболонський - Сьогодні о 07:47"
olx,https://www.olx.ua/d/uk/obyavlenie/orenda-3k-kvartira-110kvm-zhk-mitets-konovaltsya-32b-ID10ziEY.html?search_reason=search%7Cpromoted,35 434.46 грн.,Оренда 3к квартира 110квм ЖК Митець Коновальця 32Б,110квм,Печерський,"Київ, Печерський - 30 травня 2026 р."
olx,https://www.olx.ua/d/uk/obyavlenie/orenda-2-kmnatno-kvartiri-v-suchasnomu-budinku-m-pecherska-ID10yxJ8.html?search_reason=search%7Cpromoted,80 000 грн.Договірна,Оренда 2 -кімнатної квартири в сучасному будинку  м.  Печерська,,Печерський,"Київ, Печерський - 27 травня 2026 р."
olx,https://www.olx.ua/d/uk/obyavlenie/orenda-3k-k-ri-113m2-zhk-oazis-vasyuka-10a-mnska-ID10hMeR.html?search_reason=search%7Corganic,35 000 грн.,"Оренда 3к.к-ри 113м2 ЖК Оазис, Івасюка.10а.Мінська",113м2,Оболонський,"Київ, Оболонський - Сьогодні о 15:27"
olx,https://www.olx.ua/d/uk/obyavlenie/sdam-3-komnatnuyu-kvartiru-vinogradar-ID10vbcq.html?search_reason=search%7Corganic,20 000 грн.,Сдам 3-комнатную квартиру Виноградарь,,Подільський,"Київ, Подільський - Сьогодні о 13:31"
olx,https://www.olx.ua/d/uk/obyavlenie/bez-koms-orenda-2k66m-grigorenka-m-poznyaki-7-hv-pshki-vdeo-ID10qTNV.html?search_reason=search%7Corganic,22 000 грн.,"Без комісії! Оренда 2к=66м² Григоренка, м. Позняки 7 хв пішки. Є відео",66м²,Дарницький,"Київ, Дарницький - Сьогодні о 13:39"
olx,https://www.olx.ua/d/uk/obyavlenie/sdam-1-komnatnuyu-studiyu-voskresenka-hozyain-bez-komissii-ID10zGh5.html?search_reason=search%7Corganic,7 500 грн.,"Сдам 1-комнатную студию, Воскресенка, хозяин без комиссии",,Дніпровський,"Київ, Дніпровський - Сьогодні о 15:43"
olx,https://www.olx.ua/d/uk/obyavlenie/arenda-3-h-kmnatno-kvartiri-vd-vlasnika-ID10veJL.html?search_reason=search%7Corganic,57 500 грн.,Аренда 3-х кімнатної квартири від власника,,Дарницький,"Київ, Дарницький - Сьогодні о 06:46"
olx,https://www.olx.ua/d/uk/obyavlenie/arenda-kvartiry-ul-chernovola-lukyanovka-ID10rQSc.html?search_reason=search%7Corganic,62 010.31 грн.,"Аренда квартиры, ул. Черновола, Лукьяновка",,Шевченківський,"Київ, Шевченківський - Сьогодні о 14:41"
olx,https://www.olx.ua/d/uk/obyavlenie/dorogozhich-12-hv-bakinska-37b-orenda-odnokmnatno-ID10zpJo.html?search_reason=search%7Corganic,7 500 грн.,"Дорогожичі-12 хв, Бакинська 37б, оренда однокімнатної.",,Шевченківський,"Київ, Шевченківський - Сьогодні о 12:07"
olx,https://www.olx.ua/d/uk/obyavlenie/dovgostrokova-orenda-kvartiri-vd-vasnika-v-kiv-zhk-malaht-ID10tJg1.html?search_reason=search%7Corganic,55 366.35 грн.,Довгострокова оренда квартири від ВАСНИКА  в Києві ЖК Малахіт,,Солом'янський,"Київ, Солом'янський - Сьогодні о 15:07"
olx,https://www.olx.ua/d/uk/obyavlenie/zdam-v-dovgostorokovu-orendu-3-kmnatnu-kvartiru-na-dlovy-2-b-ID10zGYx.html?search_reason=search%7Corganic,44 293.08 грн.Договірна,"Здам в довгосторокову оренду 3 кімнатну квартиру на Діловій, 2-Б",,Подільський,"Київ, Подільський - Сьогодні о 16:13"
olx,https://www.olx.ua/d/uk/obyavlenie/orenda-70kv-vgena-sverstyuka-zhk-galaktika-lvoberezhna-rusanvka-ID10xzqw.html?search_reason=search%7Corganic,24 500 грн.,Оренда 70кв Євгена Сверстюка жк Галактика Лівобережна Русанівка,,Дніпровський,"Київ, Дніпровський - Сьогодні о 16:39"
olx,https://www.olx.ua/d/uk/obyavlenie/vd-vlasnika-zdam-1-k-kvartiru-bez-koms-kiv-metro-darnitsya-IDYKCPP.html?search_reason=search%7Cpromoted,17 500 грн.,"Від власника! Здам 1-к квартиру , без комісії. Київ, метро Дарниця",,Дніпровський,"Київ, Дніпровський - 29 травня 2026 р."
olx,https://www.olx.ua/d/uk/obyavlenie/zhk-novopecherska-vezha-pecherskiy-rayon-metro-vidubich-zvrinetska-studya-nvertor-generator-plzemniy-parkng-ukrittya-novopecherski-lipki-verhoglyada-ID10zCPz.html?search_reason=search%7Cpromoted,26 575.85 грн.,ЖК Новопечерська Вежа Печерський район метро Видубичі Звіринецька студія інвертор генератор пілземний паркінг укриття Новопечерськи Липки Верхогляда,,Печерський,"Київ, Печерський - Сьогодні о 06:03"
olx,https://www.olx.ua/d/uk/obyavlenie/orenda-4k-kvartiri-zhk-novopechersk-lipki-pechersk-IDXQEXQ.html?search_reason=search%7Cpromoted,119 148.38 грн.Договірна,Оренда 4К Квартири ЖК Новопечерські Липки Печерськ,,Печерський,"Київ, Печерський - 27 травня 2026 р."
olx,https://www.olx.ua/d/uk/obyavlenie/kvartira-v-novobudov-prospekt-nauki-ID10uKsx.html?search_reason=search%7Corganic,13 000 грн.,"Квартира в новобудові, проспект Науки",,Голосіївський,"Київ, Голосіївський - Сьогодні о 08:28"
olx,https://www.olx.ua/d/uk/obyavlenie/orenda-kvartiri-41m2-2-okrem-kmnati-kuhnya-studya-zhk-komfort-taun-regeneratorna-4-korp-3-ID10yqPp.html?search_reason=search%7Corganic,27 119.82 грн.,"Оренда квартири 41м2 (2 окремі кімнати + кухня-студія) ЖК Комфорт Таун, Регенераторна 4/корп. 3",41м2,Дніпровський,"Київ, Дніпровський - Сьогодні о 15:35"
olx,https://www.olx.ua/d/uk/obyavlenie/orenda-kvartiri-zhk-nova-anglya-zhk-novaya-angliya-metro-vasilkvska-golosvskiy-rayon-ID10wyCK.html?search_reason=search%7Corganic,20 999 грн.,Оренда квартири ЖК Нова Англія ЖК Новая Англия метро Васильківська Голосіївський район,,Голосіївський,"Київ, Голосіївський - Сьогодні о 12:36"
olx,https://www.olx.ua/d/uk/obyavlenie/supervidova-stilna-2-kmnatna-kvartira-v-zhk-kardinal-pechersk-m-palats-ukrana-ID10wAz3.html?search_reason=search%7Corganic,39 863.77 грн.,Супервидова стильна 2-кімнатна квартира в ЖК «Кардинал» • Печерськ • м. Палац Україна,,Печерський,"Київ, Печерський - Сьогодні о 13:50"
olx,https://www.olx.ua/d/uk/obyavlenie/orenda-kvaritri-dovgostrokovo-ID10xfqR.html?search_reason=search%7Corganic,17 000 грн.,Оренда кваритри довгостроково,,Шевченківський,"Київ, Шевченківський - Сьогодні о 08:58"
olx,https://www.olx.ua/d/uk/obyavlenie/persha-zdacha-2k-kvartira-62-m-zhk-dbrova-park-bez-koms-vlasnik-ID10jUc2.html?search_reason=search%7Corganic,33 000 грн.,Перша здача! 2к квартира 62 м² ЖК Діброва Парк | без комісії | власник,62 м²,Подільський,"Київ, Подільський - Сьогодні о 07:03"
olx,https://www.olx.ua/d/uk/obyavlenie/zdam-3-h-km-kvartiru-prospekt-obolonskiy-bez-koms-ID10yWXv.html?search_reason=search%7Corganic,27 000 грн.,Здам 3-х кім. квартиру Проспект Оболонський. БЕЗ КОМІСІЇ,,Оболонський,"Київ, Оболонський - Сьогодні о 10:48"
olx,https://www.olx.ua/d/uk/obyavlenie/orenda-2-kmnatna-osokorki-poznyaki-patrotika-chavdar-ID10zEiV.html?search_reason=search%7Corganic,28 000 грн.,Оренда 2 кімнатна  Осокорки Позняки Патріотика Чавдар,,Дарницький,"Київ, Дарницький - Сьогодні о 14:32"
olx,https://www.olx.ua/d/uk/obyavlenie/sdam-1-komnatnuyu-kvartiru-metro-zhitomirskaya-ID10Apjk.html?search_reason=search%7Corganic,8 000 грн.,"Сдам 1 комнатную квартиру метро ""Житомирская""",,Святошинський,"Київ, Святошинський - Сьогодні о 13:29"
olx,https://www.olx.ua/d/uk/obyavlenie/orenda-2k-kvartiri-zhk-obolonsky-obolonskiy-prospekt-kiv-ID10ztH4.html?search_reason=search%7Corganic,34 000 грн.,"Оренда 2к квартири, ЖК ObolonSky, Оболонський проспект, Київ",,Оболонський,"Київ, Оболонський - Сьогодні о 08:52"
olx,https://www.olx.ua/d/uk/obyavlenie/zdam-bez-poserednikv-1km-kv-vrodvushku-m-akademmstechko-3hv-pshki-ID10z2CW.html?search_reason=search%7Cpromoted,22 000 грн.,Здам без посередників 1кім.кв.євродвушку м.Академмістечко 3хв.пішки,,Святошинський,"Київ, Святошинський - 30 травня 2026 р."
olx,https://www.olx.ua/d/uk/obyavlenie/sdam-1k-kvartiru-bez-komissii-i-zaloga-peredovaya-33v-IDXb4tM.html?search_reason=search%7Cpromoted,12 000 грн.,Сдам 1к квартиру. Без комиссии и залога. Передовая 33в,,Голосіївський,"Київ, Голосіївський - Сьогодні о 07:15"
olx,https://www.olx.ua/d/uk/obyavlenie/zdam-4-kmnatnu-kvartiru-zhk-frantsuzkiy-kvartal-om-IDZZ0OQ.html?search_reason=search%7Cpromoted,177 172.31 грн.,Здам 4 кімнатну квартиру ЖК Французький квартал OM,,Печерський,"Київ, Печерський - 30 травня 2026 р."
olx,https://www.olx.ua/d/uk/obyavlenie/zdam-3-k-kvartiru-zhk-demvka-golosvskiy-park-avenyu-metro-goloseevskaya-i-demeevskaya-ID10wrym.html?search_reason=search%7Corganic,39 863.77 грн.,"Здам 3-к квартиру ЖК Деміївка Голосіївський Парк Авеню, метро Голосеевская и Демеевская",,Голосіївський,"Київ, Голосіївський - Сьогодні о 08:34"
olx,https://www.olx.ua/d/uk/obyavlenie/orenda-mnmalstichno-1-km-kvartiri-z-vdkritim-balkonom-v-suchasnomu-zhk-respublka-ID10uBsA.html?search_reason=search%7Corganic,25 000 грн.,Оренда мінімалістичної 1-кім. квартири з відкритим балконом в сучасному ЖК Республіка,,Голосіївський,"Київ, Голосіївський - Сьогодні о 12:47"
olx,https://www.olx.ua/d/uk/obyavlenie/stilna-ta-komfortna-2-kmnatna-kvartira-v-suchasnomu-zhk-yaskraviy-ID10sLxp.html?search_reason=search%7Corganic,25 000 грн.,Стильна та комфортна 2-кімнатна квартира в сучасному ЖК «ЯСКРАВИЙ»,,Оболонський,"Київ, Оболонський - Сьогодні о 15:22"
olx,https://www.olx.ua/d/uk/obyavlenie/arenda-kvartir-i-zhk-parklend-ID10vlSJ.html?search_reason=search%7Corganic,44 293.08 грн.,Аренда квартир и ЖК Паркленд,,Голосіївський,"Київ, Голосіївський - 30 травня 2026 р."
olx,https://www.olx.ua/d/uk/obyavlenie/sdam-1k-shevchenkvskiy-r-n-m-dorogozhich-vul-telgi-57-ID10wia5.html?search_reason=search%7Corganic,9 000 грн.,Сдам 1к Шевченківський р-н м Дорогожичі вул Теліги 57,,Шевченківський,"Київ, Шевченківський - Сьогодні о 14:46"
olx,https://www.olx.ua/d/uk/obyavlenie/orenda-kvartiri-uno-st-hauz-dorogozhich-ID10wNWe.html?search_reason=search%7Corganic,33 000 грн.,Оренда квартири Уно Сіті Хауз Дорогожичі,,Шевченківський,"Київ, Шевченківський - Сьогодні о 12:23"
olx,https://www.olx.ua/d/uk/obyavlenie/zhk-yaskraviy-kvartira-orenda-65m2-kulzhenkv-35-ID10xec6.html?search_reason=search%7Corganic,24 000 грн.,ЖК Яскравий квартира оренда 65м2 Кульженків 35,65м2,Оболонський,"Київ, Оболонський - Сьогодні о 13:27"
olx,https://www.olx.ua/d/uk/obyavlenie/orenda-2k-kvartiri-zhk-parkove-msto-kiv-bez-ID10AqwH.html?search_reason=search%7Corganic,42 000 грн.,"Оренда 2к квартири ЖК Паркове місто, Київ, без %",,Подільський,"Київ, Подільський - Сьогодні о 14:18"
olx,https://www.olx.ua/d/uk/obyavlenie/sdam-2-h-komnatnuyu-kvartiru-vozle-raduzhnogo-ozera-hozyain-ID10zFW2.html?search_reason=search%7Corganic,9 000 грн.,"Сдам 2-х комнатную квартиру возле Радужного озера, хозяин",,Дніпровський,"Київ, Дніпровський - Сьогодні о 15:30"
olx,https://www.olx.ua/d/uk/obyavlenie/sdam-svoyu-1k-kvartiru-zhk-slavutich-ID10zFqk.html?search_reason=search%7Corganic,30 000 грн.Договірна,Сдам свою 1к квартиру ЖК Славутич,,Дарницький,"Київ, Дарницький - Сьогодні о 15:14"
olx,https://www.olx.ua/d/uk/obyavlenie/stilna-studya-na-chavdar-13-metro-osokorki-ta-poznyaki-10-hvilin-generator-ID10zGEZ.html?search_reason=search%7Cpromoted,15 000 грн.,Стильна студія на Чавдар 13 - метро Осокорки та Позняки 10 хвилин - генератор,,Дарницький,"Київ, Дарницький - Сьогодні о 16:00"
olx,https://www.olx.ua/d/uk/obyavlenie/bez-koms-dizaynerska-3k-zhk-libd-persha-zdacha-golosvskiy-rayon-ID10ppyH.html?search_reason=search%7Cpromoted,53 151.69 грн.,БЕЗ КОМІСІЇ! Дизайнерська 3к ЖК Либідь|Перша здача|Голосіївський район,,Голосіївський,"Київ, Голосіївський - 29 травня 2026 р."
olx,https://www.olx.ua/d/uk/obyavlenie/arenda-kvartiri-ID10gfqG.html?search_reason=search%7Cpromoted,30 000 грн.,Аренда квартири!,,Шевченківський,"Київ, Шевченківський - Сьогодні о 08:57"
olx,https://www.olx.ua/d/uk/obyavlenie/orenda-2k-kvartira-podl-metro-kontraktova-ploscha-ID10wdl5.html?search_reason=search%7Corganic,30 000 грн.,"Оренда 2к квартира  Поділ, метро Контрактова площа",,Подільський,"Київ, Подільський - Сьогодні о 12:23"
olx,https://www.olx.ua/d/uk/obyavlenie/komfort-taun-berezneva-16-3-pov-stilna-1-kmnatna-ID10yIG6.html?search_reason=search%7Corganic,15 000 грн.,"Комфорт таун, Березнева 16, 3 пов, стильна 1 кімнатна",,Дніпровський,"Київ, Дніпровський - Сьогодні о 12:27"
olx,https://www.olx.ua/d/uk/obyavlenie/zdam-kvartiru-zhk-nauki-58-ID10qSMt.html?search_reason=search%7Corganic,24 000 грн.Договірна,Здам квартиру ЖК Науки 58,,Голосіївський,"Київ, Голосіївський - Сьогодні о 15:19"
olx,https://www.olx.ua/d/uk/obyavlenie/sdam1kom-kvartiru-metro-borispolskaya-harkovskaya-blizhayshee-15minut-na-marshrutke-hozyain-ID10vvjt.html?search_reason=search%7Corganic,7 500 грн.,Сдам1ком квартиру метро бориспольская харьковская ближайшее 15минут на маршрутке  хозяин,,Дарницький,"Київ, Дарницький - 30 травня 2026 р."
olx,https://www.olx.ua/d/uk/obyavlenie/orenda-2knovobudovapr-vropeyskogo-soyuzu-ID10utZl.html?search_reason=search%7Corganic,18 000 грн.,Оренда 2к(новобудова)пр.Європейського Союзу,,Подільський,"Київ, Подільський - Сьогодні о 12:02"
olx,https://www.olx.ua/d/uk/obyavlenie/rozkshna-kvartira-z-vlasnoyu-terasoyu-ta-parknogom-u-tsentr-persha-zdacha-ID10tV70.html?search_reason=search%7Corganic,135 000 грн.,Розкішна квартира з власною терасою та паркіногом у Центрі. Перша здача,,Шевченківський,"Київ, Шевченківський - Сьогодні о 14:35"
olx,https://www.olx.ua/d/uk/obyavlenie/orenda-2k-kvartiri-v-tsentr-kiva-ID10yqx5.html?search_reason=search%7Corganic,20 000 грн.,Оренда 2к квартири в центрі Києва,,Печерський,"Київ, Печерський - Сьогодні о 15:26"
olx,https://www.olx.ua/d/uk/obyavlenie/3-km-urlvska-36-persha-zdacha-orenda-kvartirr-metro-poznyaki-darnitskiy-rayon-ID10x7sY.html?search_reason=search%7Corganic,30 000 грн.,3 кім Урлівська 36 перша здача оренда квартирр метро Позняки Дарницький район,,Дарницький,"Київ, Дарницький - Сьогодні о 07:33"
olx,https://www.olx.ua/d/uk/obyavlenie/zdacha-1-kmnatno-stud-ID10ydxT.html?search_reason=search%7Corganic,14 500 грн.,Здача 1 кімнатноі студіі,,Солом'янський,"Київ, Солом'янський - Сьогодні о 15:04"
olx,https://www.olx.ua/d/uk/obyavlenie/vd-vlasnika-orenda-1-kmnatno-kvartiri-10-hv-pshki-do-m-akademmstechko-ID10yGAc.html?search_reason=search%7Corganic,16 000 грн.,ВІД ВЛАСНИКА оренда 1 кімнатної квартири 10 хв пішки до м. Академмістечко,,Святошинський,"Київ, Святошинський - Сьогодні о 14:03"
olx,https://www.olx.ua/d/uk/obyavlenie/zdatsya-1-kmnatna-kvartira-varshavskiy-plyus-ukrittya-generator-u-budinku-ID10zutq.html?search_reason=search%7Cpromoted,25 000 грн.,"Здається 1-кімнатна квартира Варшавський Плюс , укриття, генератор у будинку",,Подільський,"Київ, Подільський - Сьогодні о 09:41"
olx,https://www.olx.ua/d/uk/obyavlenie/zdam-v-orendu-1-kmnatnu-kvartiru-zhk-msto-kvtv-ID10AN1q.html?search_reason=search%7Cpromoted,21 000 грн.,Здам в оренду 1 кімнатну квартиру ЖК «Місто квітів»,,Подільський,"Київ, Подільський - 30 травня 2026 р."
olx,https://www.olx.ua/d/uk/obyavlenie/zdatsya-zatishna-1-kmnatna-kvartira-na-obolon-IDZM4FA.html?search_reason=search%7Cpromoted,14 500 грн.,Здається затишна 1 кімнатна квартира на Оболоні,,Оболонський,"Київ, Оболонський - 30 травня 2026 р."
olx,https://www.olx.ua/d/uk/obyavlenie/zdatsya-2-na-kvartira-obolonskiy-r-n-vul-ozerna-metro-10-hvilin-ID10wFxS.html?search_reason=search%7Corganic,22 000 грн.,"Здається 2-на квартира, Оболонський р-н, вул. Озерна метро 10 хвилин",,Оболонський,"Київ, Оболонський - Сьогодні о 16:49"
olx,https://www.olx.ua/d/uk/obyavlenie/akademmstechko-novoblich-orenda-1-kmnatna-vul-olevska-5-ID10vNcp.html?search_reason=search%7Corganic,14 500 грн.,"Академмістечко Новобіличі Оренда 1-кімнатна вул. Олевська,5",,Святошинський,"Київ, Святошинський - Сьогодні о 14:37"
olx,https://www.olx.ua/d/uk/obyavlenie/zhk-52-perlina-pechersk-plaza-vul-m-boychuka-19a-1-k-kv-ID10t1MP.html?search_reason=search%7Corganic,40 000 грн.,"ЖК ""52 Перлина"" Pechersk Plaza  вул. М. Бойчука 19А, 1 к.кв.",,Печерський,"Київ, Печерський - Сьогодні о 10:26"
olx,https://www.olx.ua/d/uk/obyavlenie/pechersk-b-r-l-ukranki-ID10tAwB.html?search_reason=search%7Corganic,30 000 грн.,"Печерськ, б-р Л. Українки.",,Печерський,"Київ, Печерський - 30 травня 2026 р."
olx,https://www.olx.ua/d/uk/obyavlenie/1k-nova-darnitsya-sevastopolska-19-dlya-odn-lyudini-ID10uFw5.html?search_reason=search%7Corganic,8 000 грн.,1к Нова Дарниця Севастопольська 19 для  однієї людини,,Дарницький,"Київ, Дарницький - Сьогодні о 08:14"
olx,https://www.olx.ua/d/uk/obyavlenie/orenda-1-kmnatno-kvartiri-p-t-akademka-glushkova-9d-metro-podrom-teremki-studya-generator-na-vse-ID10ztrX.html?search_reason=search%7Corganic,15 000 грн.,"Оренда 1 кімнатної квартири п-т. Академіка Глушкова 9Д метро Іподром, Теремки, студія, генератор на все",,Голосіївський,"Київ, Голосіївський - Сьогодні о 15:57"
olx,https://www.olx.ua/d/uk/obyavlenie/orenda-2k-dragomanova-2-ID10sBec.html?search_reason=search%7Corganic,22 000 грн.,"Оренда 2к, Драгоманова 2",,Дарницький,"Київ, Дарницький - Сьогодні о 13:13"
olx,https://www.olx.ua/d/uk/obyavlenie/dovgostrokova-orenda-1k-kvartiri-v-zhk-avtograf-vd-vlasnika-ID10vYkl.html?search_reason=search%7Corganic,25 000 грн.,Довгострокова оренда 1к-квартири в ЖК Автограф від власника,,Дніпровський,"Київ, Дніпровський - Сьогодні о 09:25"
olx,https://www.olx.ua/d/uk/obyavlenie/orenda-odnokmnatno-darnitsya-vul-budvelnikv-ID10wRcR.html?search_reason=search%7Corganic,13 500 грн.,Оренда однокімнатної . Дарниця.Вул. Будівельників.,,Дніпровський,"Київ, Дніпровський - Сьогодні о 11:06"
olx,https://www.olx.ua/d/uk/obyavlenie/orenda-kvartira-3k-srbnoklska-14-ID10z7T2.html?search_reason=search%7Corganic,26 000 грн.,Оренда квартира 3к Срібнокільська 14,,Дарницький,"Київ, Дарницький - Сьогодні о 14:52"
olx,https://www.olx.ua/d/uk/obyavlenie/orenda-2h-kmnatno-kvartiri-m-kp-IDY9QC1.html?search_reason=search%7Cpromoted,44 293.08 грн.,"Оренда 2х кімнатної квартири, м. КПІ",,Шевченківський,"Київ, Шевченківський - 11 травня 2026 р."
olx,https://www.olx.ua/d/uk/obyavlenie/3-kmnatna-kvartira-u-tsentr-pecherskiy-rayon-bulvar-les-ukranki-ID10tNTv.html?search_reason=search%7Cpromoted,62 010.31 грн.,"3 кімнатна квартира у центрі. Печерський район, бульвар Лесі Українки",,Печерський,"Київ, Печерський - 30 травня 2026 р."
olx,https://www.olx.ua/d/uk/obyavlenie/orenda-4k-kvartira-169m2-vul-staronavodnitska-pechersk-kiv-ID10qvRU.html?search_reason=search%7Cpromoted,57 581 грн.,"Оренда / 4к Квартира / 169м2 / вул. Старонаводницька, Печерськ, Київ",169м2,Печерський,"Київ, Печерський - 30 травня 2026 р."
olx,https://www.olx.ua/d/uk/obyavlenie/zdam-dizaynersku-1-k-zhk-new-york-antonovicha-74-pecherskiy-ID10wrJM.html?search_reason=search%7Corganic,53 151.69 грн.,Здам дизайнерську 1-к ЖК New York Антоновича 74 Печерський,,Голосіївський,"Київ, Голосіївський - Сьогодні о 08:41"
olx,https://www.olx.ua/d/uk/obyavlenie/persha-zdacha-demvska-komyunt-noviy-budinok-venti-ID10hO5A.html?search_reason=search%7Corganic,22 500 грн.,Перша здача/Деміївська/Комʼюніті/Новий будинок/Івенти,,Голосіївський,"Київ, Голосіївський - Сьогодні о 11:56"
olx,https://www.olx.ua/d/uk/obyavlenie/stilna-studya-na-chavdar-13-metro-osokorki-ta-poznyaki-10-hvilin-generator-ID10zGEZ.html?search_reason=search%7Corganic,15 000 грн.,Стильна студія на Чавдар 13 - метро Осокорки та Позняки 10 хвилин - генератор,,Дарницький,"Київ, Дарницький - Сьогодні о 16:00"
olx,https://www.olx.ua/d/uk/obyavlenie/zdam-1-kmnatnu-kvartiru-na-troschin-gaz-konditsoner-bez-zaloga-ID10yfGy.html?search_reason=search%7Corganic,7 800 грн.,"Здам 1 кімнатну квартиру на Троєщині ,газ, кондиціонер, без залога !",,Деснянський,"Київ, Деснянський - Сьогодні о 03:32"
olx,https://www.olx.ua/d/uk/obyavlenie/orenda-1k-kvartiri-zhk-nova-anglya-ID10wflt.html?search_reason=search%7Corganic,30 000 грн.,Оренда 1к квартири ЖК Нова Англія,,Голосіївський,"Київ, Голосіївський - Сьогодні о 10:09"
olx,https://www.olx.ua/d/uk/obyavlenie/orenda-dvokmnatno-kvartiri-na-pechersku-vd-vlasnika-ID10yF16.html?search_reason=search%7Corganic,39 000 грн.Договірна,Оренда двокімнатної квартири на Печерську від власника,,Печерський,"Київ, Печерський - Сьогодні о 16:44"
olx,https://www.olx.ua/d/uk/obyavlenie/orenda-funktsonalno-kvartiri-z-2-spalnyami-56m2-v-suchasnomu-zhk-fayna-taun-ID10r5sW.html?search_reason=search%7Corganic,39 863.77 грн.,"Оренда функціональної квартири з 2 спальнями, 56м2 в сучасному ЖК Файна Таун",56м2,Шевченківський,"Київ, Шевченківський - Сьогодні о 12:50"
olx,https://www.olx.ua/d/uk/obyavlenie/orenda-2k-kvartiri-poznyaki-ID10sGVp.html?search_reason=search%7Corganic,18 000 грн.,"Оренда 2к квартири, Позняки",,Дарницький,"Київ, Дарницький - Сьогодні о 11:55"
olx,https://www.olx.ua/d/uk/obyavlenie/dovgostrokova-orenda-1k-kvartiri-zhk-fayna-taun-ID10v4pV.html?search_reason=search%7Corganic,30 000 грн.,Довгострокова оренда 1к квартири ЖК Файна Таун,,Подільський,"Київ, Подільський - Сьогодні о 11:10"
olx,https://www.olx.ua/d/uk/obyavlenie/bul-m-mhnovskogo-druzhbi-narodv-8a-ID10wgWp.html?search_reason=search%7Corganic,18 000 грн.,Бул. М. Міхновського ( Дружби Народів) 8а,,Печерський,"Київ, Печерський - Сьогодні о 10:19"
olx,https://www.olx.ua/d/uk/obyavlenie/zdatsya-1-km-kvartira-vul-zabolotnogo-ID10sXtL.html?search_reason=search%7Cpromoted,15 000 грн.,Здається 1-кім квартира вул.Заболотного,,Голосіївський,"Київ, Голосіївський - 30 травня 2026 р."
olx,https://www.olx.ua/d/uk/obyavlenie/ne-vimikayut-svtlo-persha-orenda-kvartiri-v-zhk-golosvskiy-IDZb5MF.html?search_reason=search%7Cpromoted,28 790.50 грн.,Не вимикають свтло .Перша оренда квартири в Жк Голосіївський,,Голосіївський,"Київ, Голосіївський - Сьогодні о 08:02"
olx,https://www.olx.ua/d/uk/obyavlenie/zdam-chudovu-odnokmnatnu-v-novomu-budinku-blya-metro-lvoberezhna-IDZBhnA.html?search_reason=search%7Cpromoted,17 000 грн.,Здам чудову однокімнатну в новому будинку біля  метро Лівобережна,,Дніпровський,"Київ, Дніпровський - Сьогодні о 12:46"
olx,https://www.olx.ua/d/uk/obyavlenie/stilna-1-kmnatna-kvartira-v-zhk-unit-home-ID10yP56.html?search_reason=search%7Corganic,42 000 грн.,Стильна 1-кімнатна квартира в ЖК Unit Home,,Шевченківський,"Київ, Шевченківський - Сьогодні о 15:07"
olx,https://www.olx.ua/d/uk/obyavlenie/zdatsya-vidova-ta-prostora-kvartira-154m-lvvska-22-ID10yEpW.html?search_reason=search%7Corganic,38 500 грн.,Здається Видова та Простора квартира 154м Львівська 22,,Святошинський,"Київ, Святошинський - Сьогодні о 09:22"
olx,https://www.olx.ua/d/uk/obyavlenie/kvartira-trikmnatna-verbitskogo-11-ID10qJ5X.html?search_reason=search%7Corganic,17 000 грн.,"Квартира трикімнатна Вербицького,  11",,Дарницький,"Київ, Дарницький - Сьогодні о 07:44"
olx,https://www.olx.ua/d/uk/obyavlenie/sdaetsya-odnokomnatnaya-kvartira-v-zhk-status-grad-ul-zavalnaya-10v-ID10ul00.html?search_reason=search%7Corganic,19 000 грн.,Сдается однокомнатная квартира в ЖК «Статус град» ( ул. Завальная 10В).,,Дарницький,"Київ, Дарницький - Сьогодні о 14:19"
olx,https://www.olx.ua/d/uk/obyavlenie/orenda-smart-kvartiri-pechersk-kiv-ID10yM5O.html?search_reason=search%7Corganic,16 000 грн.,Оренда  смарт квартири. Печерськ.Київ.,,Солом'янський,"Київ, Солом'янський - Сьогодні о 13:23"
olx,https://www.olx.ua/d/uk/obyavlenie/persha-zdacha-novo-suchasno-kvartiri-v-zhk-great-bez-koms-ID10w4Kh.html?search_reason=search%7Corganic,32 000 грн.,Перша здача нової сучасної квартири в ЖК Great. Без комісії,,Дарницький,"Київ, Дарницький - Сьогодні о 10:04"
olx,https://www.olx.ua/d/uk/obyavlenie/zhk-victory-v-shevchenkvskiy-tsentr-prospekt-beresteyskiy-peremogi-5v-ID10vrla.html?search_reason=search%7Corganic,39 863.77 грн.,"ЖК Victory V, Шевченківський центр проспект Берестейський (Перемоги), 5в",,Шевченківський,"Київ, Шевченківський - Сьогодні о 10:46"
olx,https://www.olx.ua/d/uk/obyavlenie/metro-dorogozhich-15-hv-pshki-zhk-naukoviy-petropavlvska-40-generator-na-budinok-vlasna-kotlna-avtorskiy-dizayn-ID10zpe4.html?search_reason=search%7Corganic,16 500 грн.,"Метро Дорогожичі 15 хв пішки, ЖК Науковий,Петропавлівська 40. Генератор на будинок. Власна котєльна. Авторський дизайн",,Подільський,"Київ, Подільський - Сьогодні о 14:20"
olx,https://www.olx.ua/d/uk/obyavlenie/zdatsya-tri-kmnatna-kvartira-po-adres-prospekt-chervono-kalini-8-ID10sPnJ.html?search_reason=search%7Corganic,15 000 грн.,Здається три кімнатна квартира по адресі проспект Червоної Калини 8,,Деснянський,"Київ, Деснянський - Сьогодні о 16:52"
olx,https://www.olx.ua/d/uk/obyavlenie/persha-zdacha-pslya-remontu-podl-2-hv-metro-vlasnik-bez-koms-ID10AiD4.html?search_reason=search%7Corganic,24 361.19 грн.,Перша здача після ремонту | Поділ | 2 хв метро | Власник | Без комісії,,Шевченківський,"Київ, Шевченківський - Сьогодні о 09:20"
olx,https://www.olx.ua/d/uk/obyavlenie/taun-haus-3-kmnatniy-svtlo-24-7-ID10x7jF.html?search_reason=search%7Cpromoted,"26 500 грн..css-o2j8v0{color:var(--colorsForegroundSecondary);font-weight:var(--fontWeightRegular);width:100%;text-align:right;}.css-rbevy1{font-size:var(
        --fontSizeBodyExtraSmall,
        12px
    );line-height:var(
        --lineHeightRegular,
        16px
    );color:var(--colorsForegroundSecondary);font-weight:var(--fontWeightRegular);width:100%;text-align:right;}.css-zf56ej{color:var(
        --colorsForegroundPrimary,
        #02282C
    );font-family:var(--fontFamilyPrimary, Geomanist, sans-serif);font-weight:700;-webkit-text-decoration:none;text-decoration:none;font-size:var(
        --fontSizeBodyExtraSmall,
        12px
    );line-height:var(
        --lineHeightRegular,
        16px
    );color:var(--colorsForegroundSecondary);font-weight:var(--fontWeightRegular);width:100%;text-align:right;}",Таун Хаус  3-кімнатний Світло 24/7,,Голосіївський,"Київ, Голосіївський - 30 травня 2026 р."
olx,https://www.olx.ua/d/uk/obyavlenie/dvokmnatna-kvartira-metro-beresteyska-5-hv-pshki-beresteyskiy-pr-remont-mebl-tehnka-ID10iGdX.html?search_reason=search%7Cpromoted,18 400 грн.,"Двокімнатна квартира. Метро Берестейська 5 хв. пішки, Берестейський пр, ремонт меблі техніка.",,Шевченківський,"Київ, Шевченківський - 29 травня 2026 р."
olx,https://www.olx.ua/d/uk/obyavlenie/orenda-kvartiri-zhk-parkov-ozera-2-43-kv-m-bez-tvarin-ID10zWJN.html?search_reason=search%7Cpromoted,21 000 грн.,"оренда квартири ЖК Паркові Озера 2, 43 кв.м., без тварин",43 кв.м,Дніпровський,"Київ, Дніпровський - 30 травня 2026 р."
olx,https://www.olx.ua/d/uk/obyavlenie/orenda-1-kmn-pechersk-metro-zvrinetska-ID10zs2m.html?search_reason=search%7Corganic,12 000 грн.Договірна,"Оренда 1-кімн., Печерськ,  метро Звіринецька .",,Печерський,"Київ, Печерський - Сьогодні о 09:14"
olx,https://www.olx.ua/d/uk/obyavlenie/25-persha-zdacha-2-km-kv-pr-beresteyskiy-11-zhk-manhetten-ID10qBbb.html?search_reason=search%7Corganic,33 219.81 грн.,25%перша здача 2 кім кв. пр. Берестейський 11 ЖК Манхеттен,,Шевченківський,"Київ, Шевченківський - Сьогодні о 08:10"
olx,https://www.olx.ua/d/uk/obyavlenie/persha-zdacha-bez-koms-1-k-kv-vrodvushka-navgator-2-bez-koms-ID10vqjU.html?search_reason=search%7Corganic,23 000 грн.,"Перша здача! Без комісії! 1-к кв. Євродвушка. Навігатор-2, Без комісії",,Оболонський,"Київ, Оболонський - Сьогодні о 09:52"
olx,https://www.olx.ua/d/uk/obyavlenie/sdam-1k-podlskiy-r-n-vul-petropavlvska-bud-11-ID10xIzZ.html?search_reason=search%7Corganic,11 000 грн.,Сдам 1к Подільський р-н вул Петропавлівська буд 11,,Подільський,"Київ, Подільський - Сьогодні о 13:25"
olx,https://www.olx.ua/d/uk/obyavlenie/novaya-dizaynerskaya-3-komnatnaya-kvartira-v-zhk-komfort-taun-ID10vYcc.html?search_reason=search%7Corganic,43 000 грн.,Новая дизайнерская 3-комнатная квартира в ЖК Комфорт таун,,Дніпровський,"Київ, Дніпровський - Сьогодні о 06:49"
olx,https://www.olx.ua/d/uk/obyavlenie/orenda-1-k-zhk-respublka-ID10yva8.html?search_reason=search%7Corganic,39 863.77 грн.,"Оренда 1-к, жк Республіка",,Голосіївський,"Київ, Голосіївський - 30 травня 2026 р."
olx,https://www.olx.ua/d/uk/obyavlenie/ogoloshennya-pro-zdachu-kvartiri-po-vulits-polska-darnitskiy-rayon-ID10zu19.html?search_reason=search%7Corganic,9 000 грн.,Оголошення про здачу квартири по вулиці Поліська (Дарницький район),,Дарницький,"Київ, Дарницький - Сьогодні о 16:33"
olx,https://www.olx.ua/d/uk/obyavlenie/orenda-dvorvnevo-kvartiri-stud-z-parkomstsem-zaryadkoyu-dlya-elektromoblya-bortnich-bez-koms-12-000-grn-ms-ID10Ajtn.html?search_reason=search%7Corganic,12 000 грн.,"Оренда дворівневої квартири-студії з паркомісцем і зарядкою для електромобіля, Бортничі, без комісії — 12 000 грн/міс",,Дарницький,"Київ, Дарницький - Сьогодні о 09:52"
olx,https://www.olx.ua/d/uk/obyavlenie/bez-orenda-vip-5-kmn-kvartiri-vul-zvrinetska-59-zhk-trumf-ID10vg8P.html?search_reason=search%7Corganic,146 167.16 грн.Договірна,Без % Оренда vip 5-кімн квартири вул Звіринецька 59 ЖК Тріумф,,Печерський,"Київ, Печерський - Сьогодні о 12:44"
olx,https://www.olx.ua/d/uk/obyavlenie/orenda-bez-koms-zdam-2k-kvartiru-troschina-chervono-kalini-81-gazova-plita-8-poverh-ID10iYj7.html?search_reason=search%7Corganic,10 000 грн.,"Оренда БЕЗ КОМІСІЇ. Здам 2к квартиру Троєщина, Червоної Калини 81. Газова плита, 8 поверх",,Деснянський,"Київ, Деснянський - Сьогодні о 10:16"
olx,https://www.olx.ua/d/uk/obyavlenie/bez-1k-rozdlna-zhk-frantsuzkiy-kvartal-2-vul-predslavinska-42-generator-na-lft-ID10jotO.html?search_reason=search%7Cpromoted,37 649.12 грн.,БЕЗ % 1к Роздільна| ЖК Французький квартал 2| вул. Предславинська 42| ГЕНЕРАТОР на ліфт є,,Печерський,"Київ, Печерський - Сьогодні о 06:12"
olx,https://www.olx.ua/d/uk/obyavlenie/english-orenda-3h-kmnatno-kvartiri-91m2-klubniy-budinok-zhk-exon-zeleniy-zamok-vulitsya-olegvska-3-podl-shevchenkvskiy-rayon-tsentr-msta-kiv-ID10oLY8.html?search_reason=search%7Cpromoted,57 581 грн.Договірна,ENGLISH Оренда 3х кімнатної квартири 91м2 Клубний будинок ЖК «Exon / Зелений Замок» вулиця Олегівська 3 / Поділ Шевченківський район центр міста Київ,91м2,Шевченківський,"Київ, Шевченківський - Сьогодні о 09:16"
olx,https://www.olx.ua/d/uk/obyavlenie/gonchara-tsentr-100-m-velika-zhitomirska-peyzazhna-aleya-kamn-dzhakuz-mebl-zakritiy-dvr-parkovka-dealno-dlya-sm-z-puhnastikami-ID10qDBE.html?search_reason=search%7Corganic,66 439.62 грн.,"Гончара центр 100 м² Велика Житомирська Пейзажна Алея камін, джакузі, меблі, закритий двір, парковка, ідеально для сім’ї з пухнастиками",100 м²,Шевченківський,"Київ, Шевченківський - Сьогодні о 07:08"
olx,https://www.olx.ua/d/uk/obyavlenie/orenda-na-maydan-nezalezhnost-1-hvilina-pshki-ID10syzi.html?search_reason=search%7Corganic,44 293.08 грн.,Оренда на Майдані Незалежності- 1 хвилина пішки,,Печерський,"Київ, Печерський - Сьогодні о 11:57"
olx,https://www.olx.ua/d/uk/obyavlenie/nizkiy-etazh-arenda-3-komnatnoy-dizaynerskoy-kvartiry-v-zhk-novopecherskie-lipki-ID10yeOD.html?search_reason=search%7Corganic,110 732.70 грн.,НИЗКИЙ ЭТАЖ!Аренда 3-комнатной дизайнерской квартиры в ЖК Новопечерские Липки,,Печерський,"Київ, Печерський - Сьогодні о 07:49"
olx,https://www.olx.ua/d/uk/obyavlenie/orenda-1-k-vul-yordanska-4-metro-obolon-10-hv-dream-town-ID10zrKo.html?search_reason=search%7Corganic,12 000 грн.,"Оренда 1-к вул. Йорданська 4 метро Оболонь 10 хв, Dream Town",,Оболонський,"Київ, Оболонський - Сьогодні о 07:47"
olx,https://www.olx.ua/d/uk/obyavlenie/persha-zdacha-demvska-parkng-komyunt-bez-koms-ID10hONi.html?search_reason=search%7Corganic,17 000 грн.,ПЕРША ЗДАЧА/ Деміївська/Паркінг/Комʼюніті/Без комісії,,Голосіївський,"Київ, Голосіївський - Сьогодні о 12:49"
olx,https://www.olx.ua/d/uk/obyavlenie/zdam-3-kmnatnu-kvartiru-vinogradar-ID10yZqT.html?search_reason=search%7Corganic,20 000 грн.Договірна,Здам 3- кімнатну квартиру Виноградар,,Подільський,"Київ, Подільський - Сьогодні о 09:57"
olx,https://www.olx.ua/d/uk/obyavlenie/orenda-2-h-kmnatna-kvartira-tokareva-5vuzvska-5-ID10xpyP.html?search_reason=search%7Corganic,21 000 грн.,Оренда 2-х кімнатна квартира Токарева 5(Вузівська 5),,Солом'янський,"Київ, Солом'янський - Сьогодні о 16:41"
olx,https://www.olx.ua/d/uk/obyavlenie/zdam-u-dovgostrokovu-orendu-2-h-kmnatnu-kvartiru-obolon-ID10zyAS.html?search_reason=search%7Corganic,15 000 грн.,Здам у довгострокову оренду 2-х кімнатну квартиру Оболонь,,Оболонський,"Київ, Оболонський - Сьогодні о 11:35"
olx,https://www.olx.ua/d/uk/obyavlenie/orenda-90m-u-zhk-river-stone-3-y-poverh-vid-na-dnpro-pet-friendly-ID10rDJ5.html?search_reason=search%7Corganic,50 000 грн.Договірна,"Оренда 90м² у ЖК River Stone! 3-й поверх, вид на Дніпро, pet-friendly",90м²,Печерський,"Київ, Печерський - Сьогодні о 13:59"
olx,https://www.olx.ua/d/uk/obyavlenie/zatishna-3-kmn-blya-lsu-pr-t-lsoviy-43-persha-zdacha-ID10vipH.html?search_reason=search%7Corganic,11 000 грн.,"Затишна 3-кімн. БІЛЯ ЛІСУ, пр-т Лісовий,43 Перша здача",,Деснянський,"Київ, Деснянський - Сьогодні о 10:36"
olx,https://www.olx.ua/d/uk/obyavlenie/bez-orenda-3h-kmnatno-kvartiri-dmitrvska-75-poltavska-10-ID10AZ0z.html?search_reason=search%7Cpromoted,39 863.77 грн.,Без% Оренда 3х-кімнатної квартири Дмитрівська 75/Полтавська 10,,Шевченківський,"Київ, Шевченківський - Сьогодні о 09:06"
olx,https://www.olx.ua/d/uk/obyavlenie/orenda-3k-kvartiri-zhk-taryan-towers-vul-oanna-pavla-ii-12-nvertor-ID10AhEB.html?search_reason=search%7Cpromoted,161 669.73 грн.,"Оренда 3к квартири, ЖК Taryan Towers, вул. Іоанна Павла II, 12. Інвертор",,Печерський,"Київ, Печерський - Сьогодні о 09:10"
olx,https://www.olx.ua/d/uk/obyavlenie/orenda-4-kmnatno-kvartiri-IDYtrrQ.html?search_reason=search%7Cpromoted,25 000 грн.,Оренда 4 кімнатної квартири,,Святошинський,"Київ, Святошинський - Сьогодні о 11:58"
olx,https://www.olx.ua/d/uk/obyavlenie/orenda-2k-kvartiri-zhk-frantsuzkiy-kvartal-2-vd-vlasnikv-bez-ID10Ae0J.html?search_reason=search%7Corganic,75 298.23 грн.Договірна,"Оренда 2к квартири ЖК Французький квартал 2 ,від власників без %",,Голосіївський,"Київ, Голосіївський - Сьогодні о 05:23"
olx,https://www.olx.ua/d/uk/obyavlenie/orenda-2-km-kvartiri-kuhnya-studya-zhk-nova-anglya-ID10vcY0.html?search_reason=search%7Corganic,32 000 грн.,Оренда 2 кім квартири + кухня студія ЖК Нова Англія,,Голосіївський,"Київ, Голосіївський - Сьогодні о 07:11"
olx,https://www.olx.ua/d/uk/obyavlenie/orenda-1k-kvartiri-stud-lipkvskogo-uritskogo-38-vokzalna-solomyanskiy-ID10stli.html?search_reason=search%7Corganic,21 000 грн.,"Оренда 1к квартири студії Липківського (Урицького), 38 Вокзальна Соломянський",,Солом'янський,"Київ, Солом'янський - 30 травня 2026 р."
olx,https://www.olx.ua/d/uk/obyavlenie/orenda-1-no-kmnatno-kvartiri-vul-nzhinska-29-g-metro-shulyavka-ID10wFUp.html?search_reason=search%7Corganic,15 000 грн.,"Оренда 1-но кімнатної квартири вул. Ніжинська 29-Г, метро Шулявка",,Солом'янський,"Київ, Солом'янський - Сьогодні о 17:00"
olx,https://www.olx.ua/d/uk/obyavlenie/kvartira-2-k-golosvo-vasilenko-9-blya-metro-orenda-ID10Aooc.html?search_reason=search%7Corganic,14 000 грн.,"Квартира 2 к  Голосієво  Василенко, 9 біля метро оренда",,Солом'янський,"Київ, Солом'янський - Сьогодні о 12:54"
olx,https://www.olx.ua/d/uk/obyavlenie/sdam-2k-pldlskiy-r-n-vul-vigovskogo-grechko-ID10vgr5.html?search_reason=search%7Corganic,11 000 грн.,Сдам 2к Плдільський р-н вул Виговського (Гречко),,Подільський,"Київ, Подільський - Сьогодні о 13:50"
olx,https://www.olx.ua/d/uk/obyavlenie/sdam-v-orendu-1-kmnatnu-kvartiru-ID10w1DT.html?search_reason=search%7Corganic,11 000 грн.,Сдам в оренду 1 кімнатну квартиру,,Солом'янський,"Київ, Солом'янський - 30 травня 2026 р."
olx,https://www.olx.ua/d/uk/obyavlenie/orenda-odnokmnatno-kvartiri-blya-metro-mnska-ID10wu5e.html?search_reason=search%7Corganic,13 500 грн.,Оренда однокімнатної квартири біля метро Мінська,,Оболонський,"Київ, Оболонський - Сьогодні о 07:03"
olx,https://www.olx.ua/d/uk/obyavlenie/bez-koms-orenda-1-k-50-m-z-vidom-na-park-10hv-m-chervoniy-hutr-zhk-vudstorya-generator-novobudova-ID10tg1N.html?search_reason=search%7Corganic,14 499 грн.Договірна,Без комісії! | Оренда 1-к=  50 м² з видом на парк | 10хв. м.Червоний Хутір |  ЖК Вудсторія | Генератор  |  Новобудова!,50 м²,Дарницький,"Київ, Дарницький - Сьогодні о 06:35"
olx,https://www.olx.ua/d/uk/obyavlenie/sdam-1km-kvartiru-dragomanova-poznyaki-ashan-ID10xjSD.html?search_reason=search%7Corganic,17 000 грн.,"Сдам 1км квартиру Драгоманова, Позняки, Ашан",,Дарницький,"Київ, Дарницький - Сьогодні о 05:58"
olx,https://www.olx.ua/d/uk/obyavlenie/orenda-2k-zamkovetska-108-zhk-lpnka-ID10AAhs.html?search_reason=search%7Cpromoted,20 000 грн.,Оренда 2К Замковецька 108 ЖК Ліпінка,,Подільський,"Київ, Подільський - 30 травня 2026 р."
olx,https://www.olx.ua/d/uk/obyavlenie/orenda-1-kmnatno-kvartiri-ID10AXa0.html?search_reason=search%7Cpromoted,15 000 грн.,Оренда 1-кімнатної квартири,,Дарницький,"Київ, Дарницький - Сьогодні о 07:42"
olx,https://www.olx.ua/d/uk/obyavlenie/orenda-2-h-kmnatno-kvartiri-na-zolotih-vorotah-IDYtILl.html?search_reason=search%7Cpromoted,53 151.69 грн.Договірна,Оренда 2-х кімнатноі квартири на Золотих Воротах,,Шевченківський,"Київ, Шевченківський - 30 травня 2026 р."
olx,https://www.olx.ua/d/uk/obyavlenie/bez-komissii-riltoru-vishnyakovskaya-4-5-et-harkovskaya-poznyaki-ID10ukzR.html?search_reason=search%7Corganic,12 500 грн.,"БЕЗ КОМИССИИ РИЄЛТОРУ! Вишняковская 4, 5 эт, Харьковская, Позняки",,Дарницький,"Київ, Дарницький - Сьогодні о 13:13"
olx,https://www.olx.ua/d/uk/obyavlenie/troschina-persha-ornda-chervono-kalini-66a-ID10zuzo.html?search_reason=search%7Corganic,13 995 грн.,"Троєщина, перша орнда-Червоної калини 66а.",,Деснянський,"Київ, Деснянський - Сьогодні о 12:04"
olx,https://www.olx.ua/d/uk/obyavlenie/sdam-1-komnatnu-vul-derevlyanska-21-ID10y3zI.html?search_reason=search%7Corganic,12 500 грн.Договірна,"Сдам 1-комнатну, вул.Деревлянска 21",,Шевченківський,"Київ, Шевченківський - 30 травня 2026 р."
olx,https://www.olx.ua/d/uk/obyavlenie/bez-3k-kvartira-94-m2-voskresenska-18b-zhk-parkov-ozera-ID10ylcw.html?search_reason=search%7Corganic,51 656.81 грн.,"Без %, 3к квартира, 94 м2, Воскресенська, 18Б, ЖК Паркові Озера",94 м2,Дніпровський,"Київ, Дніпровський - Сьогодні о 12:07"
olx,https://www.olx.ua/d/uk/obyavlenie/orenda-odnokmnatno-kvartiri-rayduzhna-3b-ID10yNjN.html?search_reason=search%7Corganic,10 000 грн.,Оренда однокімнатної квартири (Райдужна 3б),,Дніпровський,"Київ, Дніпровський - Сьогодні о 14:12"
olx,https://www.olx.ua/d/uk/obyavlenie/bez-koms-dvorvneva-kvartira-z-avtorskim-remontom-v-lko-grad-ID10zBVY.html?search_reason=search%7Corganic,53 151.69 грн.,Без комісії. Дворівнева квартира з авторським ремонтом в Ліко Граді,,Голосіївський,"Київ, Голосіївський - Сьогодні о 13:14"
olx,https://www.olx.ua/d/uk/obyavlenie/orenda-1km-kvartira-vul-mashinobudvna-36-kiev-shulyavka-ID10v3EP.html?search_reason=search%7Corganic,11 000 грн.,"Оренда  1кім квартира вул. Машинобудівна 36, Киев, Шулявка",,Солом'янський,"Київ, Солом'янський - Сьогодні о 07:58"
olx,https://www.olx.ua/d/uk/obyavlenie/bez-zhk-panorama-na-pechersku-orenda-3-kmn-kvartiri-konovaltsya-44a-ID10sMoH.html?search_reason=search%7Corganic,70 868.92 грн.,Без % ЖК «Панорама на Печерську» оренда 3-кімн. Квартири Коновальця 44а,,Печерський,"Київ, Печерський - Сьогодні о 15:04"
olx,https://www.olx.ua/d/uk/obyavlenie/vul-tiraspolska-52a-zhk-msto-kvtv-1-k-37-kv-m-z-remontom-vlna-bez-koms-ID10xQYc.html?search_reason=search%7Corganic,18 000 грн.,Вул. Тираспольська 52А ЖК Місто Квітів 1-к. 37 кв.м з ремонтом Вільна. Без комісії.,37 кв.м,Подільський,"Київ, Подільський - Сьогодні о 15:01"
olx,https://www.olx.ua/d/uk/obyavlenie/orenda-stilno-1k-stud-v-zhk-nash-budinok-metro-nivki-2-hv-pshki-ID10zGse.html?search_reason=search%7Corganic,19 000 грн.,Оренда стильної 1к студії в ЖК “Наш Будинок” | метро Нивки — 2 хв пішки,,Шевченківський,"Київ, Шевченківський - Сьогодні о 15:51"
olx,https://www.olx.ua/d/uk/obyavlenie/orenda-2-k-kvartiri-vul-golosvska-13b-zhk-golosvo-ID10xXd1.html?search_reason=search%7Cpromoted,32 000 грн.,Оренда 2-к квартири вул.  Голосіївська 13Б ЖК Голосієво,,Голосіївський,"Київ, Голосіївський - 29 травня 2026 р."
olx,https://www.olx.ua/d/uk/obyavlenie/orenda-1-kmn-45-m-kv-metro-mnska-10-hv-zdi-bez-ID10vFmy.html?search_reason=search%7Cpromoted,23 000 грн.,"Оренда 1-кімн.45 м.кв, метро Мінська 10 хв ізди .Без %",,Оболонський,"Київ, Оболонський - 30 травня 2026 р."
olx,https://www.olx.ua/d/uk/obyavlenie/orenda-1-k-zhk-respublka-ID10yva8.html?search_reason=search%7Cpromoted,39 863.77 грн.,"Оренда 1-к, жк Республіка",,Голосіївський,"Київ, Голосіївський - 30 травня 2026 р."
olx,https://www.olx.ua/d/uk/obyavlenie/orenda-1-km-st-m-svyatoshino-vul-lvvska-11-zhk-svyatobor-ID10yND0.html?search_reason=search%7Corganic,20 000 грн.,"Оренда, 1-кім, ст.м.Святошино, вул.Львівська 11, ЖК  «Святобор»",,Святошинський,"Київ, Святошинський - Сьогодні о 16:16"
olx,https://www.olx.ua/d/uk/obyavlenie/zhk-varshavskiy-plyus-3km-90-m2-persha-zdacha-ID10tr8I.html?search_reason=search%7Corganic,57 581 грн.,Жк Варшавський Плюс 3кім 90 м2 Перша Здача,90 м2,Подільський,"Київ, Подільський - Сьогодні о 12:09"
olx,https://www.olx.ua/d/uk/obyavlenie/proponutsya-v-orendu-stilna-ta-atmosferna-3-kmnatna-kvartira-ID10t0bR.html?search_reason=search%7Corganic,31 000 грн.,Пропонується в оренду стильна та атмосферна 3-кімнатна квартира,,Печерський,"Київ, Печерський - Сьогодні о 12:07"
olx,https://www.olx.ua/d/uk/obyavlenie/2-kmnatna-kvartira-zhk-prestizh-holl-v-tyutyunnika-37-1-ID10qsVI.html?search_reason=search%7Corganic,44 248.78 грн.,"2-кімнатна квартира ЖК Престиж Холл, В. Тютюнника 37/1",,Печерський,"Київ, Печерський - 30 травня 2026 р."
olx,https://www.olx.ua/d/uk/obyavlenie/zdayu-2-kmnatnu-kvartiru-rudanskogo-3-zatishna-bezpechne-mstse-ID10A7LL.html?search_reason=search%7Corganic,25 000 грн.,"Здаю 2 кімнатну квартиру. Руданського 3, затишна , безпечне місце.",,Шевченківський,"Київ, Шевченківський - Сьогодні о 13:15"
olx,https://www.olx.ua/d/uk/obyavlenie/zdatsya-1-kmnatna-kvartira-varshavskiy-plyus-ukrittya-generator-u-budinku-ID10zutq.html?search_reason=search%7Corganic,25 000 грн.,"Здається 1-кімнатна квартира Варшавський Плюс , укриття, генератор у будинку",,Подільський,"Київ, Подільський - Сьогодні о 11:41"
olx,https://www.olx.ua/d/uk/obyavlenie/pervaya-arenda-sdam-1k-kv-ru-s-remontom-zhk-krishtalevi-dzherela-3etazh-ID10wtpa.html?search_reason=search%7Corganic,20 000 грн.,Первая аренда!Сдам 1к кв-ру с ремонтом ЖК Кришталеви Джерела 3этаж,,Голосіївський,"Київ, Голосіївський - Сьогодні о 11:42"
olx,https://www.olx.ua/d/uk/obyavlenie/1-kmnatna-prostora-svtla-kvartira-z-atmosferoyu-zatishku-ta-krasivim-vidom-na-kiv-ID10zEy7.html?search_reason=search%7Corganic,26 000 грн.,1-Кімнатна простора світла квартира з атмосферою затишку та красивим видом на Київ,,Оболонський,"Київ, Оболонський - Сьогодні о 17:36"
olx,https://www.olx.ua/d/uk/obyavlenie/zdam-3-k-z-kabnetom-standart-one-standard-teremki-lko-grad-ID10wspR.html?search_reason=search%7Corganic,33 000 грн.,Здам 3-к з кабінетом Standart One Standard Теремки Ліко Град,,Голосіївський,"Київ, Голосіївський - Сьогодні о 11:06"
olx,https://www.olx.ua/d/uk/obyavlenie/aktualna-kvartira-orenda-osokorki-zhk-status-grad-zavalna-10g-ID10AiTO.html?search_reason=search%7Corganic,25 000 грн.,Актуальна‼️ Квартира оренда Осокорки ЖК Статус Град Завальна 10г,,Дарницький,"Київ, Дарницький - Сьогодні о 11:30"
olx,https://www.olx.ua/d/uk/obyavlenie/orenda-kvartiri-dovgostrokovo-ID10thpc.html?search_reason=search%7Cpromoted,44 293.08 грн.,Оренда квартири довгостроково,,Печерський,"Київ, Печерський - Сьогодні о 05:23"
olx,https://www.olx.ua/d/uk/obyavlenie/orenda-1-kmnatna-vrodvushka-vd-vlasnika-odeskiy-bulvar-m-teremki-ID10B0lO.html?search_reason=search%7Cpromoted,16 000 грн.,"Оренда 1 кімнатна ""Євродвушка"" Від власника Одеський Бульвар м.Теремки",,Голосіївський,"Київ, Голосіївський - Сьогодні о 11:56"
olx,https://www.olx.ua/d/uk/obyavlenie/orenda-1k-kvartira-shulyavka-viborgska-solomyanskiy-oleksi-tihogo-IDLcGgN.html?search_reason=search%7Cpromoted,11 500 грн.,Оренда 1к квартира Шулявка Виборгська Солом’янський Олекси Тихого,,Солом'янський,"Київ, Солом'янський - 30 травня 2026 р."
olx,https://www.olx.ua/d/uk/obyavlenie/revutskogo-1-k-bolshaya-kvartira-metro-harkovskaya-ID10ydCc.html?search_reason=search%7Corganic,8 000 грн.,"Ревуцкого, 1-к большая  квартира, метро Харьковская",,Дарницький,"Київ, Дарницький - Сьогодні о 08:29"
olx,https://www.olx.ua/d/uk/obyavlenie/orenda-2k-kvartiri-67m2-kahi-bendukdze-2-ID10yPTm.html?search_reason=search%7Corganic,44 293.08 грн.,Оренда 2к квартири 67м2 Кахи Бендукідзе 2,67м2,Печерський,"Київ, Печерський - Сьогодні о 17:37"
olx,https://www.olx.ua/d/uk/obyavlenie/orenda-3-km-kvartiri-metro-osokorki-poznyaki-ID10tyvl.html?search_reason=search%7Corganic,22 500 грн.Договірна,Оренда 3 кім квартири метро Осокорки Позняки,,Дарницький,"Київ, Дарницький - Сьогодні о 08:52"
olx,https://www.olx.ua/d/uk/obyavlenie/orenda-3k-kvartiri-pr-t-golosvskiy-metro-demvska-1hv-ID10sgjr.html?search_reason=search%7Corganic,46 950.66 грн.,"Оренда 3к квартири, пр-т Голосіївський, метро Деміївська 1хв",,Голосіївський,"Київ, Голосіївський - Сьогодні о 17:49"
olx,https://www.olx.ua/d/uk/obyavlenie/chornovola-25-orenda-3-kmnatno-kvartira-v-tseglyanomu-budinku-2005-roku-blya-metro-ID10yErs.html?search_reason=search%7Corganic,44 293.08 грн.,"Чорновола, 25. Оренда 3-кімнатної квартира в цегляному будинку 2005 року біля метро",,Шевченківський,"Київ, Шевченківський - Сьогодні о 12:19"
olx,https://www.olx.ua/d/uk/obyavlenie/zdam-1-kmnatnu-kvartiru-kalnishevskogo-vidova-kvartira-ID10zs7i.html?search_reason=search%7Corganic,12 000 грн.,"Здам 1 кімнатну квартиру Калнишевского, видова квартира",,Оболонський,"Київ, Оболонський - Сьогодні о 09:59"
olx,https://www.olx.ua/d/uk/obyavlenie/zdam-dzhona-makkeyna-vul-vana-kudr-37-a-ID10sD9W.html?search_reason=search%7Corganic,27 000 грн.Договірна,"‼️Здам Джона Маккейна вул. (Івана Кудрі), 37-А",,Печерський,"Київ, Печерський - Сьогодні о 11:48"
olx,https://www.olx.ua/d/uk/obyavlenie/orenda-1kmnatno-kvartiri-zhk-metropark-metro-virlitsya-borisplska-na-vul-kamyanska-ID10wDgJ.html?search_reason=search%7Corganic,15 500 грн.,"Оренда 1кімнатної квартири ЖК МетроПарк метро Вирлиця, Бориспільська на вул.Кам'янська",,Дарницький,"Київ, Дарницький - Сьогодні о 17:21"
olx,https://www.olx.ua/d/uk/obyavlenie/arenda-2-k-kvartiry-zhk-novopecherskie-lipki-ul-dragomirova-pechersk-ID10vl72.html?search_reason=search%7Corganic,75 298.23 грн.,"Аренда 2-к квартиры, ЖК Новопечерские Липки, ул. Драгомирова, Печерск",,Печерський,"Київ, Печерський - Сьогодні о 13:25"
olx,https://www.olx.ua/d/uk/obyavlenie/orenda-kvartiri-zhk-shevchenkvskiy-ID10yJEV.html?search_reason=search%7Corganic,57 581 грн.,Оренда квартири ЖК Шевченківський,,Шевченківський,"Київ, Шевченківський - Сьогодні о 14:03"
olx,https://www.olx.ua/d/uk/obyavlenie/glushkova-9v-generator-1-kmnatna-57m2-m-podrom-ID10dzjI.html?search_reason=search%7Cpromoted,19 000 грн.,"Глушкова 9в, генератор, 1 кімнатна 57м2, м. Іподром",57м2,Голосіївський,"Київ, Голосіївський - Сьогодні о 14:30"
olx,https://www.olx.ua/d/uk/obyavlenie/sdam-svoyu-1k-kvartiru-zhk-dibrova-park-pervaya-sdacha-m-nivki-sirets-retrovl-ID10uRgi.html?search_reason=search%7Cpromoted,26 000 грн.,Сдам свою 1к квартиру ЖК Dibrova Park Первая Сдача м. Нивки Сирець Ретровіль,,Подільський,"Київ, Подільський - 30 травня 2026 р."
olx,https://www.olx.ua/d/uk/obyavlenie/bez-orenda-vip-5-kmn-kvartiri-vul-zvrinetska-59-zhk-trumf-ID10vg8P.html?search_reason=search%7Cpromoted,146 167.16 грн.Договірна,Без % Оренда vip 5-кімн квартири вул Звіринецька 59 ЖК Тріумф,,Печерський,"Київ, Печерський - Сьогодні о 14:44"
olx,https://www.olx.ua/d/uk/obyavlenie/orenda-1k-kvartiri-na-troschin-36m2-prospekt-chervono-kalini-44-10-ID10h83w.html?search_reason=search%7Corganic,8 000 грн.,"Оренда 1к квартири на Троєщині, 36м2, проспект Червоної Калини, 44/10",36м2,Деснянський,"Київ, Деснянський - Сьогодні о 06:03"
olx,https://www.olx.ua/d/uk/obyavlenie/zdam-3-kmn-kv-v-zhk-parkova-vezha-vtryan-gori-vinogradar-ID10wztl.html?search_reason=search%7Corganic,32 000 грн.,Здам 3-кімн.кв. в ЖК Паркова Вежа. Вітряні гори  Виноградар,,Подільський,"Київ, Подільський - Сьогодні о 15:07"
olx,https://www.olx.ua/d/uk/obyavlenie/orenda-1-kmnatno-kvartiri-v-privatnomu-budinku-blya-mr-17-19-mreo-ID10wmRs.html?search_reason=search%7Corganic,8 700 грн.,Оренда 1- кімнатної квартири в приватному будинку біля Мрії 17/19 (МРЕО),,Святошинський,"Київ, Святошинський - 30 травня 2026 р."
olx,https://www.olx.ua/d/uk/obyavlenie/orenda-1-kmnatno-kvartiri-m-kiv-ID10vk4Q.html?search_reason=search%7Corganic,31 000 грн.,Оренда 1 кімнатної квартири м.Київ,,Шевченківський,"Київ, Шевченківський - Сьогодні о 07:54"
olx,https://www.olx.ua/d/uk/obyavlenie/1-kmnatna-kvartiraokrema-spalnya-v-fayna-taun-balkon-kabnet-nivki-svyatoshino-salyutna-scherbakvskogo-ID10AnZ8.html?search_reason=search%7Corganic,26 575.85 грн.,1-кімнатна квартира(окрема спальня) в Файна Таун + балкон-кабінет. Нивки Святошино Салютна Щербаківського,,Святошинський,"Київ, Святошинський - Сьогодні о 14:46"
olx,https://www.olx.ua/d/uk/obyavlenie/zdam-svoyu-1-u-kvartiru-vul-bulvar-koltsova-9nin-mikoli-rudenka-9-bez-vd-gospodarya-lft-vstanovleniy-nventor-dlya-roboti-bez-svtla-ID10mq8t.html?search_reason=search%7Corganic,17 000 грн.,"Здам СВОЮ 1-у квартиру, вул.Бульвар Кольцова 9(нині Миколи Руденка,9) без %,від господаря, ліфт-встановлений інвентор для роботи без світла",,Святошинський,"Київ, Святошинський - Сьогодні о 13:35"
olx,https://www.olx.ua/d/uk/obyavlenie/orenda-1o-kmn-kvartira-harkvske-shose-m-virlitsya-ID10uAnB.html?search_reason=search%7Corganic,13 500 грн.,"Оренда 1о кімн. квартира Харківське шосе, м. Вирлиця",,Дарницький,"Київ, Дарницький - Сьогодні о 15:46"
olx,https://www.olx.ua/d/uk/obyavlenie/persha-zdacha-orenda-vidovo-kvartiri-zhk-great-greyt-osokorki-avtnonomniy-budinok-generator-ID10ymLk.html?search_reason=search%7Corganic,30 000 грн.,Перша здача! Оренда видової квартири ЖК Great Грейт Осокорки автнономний будинок генератор,,Дарницький,"Київ, Дарницький - Сьогодні о 15:06"
olx,https://www.olx.ua/d/uk/obyavlenie/bez-zdam-2k-60m2-pechersk-edelweiss-house-novopechervska-vezha-ID10wsVA.html?search_reason=search%7Corganic,44 293.08 грн.,Без% Здам 2К 60м2 Печерськ Edelweiss House Новопечервська Вежа,60м2,Печерський,"Київ, Печерський - Сьогодні о 11:25"
olx,https://www.olx.ua/d/uk/obyavlenie/orenda-zhk-time-vul-vasilya-lipkvskogo-38a-ranshe-uritskogo-kiv-ID10u2oK.html?search_reason=search%7Corganic,39 863.77 грн.,"Оренда ЖК Time вул. Василя Липківського 38A (раніше Урицького), Київ",,Солом'янський,"Київ, Солом'янський - Сьогодні о 13:08"
olx,https://www.olx.ua/d/uk/obyavlenie/sdam-2k-pldlskiy-r-n-vul-vigovskogo-grechko-ID10vgr5.html?search_reason=search%7Cpromoted,11 000 грн.,Сдам 2к Плдільський р-н вул Виговського (Гречко),,Подільський,"Київ, Подільський - Сьогодні о 15:50"
olx,https://www.olx.ua/d/uk/obyavlenie/st-m-demvska-r-n-pr-nauki-vul-raketna-24-ID10z5FF.html?search_reason=search%7Cpromoted,9 500 грн.,"Ст м «Деміївська», р-н. пр. Науки, вул. Ракетна 24",,Голосіївський,"Київ, Голосіївський - 29 травня 2026 р."
olx,https://www.olx.ua/d/uk/obyavlenie/orenda-1-k-kvartiri-zhk-varshavskiy-3-44m2-bez-koms-sltlo-24-7-IDZ0DoU.html?search_reason=search%7Cpromoted,26 000 грн.,"Оренда 1-к квартири, ЖК Варшавський 3, 44м2, БЕЗ КОМІСІЇ, слітло 24/7",44м2,Подільський,"Київ, Подільський - Сьогодні о 09:45"
olx,https://www.olx.ua/d/uk/obyavlenie/zdam-1-kmnatnu-kvartiru-na-troschin-ID10wuzC.html?search_reason=search%7Corganic,10 000 грн.,Здам 1 кімнатну квартиру на Троєщині.,,Деснянський,"Київ, Деснянський - Сьогодні о 12:22"
olx,https://www.olx.ua/d/uk/obyavlenie/orenda-2-k-nizhny-val-27-29-zhk-podol-prestzh-kontraktonva-ploscha-ID10sM6s.html?search_reason=search%7Corganic,31 005.15 грн.,"Оренда 2 к Нижній Вал ,27/29 ЖК Подол Престіж Контрактонва площа",,Шевченківський,"Київ, Шевченківський - Сьогодні о 16:55"
olx,https://www.olx.ua/d/uk/obyavlenie/orenda-penthausa-v-tsentry-pecherska-ID10yHxV.html?search_reason=search%7Corganic,115 162 грн.,Оренда пентхауса в центры Печерська,,Печерський,"Київ, Печерський - Сьогодні о 12:55"
olx,https://www.olx.ua/d/uk/obyavlenie/orenda-2-km-kvartiri-frantsuzkiy-kvartal-2-pechersk-libdska-budinok-z-generatorom-ID10wuVF.html?search_reason=search%7Corganic,53 151.69 грн.,Оренда / 2-кім Квартири / Французький квартал 2 / Печерськ / Либідська / Будинок з генератором,,Печерський,"Київ, Печерський - Сьогодні о 12:34"
olx,https://www.olx.ua/d/uk/obyavlenie/orenda-1-kmnatno-50m2-zhk-seven-dnprovska-naberezhna-osokorki-slavutich-ID10txnj.html?search_reason=search%7Corganic,31 005.15 грн.,Оренда 1-кімнатної 50м2 ЖК Seven/Дніпровська набережна/Осокорки/Славутич,50м2,Дарницький,"Київ, Дарницький - Сьогодні о 09:30"
olx,https://www.olx.ua/d/uk/obyavlenie/orenda-vishukano-kvartiri-v-premalnomu-zhk-central-park-tsentral-park-ID10sCZm.html?search_reason=search%7Corganic,35 434.46 грн.,Оренда вишуканої квартири в преміальному ЖК Central Park Централ Парк,,Печерський,"Київ, Печерський - Сьогодні о 11:42"
olx,https://www.olx.ua/d/uk/obyavlenie/persha-zdacha-svtlo-ta-mnmalstichno-1-km-42m2-v-peyzazhnomu-zhk-respublka-ID10vDzO.html?search_reason=search%7Corganic,37 649.12 грн.,Перша здача світлої та мінімалістичної 1-кім 42м2 в пейзажному ЖК Республіка,42м2,Голосіївський,"Київ, Голосіївський - Сьогодні о 14:48"
olx,https://www.olx.ua/d/uk/obyavlenie/orenda-2km-kvartiri-65m-zhk-park-avenyu-park-avenue-vip-prospekt-golosvskiy-58-ID10ysH0.html?search_reason=search%7Corganic,35 434.46 грн.Договірна,Оренда 2кім. квартири 65м ЖК Парк Авеню | Park Avenue Vip.  проспект Голосіївський 58,,Голосіївський,"Київ, Голосіївський - Сьогодні о 18:47"
olx,https://www.olx.ua/d/uk/obyavlenie/bez-2k-kvartira-65-m2-voskresenska-12b-zhk-parkov-ozera-ID10yu1C.html?search_reason=search%7Corganic,17 000 грн.,"Без %, 2к квартира, 65 м2, Воскресенська, 12Б, ЖК Паркові Озера",65 м2,Дніпровський,"Київ, Дніпровський - 30 травня 2026 р."
olx,https://www.olx.ua/d/uk/obyavlenie/orenda-1-km-kv-zhk-britanskiy-kvartal-golosvskiy-ID10wnG5.html?search_reason=search%7Corganic,18 000 грн.,Оренда 1 кім кв ЖК Британський квартал Голосіївський,,Голосіївський,"Київ, Голосіївський - Сьогодні о 03:32"
olx,https://www.olx.ua/d/uk/obyavlenie/orenda-3-k-60m2-gerov-polku-azov-b-7-m-obolon-ID10AA51.html?search_reason=search%7Cpromoted,16 000 грн.,"Оренда 3 к. 60м2  Героїв полку Азов  б.7,   м. Оболонь",60м2,Оболонський,"Київ, Оболонський - 30 травня 2026 р."
olx,https://www.olx.ua/d/uk/obyavlenie/zdam-1-km-kv-vul-revutskogo-harkvskiy-masiv-ID10yWVJ.html?search_reason=search%7Cpromoted,10 000 грн.,"Здам 1-кім.кв. вул.Ревуцького, Харківський масив",,Дарницький,"Київ, Дарницький - 30 травня 2026 р."
olx,https://www.olx.ua/d/uk/obyavlenie/arenda-2-h-komnatnaya-kvartiry-po-ul-lyuteranskaya-13-tsentr-ID10ge4I.html?search_reason=search%7Cpromoted,44 293.08 грн.Договірна,"Аренда 2-х комнатная квартиры по ул.Лютеранская 13, Центр.",,Печерський,"Київ, Печерський - 29 травня 2026 р."
olx,https://www.olx.ua/d/uk/obyavlenie/orenda-3-k-kv-95-m2-vul-generala-shapovala-2-zhk-smaragdoviy-ID10vdcC.html?search_reason=search%7Corganic,44 500 грн.,"Оренда 3 к кв 95 м2, вул Генерала Шаповала,2. ЖК Смарагдовий",95 м2,Солом'янський,"Київ, Солом'янський - 30 травня 2026 р."
olx,https://www.olx.ua/d/uk/obyavlenie/orenda-stud-1-y-poverh-v-zhk-komfort-taun-prosp-sobornost-17-ID10zoiC.html?search_reason=search%7Corganic,14 000 грн.,"Оренда студії (1-й поверх) в ЖК Комфорт Таун, просп. Соборності, 17",,Дніпровський,"Київ, Дніпровський - Сьогодні о 01:40"
olx,https://www.olx.ua/d/uk/obyavlenie/orenda-kvartira-45m2-kmn-zhk-victory-v-metro-ID10wtQP.html?search_reason=search%7Corganic,35 434.46 грн.,Оренда Квартира 45м2 кімн ЖК Victory V Метро,45м2,Солом'янський,"Київ, Солом'янський - Сьогодні о 11:57"
olx,https://www.olx.ua/d/uk/obyavlenie/orenda-1-km-kvartiri-stud-v-zhk-komfort-taun-prosp-sobornost-ID10zojH.html?search_reason=search%7Corganic,13 500 грн.,"Оренда 1-кім квартири-студії в ЖК Комфорт Таун, просп. Соборності",,Дніпровський,"Київ, Дніпровський - Сьогодні о 01:51"
olx,https://www.olx.ua/d/uk/obyavlenie/tsentr-pechersk-2k-85m-po-konovaltsa-e-32g-ID10zsv7.html?search_reason=search%7Corganic,35 390.17 грн.,Центр Печерск 2к 85м по Коновальца Е. 32Г,,Печерський,"Київ, Печерський - Сьогодні о 10:14"
olx,https://www.olx.ua/d/uk/obyavlenie/orenda-kvartira-188m2-3kmn-zhk-novopechersk-lipki-generator-ID10wG5d.html?search_reason=search%7Corganic,155 025.77 грн.,Оренда Квартира 188м2 3кімн ЖК Новопечерські Липки Генератор,188м2,Печерський,"Київ, Печерський - Сьогодні о 19:07"
olx,https://www.olx.ua/d/uk/obyavlenie/sdam-1-kom-kv-ul-dovzhenko-16-metro-shulyavka-15-minut-peshkom-ID10yc22.html?search_reason=search%7Corganic,10 000 грн.,"Сдам 1 ком кв ул Довженко 16, метро Шулявка 15 минут пешком",,Шевченківський,"Київ, Шевченківський - 30 травня 2026 р."
olx,https://www.olx.ua/d/uk/obyavlenie/zdam-odnokmnatnu-kvartiru-v-desna-residence-s-zazimya-brovarskiy-rayon-ID10ySUw.html?search_reason=search%7Corganic,15 000 грн.,"Здам однокімнатну квартиру в Desna Residence  с.Зазимя,Броварський район.",,Дніпровський,"Київ, Дніпровський - Сьогодні о 07:51"
olx,https://www.olx.ua/d/uk/obyavlenie/sdam-1-kom-kv-ul-urlovskaya-21-metro-osokorki-poznyaki-trts-river-mol-ID10ycnu.html?search_reason=search%7Corganic,12 500 грн.,"Сдам 1 ком кв ул Урловская 21, метро Осокорки, Позняки трц Ривер мол",,Дарницький,"Київ, Дарницький - Сьогодні о 01:29"
olx,https://www.olx.ua/d/uk/obyavlenie/zdam-2-h-kmnatnu-kvartiru-dashkevicha-26-yaksniy-remont-ID10rLBa.html?search_reason=search%7Corganic,13 000 грн.,"Здам 2 х кімнатну квартиру Дашкевича 26, якісний ремонт.",,Дніпровський,"Київ, Дніпровський - 30 травня 2026 р."
olx,https://www.olx.ua/d/uk/obyavlenie/orenda-1k-kv-vul-rayduzhna-ID10B4MG.html?search_reason=search%7Cpromoted,11 000 грн.,Оренда 1к кв! Вул. Райдужна,,Дніпровський,"Київ, Дніпровський - Сьогодні о 14:34"
olx,https://www.olx.ua/d/uk/obyavlenie/zdam-3-k-dovgotrivalo-vul-darvna-10-ID10wRLA.html?search_reason=search%7Cpromoted,42 078.42 грн.,"Здам 3 к довготривало , вул . Дарвіна 10",,Печерський,"Київ, Печерський - 18 травня 2026 р."
olx,https://www.olx.ua/d/uk/obyavlenie/orenda-2-kmnatno-kvartiri-v-kb-90-m2-osokorki-vul-sadova-ID10x69A.html?search_reason=search%7Corganic,79 727.54 грн.,Оренда 2-кімнатної квартири в КБ/90 м2/Осокорки/вул. Садова,90 м2,Дарницький,"Київ, Дарницький - Сьогодні о 11:05"
olx,https://www.olx.ua/d/uk/obyavlenie/vlasnik-sdam-vrodvushku-oleni-pchlki-2a-ID10yJDa.html?search_reason=search%7Corganic,20 000 грн.,Власник Сдам євродвушку Олени  Пчілки 2а,,Дарницький,"Київ, Дарницький - Сьогодні о 06:00"
olx,https://www.olx.ua/d/uk/obyavlenie/orenda-kvartiri-95m2-pechersk-boychuka-zhk-52-perlina-kaddor-novopechersk-lipki-tsentr-ID10uizS.html?search_reason=search%7Corganic,119 591.31 грн.Договірна,Оренда квартири 95м2 Печерськ Бойчука ЖК 52 перлина Каддор Новопечерські липки Центр,95м2,Печерський,"Київ, Печерський - Сьогодні о 15:52"
olx,https://www.olx.ua/d/uk/obyavlenie/orenda-2hkm-90-m-kv-poznyaki-metro-mshugi-ID10AnOo.html?search_reason=search%7Corganic,22 000 грн.,"Оренда 2хкім 90 м кв Позняки метро,  Мішуги",,Дарницький,"Київ, Дарницький - Сьогодні о 14:59"
olx,https://www.olx.ua/d/uk/obyavlenie/orenda-3k-kvartira-90m-u-zhk-river-stone-3-y-poverh-vid-na-dnpro-pet-friendly-osokorki-river-moll-zhk-river-stoun-ID10sASj.html?search_reason=search%7Corganic,50 937.04 грн.,"Оренда / 3к квартира / 90м у ЖК River Stone! 3-й поверх, вид на Дніпро, pet-friendly / осокорки / ривер молл / жк ривер стоун",,Дарницький,"Київ, Дарницький - Сьогодні о 10:24"
olx,https://www.olx.ua/d/uk/obyavlenie/kopernika-3-stilna-3-kmnatna-101m2-v-tsentr-blya-metro-ID10yIuX.html?search_reason=search%7Corganic,32 000 грн.,"Коперника 3, стильна 3 кімнатна 101м2 в центрі біля метро",101м2,Шевченківський,"Київ, Шевченківський - 30 травня 2026 р."
olx,https://www.olx.ua/d/uk/obyavlenie/orenda-vro-2k-59m2-park-feofanya-ID10rtls.html?search_reason=search%7Corganic,44 293.08 грн.,Оренда Євро 2к 59м2. Парк Феофанія.,59м2,Голосіївський,"Київ, Голосіївський - 30 травня 2026 р."
olx,https://www.olx.ua/d/uk/obyavlenie/zdam-3-kmn-v-zhk-bulvar-fontanv-saperne-pole-3-ID10zdO8.html?search_reason=search%7Corganic,84 156.85 грн.,Здам 3 кімн в жк «бульвар фонтанів» саперне поле 3,,Печерський,"Київ, Печерський - Сьогодні о 10:08"
olx,https://www.olx.ua/d/uk/obyavlenie/persha-zdacha-1k-kvartiri-zhk-garmonya-metro-zhitomirska-ID10AnNk.html?search_reason=search%7Corganic,23 000 грн.,Перша здача 1К квартири_ЖК Гармонія_метро Житомирська,,Святошинський,"Київ, Святошинський - Сьогодні о 14:33"
olx,https://www.olx.ua/d/uk/obyavlenie/dovgostrokova-orenda-kvartiri-pechersk-zhk-aristokrat-ID10x9WB.html?search_reason=search%7Corganic,88 586.16 грн.,"Довгострокова оренда квартири  Печерськ, ЖК Аристократ",,Печерський,"Київ, Печерський - Сьогодні о 13:17"
olx,https://www.olx.ua/d/uk/obyavlenie/zdatsya-1-kmn-kv-prt-v-vasyuka-4-zhk-oazis-naberezhna-ID10zvDs.html?search_reason=search%7Cpromoted,20 000 грн.,"Здається 1 кімн.кв. прт.В.Івасюка 4, ЖК Оазис Набережна",,Оболонський,"Київ, Оболонський - Сьогодні о 12:25"
olx,https://www.olx.ua/d/uk/obyavlenie/orenda-suchasno-kvartiri-v-zhk-fayna-taun-nivki-IDYSXTw.html?search_reason=search%7Cpromoted,28 000 грн.,"Оренда сучасної квартири в ЖК Файна Таун, Нивки",,Шевченківський,"Київ, Шевченківський - 15 травня 2026 р."
olx,https://www.olx.ua/d/uk/obyavlenie/orenda-3k-podl-andrvska-tserkva-horiva-4-vidova-vlasnik-IDXxpVO.html?search_reason=search%7Cpromoted,84 156.85 грн.,"Оренда 3К  Поділ Андріївська церква, Хорива 4, Видова, Власник",,Подільський,"Київ, Подільський - Сьогодні о 09:51"
olx,https://www.olx.ua/d/uk/obyavlenie/orenda-1-k-kvartiri-42-kv-m-v-zhk-varshavskiy-ID10wzGj.html?search_reason=search%7Corganic,22 000 грн.,"Оренда 1 к квартири  42 кв.м, в ЖК Варшавський",42 кв.м,Подільський,"Київ, Подільський - Сьогодні о 15:14"
olx,https://www.olx.ua/d/uk/obyavlenie/sdam-4-h-komnatnuyu-kvartiru-harkovskiy-massiv-hozyain-ID10lPNn.html?search_reason=search%7Corganic,16 000 грн.,"Сдам 4-х комнатную квартиру Харьковский массив, хозяин",,Дарницький,"Київ, Дарницький - Сьогодні о 13:25"
olx,https://www.olx.ua/d/uk/obyavlenie/dvohkmnatna-kvartira-m-demvka-zhk-west-house-ID10zbbt.html?search_reason=search%7Corganic,39 863.77 грн.,Двохкімнатна квартира м.Деміївка ЖК West House,,Печерський,"Київ, Печерський - Сьогодні о 10:04"
olx,https://www.olx.ua/d/uk/obyavlenie/1-k-kv-zhk-harkvskiy-harkvske-shose-190-metro-virlitsya-borisplska-7-hv-ID10xf39.html?search_reason=search%7Corganic,17 000 грн.,"1 к. кв. ЖК  «Харківський» Харківське шосе 190 метро Вирлиця, Бориспільська 7 хв.",,Дарницький,"Київ, Дарницький - Сьогодні о 11:25"
olx,https://www.olx.ua/d/uk/obyavlenie/orenda-zatishno-kvartiri-85m2-arsenalna-pechersk-bez-koms-gaz-ID10wkjD.html?search_reason=search%7Corganic,49 000 грн.,оренда затишної квартири 85м2 Арсенальна. Печерськ  Без комісії  (газ),85м2,Печерський,"Київ, Печерський - 30 травня 2026 р."
olx,https://www.olx.ua/d/uk/obyavlenie/orenda-2-kmnatno-na-prospekt-svobodi-3b-ID10zCkQ.html?search_reason=search%7Corganic,20 000 грн.,"Оренда "" 2 кімнатної на проспекті Свободи 3Б",,Подільський,"Київ, Подільський - Сьогодні о 15:26"
olx,https://www.olx.ua/d/uk/obyavlenie/orenda-2k-kvartira-podl-grad-podol-tsentr-vozdvizhenka-generator-avtonomniy-kotelnya-parkng-ukrittya-vozdvizhenska-kontraktova-poshtova-rent-apartment-ID10wugJ.html?search_reason=search%7Corganic,53 151.69 грн.Договірна,Оренда 2к квартира Поділ Град Подол ЦЕНТР Воздвиженка Генератор Автономний Котельня Паркінг Укриття Воздвиженська Контрактова Поштова Rent Apartment,,Подільський,"Київ, Подільський - Сьогодні о 12:11"
olx,https://www.olx.ua/d/uk/obyavlenie/sdam-1-u-kvartiru-podl-metro-kontraktova-vul-voloska-36-38-ID10yg0D.html?search_reason=search%7Corganic,22 000 грн.,"Сдам 1-у квартиру, Поділ, метро Контрактова, вул. Волоська, 36/38",,Шевченківський,"Київ, Шевченківський - Сьогодні о 07:21"
olx,https://www.olx.ua/d/uk/obyavlenie/orenda-3k-kvartira-obolonska-naberezhna-15-vidova-park-natalka-obolon-naberezhna-parkng-ukrittya-gaz-avtonomniy-mnska-residences-rezdens-vasyuka-ID10wtRA.html?search_reason=search%7Corganic,66 439.62 грн.Договірна,Оренда 3к квартира Оболонська набережна 15 ВИДОВА ПАРК НАТАЛКА Оболонь Набережна Паркінг Укриття Газ Автономний Мінська Residences Резіденс Івасюка,,Оболонський,"Київ, Оболонський - Сьогодні о 11:58"
olx,https://www.olx.ua/d/uk/obyavlenie/bez-koms-aktualno-orenda-1-kmnatno-kvartiri-abolmasova-7-ID10xaFB.html?search_reason=search%7Cpromoted,17 500 грн.,"Без комісії. АКТУАЛЬНО Оренда 1-кімнатної квартири Аболмасова, 7",,Дніпровський,"Київ, Дніпровський - Сьогодні о 13:25"
olx,https://www.olx.ua/d/uk/obyavlenie/arenda-2-komn-zhk-central-park-dzhona-makkeyna-7-ivana-kudri-frantsuzskiy-kvartal-IDYS66e.html?search_reason=search%7Cpromoted,55 366.35 грн.,"Аренда 2-комн ЖК Central Park Джона Маккейна 7 — Ивана Кудри, Французский Квартал",,Печерський,"Київ, Печерський - 29 травня 2026 р."
olx,https://www.olx.ua/d/uk/obyavlenie/orenda-1-kmnatno-kvartiri-p-t-akademka-glushkova-9d-metro-podrom-teremki-studya-generator-na-vse-ID10ztrX.html?search_reason=search%7Cpromoted,15 000 грн.,"Оренда 1 кімнатної квартири п-т. Академіка Глушкова 9Д метро Іподром, Теремки, студія, генератор на все",,Голосіївський,"Київ, Голосіївський - Сьогодні о 17:57"
olx,https://www.olx.ua/d/uk/obyavlenie/zdatsya-tri-kmnatna-kvartira-po-vulits-arhtektora-nkolava-ID10yotr.html?search_reason=search%7Corganic,15 000 грн.,Здається три кімнатна квартира по вулиці Архітектора Ніколаєва,,Деснянський,"Київ, Деснянський - Сьогодні о 16:08"
olx,https://www.olx.ua/d/uk/obyavlenie/zhk-alter-egoprostora-kvartira-z-dizaynerskim-remontom-ID10sAjN.html?search_reason=search%7Corganic,75 298.23 грн.,ЖК Alter Ego простора квартира з дизайнерським ремонтом,,Печерський,"Київ, Печерський - Сьогодні о 10:01"
olx,https://www.olx.ua/d/uk/obyavlenie/orenda-1kmn-kvartiri-golosvskiy-rn-blya-metro-park-gazova-plita-tseglyaniy-budinok-ID10wQsG.html?search_reason=search%7Corganic,12 600 грн.Договірна,Оренда 1кімн квартири Голосіївський рн біля метро парк газова плита цегляний будинок,,Голосіївський,"Київ, Голосіївський - Сьогодні о 13:21"
olx,https://www.olx.ua/d/uk/obyavlenie/orenda-2-kom-kvartiri-v-tsentr-78m2-maydan-nezalezhnost-vul-kostolna-9-ID10qNWd.html?search_reason=search%7Corganic,25 000 грн.,"Оренда 2 ком. квартири в Центрі, 78м2, Майдан Незалежності, вул. Костьольна 9",78м2,Шевченківський,"Київ, Шевченківський - Сьогодні о 07:47"
olx,https://www.olx.ua/d/uk/obyavlenie/zdam-2-kmnatu-kvartiru-ID10v5lS.html?search_reason=search%7Corganic,10 000 грн.,Здам 2 кімнату квартиру,,Дніпровський,"Київ, Дніпровський - 30 травня 2026 р."
olx,https://www.olx.ua/d/uk/obyavlenie/bez-orenda-eksklyuzivno-vip-2-kmn-kvartiri-vul-saksaganskogo-31-ID10gar8.html?search_reason=search%7Corganic,155 025.77 грн.,Без % Оренда ексклюзивної vip 2-кімн квартири вул Саксаганського 31,,Печерський,"Київ, Печерський - Сьогодні о 11:41"
olx,https://www.olx.ua/d/uk/obyavlenie/zdam-zatishnu-kvartiru-na-chokolovskomu-bul-40-ID10sFOb.html?search_reason=search%7Corganic,13 500 грн.,Здам затишну квартиру на Чоколовському бул. 40!,,Солом'янський,"Київ, Солом'янський - Сьогодні о 09:46"
olx,https://www.olx.ua/d/uk/obyavlenie/orenda-3-kmn-kvartiri-v-zhk-novopechersk-lipki-dragomirova-9-pechersk-zvrinetska-95-m2-ID10wACm.html?search_reason=search%7Corganic,83 935.38 грн.,"Оренда 3-кімн квартири в ЖК Новопечерські липки, Драгомирова 9,Печерськ, Звіринецька, (95 м2)",95 м2,Печерський,"Київ, Печерський - Сьогодні о 15:46"
olx,https://www.olx.ua/d/uk/obyavlenie/dovgostrokova-orenda-2h-kmn-kvartiri-v-tsentr-msta-vul-kudryavska-31-33-ID10A82R.html?search_reason=search%7Corganic,17 000 грн.,Довгострокова оренда 2х кімн.квартири в центрі міста : вул.Кудрявська 31/33,,Шевченківський,"Київ, Шевченківський - 30 травня 2026 р."
olx,https://www.olx.ua/d/uk/obyavlenie/bez-koms-pet-friendly-oftsyna-orenda-fop-ID10miEb.html?search_reason=search%7Corganic,35 000 грн.Договірна,‼️Без комісії. Pet Friendly‼️ Офіційна оренда ФОП,,Печерський,"Київ, Печерський - Сьогодні о 14:12"
olx,https://www.olx.ua/d/uk/obyavlenie/orenda-1o-kmn-kvartira-harkvske-shose-m-virlitsya-ID10uAnB.html?search_reason=search%7Cpromoted,13 500 грн.,"Оренда 1о кімн. квартира Харківське шосе, м. Вирлиця",,Дарницький,"Київ, Дарницький - Сьогодні о 15:46"
olx,https://www.olx.ua/d/uk/obyavlenie/bez-3k-kvartira-94-m2-voskresenska-18b-zhk-parkov-ozera-ID10ylcw.html?search_reason=search%7Cpromoted,51 656.81 грн.,"Без %, 3к квартира, 94 м2, Воскресенська, 18Б, ЖК Паркові Озера",94 м2,Дніпровський,"Київ, Дніпровський - Сьогодні о 14:07"
olx,https://www.olx.ua/d/uk/obyavlenie/orenda-kvartiri-v-zhk-park-land-IDYvyQN.html?search_reason=search%7Cpromoted,24 000 грн.Договірна,Оренда квартири  в ЖК Park Land,,Солом'янський,"Київ, Солом'янський - Сьогодні о 17:02"
olx,https://www.olx.ua/d/uk/obyavlenie/dragomanova13-2komnatnaya-kvartira-15minut-peshkom-metro-poznyaki-ID10zuAT.html?search_reason=search%7Corganic,15 900 грн.,Драгоманова№13-2комнатная квартира-15минут Пешком Метро-ПОЗНЯКИ=,,Дарницький,"Київ, Дарницький - Сьогодні о 10:44"
olx,https://www.olx.ua/d/uk/obyavlenie/orenda-kvartiri-vul-gorodetskogo-ID10AbRH.html?search_reason=search%7Corganic,48 722.39 грн.Договірна,Оренда квартири вул Городецького,,Печерський,"Київ, Печерський - 30 травня 2026 р."
olx,https://www.olx.ua/d/uk/obyavlenie/zdam-v-orendu-2-h-kmnatnu-kvartiru-na-vinogradar-prosp-svobodi-46-4-10-ID10zE3n.html?search_reason=search%7Corganic,15 000 грн.,"Здам в оренду 2-х кімнатну квартиру на Виноградарі , просп. Свободи 46. 4/10",,Подільський,"Київ, Подільський - Сьогодні о 06:51"
olx,https://www.olx.ua/d/uk/obyavlenie/vd-hazyana-2h-kmnatna-m-dorogozhichi-mozhna-z-tvarinami-ID10ip7K.html?search_reason=search%7Corganic,16 000 грн.,Від хазяїна 2х кімнатна м.Дорогожичи  Можна з тваринами,,Шевченківський,"Київ, Шевченківський - Сьогодні о 09:44"
olx,https://www.olx.ua/d/uk/obyavlenie/zdam-1-k-tetris-hall-pecherskiy-olympyska-frantsuzskiy-ID10wrUY.html?search_reason=search%7Corganic,53 151.69 грн.,Здам 1-к Tetris Hall Печерський Олымпійська Французський,,Печерський,"Київ, Печерський - Сьогодні о 10:47"
olx,https://www.olx.ua/d/uk/obyavlenie/orenda-2-kmnatna-kvartira-v-suchasnomu-zhk-svitlo-park-poruch-z-pecherskom-ta-metro-vidubich-ID10wv7S.html?search_reason=search%7Corganic,33 219.81 грн.,"Оренда  2-кімнатна квартира в сучасному ЖК Svitlo Park, поруч із Печерськом та метро Видубичі",,Голосіївський,"Київ, Голосіївський - Сьогодні о 13:15"
olx,https://www.olx.ua/d/uk/obyavlenie/orenda-1-km-kvartiri-zhk-a52-ID10iluv.html?search_reason=search%7Corganic,28 000 грн.Договірна,Оренда 1 кім квартири ЖК А52,,Шевченківський,"Київ, Шевченківський - Сьогодні о 15:19"
olx,https://www.olx.ua/d/uk/obyavlenie/persha-zdacha-demvska-bez-koms-komyunt-parkomstse-ID10hOlY.html?search_reason=search%7Corganic,19 000 грн.,ПЕРША ЗДАЧА/Деміївська/Без комісії/Комʼюніті/Паркомісце,,Голосіївський,"Київ, Голосіївський - Сьогодні о 16:33"
olx,https://www.olx.ua/d/uk/obyavlenie/sdam-kvartiru-ul-kahovskaya-62a-metro-lisova-ID10zkRD.html?search_reason=search%7Corganic,15 500 грн.,Сдам квартиру ул. Каховская 62а метро Лисова,,Дніпровський,"Київ, Дніпровський - 30 травня 2026 р."
olx,https://www.olx.ua/d/uk/obyavlenie/1-kmnatna-kvartiraokrema-spalnya-v-fayna-taun-balkon-kabnet-nivki-svyatoshino-salyutna-scherbakvskogo-ID10AnZ8.html?search_reason=search%7Cpromoted,26 575.85 грн.,1-кімнатна квартира(окрема спальня) в Файна Таун + балкон-кабінет. Нивки Святошино Салютна Щербаківського,,Святошинський,"Київ, Святошинський - Сьогодні о 14:46"
olx,https://www.olx.ua/d/uk/obyavlenie/orenda-1-kmnatno-kvartiri-m-kontraktova-ploscha-podol-bez-koms-IDYzXz3.html?search_reason=search%7Cpromoted,25 000 грн.,"Оренда 1 кімнатної квартири , м. Контрактова площа, Подол, БЕЗ КОМІСІЇ",,Шевченківський,"Київ, Шевченківський - 30 травня 2026 р."
olx,https://www.olx.ua/d/uk/obyavlenie/zdatsya-1-k-kvartira-bez-greyt-slavutich-dnprovska-naberezhna-ID10gy8A.html?search_reason=search%7Cpromoted,33 219.81 грн.,"Здається 1-к. квартира без %, Грейт, Славутич, Дніпровська набережна",,Дарницький,"Київ, Дарницький - 18 травня 2026 р."
olx,https://www.olx.ua/d/uk/obyavlenie/vlna-do-zaselennya-1k-kvartira-ID10vSOd.html?search_reason=search%7Corganic,15 502.58 грн.,Вільна до заселення 1к.квартира,,Дарницький,"Київ, Дарницький - Сьогодні о 12:40"
olx,https://www.olx.ua/d/uk/obyavlenie/orenda-2k-kvartiri-v-zhk-venetsya-na-vul-samyla-kshki-ID10AYjB.html?search_reason=search%7Corganic,16 000 грн.Договірна,"Оренда 2к квартири в ЖК ""Венеція"" на вул. Самійла Кішки",,Голосіївський,"Київ, Голосіївський - Сьогодні о 10:41"
olx,https://www.olx.ua/d/uk/obyavlenie/orenda-3k-dizaynersko-kvartiri-v-zhk-bulvar-fontanv-pechersk-tsentr-kiv-ID10unLe.html?search_reason=search%7Corganic,132 879.23 грн.,Оренда 3к дизайнерської квартири в ЖК Бульвар Фонтанів Печерськ Центр Київ,,Печерський,"Київ, Печерський - Сьогодні о 15:52"
olx,https://www.olx.ua/d/uk/obyavlenie/orenda-1k-metro-pecherska-vul-vgena-konovaltsa-36-e-bez-koms-ID10yozs.html?search_reason=search%7Corganic,30 000 грн.,"Оренда 1к, метро Печерська, вул. Євгена Коновальца 36-Е, без комісії",,Печерський,"Київ, Печерський - Сьогодні о 16:11"
olx,https://www.olx.ua/d/uk/obyavlenie/metro-pecherska-ID10yamP.html?search_reason=search%7Corganic,19 500 грн.,Метро Печерська,,Печерський,"Київ, Печерський - 30 травня 2026 р."
olx,https://www.olx.ua/d/uk/obyavlenie/zdam-1-kmnatnu-kvartiru-zhk-parkov-ozera-metro-darnitsya-ID10ykd9.html?search_reason=search%7Corganic,15 000 грн.,"здам  1 кімнатну квартиру. ЖК ""Паркові Озера"". Метро Дарниця.",,Дніпровський,"Київ, Дніпровський - Сьогодні о 13:32"
olx,https://www.olx.ua/d/uk/obyavlenie/vlasnik-zdam-kvartiru-u-zhk-navgator-vrodvushka-61-kv-obolonskiy-r-n-kurenvka-ID10zW95.html?search_reason=search%7Corganic,16 500 грн.,"Власник. Здам квартиру у ЖК Навігатор. Євродвушка, 61 кв. Оболонський р-н, Куренівка",,Оболонський,"Київ, Оболонський - Сьогодні о 11:56"
olx,https://www.olx.ua/d/uk/obyavlenie/arenda-kvartiry-ul-voznesenskiy-spusk-shevchenkovskiy-r-n-kudryavets-ID10yrfi.html?search_reason=search%7Corganic,124 020.62 грн.,"Аренда квартиры, ул. Вознесенский спуск, Шевченковский р-н, Кудрявец",,Шевченківський,"Київ, Шевченківський - Сьогодні о 17:49"
olx,https://www.olx.ua/d/uk/obyavlenie/odnokmnatna-kvartira-7-hv-hodu-do-m-nivki-IDWMB0K.html?search_reason=search%7Corganic,8 000 грн.,Однокімнатна квартира 7 хв ходу до м.Нивки,,Шевченківський,"Київ, Шевченківський - Сьогодні о 09:47"
olx,https://www.olx.ua/d/uk/obyavlenie/arenda-3-h-kmnatno-kvartiri-poznyaki-mishugi-12-ID10Alrs.html?search_reason=search%7Corganic,28 000 грн.,"Аренда 3-х кімнатної квартири Позняки , Мишуги 12",,Дарницький,"Київ, Дарницький - Сьогодні о 11:24"
olx,https://www.olx.ua/d/uk/obyavlenie/bez-persha-zdacha-generator-zhk-svitlo-park-46-kv-m-vidubich-ID10AzTA.html?search_reason=search%7Cpromoted,23 000 грн.,Без %! Перша здача! Є генератор! ЖК Svitlo Park 46 кв.м. Видубичі,46 кв.м,Голосіївський,"Київ, Голосіївський - 30 травня 2026 р."
olx,https://www.olx.ua/d/uk/obyavlenie/zhk-pechersky-terasa-kvartira-4k-pecherskiy-orenda-penthaus-nvertor-IDXcl2l.html?search_reason=search%7Cpromoted,265 315.54 грн.Договірна,ЖК PecherSky ТЕРАСА Квартира 4К Печерський Оренда Пентхаус Інвертор,,Печерський,"Київ, Печерський - 02 травня 2026 р."
olx,https://www.olx.ua/d/uk/obyavlenie/orenda-1-kmnatno-kvartiri-m-poznyaki-ID10sk9t.html?search_reason=search%7Cpromoted,15 000 грн.,"Оренда 1-кімнатної квартири, м. Позняки",,Дарницький,"Київ, Дарницький - 09 травня 2026 р."
olx,https://www.olx.ua/d/uk/obyavlenie/bez-1k-rozdlna-zhk-frantsuzkiy-kvartal-2-vul-predslavinska-42-generator-na-lft-ID10jotO.html?search_reason=search%7Corganic,37 649.12 грн.,БЕЗ % 1к Роздільна| ЖК Французький квартал 2| вул. Предславинська 42| ГЕНЕРАТОР на ліфт є,,Печерський,"Київ, Печерський - Сьогодні о 08:12"
olx,https://www.olx.ua/d/uk/obyavlenie/orenda-2-vo-kmnatno-kvartiri-shulyavka-ID10sw1s.html?search_reason=search%7Corganic,24 000 грн.,"Оренда 2-во кімнатної квартири , Шулявка.",,Солом'янський,"Київ, Солом'янський - 30 травня 2026 р."
olx,https://www.olx.ua/d/uk/obyavlenie/orenda-2k-kvartiri-zhk-frantsuzkiy-kvartal-2-vul-predslavinska-44-ID10AgSa.html?search_reason=search%7Corganic,75 298.23 грн.,"Оренда 2к квартири, ЖК Французький квартал 2, вул. Предславинська, 44",,Печерський,"Київ, Печерський - Сьогодні о 11:12"
olx,https://www.olx.ua/d/uk/obyavlenie/sdam-1-kmnatnu-kvartiru-vul-mikoli-zakrevskogo-101v-ID10mEA4.html?search_reason=search%7Corganic,11 000 грн.,Сдам 1 кімнатну.квартиру вул.Миколи Закревського 101В,,Деснянський,"Київ, Деснянський - Сьогодні о 08:16"
olx,https://www.olx.ua/d/uk/obyavlenie/bez-zdam-dovgostrokovo-vrodvushku-zhk-aristokrat-konovaltsya-34-a-ID10AiHU.html?search_reason=search%7Corganic,62 010.31 грн.,"Без %. Здам довгостроково євродвушку ЖК Аристократ, Коновальця 34-а.",,Печерський,"Київ, Печерський - Сьогодні о 11:26"
olx,https://www.olx.ua/d/uk/obyavlenie/sdaetsya-3-komnatnaya-kvartira-v-pecherskom-r-n-goodwine-svet-gaz-ID1077tz.html?search_reason=search%7Corganic,31 000 грн.,"Сдаётся 3-комнатная квартира в Печерском р-н, Goodwine. СВЕТ, ГАЗ!",,Печерський,"Київ, Печерський - Сьогодні о 12:49"
olx,https://www.olx.ua/d/uk/obyavlenie/obolon-gerov-polku-azov-1a-odnokmnatna-kvartira-ID10mcJT.html?search_reason=search%7Corganic,11 000 грн.,"Оболонь. Героїв полку Азов 1а, однокімнатна квартира.",,Оболонський,"Київ, Оболонський - Сьогодні о 09:45"
olx,https://www.olx.ua/d/uk/obyavlenie/zatishna-1-kmnatna-kvartira-po-vul-salyutna-2-bud-21-zhk-fayna-taun-ID10n2zJ.html?search_reason=search%7Corganic,31 000 грн.,"Затишна 1-кімнатна квартира по вул. Салютна, 2 (буд. 21) ЖК Файна Таун",,Шевченківський,"Київ, Шевченківський - Сьогодні о 11:54"
olx,https://www.olx.ua/d/uk/obyavlenie/orenda-3k-kvartiri-vul-staronavodnitska-6b-poruch-metro-pecherska-ID10AgNm.html?search_reason=search%7Corganic,57 581 грн.,"Оренда 3к квартири, вул. Старонаводницька, 6Б, поруч метро Печерська",,Печерський,"Київ, Печерський - Сьогодні о 11:12"
olx,https://www.olx.ua/d/uk/obyavlenie/arenda-kvartiri-ID10gfqG.html?search_reason=search%7Corganic,30 000 грн.,Аренда квартири!,,Шевченківський,"Київ, Шевченківський - Сьогодні о 10:57"
olx,https://www.olx.ua/d/uk/obyavlenie/dovgostrokova-orenda-2k-kvartiri-na-vul-glibochitska-32b-ID10vRcC.html?search_reason=search%7Cpromoted,53 151.69 грн.,Довгострокова оренда 2к квартири на вул. Глибочицька 32Б,,Шевченківський,"Київ, Шевченківський - 29 травня 2026 р."
olx,https://www.olx.ua/d/uk/obyavlenie/orenda-3k-k-ri-113m2-zhk-oazis-vasyuka-10a-mnska-ID10hMeR.html?search_reason=search%7Cpromoted,35 000 грн.,"Оренда 3к.к-ри 113м2 ЖК Оазис, Івасюка.10а.Мінська",113м2,Оболонський,"Київ, Оболонський - Сьогодні о 17:27"
olx,https://www.olx.ua/d/uk/obyavlenie/orenda-stilno-1kmn-kv-zhk-park-stoun-pr-t-v-vasyuka-2d-m-kiv-ID10xT98.html?search_reason=search%7Cpromoted,28 000 грн.,"Оренда стильної 1кімн.кв. ЖК Парк Стоун ,пр-т В.Івасюка 2Д  м.Київ",,Оболонський,"Київ, Оболонський - Сьогодні о 19:11"
olx,https://www.olx.ua/d/uk/obyavlenie/orenda-2-k-kvartiri-blya-m-palats-ukrana-vul-velika-vasilkvska-124a-golosvskiy-rayon-ID10i8KN.html?search_reason=search%7Corganic,25 000 грн.,Оренда 2-к квартири біля м. Палац Україна / вул. Велика Васильківська 124А/ Голосіївський район,,Голосіївський,"Київ, Голосіївський - Сьогодні о 13:56"
olx,https://www.olx.ua/d/uk/obyavlenie/bez-koms-aktualno-orenda-1-kmnatno-kvartiri-abolmasova-7-ID10xaFB.html?search_reason=search%7Corganic,17 500 грн.,"Без комісії. АКТУАЛЬНО Оренда 1-кімнатної квартири Аболмасова, 7",,Дніпровський,"Київ, Дніпровський - Сьогодні о 13:25"
olx,https://www.olx.ua/d/uk/obyavlenie/bez-orenda3km-110m2-vul-g-vorobyova-b-13-e-22-25pov-generator-chokolovka-solom-IDV8PHO.html?search_reason=search%7Corganic,25 000 грн.,БЕЗ%ОРЕНДА3кім.110м2 вул.Г.Воробйова б.13-Е 22/25пов. ГЕНЕРАТОР ЧОКОЛОВКА Солом,110м2,Солом'янський,"Київ, Солом'янський - Сьогодні о 12:49"
olx,https://www.olx.ua/d/uk/obyavlenie/orenda-1kmn-kvartiri-na-pechersku-zhk-novopechersk-lipki-dragomirova-16-6poverh-z-lodzhyu-ID10wCxe.html?search_reason=search%7Corganic,39 863.77 грн.,"Оренда 1кімн квартири на Печерську, ЖК Новопечерські Липки, Драгомирова 16, 6поверх, з лоджією",,Печерський,"Київ, Печерський - Сьогодні о 16:55"
olx,https://www.olx.ua/d/uk/obyavlenie/orenda-2-k-kvartiri-46-kv-m-vul-vana-mkolaychuka-15-1-bereznyaki-ID10n1M8.html?search_reason=search%7Corganic,12 500 грн.,"Оренда 2 к квартири 46 кв.м,вул.Івана Міколайчука,15/1,Березняки",46 кв.м,Дніпровський,"Київ, Дніпровський - Сьогодні о 13:55"
olx,https://www.olx.ua/d/uk/obyavlenie/orenda-1-kmnatno-kvartiri-zhk-novopechersk-lipki-dragomirova-14-pechersk-zvrinetska-ID10wAg3.html?search_reason=search%7Corganic,35 434.46 грн.,"Оренда 1-кімнатної квартири ЖК Новопечерські Липки, Драгомирова 14,Печерськ, Звіринецька",,Печерський,"Київ, Печерський - Сьогодні о 15:33"
olx,https://www.olx.ua/d/uk/obyavlenie/orenda-2-k-kvartiri-na-vul-zhilyanska-ID10AYse.html?search_reason=search%7Corganic,14 000 грн.Договірна,Оренда 2-к квартири на вул. Жилянська,,Шевченківський,"Київ, Шевченківський - Сьогодні о 10:46"
olx,https://www.olx.ua/d/uk/obyavlenie/zdam-1-kmnatnu-kvartiru-na-chavdar-ID10z5Uz.html?search_reason=search%7Corganic,17 000 грн.Договірна,Здам 1 кімнатну квартиру на Чавдар,,Дарницький,"Київ, Дарницький - Сьогодні о 10:33"
olx,https://www.olx.ua/d/uk/obyavlenie/orenda-3kmn-kvartiri-na-pechersku-zhk-novopechersk-lipki-verhoglyada-16-ID10wzRw.html?search_reason=search%7Corganic,88 586.16 грн.,"Оренда 3кімн квартири на Печерську,ЖК Новопечерські Липки,Верхогляда 16",,Печерський,"Київ, Печерський - Сьогодні о 15:20"
olx,https://www.olx.ua/d/uk/obyavlenie/orenda-kvartira-194m2-4kmn-zhk-novopechersk-lipki-generator-ID10wx4Y.html?search_reason=search%7Corganic,212 606.77 грн.,Оренда Квартира 194м2 4кімн ЖК Новопечерські Липки Генератор,194м2,Печерський,"Київ, Печерський - Сьогодні о 13:46"
olx,https://www.olx.ua/d/uk/obyavlenie/dolgosrochnaya-arenda-kvartiry-dragomanova-31v-metro-5-minut-hodb-IDTDfIx.html?search_reason=search%7Cpromoted,18 500 грн.Договірна,Долгосрочная аренда квартиры Драгоманова 31в. Метро 5 минут ходьб,,Дарницький,"Київ, Дарницький - 30 травня 2026 р."
olx,https://www.olx.ua/d/uk/obyavlenie/orenda-kvartiri-sadovo-botanchna-pechersk-kiv-ID10A30r.html?search_reason=search%7Corganic,110 732.70 грн.,"Оренда квартири, Садово-Ботанічна, Печерськ, Київ",,Печерський,"Київ, Печерський - Сьогодні о 16:39"
olx,https://www.olx.ua/d/uk/obyavlenie/orenda-2-k-kvartiri-bez-koms-vul-peremishilska-10-vinogradar-ID10i9lG.html?search_reason=search%7Corganic,13 000 грн.,"Оренда 2-к квартири БЕЗ КОМІСІЇ, вул. Перемишильська 10, ""Виноградар""",,Подільський,"Київ, Подільський - Сьогодні о 08:52"
olx,https://www.olx.ua/d/uk/obyavlenie/orenda-3kmn-kvartiri-zhk-novopechersk-lipki-pechersk-ID10wC2A.html?search_reason=search%7Corganic,159 455.08 грн.,"Оренда 3кімн квартири ЖК Новопечерські Липки,Печерськ",,Печерський,"Київ, Печерський - Сьогодні о 16:37"
olx,https://www.olx.ua/d/uk/obyavlenie/orenda-1k-kvartiri-zhk-tetris-hall-vul-fedorova-2a-olmpyska-ID10AgGH.html?search_reason=search%7Corganic,75 298.23 грн.,"Оренда 1к квартири, ЖК Tetris Hall, вул. Федорова, 2а, Олімпійська",,Печерський,"Київ, Печерський - Сьогодні о 11:12"
olx,https://www.olx.ua/d/uk/obyavlenie/orenda-1-k-kvartiri-zhk-varshavskiy-3-44m2-bez-koms-sltlo-24-7-IDZ0DoU.html?search_reason=search%7Corganic,26 000 грн.,"Оренда 1-к квартири, ЖК Варшавський 3, 44м2, БЕЗ КОМІСІЇ, слітло 24/7",44м2,Подільський,"Київ, Подільський - Сьогодні о 09:45"
olx,https://www.olx.ua/d/uk/obyavlenie/orenda-kvartira-206m2-3kmn-zhk-andersen-vul-schovih-strltsv-ID10wxXW.html?search_reason=search%7Corganic,79 727.54 грн.,Оренда Квартира 206м2 3кімн ЖК Андерсен вул Січових Стрільців,206м2,Шевченківський,"Київ, Шевченківський - Сьогодні о 14:14"
olx,https://www.olx.ua/d/uk/obyavlenie/arenda-kvartiry-pr-t-beresteyskiy-zhk-victory-v-svyatoshinskiy-r-n-svyatoshino-ID10wzUB.html?search_reason=search%7Corganic,57 581 грн.,"Аренда квартиры, пр-т Берестейский, ЖК Victory V, Святошинский р-н, Святошино",,Святошинський,"Київ, Святошинський - Сьогодні о 15:21"
olx,https://www.olx.ua/d/uk/obyavlenie/bez-koms-orenda-2-km-kuhnya-studya-zhk-rvra-gaz-2-poverh-ID10gROQ.html?search_reason=search%7Corganic,35 000 грн.,БЕЗ комісії. Оренда 2 км + кухня студія. ЖК Рів'єра. ГАЗ. 2 поверх,,Дарницький,"Київ, Дарницький - 30 травня 2026 р."
olx,https://www.olx.ua/d/uk/obyavlenie/orenda-kvratira-48m2-1kmn-zhk-greenville-pechersk-ID10wFMd.html?search_reason=search%7Corganic,53 151.69 грн.,Оренда Квратира 48м2 1кімн ЖК Greenville Печерськ,48м2,Печерський,"Київ, Печерський - Сьогодні о 18:55"
olx,https://www.olx.ua/d/uk/obyavlenie/orenda-4k-kvartiri-163m2-demvska-golosvskiy-ID10yiQA.html?search_reason=search%7Corganic,70 868.92 грн.,Оренда 4к квартири 163м2 Деміївська Голосіївський,163м2,Голосіївський,"Київ, Голосіївський - Сьогодні о 12:43"
olx,https://www.olx.ua/d/uk/obyavlenie/vlasnik-zhk-yaroslavv-grad-m-zolot-vorota-ID10yDRo.html?search_reason=search%7Cpromoted,41 989.84 грн.,"ВЛАСНИК, ЖК Ярославів Град, м.Золоті Ворота",,Шевченківський,"Київ, Шевченківський - 25 травня 2026 р."
olx,https://www.olx.ua/d/uk/obyavlenie/tokareva-5-vuzvska-dovgostrokovo-2kmnati-ID10iDwg.html?search_reason=search%7Cpromoted,22 000 грн.,"Токарева 5  (Вузівська), довгостроково, 2кімнати",,Солом'янський,"Київ, Солом'янський - 28 травня 2026 р."
olx,https://www.olx.ua/d/uk/obyavlenie/revutskogo-40b-metro-300-metrv-IDVAOUU.html?search_reason=search%7Cpromoted,13 000 грн.,"Ревуцького 40Б, метро 300 метрів",,Дарницький,"Київ, Дарницький - 29 травня 2026 р."
olx,https://www.olx.ua/d/uk/obyavlenie/english-orenda-3h-kmnatno-kvartiri-91m2-klubniy-budinok-zhk-exon-zeleniy-zamok-vulitsya-olegvska-3-podl-shevchenkvskiy-rayon-tsentr-msta-kiv-ID10oLY8.html?search_reason=search%7Corganic,57 581 грн.Договірна,ENGLISH Оренда 3х кімнатної квартири 91м2 Клубний будинок ЖК «Exon / Зелений Замок» вулиця Олегівська 3 / Поділ Шевченківський район центр міста Київ,91м2,Шевченківський,"Київ, Шевченківський - Сьогодні о 11:16"
olx,https://www.olx.ua/d/uk/obyavlenie/orenda-3k-kvartiri-103m2-zhk-novopechersk-lipki-pechersk-tsentr-zvrenetska-ID10yhVL.html?search_reason=search%7Corganic,110 732.70 грн.,Оренда 3к квартири 103м2 жк Новопечерскі Липки печерськ Центр звіренецька,103м2,Печерський,"Київ, Печерський - Сьогодні о 12:08"
olx,https://www.olx.ua/d/uk/obyavlenie/orenda-2-k-kv-persha-zdacha-zhk-bulvar-fontanv-pechersk-ID10wxFM.html?search_reason=search%7Corganic,44 293.08 грн.Договірна,"Оренда 2-к кв.‼️Перша здача ЖК Бульвар Фонтанів, Печерськ",,Печерський,"Київ, Печерський - Сьогодні о 14:05"
olx,https://www.olx.ua/d/uk/obyavlenie/orenda-4-kmnatno-kvartri-159m2-zhk-novopecherskiy-dvr-pechersk-tsentr-ID10yjde.html?search_reason=search%7Corganic,97 444.77 грн.,Оренда 4-кімнатної квартри 159м2 Жк Новопечерський двір Печерськ Центр,159м2,Печерський,"Київ, Печерський - Сьогодні о 12:56"
olx,https://www.olx.ua/d/uk/obyavlenie/bez-zdam-3-k-zhk-demvka-goloseevskiy-demvska-16-park-avenue-ID10wuS1.html?search_reason=search%7Corganic,53 151.69 грн.,Без% Здам 3-к ЖК Деміївка Голосеевский Деміївська 16 Park Avenue,,Голосіївський,"Київ, Голосіївський - Сьогодні о 12:32"
olx,https://www.olx.ua/d/uk/obyavlenie/orenda-trirvnevo-kv-130-m2-v-zhk-komfort-taun-ID10lX54.html?search_reason=search%7Corganic,62 010.31 грн.,Оренда трирівневої кв 130 м2 в ЖК Комфорт Таун,130 м2,Дніпровський,"Київ, Дніпровський - Сьогодні о 18:16"
olx,https://www.olx.ua/d/uk/obyavlenie/sdam-2-h-komnatnuyu-kvartiru-novostroy-gradinskaya-ID10ml9Y.html?search_reason=search%7Corganic,18 000 грн.,Сдам 2- х комнатную квартиру новострой Градинская,,Деснянський,"Київ, Деснянський - Сьогодні о 15:30"
olx,https://www.olx.ua/d/uk/obyavlenie/orenda-kvartira-4kmn-167m2-bulvar-golosvskiy-30b-m-demvska-ID10yhyC.html?search_reason=search%7Corganic,70 868.92 грн.,Оренда Квартира 4кімн 167м2 бульвар Голосіївський 30Б м Деміівська,167м2,Голосіївський,"Київ, Голосіївський - Сьогодні о 11:53"
olx,https://www.olx.ua/d/uk/obyavlenie/orenda-prostoro-3-kk-na-obolon-komfort-ta-prestizhna-lokatsya-blya-dnpra-ID10yiJx.html?search_reason=search%7Corganic,37 649.12 грн.Договірна,Оренда просторої 3 кк на Оболоні комфорт та престижна локація біля Дніпра,,Оболонський,"Київ, Оболонський - Сьогодні о 12:41"
olx,https://www.olx.ua/d/uk/obyavlenie/suchasna-kvartira-zhk-navgator-baltyskiy-pr-5-obolonskiy-rayon-ID10orIc.html?search_reason=search%7Cpromoted,22 500 грн.Договірна,"Сучасна квартира жк ""Навігатор"" Балтійский пр.5, Оболонський район",,Оболонський,"Київ, Оболонський - 29 травня 2026 р."
olx,https://www.olx.ua/d/uk/obyavlenie/generator-orenda-1-km-kvartiri-45-m2-v-zhk-svtlo-park-IDYraaW.html?search_reason=search%7Cpromoted,21 000 грн.,Є ГЕНЕРАТОР оренда 1-кім квартири 45 м2 в ЖК Світло Парк,45 м2,Голосіївський,"Київ, Голосіївський - Сьогодні о 08:33"
olx,https://www.olx.ua/d/uk/obyavlenie/vlasnik-orenda-zatishno-kvartiri-v-tsentr-na-veliky-vasilkvsky-114-ID105n9d.html?search_reason=search%7Cpromoted,30 000 грн.,Власник! Оренда затишної квартири  в центрі на Великій Васильківській 114,,Печерський,"Київ, Печерський - Сьогодні о 11:34"
olx,https://www.olx.ua/d/uk/obyavlenie/orenda-kvartiri-poznyaki-vrodvushka-okrema-spalna-vanna-dush-kab-IDXPk0q.html?search_reason=search%7Corganic,15 500 грн.,"Оренда квартири Позняки,  євродвушка (окрема спальна) ванна, душ.каб",,Дарницький,"Київ, Дарницький - Сьогодні о 12:30"
olx,https://www.olx.ua/d/uk/obyavlenie/bez-orenda-1k-kvartiri-v-tsentr-yaroslavv-val-21-20-metro-zolot-vorota-ID108dPF.html?search_reason=search%7Corganic,44 293.08 грн.,"Без % Оренда 1к квартири в Центрі, Ярославів Вал 21/20, метро Золоті Ворота",,Шевченківський,"Київ, Шевченківський - Сьогодні о 09:46"
olx,https://www.olx.ua/d/uk/obyavlenie/orenda-vd-vlasnika-kvartira-50-kv-m-feofanya-10-hv-metro-teremki-ID10g3c8.html?search_reason=search%7Corganic,18 000 грн.Договірна,Оренда від власника. Квартира 50 кв м. Феофанія  - 10 хв метро Теремки,50 кв м,Голосіївський,"Київ, Голосіївський - 30 травня 2026 р."
olx,https://www.olx.ua/d/uk/obyavlenie/orenda-2-km-vidovo-kvartiri-sherwood-solomyanskiy-avtonomne-opalennya-generator-na-budinok-ID10ww89.html?search_reason=search%7Corganic,53 151.69 грн.,Оренда 2-кім видової Квартири / Sherwood / Солом'янський / Автономне опалення / Є Генератор на будинок,,Солом'янський,"Київ, Солом'янський - Сьогодні о 12:40"
olx,https://www.olx.ua/d/uk/obyavlenie/troeschina-kotoraya-tebe-i-ne-snilas-2k-s-vidom-na-million-IDYrbNL.html?search_reason=search%7Corganic,12 000 грн.Договірна,"Троещина, которая тебе и не снилась. 2к с видом на миллион!",,Деснянський,"Київ, Деснянський - Сьогодні о 08:37"
olx,https://www.olx.ua/d/uk/obyavlenie/arenda-prostornoy-3kom-bulvar-verhovnogo-soveta-14-b-metro-darnitsa-ID10Aqxo.html?search_reason=search%7Corganic,22 000 грн.,"Аренда просторной 3ком. Бульвар Верховного Совета, 14-Б (метро Дарница)",,Дніпровський,"Київ, Дніпровський - Сьогодні о 13:57"
olx,https://www.olx.ua/d/uk/obyavlenie/zdam-1k-zh-k-kahovskiy-m-lvoberezhna-15-hv-pshki-ID10fpwS.html?search_reason=search%7Corganic,15 000 грн.,Здам 1к.Ж/К Каховський м.Лівобережна-15 хв.пішки,,Дніпровський,"Київ, Дніпровський - Сьогодні о 12:27"
olx,https://www.olx.ua/d/uk/obyavlenie/orenda-3-kmnatno-kvartiri-92-m2-v-zhk-central-park-vul-vana-kudr-pechersk-ID10wsIw.html?search_reason=search%7Corganic,73 083.58 грн.,"Оренда 3-кімнатної квартири 92 м2 в ЖК «Central Park», вул. Івана Кудрі/Печерськ",92 м2,Печерський,"Київ, Печерський - Сьогодні о 11:17"
olx,https://www.olx.ua/d/uk/obyavlenie/orenda-3k-kvartiri-zhk-delmar-vul-andrya-verhoglyada-4b-ID10Ah6g.html?search_reason=search%7Corganic,79 727.54 грн.,"Оренда 3к квартири, ЖК Delmar, вул. Андрія Верхогляда, 4б",,Печерський,"Київ, Печерський - Сьогодні о 11:13"
olx,https://www.olx.ua/d/uk/obyavlenie/orenda-2-k-kvartiri-bez-koms-vul-peremishilska-10-vinogradar-ID10i9lG.html?search_reason=search%7Corganic,13 000 грн.,"Оренда 2-к квартири БЕЗ КОМІСІЇ, вул. Перемишильська 10, ""Виноградар""",,Подільський,"Київ, Подільський - Сьогодні о 08:52"
olx,https://www.olx.ua/d/uk/obyavlenie/orenda-1-kmnatno-50m2-zhk-seven-dnprovska-naberezhna-osokorki-slavutich-ID10txnj.html?search_reason=search%7Cpromoted,31 005.15 грн.,Оренда 1-кімнатної 50м2 ЖК Seven/Дніпровська набережна/Осокорки/Славутич,50м2,Дарницький,"Київ, Дарницький - Сьогодні о 09:30"
olx,https://www.olx.ua/d/uk/obyavlenie/1-k-kvartira-varshavskiy-m-r-ID10msj1.html?search_reason=search%7Cpromoted,31 005.15 грн.,1-к квартира Варшавський м-р,,Подільський,"Київ, Подільський - Сьогодні о 11:43"
olx,https://www.olx.ua/d/uk/obyavlenie/orenda-3-kmnatno-kvartiri-120-m2-v-tsentr-kiva-hreschatik-pasazh-centre-of-kyiv-ID10wrf3.html?search_reason=search%7Cpromoted,132 879.23 грн.,Оренда 3-кімнатної квартири 120 м2 в центрі Києва/Хрещатик/Пасаж/Centre of Kyiv,120 м2,Печерський,"Київ, Печерський - Сьогодні о 10:22"
olx,https://www.olx.ua/d/uk/obyavlenie/stilna-54-m2-kvartira-v-orendu-v-suchasnomu-kompleks-frantsuzkiy-kvartal-2-ID10wsU8.html?search_reason=search%7Corganic,62 010.31 грн.,Стильна 54 м2 квартира в оренду в сучасному комплексі Французький квартал 2,54 м2,Печерський,"Київ, Печерський - Сьогодні о 11:24"
olx,https://www.olx.ua/d/uk/obyavlenie/orenda-premalno-4-kmnatno-kvartiri-185-m2-v-tsentr-kiva-bessarabka-vul-kropivnitskogo-ID10wqRH.html?search_reason=search%7Corganic,168 313.70 грн.,Оренда преміальної 4-кімнатної квартири 185 м2 в центрі Києва/Бессарабка/вул. Кропивницького,185 м2,Печерський,"Київ, Печерський - Сьогодні о 10:07"
olx,https://www.olx.ua/d/uk/obyavlenie/orenda-2-kmnatno-kvartiri-77m2-zhk-white-lines-golosvskiy-rayon-demvka-ID10wrox.html?search_reason=search%7Corganic,84 156.85 грн.,Оренда 2-кімнатної квартири 77м2 ЖК White Lines /Голосіївський район/Деміївка,77м2,Голосіївський,"Київ, Голосіївський - Сьогодні о 10:28"
olx,https://www.olx.ua/d/uk/obyavlenie/sdam-bolshuyu-sovremennuyu-1-k-kvartiru-na-oboloni-metro-geroev-dnepra-ID10B3Pg.html?search_reason=search%7Corganic,15 000 грн.,"сдам большую современную 1-к.квартиру на Оболони, метро Героев Днепра",,Оболонський,"Київ, Оболонський - Сьогодні о 13:58"
olx,https://www.olx.ua/d/uk/obyavlenie/bez-generator-orenda-3k-kvartiri-v-tsentr-130m2-les-ukranki-23a-pecherska-ID10fBzV.html?search_reason=search%7Corganic,42 078.42 грн.,"Без %, ГЕНЕРАТОР Оренда 3к квартири в Центрі, 130м2, Лесі Українки 23а Печерська",130м2,Печерський,"Київ, Печерський - Сьогодні о 07:46"
olx,https://www.olx.ua/d/uk/obyavlenie/orenda-2-kmnatno-kvartiri-v-tsentr-kiva-vul-prorzna-6-hreschatik-parkomstse-ID10zS5a.html?search_reason=search%7Corganic,35 000 грн.,"Оренда 2-кімнатної квартири в центрі Києва, вул. Прорізна, 6 (Хрещатик) є паркомісце",,Шевченківський,"Київ, Шевченківський - 30 травня 2026 р."
olx,https://www.olx.ua/d/uk/obyavlenie/zdatsya-dvohkmnatna-kvartira-vd-gospodarya-kiv-IDXCXBe.html?search_reason=search%7Corganic,12 000 грн.Договірна,Здається двохкімнатна квартира від господаря (Київ),,Шевченківський,"Київ, Шевченківський - Сьогодні о 18:49"
olx,https://www.olx.ua/d/uk/obyavlenie/orenda-kvartiri-v-zhk-park-land-IDYvyQN.html?search_reason=search%7Corganic,24 000 грн.Договірна,Оренда квартири  в ЖК Park Land,,Солом'янський,"Київ, Солом'янський - Сьогодні о 17:02"
olx,https://www.olx.ua/d/uk/obyavlenie/orenda-kvartira-65m2-1kmn-klubniy-budinok-turgenev-shevchenkvskiy-rayon-parkng-nvertor-generator-ID10wsLu.html?search_reason=search%7Corganic,84 156.85 грн.,Оренда Квартира 65м2 1кімн Клубний будинок Turgenev Шевченківський район Паркінг Інвертор Генератор,65м2,Шевченківський,"Київ, Шевченківський - Сьогодні о 11:19"
olx,https://www.olx.ua/d/uk/obyavlenie/dovgotrivala-orenda-3k-tsentr-metro-olmpyska-vroremont-bez-IDYYHlt.html?search_reason=search%7Cpromoted,35 434.46 грн.,"Довготривала оренда 3к Центр, метро Олімпійська, Євроремонт БЕЗ%%%",,Голосіївський,"Київ, Голосіївський - 25 травня 2026 р."
olx,https://www.olx.ua/d/uk/obyavlenie/zdam-3k-kvartiru-v-zhk-msto-kvtv-tiraspolska-60-ID10kd97.html?search_reason=search%7Cpromoted,30 000 грн.,"Здам 3к квартиру в ЖК Місто квітів, Тираспольска 60",,Шевченківський,"Київ, Шевченківський - 30 травня 2026 р."
olx,https://www.olx.ua/d/uk/obyavlenie/zatishna-studya-zhk-patrotika-ID1064L1.html?search_reason=search%7Corganic,13 999 грн.,Затишна студія  ЖК Патріотика,,Дарницький,"Київ, Дарницький - Сьогодні о 19:07"
olx,https://www.olx.ua/d/uk/obyavlenie/obolonskaya-naberezhnaya-penthaus-2-etazha-IDWXyW5.html?search_reason=search%7Corganic,132 834.94 грн.,Оболонская набережная пентхаус 2 этажа,,Оболонський,"Київ, Оболонський - Сьогодні о 16:20"
olx,https://www.olx.ua/d/uk/obyavlenie/bez-orenda-2-k-kv-poryadzhk-britanskiy-golosvskiy-teremki-trts-respublka-ID1004EY.html?search_reason=search%7Corganic,20 000 грн.,Без % Оренда 2 к кв порядЖК Британський Голосіївський. Теремки ТРЦ Республіка,,Голосіївський,"Київ, Голосіївський - Сьогодні о 12:54"
olx,https://www.olx.ua/d/uk/obyavlenie/zdatsya-v-orendu-prostora-ta-svtla-3-kmnatna-kvartira-130m-v-zhk-novopechersk-lipki-ID10y8YQ.html?search_reason=search%7Corganic,75 298.23 грн.,Здається в оренду простора та світла 3-кімнатна квартира 130м  в ЖК «Новопечерські Липки».,,Печерський,"Київ, Печерський - 30 травня 2026 р."
olx,https://www.olx.ua/d/uk/obyavlenie/orenda-1-k-kv-persha-zdacha-zhk-frantsuzkiy-kvartal-2-pechersk-ID10wyKj.html?search_reason=search%7Corganic,53 151.69 грн.,"Оренда 1-к кв.‼️Перша здача, ЖК Французький квартал 2, Печерськ",,Печерський,"Київ, Печерський - Сьогодні о 14:41"
olx,https://www.olx.ua/d/uk/obyavlenie/orenda-2-km-kvartiri-zhk-38-zhemchuzhina-zhk-38-perlina-vlasnik-IDZZ0J3.html?search_reason=search%7Corganic,30 000 грн.Договірна,"Оренда 2-кім. квартири ЖК «38 Жемчужина» / ЖК ""38 Перлина"". Власник",,Печерський,"Київ, Печерський - Сьогодні о 11:12"
olx,https://www.olx.ua/d/uk/obyavlenie/dvokmnatna-kvartira-metro-shulyavska-vul-akademka-yangelya-2a-ID10AHZQ.html?search_reason=search%7Corganic,15 000 грн.,"Двокімнатна квартира,метро Шулявська,вул. Академіка Янгеля 2А",,Шевченківський,"Київ, Шевченківський - Сьогодні о 09:35"
olx,https://www.olx.ua/d/uk/obyavlenie/3-kmnatna-kvartira-klasichniy-remont-nvertor-m-sirets-panoramniy-vid-bez-ID102nI0.html?search_reason=search%7Corganic,29 000 грн.,"3-кімнатна квартира, класичний ремонт, ІНВЕРТОР, м. Сирець панорамний вид без%",,Шевченківський,"Київ, Шевченківський - Сьогодні о 12:40"
olx,https://www.olx.ua/d/uk/obyavlenie/arenda-kvartir-i-zhk-parklend-ID10vlSJ.html?search_reason=search%7Cpromoted,44 293.08 грн.,Аренда квартир и ЖК Паркленд,,Голосіївський,"Київ, Голосіївський - 30 травня 2026 р."
olx,https://www.olx.ua/d/uk/obyavlenie/zdam-1-ku-vul-oresta-levitskogo-kurchatova-14-bez-koms-ID10wgt3.html?search_reason=search%7Cpromoted,9 200 грн.,"Здам 1-ку, вул. Ореста Левицького (Курчатова) 14. Без комісії.",,Деснянський,"Київ, Деснянський - 30 травня 2026 р."
olx,https://www.olx.ua/d/uk/obyavlenie/vlasnik-bez-garniy-remont-darnitskiy-vokzal-5-hv-pshki-gaz-IDZQ37d.html?search_reason=search%7Corganic,9 500 грн.,"‼️Власник,без %‼️Гарний Ремонт, Дарницький вокзал -5 хв пішки (ГАЗ)",,Дарницький,"Київ, Дарницький - Сьогодні о 11:44"
olx,https://www.olx.ua/d/uk/obyavlenie/zhk-novopecherska-vezha-pecherskiy-rayon-metro-vidubich-zvrinetska-studya-nvertor-generator-plzemniy-parkng-ukrittya-novopecherski-lipki-verhoglyada-ID10zCPz.html?search_reason=search%7Corganic,26 575.85 грн.,ЖК Новопечерська Вежа Печерський район метро Видубичі Звіринецька студія інвертор генератор пілземний паркінг укриття Новопечерськи Липки Верхогляда,,Печерський,"Київ, Печерський - Сьогодні о 08:03"
olx,https://www.olx.ua/d/uk/obyavlenie/zdam-1-kvartiru-pechersk-per-bastonniy-do-metro-pshk-gaz-ID108biB.html?search_reason=search%7Corganic,13 000 грн.,"Здам 1 квартиру Печерск, пер.Бастіонний, до метро пішкі Газ",,Печерський,"Київ, Печерський - Сьогодні о 09:49"
olx,https://www.olx.ua/d/uk/obyavlenie/orenda-3k-kvartiri-zhk-taryan-towers-vul-oanna-pavla-ii-12-nvertor-ID10AhEB.html?search_reason=search%7Corganic,161 669.73 грн.,"Оренда 3к квартири, ЖК Taryan Towers, вул. Іоанна Павла II, 12. Інвертор",,Печерський,"Київ, Печерський - Сьогодні о 11:10"
olx,https://www.olx.ua/d/uk/obyavlenie/orenda-odnokmnatno-kvartiri-g-kochura-6-ID10mgW8.html?search_reason=search%7Corganic,12 500 грн.,"Оренда однокімнатної квартири,Г.Кочура,6",,Солом'янський,"Київ, Солом'янський - Сьогодні о 12:01"
olx,https://www.olx.ua/d/uk/obyavlenie/orenda-3k-kvartiri-bez-koms-na-pechersku-IDYBi4F.html?search_reason=search%7Corganic,25 500 грн.Договірна,Оренда 3к квартири без комісії на Печерську,,Печерський,"Київ, Печерський - Сьогодні о 18:45"
olx,https://www.olx.ua/d/uk/obyavlenie/orenda-2k-kvartiri-svyatoshinskiy-akademka-korolova-2a-zupinka-dzyubi-IDZAqyS.html?search_reason=search%7Corganic,13 500 грн.Договірна,Оренда 2к квартири Святошинський  Академіка Корольова 2А зупинка Дзюби,,Святошинський,"Київ, Святошинський - Сьогодні о 17:54"
olx,https://www.olx.ua/d/uk/obyavlenie/zdam-3-h-kvartira-vul-kopernika-3-ID10yvMS.html?search_reason=search%7Corganic,28 000 грн.,Здам 3.х квартира вул Коперника 3,,Шевченківський,"Київ, Шевченківський - Сьогодні о 18:52"
olx,https://www.olx.ua/d/uk/obyavlenie/bez-zdam-3-km-kvartiru-vul-parkovo-siretska-4-v-ID10lal4.html?search_reason=search%7Corganic,35 434.46 грн.,без% здам 3 кім квартиру вул. Парково -Сирецька 4 в,,Шевченківський,"Київ, Шевченківський - Сьогодні о 10:09"
olx,https://www.olx.ua/d/uk/obyavlenie/glushkova-9v-generator-1-kmnatna-57m2-m-podrom-ID10dzjI.html?search_reason=search%7Corganic,19 000 грн.,"Глушкова 9в, генератор, 1 кімнатна 57м2, м. Іподром",57м2,Голосіївський,"Київ, Голосіївський - Сьогодні о 14:30"
olx,https://www.olx.ua/d/uk/obyavlenie/orenda-2-km-kvartiri-kuhnya-studya-zhk-nova-anglya-ID10vcY0.html?search_reason=search%7Cpromoted,32 000 грн.,Оренда 2 кім квартири + кухня студія ЖК Нова Англія,,Голосіївський,"Київ, Голосіївський - Сьогодні о 09:11"
olx,https://www.olx.ua/d/uk/obyavlenie/orenda-metro-svyatoshino-zhitomirska-beresteyskiy-prospekt-95-ID10upVU.html?search_reason=search%7Cpromoted,20 000 грн.Договірна,Оренда Метро Святошино Житомирська Берестейський проспект 95,,Святошинський,"Київ, Святошинський - 14 травня 2026 р."
olx,https://www.olx.ua/d/uk/obyavlenie/orenda-dvorvnevo-kvartiri-stud-z-parkomstsem-zaryadkoyu-dlya-elektromoblya-bortnich-bez-koms-12-000-grn-ms-ID10Ajtn.html?search_reason=search%7Cpromoted,12 000 грн.,"Оренда дворівневої квартири-студії з паркомісцем і зарядкою для електромобіля, Бортничі, без комісії — 12 000 грн/міс",,Дарницький,"Київ, Дарницький - Сьогодні о 11:52"
olx,https://www.olx.ua/d/uk/obyavlenie/orenda-kvartira-po-vulits-vana-vigovskogo-12-g-vinogradar-ID10kBa4.html?search_reason=search%7Corganic,8 500 грн.,Оренда квартира по вулиці Івана Виговського 12-Г. Виноградар,,Подільський,"Київ, Подільський - 30 травня 2026 р."
olx,https://www.olx.ua/d/uk/obyavlenie/orenda-1-k-kvartiri-v-zhk-medoviy-na-vul-kadetskiy-gay-ID10kkSp.html?search_reason=search%7Corganic,16 000 грн.Договірна,"Оренда 1-к квартири в ЖК ""Медовий"" на вул. Кадетський Гай",,Солом'янський,"Київ, Солом'янський - Сьогодні о 11:05"
olx,https://www.olx.ua/d/uk/obyavlenie/nova-3-k-kvartira-v-zhk-noviy-avtograf-vul-romana-mstislavicha-knyazya-zhmachenko-bud-22-vid-na-park-bez-koms-ID10k1dd.html?search_reason=search%7Corganic,38 000 грн.,"Нова 3-к квартира в ЖК Новий Автограф, вул. Романа Мстиславича Князя (Жмаченко) буд. 22. Вид на парк! Без комісії.",,Дніпровський,"Київ, Дніпровський - Сьогодні о 15:30"
olx,https://www.olx.ua/d/uk/obyavlenie/vlasnik-orenda-4-k-kvartiri-vul-tverska-2-z-garazhem-na-2-mashini-IDZIHs5.html?search_reason=search%7Corganic,53 151.69 грн.,"Власник! Оренда 4 к квартири вул. Тверська, 2 з гаражем на 2 машини.",,Печерський,"Київ, Печерський - Сьогодні о 12:55"
olx,https://www.olx.ua/d/uk/obyavlenie/zdam-3-km-kartiru-vul-ahmatovo-35-metro-poznyaki-IDW1HM5.html?search_reason=search%7Corganic,20 000 грн.,Здам 3 кім картиру вул Ахматової 35 метро Позняки.,,Дарницький,"Київ, Дарницький - Сьогодні о 10:09"
olx,https://www.olx.ua/d/uk/obyavlenie/orenda-2k-kvartiri-blya-metro-obolon-mnska-poruch-obolonska-naberezhna-vasyuka-27a-ID10AuyA.html?search_reason=search%7Corganic,18 000 грн.,"Оренда 2к квартири біля метро Оболонь, Мінська, поруч Оболонська Набережна, Івасюка 27а",,Оболонський,"Київ, Оболонський - Сьогодні о 16:06"
olx,https://www.olx.ua/d/uk/obyavlenie/3-kmnatna-1-poverh-1-hv-metro-nivki-vul-bezruchko-marka-ID10gUGo.html?search_reason=search%7Corganic,35 434.46 грн.,"3 кімнатна 1 поверх 1 хв метро Нивки вул. Безручко Марка ,",,Шевченківський,"Київ, Шевченківський - Сьогодні о 12:37"
olx,https://www.olx.ua/d/uk/obyavlenie/zdam-chudovu-odnokmnatnu-v-novomu-budinku-blya-metro-lvoberezhna-IDZBhnA.html?search_reason=search%7Corganic,17 000 грн.,Здам чудову однокімнатну в новому будинку біля  метро Лівобережна,,Дніпровський,"Київ, Дніпровський - Сьогодні о 14:46"
olx,https://www.olx.ua/d/uk/obyavlenie/arenda-kvartiry-per-beresteyskiy-zhk-manhattan-city-shulyavka-ID10jr1R.html?search_reason=search%7Corganic,55 809.28 грн.,"Аренда квартиры, пер. Берестейский, ЖК Manhattan city, Шулявка",,Шевченківський,"Київ, Шевченківський - Сьогодні о 12:49"
olx,https://www.olx.ua/d/uk/obyavlenie/orenda-1-kmnatno-kvartiri-po-vul-miloslavska-vd-vlasnika-ID10mqm5.html?search_reason=search%7Corganic,10 000 грн.Договірна,Оренда 1-кімнатної квартири по вул.Милославська від власника,,Деснянський,"Київ, Деснянський - Сьогодні о 13:25"
olx,https://www.olx.ua/d/uk/obyavlenie/bez-komissii-riltoru-vishnyakovskaya-4-5-et-harkovskaya-poznyaki-ID10ukzR.html?search_reason=search%7Cpromoted,12 500 грн.,"БЕЗ КОМИССИИ РИЄЛТОРУ! Вишняковская 4, 5 эт, Харьковская, Позняки",,Дарницький,"Київ, Дарницький - Сьогодні о 15:13"
olx,https://www.olx.ua/d/uk/obyavlenie/orenda-3-km-kvartiri-82-m2-v-zhk-komfort-taun-vul-berezneva-12-IDZCuGv.html?search_reason=search%7Cpromoted,34 000 грн.,"Оренда 3-кім квартири 82 м2 в ЖК Комфорт Таун, вул. Березнева, 12",82 м2,Дніпровський,"Київ, Дніпровський - Сьогодні о 08:37"
olx,https://www.olx.ua/d/uk/obyavlenie/dovgostrokova-orenda-2-kmnatno-kvartiri-vul-revanska-1-IDYXTmR.html?search_reason=search%7Cpromoted,14 500 грн.,"Довгострокова оренда 2 кімнатної квартири, вул. Єреванська 1.",,Солом'янський,"Київ, Солом'янський - 29 травня 2026 р."
olx,https://www.olx.ua/d/uk/obyavlenie/bez-koms-kvartira-z-terasoyu-nvertor-gaz-vid-na-ozero-ID1087Ht.html?search_reason=search%7Corganic,43 000 грн.Договірна,"Без комісії квартира з терасою, є інвертор газ, вид на озеро",,Голосіївський,"Київ, Голосіївський - Сьогодні о 14:26"
olx,https://www.olx.ua/d/uk/obyavlenie/arenda-3-k-kvartiri-beresteyskiy-crystal-park-tower-invertor-generator-ID10fThK.html?search_reason=search%7Corganic,124 020.62 грн.Договірна,Аренда 3-к квартири | Берестейский |  Crystal Park Tower | ИНВЕРТОР| Генератор,,Шевченківський,"Київ, Шевченківський - Сьогодні о 13:46"
olx,https://www.olx.ua/d/uk/obyavlenie/zdam-1k-kvartiru-vul-zodchih-26b-borschagvka-IDYwGXQ.html?search_reason=search%7Corganic,10 000 грн.,"Здам 1к квартиру вул.Зодчих-26Б, Борщагівка",,Святошинський,"Київ, Святошинський - Сьогодні о 16:52"
olx,https://www.olx.ua/d/uk/obyavlenie/orenda-4-kmnatnogo-penthausu-v-zhk-bulvar-fontanv-saperne-pole-3-ID10iDd0.html?search_reason=search%7Corganic,287 905.01 грн.,Оренда 4-кімнатного пентхаусу в ЖК Бульвар Фонтанів - Саперне Поле 3,,Печерський,"Київ, Печерський - Сьогодні о 18:40"
olx,https://www.olx.ua/d/uk/obyavlenie/sdam-3k-kvartiru-vladelets-IDEdbbH.html?search_reason=search%7Corganic,22 146.54 грн.,"Сдам 3к квартиру, владелец.",,Дарницький,"Київ, Дарницький - Сьогодні о 16:48"
olx,https://www.olx.ua/d/uk/obyavlenie/bez-koms-zdam-1-kmnatnu-kvartiru-po-vul-radchenko-IDYFr2A.html?search_reason=search%7Corganic,12 000 грн.,БЕЗ КОМІСІЇ !!! Здам 1-кімнатну квартиру по вул. Радченко,,Солом'янський,"Київ, Солом'янський - Сьогодні о 12:38"
olx,https://www.olx.ua/d/uk/obyavlenie/orenda-suchasno-kvartiri-z-terasoyu-ta-panoramnim-vidom-v-zhk-lko-grad-120-m2-ID10ybdD.html?search_reason=search%7Corganic,40 000 грн.,"Оренда сучасної квартири з терасою та панорамним видом в ЖК Ліко Град, 120 м2",120 м2,Голосіївський,"Київ, Голосіївський - 30 травня 2026 р."
olx,https://www.olx.ua/d/uk/obyavlenie/orenda-2-k-kv-80kv-mkiv-vul-oleksandri-ekster-9-vlasnik-IDY3xDF.html?search_reason=search%7Corganic,17 000 грн.,"Оренда 2-к кв. (80кв.м)Київ,вул.Олександри Екстер, 9 (ВЛАСНИК)",80кв.м,Деснянський,"Київ, Деснянський - Сьогодні о 07:40"
olx,https://www.olx.ua/d/uk/obyavlenie/orenda-1-k-kv-gradinska-20-troschina-trts-rayon-IDZR0B5.html?search_reason=search%7Corganic,11 000 грн.,"Оренда 1 к. кв., Градинска 20, Троєщина, ТРЦ РАЙОН",,Деснянський,"Київ, Деснянський - Сьогодні о 08:18"
olx,https://www.olx.ua/d/uk/obyavlenie/orenda-kvartiri-na-harkvske-shose-15a-IDY6W7j.html?search_reason=search%7Corganic,12 000 грн.,Оренда квартири на Харківське шосе 15а,,Солом'янський,"Київ, Солом'янський - Сьогодні о 13:20"
olx,https://www.olx.ua/d/uk/obyavlenie/persha-zdacha-kvartiri-lyuks-110m2-poznyaki-urlvska-4a-ID10sjxt.html?search_reason=search%7Cpromoted,50 937.04 грн.,‼️Перша здача квартири Люкс 110м2 Позняки Урлівська 4А,110м2,Дарницький,"Київ, Дарницький - Сьогодні о 13:25"
olx,https://www.olx.ua/d/uk/obyavlenie/zdam-3-km-kartiru-vul-ahmatovo-35-metro-poznyaki-IDW1HM5.html?search_reason=search%7Cpromoted,20 000 грн.,Здам 3 кім картиру вул Ахматової 35 метро Позняки.,,Дарницький,"Київ, Дарницький - Сьогодні о 08:09"
olx,https://www.olx.ua/d/uk/obyavlenie/orenda-2k-kvartiri-v-zhk-trinity-pechersk-64-m-dizaynerskiy-remont-ID10jSxy.html?search_reason=search%7Cpromoted,88 586.16 грн.,Оренда 2к квартири в ЖК Trinity Печерськ 64 м² - дизайнерський ремонт,64 м²,Печерський,"Київ, Печерський - Сьогодні о 10:07"
olx,https://www.olx.ua/d/uk/obyavlenie/zdam-odnokmnatnu-navproti-retrovlya-vropeyskogo-soyuzu-88-b-IDZAEzJ.html?search_reason=search%7Corganic,11 000 грн.,"Здам однокімнатну навпроти Ретровіля, Європейського Союзу, 88-Б",,Подільський,"Київ, Подільський - Сьогодні о 15:18"
olx,https://www.olx.ua/d/uk/obyavlenie/orenda-1-k-kvartiri-poznyaki-pr-t-p-grigorenka-3b-IDXZWBJ.html?search_reason=search%7Corganic,12 000 грн.,"Оренда 1-к квартири, Позняки, пр-т П.Григоренка 3Б",,Дарницький,"Київ, Дарницький - Сьогодні о 11:35"
olx,https://www.olx.ua/d/uk/obyavlenie/orenda-1-kmnatno-kvartiri-v-zhk-varshavskiy-vropeyskogo-soyuzu-45a-odnokmnatna-ID10degO.html?search_reason=search%7Corganic,18 000 грн.,Оренда 1-кімнатної квартири в ЖК Варшавський  Європейського Союзу 45а однокімнатна,,Подільський,"Київ, Подільський - Сьогодні о 15:57"
olx,https://www.olx.ua/d/uk/obyavlenie/sdam-3-kmnatnu-kvartiru-po-vul-revutskogo-19-1-IDYE1W3.html?search_reason=search%7Corganic,18 000 грн.Договірна,Сдам 3-кімнатну квартиру по вул. Ревуцького 19/1,,Дарницький,"Київ, Дарницький - Сьогодні о 16:48"
olx,https://www.olx.ua/d/uk/obyavlenie/3-h-kmnatna-kvartira-arenda-m-poznyaki-dovgostrokovo-ID10h3Q8.html?search_reason=search%7Corganic,43 900 грн.Договірна,3-х кімнатна квартира аренда. М.Позняки (довгостроково),,Дарницький,"Київ, Дарницький - Сьогодні о 14:05"
olx,https://www.olx.ua/d/uk/obyavlenie/sdam-1-kom-kv-ul-alma-atinskaya-109-a-dvrz-dneprovskiy-rayon-IDZiWwj.html?search_reason=search%7Corganic,9 000 грн.,"Сдам 1 ком кв ул Алма- Атинская 109-а, ДВРЗ, Днепровский район",,Дніпровський,"Київ, Дніпровський - Сьогодні о 10:17"
olx,https://www.olx.ua/d/uk/obyavlenie/orenda-4-kmnatno-kvartiri-bez-koms-ID10dSWV.html?search_reason=search%7Corganic,48 722.39 грн.,Оренда 4 кімнатної квартири . Без Комісії,,Солом'янський,"Київ, Солом'янський - Сьогодні о 07:59"
olx,https://www.olx.ua/d/uk/obyavlenie/orenda-odnokmnatno-kvartiri-desnyanskiy-bratislavska-ID10cxfy.html?search_reason=search%7Corganic,12 000 грн.Договірна,Оренда однокімнатної квартири Деснянський Братиславська.,,Деснянський,"Київ, Деснянський - Сьогодні о 09:41"
olx,https://www.olx.ua/d/uk/obyavlenie/vzhe-gotova-do-zaselennya-vidova-vro-dvushka-50-m2-v-zhk-galaktika-ID10Ab8v.html?search_reason=search%7Corganic,35 434.46 грн.Договірна,Вже Готова до заселення Видова Євро-двушка 50 м2 в ЖК Галактика !,50 м2,Дніпровський,"Київ, Дніпровський - Сьогодні о 16:16"
olx,https://www.olx.ua/d/uk/obyavlenie/oleksandra-olesya-5a-zhk-varshavskiy-2-retrovl-ID10hxqP.html?search_reason=search%7Corganic,30 960.86 грн.,Олександра Олеся 5А ЖК Варшавський 2 Ретровіль,,Подільський,"Київ, Подільський - Сьогодні о 06:07"
olx,https://www.olx.ua/d/uk/obyavlenie/orenda-odnokmnatno-kvartiri-blya-metro-mnska-ID10wu5e.html?search_reason=search%7Cpromoted,13 500 грн.,Оренда однокімнатної квартири біля метро Мінська,,Оболонський,"Київ, Оболонський - Сьогодні о 07:03"
olx,https://www.olx.ua/d/uk/obyavlenie/bez-koms-zdam-1-kmnatnu-kvartiru-po-vul-radchenko-IDYFr2A.html?search_reason=search%7Cpromoted,12 000 грн.,БЕЗ КОМІСІЇ !!! Здам 1-кімнатну квартиру по вул. Радченко,,Солом'янський,"Київ, Солом'янський - Сьогодні о 10:38"
olx,https://www.olx.ua/d/uk/obyavlenie/1-kmnatna-kvartira-zhk-varshavskiy-orenda-ID10B6gQ.html?search_reason=search%7Corganic,18 500 грн.,"1 кімнатна квартира ЖК Варшавський, Оренда",,Подільський,"Київ, Подільський - Сьогодні о 13:25"
olx,https://www.olx.ua/d/uk/obyavlenie/orenda-kvartiri-vul-zarchna-zhk-slavutich-2-0-darnitskiy-r-n-ID107PV3.html?search_reason=search%7Corganic,57 581 грн.,"Оренда квартири, вул. Зарічна, ЖК Славутич 2.0, Дарницький р-н",,Дарницький,"Київ, Дарницький - Сьогодні о 11:14"
olx,https://www.olx.ua/d/uk/obyavlenie/kvartira-studi-dvuh-etazhnaya-vozle-m-beresteyskaya-ID10mLE9.html?search_reason=search%7Corganic,16 000 грн.,Квартира студи двух этажная возле м Берестейская,,Шевченківський,"Київ, Шевченківський - Сьогодні о 10:41"
olx,https://www.olx.ua/d/uk/obyavlenie/zdatsya-1-kmnatna-kvartira-blya-metro-vlasnik-IDYKTW7.html?search_reason=search%7Corganic,13 000 грн.,Здається 1-кімнатна квартира біля метро. Власник,,Подільський,"Київ, Подільський - Сьогодні о 09:56"
olx,https://www.olx.ua/d/uk/obyavlenie/bez-teplo-svtlo-svo-orenda-1k-kvartiri-vozdvizhenka-46m2-goncharna-3-IDZG31C.html?search_reason=search%7Corganic,53 151.69 грн.,Без % ТЕПЛО СВІТЛО СВОЇ оренда 1к квартири Воздвиженка 46м2 Гончарна 3,46м2,Подільський,"Київ, Подільський - Сьогодні о 15:47"
olx,https://www.olx.ua/d/uk/obyavlenie/poznyaki-vul-urlvska-36-orenda-3h-kmnatno-kvartiri-ID102Tag.html?search_reason=search%7Corganic,21 000 грн.,"Позняки , вул .Урлівська 36 , оренда 3х кімнатної квартири .",,Дарницький,"Київ, Дарницький - Сьогодні о 08:06"
olx,https://www.olx.ua/d/uk/obyavlenie/orenda-kvartiri-zdayu-vlasnu-ID108Nkh.html?search_reason=search%7Corganic,16 000 грн.,Оренда квартири / здаю власну,,Дарницький,"Київ, Дарницький - Сьогодні о 11:44"
olx,https://www.olx.ua/d/uk/obyavlenie/orenda-1-kmnatno-kvartiri-v-zhk-krster-grad-IDZRDz3.html?search_reason=search%7Corganic,13 000 грн.,Оренда 1-кімнатної квартири в ЖК «Крістер Град»,,Подільський,"Київ, Подільський - Сьогодні о 10:51"
olx,https://www.olx.ua/d/uk/obyavlenie/orenda-1k-kvartiri-54m2-dragomanova-4a-ID107SRD.html?search_reason=search%7Corganic,22 000 грн.,"Оренда 1к квартири, 54м2, Драгоманова 4а",54м2,Дарницький,"Київ, Дарницький - Сьогодні о 15:32"
olx,https://www.olx.ua/d/uk/obyavlenie/zdam-3-h-kmnatnu-kvartiru-ID105v1e.html?search_reason=search%7Corganic,13 000 грн.,Здам 3-х кімнатну квартиру,,Деснянський,"Київ, Деснянський - Сьогодні о 10:28"
olx,https://www.olx.ua/d/uk/obyavlenie/orenda-svtlo-2k-kuhnya-vtalnya-zhk-nova-anglya-metro-vasilkvska-IDVpeRO.html?search_reason=search%7Cpromoted,43 000 грн.Договірна,Оренда світлої 2к+ кухня+вітальня! ЖК Нова Англія! метро Васильківська,,Голосіївський,"Київ, Голосіївський - Сьогодні о 13:34"
olx,https://www.olx.ua/d/uk/obyavlenie/pechersk-b-r-l-ukranki-ID10tAwB.html?search_reason=search%7Cpromoted,30 000 грн.,"Печерськ, б-р Л. Українки.",,Печерський,"Київ, Печерський - 30 травня 2026 р."
olx,https://www.olx.ua/d/uk/obyavlenie/orenda-1k-kvartiri-zhk-dinastya-vul-lipkvskogo-37b-vd-vlasnika-ID10sfyz.html?search_reason=search%7Cpromoted,22 000 грн.,Оренда 1к квартири ЖК Династія вул. Липківського 37б від Власника,,Солом'янський,"Київ, Солом'янський - Сьогодні о 07:56"
olx,https://www.olx.ua/d/uk/obyavlenie/1-k-kvartira-varshavskiy-m-r-ID10msj1.html?search_reason=search%7Corganic,31 005.15 грн.,1-к квартира Варшавський м-р,,Подільський,"Київ, Подільський - Сьогодні о 09:43"
olx,https://www.olx.ua/d/uk/obyavlenie/orenda-veliko-kvartiri-z-2ma-okremimi-kmnatami-zhk-novopechersk-lipki-dragomirova-16-pechersk-zvrinetska-ID10wB16.html?search_reason=search%7Corganic,92 982.25 грн.,"Оренда великої квартири з 2ма окремими кімнатами, ЖК Новопечерські Липки,Драгомирова 16,Печерськ,Звіринецька",,Печерський,"Київ, Печерський - Сьогодні о 14:00"
olx,https://www.olx.ua/d/uk/obyavlenie/orenda-2-h-kmnatnu-golosvskiy-rayon-ID108rvI.html?search_reason=search%7Corganic,20 000 грн.,Оренда 2-х кімнатну Голосіївський район,,Голосіївський,"Київ, Голосіївський - Сьогодні о 13:58"
olx,https://www.olx.ua/d/uk/obyavlenie/zdatsya-odnokmnatna-zhk-oranzhst-14000grn-IDZiDSW.html?search_reason=search%7Corganic,14 000 грн.,Здається однокімнатна ЖК ОранжСіті 14000грн.,,Голосіївський,"Київ, Голосіївський - Сьогодні о 12:01"
olx,https://www.olx.ua/d/uk/obyavlenie/orenda-2k-kvartira-61m2-novopechersk-lipki-pechersk-verhoglyada-dragomirova-15b-generator-ID10guiU.html?search_reason=search%7Corganic,88 586.16 грн.,Оренда 2к квартира 61м2 Новопечерські Липки Печерськ Верхогляда Драгомирова 15б Генератор,61м2,Печерський,"Київ, Печерський - Сьогодні о 16:37"
olx,https://www.olx.ua/d/uk/obyavlenie/orenda-kvartiri-klovska-tsentr-ID104cSz.html?search_reason=search%7Corganic,35 000 грн.,Оренда квартири Кловська Центр,,Печерський,"Київ, Печерський - Сьогодні о 12:11"
olx,https://www.olx.ua/d/uk/obyavlenie/vid-na-dnpro-vidova-3-kmnatna-2-okrem-spaln-v-zhk-river-stone-rver-stoun-river-stoun-ID10ztjC.html?search_reason=search%7Corganic,97 444.77 грн.Договірна,ВИД на Дніпро !  Видова 3-кімнатна (2 окремі спальні)  в ЖК RIVER STONE  Рівер Стоун Ривер Стоун,,Дарницький,"Київ, Дарницький - Сьогодні о 16:16"
olx,https://www.olx.ua/d/uk/obyavlenie/orenda-1-k-kvartiri-zhk-manhattan-city-32-poverh-52-m-ID10gC27.html?search_reason=search%7Corganic,38 000 грн.,"Оренда 1-к квартири, ЖК Manhattan City, 32 поверх, 52 м²",52 м²,Шевченківський,"Київ, Шевченківський - Сьогодні о 16:08"
olx,https://www.olx.ua/d/uk/obyavlenie/orenda-2-vo-kmnatno-kvartiri-golosvo-ID10g5qJ.html?search_reason=search%7Corganic,24 000 грн.,Оренда 2-во кімнатної квартири Голосієво,,Голосіївський,"Київ, Голосіївський - 30 травня 2026 р."
olx,https://www.olx.ua/d/uk/obyavlenie/sdam-v-dolgosrochnuyu-arendu-3-kom-kv-v-sovmin-dome-ryadom-s-metro-darn-IDYSkPV.html?search_reason=search%7Corganic,20 000 грн.,Сдам в долгосрочную аренду 3 ком кв. в совмин доме рядом с метро Дарн.,,Дніпровський,"Київ, Дніпровський - Сьогодні о 07:08"
olx,https://www.olx.ua/d/uk/obyavlenie/zhk-novopechersk-lipki-86-m-avtorskiy-dizayn-top-rvnya-ID10m4aV.html?search_reason=search%7Cpromoted,93 015.46 грн.Договірна,ЖК Новопечерські Липки · 86 м² · Авторський Дизайн Топ-рівня,86 м²,Печерський,"Київ, Печерський - 28 травня 2026 р."
olx,https://www.olx.ua/d/uk/obyavlenie/orenda-bez-koms-frantsuzkiy-kvartal-2-45m2-ID10AGkY.html?search_reason=search%7Cpromoted,44 293.08 грн.Договірна,ОРЕНДА!БЕЗ КОМІСІЇ  Французький квартал 2! 45м2!,45м2,Печерський,"Київ, Печерський - 30 травня 2026 р."
olx,https://www.olx.ua/d/uk/obyavlenie/zdam-1-kmnatnu-kvartiru-m-zhitomirska-zhk-vktorya-vlasnik-bez-koms-ID10uoBN.html?search_reason=search%7Cpromoted,23 000 грн.,"Здам 1-кімнатну квартиру м.Житомирська, ЖК Вікторія, власник, без комісії",,Святошинський,"Київ, Святошинський - 14 травня 2026 р."
olx,https://www.olx.ua/d/uk/obyavlenie/orenda-3h-km-kvartiri-rusanvka-ID10zDO5.html?search_reason=search%7Corganic,18 000 грн.,Оренда 3х кім квартири Русанівка,,Дніпровський,"Київ, Дніпровський - Сьогодні о 09:56"
olx,https://www.olx.ua/d/uk/obyavlenie/1-kmnatna-kvartira-v-zhk-metropolya-ID10AX3C.html?search_reason=search%7Corganic,14 500 грн.,1-кімнатна квартира в ЖК Метрополія,,Дарницький,"Київ, Дарницький - Сьогодні о 07:42"
olx,https://www.olx.ua/d/uk/obyavlenie/orenda-2k-kvartiri-zhk-manhattan-city-per-beresteyskiy-11-k1-ID10kXe8.html?search_reason=search%7Corganic,57 581 грн.,"Оренда 2к квартири, ЖК Manhattan city, пер. Берестейський, 11 к1",,Шевченківський,"Київ, Шевченківський - Сьогодні о 09:09"
olx,https://www.olx.ua/d/uk/obyavlenie/m-darnitsa-m-chernigovskaya-ul-boychenka-8-sdam-uyutnuyu-2k-kvartiru-IDWVOmc.html?search_reason=search%7Corganic,14 500 грн.,"м.Дарница, м.Черниговская, ул.Бойченка 8 - сдам уютную 2к квартиру",,Дніпровський,"Київ, Дніпровський - Сьогодні о 13:41"
olx,https://www.olx.ua/d/uk/obyavlenie/zdamo-3-u-kv-st-mlvoberezhna-z-vidom-na-dnpro-lavru-IDYRe6W.html?search_reason=search%7Corganic,16 000 грн.,"Здаємо 3-у кв. ст.мЛівобережна,з видом на Дніпро,Лавру",,Дніпровський,"Київ, Дніпровський - 30 травня 2026 р."
olx,https://www.olx.ua/d/uk/obyavlenie/orenda-1-k-kvartiri-v-bikvnya-metro-lsova-ID10jjHZ.html?search_reason=search%7Corganic,8 000 грн.,Оренда 1 к квартири в Биківня метро Лісова,,Дніпровський,"Київ, Дніпровський - 30 травня 2026 р."
olx,https://www.olx.ua/d/uk/obyavlenie/bez-tyutyunnika-vasilya-16-pecherskiy-proponuyu-v-orendu-prostortru-trikmnatnu-kvartiru-120-kv-m-ID10wyD1.html?search_reason=search%7Corganic,48 722.39 грн.,"Без % Тютюнника Василя, 16. Печерський Пропоную в оренду простортру трикімнатну квартиру, 120 кв.м",120 кв.м,Печерський,"Київ, Печерський - Сьогодні о 12:37"
olx,https://www.olx.ua/d/uk/obyavlenie/dovgostrokova-orenda-kvartiri-na-pechersku-ID10lLdm.html?search_reason=search%7Corganic,23 000 грн.,Довгострокова оренда квартири на Печерську,,Печерський,"Київ, Печерський - 30 травня 2026 р."
olx,https://www.olx.ua/d/uk/obyavlenie/arenda-1k-gaz-m-harkovskaya-ul-harkvske-shose-176-b-IDQoMGr.html?search_reason=search%7Corganic,10 000 грн.,Аренда 1к газ м Харьковская ул Харьківске шосе 176 Б,,Дарницький,"Київ, Дарницький - Сьогодні о 09:18"
olx,https://www.olx.ua/d/uk/obyavlenie/sdam-kvartiru-na-troschin-dovgostrokovo-IDZ4kJj.html?search_reason=search%7Corganic,12 000 грн.,"Сдам квартиру на Троєщині, довгостроково",,Деснянський,"Київ, Деснянський - Сьогодні о 15:15"
olx,https://www.olx.ua/d/uk/obyavlenie/hazyan-bez-koms-arenda-1komnatnoy-kvartiri-zhk-lsova-kazka-IDYJSRB.html?search_reason=search%7Cpromoted,16 500 грн.,Хазяїн без комісії Аренда 1комнатной квартири жк лісова казка,,Деснянський,"Київ, Деснянський - 26 травня 2026 р."
olx,https://www.olx.ua/d/uk/obyavlenie/orenda-odnokmnatno-darnitsya-vul-budvelnikv-ID10wRcR.html?search_reason=search%7Cpromoted,13 500 грн.,Оренда однокімнатної . Дарниця.Вул. Будівельників.,,Дніпровський,"Київ, Дніпровський - Сьогодні о 13:06"
olx,https://www.olx.ua/d/uk/obyavlenie/arenda-1-k-kvartiry-v-istoricheskom-tsentre-kieva-lvovskaya-pl-hozyain-IDNuWAJ.html?search_reason=search%7Corganic,15 000 грн.,Аренда 1-к квартиры в историческом центре Киева.Львовская пл. хозяин,,Шевченківський,"Київ, Шевченківський - Сьогодні о 14:02"
olx,https://www.olx.ua/d/uk/obyavlenie/orenda-1-k-kvartiri-na-vul-vishgorodska-ID10AEZv.html?search_reason=search%7Corganic,13 000 грн.,Оренда 1-к квартири на вул. Вишгородська,,Оболонський,"Київ, Оболонський - 30 травня 2026 р."
olx,https://www.olx.ua/d/uk/obyavlenie/orenda-kvartiri-vul-generala-shapovala-zhk-smaragdoviy-solomyanskiy-IDZTEku.html?search_reason=search%7Corganic,44 293.08 грн.,"Оренда квартири, вул. Генерала Шаповала, ЖК Смарагдовий, Солом'янський",,Солом'янський,"Київ, Солом'янський - Сьогодні о 13:27"
olx,https://www.olx.ua/d/uk/obyavlenie/zdatsya-1-kmnatna-kvartira-v-zhk-komfort-taun-ID10ACS3.html?search_reason=search%7Corganic,13 500 грн.,Здається 1-кімнатна квартира в ЖК Комфорт таун,,Дніпровський,"Київ, Дніпровський - 30 травня 2026 р."
olx,https://www.olx.ua/d/uk/obyavlenie/bez-koms-zhk-nova-anglya-vulitsya-mihayla-maksimovicha-trutenka-26-v-budinok-brayton-kuhnya-studiya-komnata-IDVlvfn.html?search_reason=search%7Corganic,31 005.15 грн.,Без комісії ЖК Нова Англія вулиця Михайла Максимовича (Трутенка) 26-В (Будинок «Брайтон») кухня студия + комната,,Голосіївський,"Київ, Голосіївський - Сьогодні о 17:20"
olx,https://www.olx.ua/d/uk/obyavlenie/orenda-2k-kvartiri-na-pechersku-IDYTaaX.html?search_reason=search%7Corganic,20 000 грн.,Оренда 2к квартири на Печерську,,Печерський,"Київ, Печерський - Сьогодні о 15:34"
olx,https://www.olx.ua/d/uk/obyavlenie/polovetska-14-a-zdamo-chistu-ohaynu-kvartiru-IDZGDJe.html?search_reason=search%7Corganic,12 900 грн.,"Половецька 14-а  здамо, чисту охайну квартиру.",,Шевченківський,"Київ, Шевченківський - Сьогодні о 10:45"
olx,https://www.olx.ua/d/uk/obyavlenie/sdam-kvartiru-ul-kahovskaya-62a-metro-lisova-ID10zkRD.html?search_reason=search%7Cpromoted,15 500 грн.,Сдам квартиру ул. Каховская 62а метро Лисова,,Дніпровський,"Київ, Дніпровський - 30 травня 2026 р."
olx,https://www.olx.ua/d/uk/obyavlenie/generator-orenda-1-km-kvartiri-46-m2-v-zhk-svtlo-park-svitlo-park-ID10ojVx.html?search_reason=search%7Corganic,20 000 грн.,Є ГЕНЕРАТОР оренда 1-кім квартири 46 м2 в ЖК Світло Парк Svitlo Park,46 м2,Голосіївський,"Київ, Голосіївський - Сьогодні о 15:18"
olx,https://www.olx.ua/d/uk/obyavlenie/orenda-3-km-kvartiri-82-m2-v-zhk-komfort-taun-vul-berezneva-12-IDZCuGv.html?search_reason=search%7Corganic,34 000 грн.,"Оренда 3-кім квартири 82 м2 в ЖК Комфорт Таун, вул. Березнева, 12",82 м2,Дніпровський,"Київ, Дніпровський - Сьогодні о 08:37"
olx,https://www.olx.ua/d/uk/obyavlenie/bez-orenda-3h-kmnatno-kvartiri-dmitrvska-75-poltavska-10-ID10AZ0z.html?search_reason=search%7Corganic,39 863.77 грн.,Без% Оренда 3х-кімнатної квартири Дмитрівська 75/Полтавська 10,,Шевченківський,"Київ, Шевченківський - Сьогодні о 11:06"
olx,https://www.olx.ua/d/uk/obyavlenie/orenda-4-kmnatno-kvartiri-IDYtrrQ.html?search_reason=search%7Corganic,25 000 грн.,Оренда 4 кімнатної квартири,,Святошинський,"Київ, Святошинський - Сьогодні о 13:58"
olx,https://www.olx.ua/d/uk/obyavlenie/orenda-dizaynersko-3k-kvartiri-88m2-zhk-venetsya-samyla-kshki-10-1-ID109NFX.html?search_reason=search%7Corganic,90 399.41 грн.Договірна,"Оренда Дизайнерської 3к квартири 88м2 ЖК Венеція, Самійла Кішки 10/1",88м2,Голосіївський,"Київ, Голосіївський - Сьогодні о 16:13"
olx,https://www.olx.ua/d/uk/obyavlenie/orenda-2k-kvartiri-na-gnata-yuri-18a-bez-ID10B2Gy.html?search_reason=search%7Corganic,15 000 грн.,Оренда 2к квартири на Гната Юри 18А. Без %.,,Святошинський,"Київ, Святошинський - Сьогодні о 13:18"
olx,https://www.olx.ua/d/uk/obyavlenie/orenda-vidovo-2-kmnatno-kvartiri-zhk-grand-obolon-24-poverh-ID104xSN.html?search_reason=search%7Corganic,31 005.15 грн.,Оренда видової 2-кімнатної квартири  ЖК Гранд  Оболонь  24 поверх,,Оболонський,"Київ, Оболонський - Сьогодні о 12:38"
olx,https://www.olx.ua/d/uk/obyavlenie/zdam-dvohkmnatnu-kvartiru-v-orendu-blya-metro-cherngvska-15000-grn-IDZ6Anu.html?search_reason=search%7Corganic,13 000 грн.,Здам двохкімнатну квартиру в оренду біля метро Чернігівська 15000 грн,,Деснянський,"Київ, Деснянський - Сьогодні о 15:22"
olx,https://www.olx.ua/d/uk/obyavlenie/orenda-stilna-1k-vrodvushka-blya-metro-poznyaki-vul-krushelnitsko-15-b-IDZe2ZS.html?search_reason=search%7Corganic,20 000 грн.Договірна,"Оренда, Стильна 1к євродвушка біля метро  Позняки  вул. Крушельницької 15-Б",,Дарницький,"Київ, Дарницький - Сьогодні о 10:06"
olx,https://www.olx.ua/d/uk/obyavlenie/orenda-1-k-kv-persha-zdacha-zhk-frantsuzkiy-kvartral-2-pechersk-ID10wye5.html?search_reason=search%7Corganic,44 293.08 грн.,"Оренда 1-к кв.‼️Перша здача, ЖК Французький квартрал 2, Печерськ",,Печерський,"Київ, Печерський - Сьогодні о 14:23"
olx,https://www.olx.ua/d/uk/obyavlenie/zhk-perfect-town-vrodvushka-vd-vlasnika-ID10zrWR.html?search_reason=search%7Cpromoted,25 000 грн.,ЖК Perfect Town - євродвушка від власника,,Голосіївський,"Київ, Голосіївський - 27 травня 2026 р."
olx,https://www.olx.ua/d/uk/obyavlenie/zdam-1-kmn-kvartiru-obolonskiy-r-n-vul-polyarna-3-ID10AWez.html?search_reason=search%7Corganic,6 700 грн.,"Здам 1 кімн. квартиру. Оболонський р-н, вул. Полярна 3",,Оболонський,"Київ, Оболонський - Сьогодні о 06:52"
olx,https://www.olx.ua/d/uk/obyavlenie/orenda-3k-kvartiri-zhk-tetris-hall-vul-fedorova-pechersk-ID10AkEK.html?search_reason=search%7Corganic,168 313.70 грн.,"Оренда 3к квартири, ЖК Tetris Hall, вул. Федорова, Печерськ",,Печерський,"Київ, Печерський - Сьогодні о 11:11"
olx,https://www.olx.ua/d/uk/obyavlenie/zdam-kvartiru-blya-metro-teremki-ID10BbYJ.html?search_reason=search%7Corganic,13 500 грн.,Здам квартиру біля метро Теремки,,Голосіївський,"Київ, Голосіївський - Сьогодні о 19:01"
olx,https://www.olx.ua/d/uk/obyavlenie/orenda-1-km-kvartiri-z-balkonom-v-zhk-komfort-taun-regeneratorna-IDZ65ql.html?search_reason=search%7Corganic,18 000 грн.,"Оренда 1-кім квартири з балконом в ЖК Комфорт Таун, Регенераторна",,Дніпровський,"Київ, Дніпровський - Сьогодні о 14:30"
olx,https://www.olx.ua/d/uk/obyavlenie/generator-orenda-1-km-kvartiri-45-m2-v-zhk-svtlo-park-IDYraaW.html?search_reason=search%7Corganic,21 000 грн.,Є ГЕНЕРАТОР оренда 1-кім квартири 45 м2 в ЖК Світло Парк,45 м2,Голосіївський,"Київ, Голосіївський - Сьогодні о 08:33"
olx,https://www.olx.ua/d/uk/obyavlenie/zdatsya-1-kmnatna-kvartira-novopechersk-lipki-vul-kahi-bendukdze-2-IDXkkiF.html?search_reason=search%7Corganic,32 000 грн.,"Здається 1-кімнатна квартира, Новопечерські Липки, вул Кахи Бендукідзе 2",,Печерський,"Київ, Печерський - Сьогодні о 12:00"
olx,https://www.olx.ua/d/uk/obyavlenie/zdam-v-orendu-odnokmnatnu-kvartiru-ID10ztXl.html?search_reason=search%7Corganic,15 000 грн.,Здам в оренду однокімнатну квартиру,,Святошинський,"Київ, Святошинський - Сьогодні о 12:43"
olx,https://www.olx.ua/d/uk/obyavlenie/orenda-2-komn-kv-ri-kiv-golosvskiy-r-n-vul-saksaganskogo-26-IDXP9qQ.html?search_reason=search%7Corganic,27 000 грн.Договірна,"Оренда 2 комн.Кв-ри Київ, Голосіївський р-н, вул. Саксаганського, 26",,Печерський,"Київ, Печерський - Сьогодні о 14:10"
olx,https://www.olx.ua/d/uk/obyavlenie/orenda-46m2-varshavskiy-2-varshavskiy-dizayn-r-nt-krsterv-16-IDZDhvX.html?search_reason=search%7Corganic,26 000 грн.,"Оренда 46м2 Варшавський-2/Варшавский. Дизайн.р-нт. Крістерів,16",46м2,Подільський,"Київ, Подільський - Сьогодні о 17:54"
olx,https://www.olx.ua/d/uk/obyavlenie/zdam-kvartiru-zhk-varshavskiy-mkror-n-vropeyskogo-soyuzu-41a-vlasnik-IDZgXgM.html?search_reason=search%7Corganic,21 000 грн.,Здам квартиру ЖК Варшавський мікрор-н (Європейського союзу 41А Власник,,Подільський,"Київ, Подільський - 30 травня 2026 р."
olx,https://www.olx.ua/d/uk/obyavlenie/sdam-2-h-komnatnuyu-kvartiru-vozle-raduzhnogo-ozera-hozyain-ID10zFW2.html?search_reason=search%7Cpromoted,9 000 грн.,"Сдам 2-х комнатную квартиру возле Радужного озера, хозяин",,Дніпровський,"Київ, Дніпровський - Сьогодні о 17:30"
olx,https://www.olx.ua/d/uk/obyavlenie/orenda-kvartiri-m-kiv-darnitskiy-r-n-IDSGizv.html?search_reason=search%7Cpromoted,14 000 грн.,"Оренда квартири м.Київ, Дарницький р-н",,Дарницький,"Київ, Дарницький - 30 травня 2026 р."
olx,https://www.olx.ua/d/uk/obyavlenie/bez-koms-vul-boychuka-mihayla-19a-zhk-perlina-52-generator-ID10bJtA.html?search_reason=search%7Cpromoted,29 999 грн.,"БЕЗ КОМІСІЇ вул. Бойчука Михайла, 19а, ЖК Перлина 52,  є генератор",,Печерський,"Київ, Печерський - Сьогодні о 12:45"
olx,https://www.olx.ua/d/uk/obyavlenie/orenda-novo-dizaynersko-4-k-zhk-novopechersk-lipki-3-spaln-125m2-dv-garderobn-noviy-budnok-verhoglyada-ID10llPy.html?search_reason=search%7Corganic,177 172.31 грн.Договірна,Оренда Нової дизайнерської 4-к ЖК Новопечерські Липки 3 спальні 125м2  Дві гардеробні Новий будінок Верхогляда,125м2,Печерський,"Київ, Печерський - Сьогодні о 09:50"
olx,https://www.olx.ua/d/uk/obyavlenie/arenda-2-h-komnatnoy-kvartiry-troeschina-desnyanskiy-r-n-ul-gradinskaya-5-IDY7zxq.html?search_reason=search%7Corganic,12 500 грн.,Аренда 2-х комнатной квартиры Троещина Деснянский р-н ул. Градинская 5,,Деснянський,"Київ, Деснянський - Сьогодні о 14:45"
olx,https://www.olx.ua/d/uk/obyavlenie/orenda-1-k-kvartiri-na-vul-vahtanga-kkabdze-IDZMMbT.html?search_reason=search%7Corganic,10 000 грн.,Оренда 1-к квартири на вул. Вахтанга Кікабідзе,,Святошинський,"Київ, Святошинський - Сьогодні о 11:40"
olx,https://www.olx.ua/d/uk/obyavlenie/orenda-1-k-kvartiri-45m2-v-zhk-frantsuzkiy-kvartal-vul-tyutyunnika-51-IDZEWYl.html?search_reason=search%7Corganic,34 000 грн.,"Оренда 1-к квартири, 45м2, в ЖК Французький квартал, вул. Тютюнника 51",45м2,Печерський,"Київ, Печерський - Сьогодні о 15:35"
olx,https://www.olx.ua/d/uk/obyavlenie/zhk-gertsen-park-metro-lukyanvska-dorogozhich-vulitsya-gertsena-35a-ID10mnje.html?search_reason=search%7Corganic,40 000 грн.,"ЖК Герцен Парк, метро Лук'янівська, Дорогожичі,  вулиця Герцена 35А",,Шевченківський,"Київ, Шевченківський - Сьогодні о 13:15"
olx,https://www.olx.ua/d/uk/obyavlenie/3k-dnprovska-naberezhna-26a-novus-vidova-metro-osokorki-3hv-IDY4Xl6.html?search_reason=search%7Corganic,37 649.12 грн.,"3к, Дніпровська набережна 26а, Новус, видова, метро Осокорки 3хв",,Дарницький,"Київ, Дарницький - Сьогодні о 10:11"
olx,https://www.olx.ua/d/uk/obyavlenie/orenda-kvartiri-220m-kruglounversitetska-3-5-tsentr-besarabka-lpk-kiv-ID10gpEf.html?search_reason=search%7Corganic,115 162 грн.,Оренда квартири 220м Круглоуніверситетська 3-5 центр Бесарабка Ліпкі Київ,,Печерський,"Київ, Печерський - Сьогодні о 18:04"
olx,https://www.olx.ua/d/uk/obyavlenie/orenda-1-k-kvartiri-na-prosp-akademka-glushkova-ID10AF9d.html?search_reason=search%7Corganic,14 000 грн.,Оренда 1-к квартири на просп. Академіка Глушкова,,Голосіївський,"Київ, Голосіївський - 30 травня 2026 р."
olx,https://www.olx.ua/d/uk/obyavlenie/zdam-1-km-kv-poryad-zhk-britanskiy-golosvskiy-teremki-respublka-IDXZanY.html?search_reason=search%7Corganic,16 000 грн.,"Здам 1 кім кв.Поряд ЖК Британський,Голосіївський,Теремки,Республіка,",,Голосіївський,"Київ, Голосіївський - 30 травня 2026 р."
olx,https://www.olx.ua/d/uk/obyavlenie/orenda-2-kmnatno-kvartiri-v-zhk-jack-house-les-ukranki-bul-7v-ID103NGR.html?search_reason=search%7Corganic,70 868.92 грн.,"Оренда 2-кімнатної квартири в ЖК ""Jack House"" (Лесі Українки бул., 7в)",,Печерський,"Київ, Печерський - Сьогодні о 18:24"
olx,https://www.olx.ua/d/uk/obyavlenie/orenda-3-kmnatno-kvartiri-vul-leyptsizka-3-ID10pXXn.html?search_reason=search%7Cpromoted,27 000 грн.,"Оренда 3-кімнатної квартири • вул. Лейпцизька, 3",,Печерський,"Київ, Печерський - 03 травня 2026 р."
olx,https://www.olx.ua/d/uk/obyavlenie/persha-orenda-4k-apartamenti-zhk-31-poznyaki-IDZ7XqC.html?search_reason=search%7Cpromoted,119 591.31 грн.,Перша Оренда 4К апартаменти ЖК 31 Позняки,,Дарницький,"Київ, Дарницький - 02 травня 2026 р."
olx,https://www.olx.ua/d/uk/obyavlenie/orenda-kvartiri-vul-getmana-vadima-zhk-mstse-mr-shevchenkvskiy-IDX5paX.html?search_reason=search%7Corganic,39 863.77 грн.,"Оренда квартири, вул. Гетьмана Вадима, ЖК Місце Мрії, Шевченківський",,Шевченківський,"Київ, Шевченківський - Сьогодні о 13:35"
olx,https://www.olx.ua/d/uk/obyavlenie/zdam-1-kmnatnu-na-bulvar-les-ukranki-7b-9-27-noviy-eltniy-budinok-ID10l09c.html?search_reason=search%7Corganic,18 000 грн.,"Здам 1 кімнатну на бульварі Лесі Українки 7Б, 9/27, новий елітний будинок.",,Печерський,"Київ, Печерський - 30 травня 2026 р."
olx,https://www.olx.ua/d/uk/obyavlenie/pr-beresteyskiy-91-metro-2-kmnati-ID10jXtz.html?search_reason=search%7Corganic,16 000 грн.,"Пр. Берестейський 91 , метро, 2 кімнати",,Святошинський,"Київ, Святошинський - Сьогодні о 12:02"
olx,https://www.olx.ua/d/uk/obyavlenie/rayduzhniy-orenda-odnokmnatno-kvartiri-na-vul-rayduzhna-45-IDZxXMR.html?search_reason=search%7Corganic,10 500 грн.,"Райдужний. Оренда однокімнатної квартири на вул. Райдужна, 45.",,Дніпровський,"Київ, Дніпровський - Сьогодні о 16:41"
olx,https://www.olx.ua/d/uk/obyavlenie/orenda-vidoviy-penthaus-u-tsentr-kiva-dizaynerska-kvartira-laboratorna-7-tsentr-ukrittya-parkng-vip-luxe-palats-olmpyska-pechersk-tetrs-fk-ID109kWk.html?search_reason=search%7Corganic,66 439.62 грн.,Оренда ВИДОВИЙ ПЕНТХАУС у центрі Києва дизайнерська квартира Лабораторна 7 ЦЕНТР УКРИТТЯ ПАРКІНГ VIP LUXE Палац Олімпійська Печерськ Тетріс ФК,,Печерський,"Київ, Печерський - Сьогодні о 11:10"
olx,https://www.olx.ua/d/uk/obyavlenie/shulyavka-tihogo-viborzka-91-a-metro-shulyavska-beresteyska-1500m-ID10AlCP.html?search_reason=search%7Corganic,6 500 грн.,"Шулявка,Тихого (Виборзька ) 91 А (метро ""Шулявська""-""Берестейська"" - 1500м.)",,Солом'янський,"Київ, Солом'янський - 29 травня 2026 р."
olx,https://www.olx.ua/d/uk/obyavlenie/orenda-2-kmn-gerov-polku-azov-27-b-obolon-ID10AV1z.html?search_reason=search%7Corganic,18 000 грн.,Оренда 2 кімн  Героїв полку « Азов « 27 б Оболонь,,Оболонський,"Київ, Оболонський - Сьогодні о 08:27"
olx,https://www.olx.ua/d/uk/obyavlenie/arenda-2-h-kmnatno-kvartiri-kiv-vul-donetska-57a-IDYLA4p.html?search_reason=search%7Corganic,12 000 грн.Договірна,Аренда 2-х кімнатної квартири Київ вул. Донецька 57а,,Солом'янський,"Київ, Солом'янський - 30 травня 2026 р."
olx,https://www.olx.ua/d/uk/obyavlenie/orenda-zatishno-3-kvartiri-blya-palatsu-ukrana-ID10m5s4.html?search_reason=search%7Cpromoted,44 293.08 грн.Договірна,Оренда затишної 3- квартири біля Палацу Україна,,Печерський,"Київ, Печерський - Сьогодні о 16:56"
olx,https://www.olx.ua/d/uk/obyavlenie/zdam-kvartiru-zhk-nauki-58-ID10qSMt.html?search_reason=search%7Cpromoted,24 000 грн.Договірна,Здам квартиру ЖК Науки 58,,Голосіївський,"Київ, Голосіївський - Сьогодні о 17:19"
olx,https://www.olx.ua/d/uk/obyavlenie/zdam-3-k-kvartiru-zhk-demvka-golosvskiy-park-avenyu-metro-goloseevskaya-i-demeevskaya-ID10wrym.html?search_reason=search%7Cpromoted,39 863.77 грн.,"Здам 3-к квартиру ЖК Деміївка Голосіївський Парк Авеню, метро Голосеевская и Демеевская",,Голосіївський,"Київ, Голосіївський - Сьогодні о 10:34"
olx,https://www.olx.ua/d/uk/obyavlenie/2-k-sumzhna-st-spartak-z-1-06-IDXtA0D.html?search_reason=search%7Corganic,17 200 грн.,"2-к суміжна, ст. Спартак з 1.06",,Подільський,"Київ, Подільський - Сьогодні о 09:54"
olx,https://www.olx.ua/d/uk/obyavlenie/vd-vlasnika-sdam-v-orendu-kvartiru-v-zhk-liko-perfect-town-IDYd3lc.html?search_reason=search%7Corganic,25 500 грн.,Від власника ! Сдам в оренду квартиру в ЖК Liko Perfect Town,,Голосіївський,"Київ, Голосіївський - Сьогодні о 15:19"
olx,https://www.olx.ua/d/uk/obyavlenie/orenda-2k-kvartira-novopolova-zhk-family-friends-solomyanskiy-kardach-IDZO9Xd.html?search_reason=search%7Corganic,20 000 грн.,Оренда 2к квартира Новопольова ЖК Family & Friends Соломʼянський Кардачі,,Солом'янський,"Київ, Солом'янський - Сьогодні о 12:43"
olx,https://www.olx.ua/d/uk/obyavlenie/patrarha-mstislava-skripnika-40-zdam-2k-kvartiru-zhd-vokzal-ultramarin-ID10zth9.html?search_reason=search%7Corganic,33 000 грн.,"Патріарха Мстислава Скрипника 40 Здам 2к квартиру ЖД ""Вокзал"" Ультрамарин",,Солом'янський,"Київ, Солом'янський - Сьогодні о 10:36"
olx,https://www.olx.ua/d/uk/obyavlenie/tsentr-orenda-3h-kmnatna-bloruska3-metro-IDPpxsf.html?search_reason=search%7Corganic,26 000 грн.Договірна,"‼️Центр!‼️Оренда,3х кімнатна,Білоруська3,метро",,Шевченківський,"Київ, Шевченківський - Сьогодні о 10:54"
olx,https://www.olx.ua/d/uk/obyavlenie/zhk-novaya-anglya-kvartira-z-novim-yaksnim-remontom-IDOAcsk.html?search_reason=search%7Corganic,21 000 грн.,ЖК «Новая Англія» квартира з новим якісним ремонтом!,,Солом'янський,"Київ, Солом'янський - Сьогодні о 08:15"
olx,https://www.olx.ua/d/uk/obyavlenie/orenda-kvartiri-kuhnya-studya-spalnya-danchenka-28b-zhk-novomostitsko-zamkovetskiy-podlskiy-rayon-IDNbUsH.html?search_reason=search%7Corganic,16 000 грн.,Оренда квартири кухня-студія і спальня Данченка 28б ЖК Новомостицько-Замковецький Подільський район,,Подільський,"Київ, Подільський - Сьогодні о 10:44"
olx,https://www.olx.ua/d/uk/obyavlenie/persha-orenda-2k-50m2-white-lines-golosvskiy-goloseevskiy-ID10b7tr.html?search_reason=search%7Corganic,39 863.77 грн.,Перша оренда 2к 50м2 White Lines Голосіївський Голосеевский,50м2,Голосіївський,"Київ, Голосіївський - Сьогодні о 10:55"
olx,https://www.olx.ua/d/uk/obyavlenie/arenda-2-komn-m-olimpiyskaya-ul-bolshaya-vasilkovskaya-80-invertor-na-6-kvt-IDYL8mi.html?search_reason=search%7Corganic,81 897.90 грн.,Аренда 2-комн. м. Олимпийская ул. Большая Васильковская 80 (инвертор на 6 кВт),,Печерський,"Київ, Печерський - Сьогодні о 14:09"
olx,https://www.olx.ua/d/uk/obyavlenie/orenda-1k-kvartira-60m2-darvna-1-avtorskiy-remont-lipki-ID104F0e.html?search_reason=search%7Corganic,103 313.62 грн.,Оренда 1к квартира 60м2 Дарвіна 1 авторський ремонт Липки,60м2,Печерський,"Київ, Печерський - Сьогодні о 18:37"
olx,https://www.olx.ua/d/uk/obyavlenie/zdam3-kmnatnu-kvartiru-na-danchenka-1-ID10AFJf.html?search_reason=search%7Cpromoted,30 000 грн.,Здам3 кімнатну квартиру на Данченка 1,,Печерський,"Київ, Печерський - 30 травня 2026 р."
olx,https://www.olx.ua/d/uk/obyavlenie/vrodvushka-46-m-z-vidom-na-ozero-bez-koms-vd-vlasnika-ID10zPQu.html?search_reason=search%7Cpromoted,13 900 грн.,Євродвушка 46 м² з видом на озеро | Без комісії | Від власника,46 м²,Деснянський,"Київ, Деснянський - 30 травня 2026 р."
olx,https://www.olx.ua/d/uk/obyavlenie/zdatsya-odnokmnatna-kvartira-vul-dontsya-2-b-ID10B6F0.html?search_reason=search%7Cpromoted,18 000 грн.,Здається однокімнатна  квартира. Вул.Донця 2-Б,,Солом'янський,"Київ, Солом'янський - Сьогодні о 15:45"
olx,https://www.olx.ua/d/uk/obyavlenie/orenda-2k-kvartiri-zhk-zeleniy-ostrv-skorskogo1-IDZRHiv.html?search_reason=search%7Corganic,34 500 грн.,Оренда 2к Квартири ЖК Зелений Острів (Сікорського1),,Шевченківський,"Київ, Шевченківський - Сьогодні о 11:16"
olx,https://www.olx.ua/d/uk/obyavlenie/zdatsya-1-kmnatna-kvartira-v-zhk-time-ID10Alxq.html?search_reason=search%7Corganic,17 000 грн.,Здається 1-кімнатна квартира в ЖК Time,,Солом'янський,"Київ, Солом'янський - 29 травня 2026 р."
olx,https://www.olx.ua/d/uk/obyavlenie/orenda-2-kmnatno-kvartiri-na-vul-dzhona-makkeyna-37-ID10AXxb.html?search_reason=search%7Corganic,22 000 грн.,"Оренда 2-кімнатної квартири на вул.Джона Маккейна,37",,Печерський,"Київ, Печерський - Сьогодні о 10:07"
olx,https://www.olx.ua/d/uk/obyavlenie/orenda-3-h-kmnatno-kvartiri-na-poznyakah-IDYRaon.html?search_reason=search%7Corganic,22 000 грн.,Оренда 3-х кімнатної квартири на Позняках,,Дарницький,"Київ, Дарницький - Сьогодні о 11:09"
olx,https://www.olx.ua/d/uk/obyavlenie/ne-vimikayut-svtlo-persha-orenda-kvartiri-v-zhk-golosvskiy-IDZb5MF.html?search_reason=search%7Corganic,28 790.50 грн.,Не вимикають свтло .Перша оренда квартири в Жк Голосіївський,,Голосіївський,"Київ, Голосіївський - Сьогодні о 10:02"
olx,https://www.olx.ua/d/uk/obyavlenie/dovgostrokova-orenda-odnokmnatno-kvartiri-v-golosvo-ID10B5ip.html?search_reason=search%7Corganic,8 500 грн.,Довгострокова оренда однокімнатної квартири в Голосіїво,,Голосіївський,"Київ, Голосіївський - Сьогодні о 14:50"
olx,https://www.olx.ua/d/uk/obyavlenie/vlasnik-kvartira-z-osoblivoyu-atmosferoyu-vul-llnka-melnikova-IDYzrzl.html?search_reason=search%7Corganic,40 000 грн.,"Власник, Квартира з особливою атмосферою, вул.Іллєнка (Мельникова)",,Шевченківський,"Київ, Шевченківський - Сьогодні о 08:55"
olx,https://www.olx.ua/d/uk/obyavlenie/orenda-kvartiri-per-uzhgorodskiy-zhk-white-lines-golosvskiy-r-n-IDZg7Aj.html?search_reason=search%7Corganic,48 722.39 грн.,"Оренда квартири, пер. Ужгородський, ЖК White Lines, Голосіївський р-н",,Голосіївський,"Київ, Голосіївський - Сьогодні о 16:16"
olx,https://www.olx.ua/d/uk/obyavlenie/sdam-2-k-kvartiru-pochatok-troschini-ID10ATCN.html?search_reason=search%7Corganic,8 000 грн.,Сдам 2 к квартиру Початок Троєщини,,Деснянський,"Київ, Деснянський - 30 травня 2026 р."
olx,https://www.olx.ua/d/uk/obyavlenie/kvartira-na-volodimirsky-metro-olmpyska-IDV7l69.html?search_reason=search%7Corganic,16 000 грн.,"Квартира на Володимирській, метро Олімпійська",,Голосіївський,"Київ, Голосіївський - Сьогодні о 12:15"
olx,https://www.olx.ua/d/uk/obyavlenie/zatishna-3-kmn-blya-lsu-pr-t-lsoviy-43-persha-zdacha-ID10vipH.html?search_reason=search%7Cpromoted,11 000 грн.,"Затишна 3-кімн. БІЛЯ ЛІСУ, пр-т Лісовий,43 Перша здача",,Деснянський,"Київ, Деснянський - Сьогодні о 12:36"
olx,https://www.olx.ua/d/uk/obyavlenie/orenda-suchasno-kvartiri-u-premalnomu-zhk-white-lines-IDYNVOH.html?search_reason=search%7Cpromoted,53 151.69 грн.,Оренда  сучасної квартири у преміальному  ЖК White Lines,,Голосіївський,"Київ, Голосіївський - 30 травня 2026 р."
olx,https://www.olx.ua/d/uk/obyavlenie/wow-kvartira-dizaynerskiy-remont-persha-zdacha-zhk-ribalskiy-mozhlivo-z-pdv-5-element-50-metrv-plyazhniy-klub-top-ID10v5hG.html?search_reason=search%7Cpromoted,39 900 грн.,WOW-квартира | Дизайнерський ремонт | Перша здача/ЖК Рибальский| Можливо з Пдв/ 5 елемент 50 метрів (пляжний клуб топ),,Оболонський,"Київ, Оболонський - 29 травня 2026 р."
olx,https://www.olx.ua/d/uk/obyavlenie/orenda-2-k-kvartiri-na-vul-ronalda-reygana-IDZNyNW.html?search_reason=search%7Corganic,15 000 грн.Договірна,Оренда 2-к квартири на вул. Рональда Рейгана,,Деснянський,"Київ, Деснянський - Сьогодні о 11:57"
olx,https://www.olx.ua/d/uk/obyavlenie/zdatsya-2-kmnatna-kvartira-ID10Ax7N.html?search_reason=search%7Corganic,16 000 грн.,Здається 2-кімнатна квартира,,Голосіївський,"Київ, Голосіївський - 29 травня 2026 р."
olx,https://www.olx.ua/d/uk/obyavlenie/orenda-kvartiri-dovgostrokovo-IDZxVwJ.html?search_reason=search%7Corganic,15 000 грн.,Оренда квартири довгостроково,,Шевченківський,"Київ, Шевченківський - Сьогодні о 12:12"
olx,https://www.olx.ua/d/uk/obyavlenie/zdatsya-v-dovgostrokovu-arendu-dvokmnatna-kvartira-zhk-perfect-town-vd-vlasnika-IDZQ8mD.html?search_reason=search%7Corganic,48 722.39 грн.,Здається в довгострокову аренду двокімнатна квартира.  ЖК Perfect Town. !!!!Від власника !!!!,,Голосіївський,"Київ, Голосіївський - Сьогодні о 17:24"
olx,https://www.olx.ua/d/uk/obyavlenie/sdam-odnokomnatnuyu-kvartiru-ID10AV6V.html?search_reason=search%7Corganic,7 000 грн.,Сдам однокомнатную квартиру,,Голосіївський,"Київ, Голосіївський - Сьогодні о 08:34"
olx,https://www.olx.ua/d/uk/obyavlenie/orenda-1-kmnatna-vrodvushka-vd-vlasnika-odeskiy-bulvar-m-teremki-ID10B0lO.html?search_reason=search%7Corganic,16 000 грн.,"Оренда 1 кімнатна ""Євродвушка"" Від власника Одеський Бульвар м.Теремки",,Голосіївський,"Київ, Голосіївський - Сьогодні о 11:56"
olx,https://www.olx.ua/d/uk/obyavlenie/orenda-vidovo-3-kmn-kvartiri-zhk-kozatskiy-nau-shulyavka-vul-garmatna-budinok-blya-parku-orlyatko-IDY78Js.html?search_reason=search%7Corganic,35 434.46 грн.,"Оренда видової 3-кімн. квартири ЖК «Козацький»  НАУ, Шулявка, вул. Гарматна, будинок біля парку «Орлятко»",,Шевченківський,"Київ, Шевченківський - Сьогодні о 18:07"
olx,https://www.olx.ua/d/uk/obyavlenie/arenda-kvartiry-2-k-kvartiry-dzhona-makkeyna-frantsuzskiy-kvartal-2-ID10aghk.html?search_reason=search%7Corganic,53 151.69 грн.Договірна,Аренда квартиры 2-к квартиры | Джона Маккейна | Французский квартал 2,,Печерський,"Київ, Печерський - Сьогодні о 13:53"
olx,https://www.olx.ua/d/uk/obyavlenie/orenda-dovgostrokova-3-kmnatno-vlasno-kvartiri-ID10nedt.html?search_reason=search%7Corganic,18 000 грн.,Оренда довгострокова 3 кімнатної власної квартири,,Дарницький,"Київ, Дарницький - Сьогодні о 14:25"
olx,https://www.olx.ua/d/uk/obyavlenie/2k-kvartira-zhk-sosnoviy-br-olevska-5-ID10kvrr.html?search_reason=search%7Corganic,15 000 грн.,"2к квартира ЖК Сосновий бір,Олевська,5",,Святошинський,"Київ, Святошинський - Сьогодні о 10:09"
olx,https://www.olx.ua/d/uk/obyavlenie/tsentr-pechersk-2k-85m-po-konovaltsa-e-32g-ID10zsv7.html?search_reason=search%7Cpromoted,35 390.17 грн.,Центр Печерск 2к 85м по Коновальца Е. 32Г,,Печерський,"Київ, Печерський - Сьогодні о 10:14"
olx,https://www.olx.ua/d/uk/obyavlenie/orenda-1-kmnatno-kvartiri-vul-tulchinska-3-ID10zOeU.html?search_reason=search%7Cpromoted,16 000 грн.,Оренда 1-кімнатної квартири вул. Тульчинська 3,,Шевченківський,"Київ, Шевченківський - 30 травня 2026 р."
olx,https://www.olx.ua/d/uk/obyavlenie/orenda-2-k-kvartiri-bez-koms-vul-peremishilska-10-vinogradar-ID10i9lG.html?search_reason=search%7Cpromoted,13 000 грн.,"Оренда 2-к квартири БЕЗ КОМІСІЇ, вул. Перемишильська 10, ""Виноградар""",,Подільський,"Київ, Подільський - Сьогодні о 08:52"
olx,https://www.olx.ua/d/uk/obyavlenie/zdatsya-studya-v-zhk-elyseum-ID10Al10.html?search_reason=search%7Corganic,12 500 грн.,Здається студія в ЖК Elyseum,,Шевченківський,"Київ, Шевченківський - 29 травня 2026 р."
olx,https://www.olx.ua/d/uk/obyavlenie/sdam-kvartiru-bez-komissii-riltoru-tsentralnaya-15-m-slavutich-5-min-IDZOHWC.html?search_reason=search%7Corganic,28 790.50 грн.,"Сдам квартиру БЕЗ КОМИССИИ РИЄЛТОРУ, Центральная 15, м Славутич 5 мин",,Дарницький,"Київ, Дарницький - Сьогодні о 15:58"
olx,https://www.olx.ua/d/uk/obyavlenie/zdatsya-zatishna-ta-svtla-3-h-kmnatna-kvartira-IDViyHw.html?search_reason=search%7Corganic,27 000 грн.,Здається затишна та світла 3-х кімнатна квартира,,Печерський,"Київ, Печерський - Сьогодні о 17:14"
olx,https://www.olx.ua/d/uk/obyavlenie/termnovo-dovgostrokova-orenda-kvartiri-v-zhk-nova-anglya-IDYzIOi.html?search_reason=search%7Corganic,26 000 грн.,Терміново! Довгострокова оренда квартири в ЖК Нова Англія,,Голосіївський,"Київ, Голосіївський - 30 травня 2026 р."
olx,https://www.olx.ua/d/uk/obyavlenie/orenda-bez-koms-frantsuzkiy-kvartal-2-45m2-ID10AGkY.html?search_reason=search%7Corganic,44 293.08 грн.Договірна,ОРЕНДА!БЕЗ КОМІСІЇ  Французький квартал 2! 45м2!,45м2,Печерський,"Київ, Печерський - 30 травня 2026 р."
olx,https://www.olx.ua/d/uk/obyavlenie/orenda-kvartiri-vul-mihayla-boychuka-zhk-novopecherska-vezha-zvrinets-IDY8l8x.html?search_reason=search%7Corganic,66 439.62 грн.,"Оренда квартири, вул. Михайла Бойчука, ЖК Новопечерська Вежа,Звіринець",,Печерський,"Київ, Печерський - Сьогодні о 15:06"
olx,https://www.olx.ua/d/uk/obyavlenie/dontsya-2b-generator-1-kmnatna-blya-parku-ID10B4F0.html?search_reason=search%7Corganic,16 000 грн.,"Донця 2б, є генератор, 1 кімнатна біля парку",,Солом'янський,"Київ, Солом'янський - Сьогодні о 14:27"
olx,https://www.olx.ua/d/uk/obyavlenie/vlna-kvartira-metro-golosvska-lnya-3-poverh-7-zhk-white-lines-IDXEZ9T.html?search_reason=search%7Corganic,35 000 грн.,"Вільна Квартира метро Голосіївська Лінія 3, поверх 7 ЖК White Lines",,Печерський,"Київ, Печерський - 30 травня 2026 р."
olx,https://www.olx.ua/d/uk/obyavlenie/orenda-2-k-kvartiri-u-m-kiv-vul-mihayla-maksimovicha-zhk-4-sezoni-IDZJN4m.html?search_reason=search%7Corganic,30 000 грн.,"оренда  2 к квартири у м. Київ, вул. Михайла Максимовича ЖК 4 сезони",,Голосіївський,"Київ, Голосіївський - Сьогодні о 19:00"
olx,https://www.olx.ua/d/uk/obyavlenie/zdam-1-kvartira-zhk-greyt-vul-prichalna-10-ID10BbOt.html?search_reason=search%7Corganic,24 000 грн.,Здам 1.квартира ЖК Грейт вул Причальна 10,,Дарницький,"Київ, Дарницький - Сьогодні о 18:52"
olx,https://www.olx.ua/d/uk/obyavlenie/bez-koms-orenda-1k-metro-cherngvska-darnitsya-dnprovskiy-vul-almatinska-54-ID10nJL7.html?search_reason=search%7Cpromoted,10 000 грн.,"Без комісії Оренда 1к, метро Чернігівська, Дарниця, Дніпровський, вул. Алматинська 54",,Дніпровський,"Київ, Дніпровський - 27 травня 2026 р."
olx,https://www.olx.ua/d/uk/obyavlenie/orenda-kvartiri-v-zhk-seven-poznyaki-ID10xWZD.html?search_reason=search%7Cpromoted,30 000 грн.,"Оренда квартири в ЖК Севен, Позняки",,Дарницький,"Київ, Дарницький - 29 травня 2026 р."
olx,https://www.olx.ua/d/uk/obyavlenie/suchasna-4k-m-pecherska-pshki-vul-knyazv-ostrozkih-41-8-pecherskiy-r-n-IDVleYs.html?search_reason=search%7Cpromoted,20 000 грн.,Сучасна 4к м.Печерська пішки вул.Князів Острозьких 41/8 Печерський р-н,,Печерський,"Київ, Печерський - Сьогодні о 10:29"
olx,https://www.olx.ua/d/uk/obyavlenie/orenda-2-h-kmnatna-kvartira-zhk-deya-vd-vlasnika-IDXvxWT.html?search_reason=search%7Corganic,14 000 грн.,Оренда 2-х кімнатна квартира ЖК Ідея від власника,,Дарницький,"Київ, Дарницький - Сьогодні о 17:46"
olx,https://www.olx.ua/d/uk/obyavlenie/orenda-3-spal-kuhnya30m2-zhk-nash-budinok-brest-litovskiy-71-a-nvertor-IDZRZi6.html?search_reason=search%7Corganic,33 000 грн.,"Оренда 3 спал , кухня30м2. ЖК Наш Будинок  Брест-Литовський 71 А. Інвертор",30м2,Святошинський,"Київ, Святошинський - 30 травня 2026 р."
olx,https://www.olx.ua/d/uk/obyavlenie/orenda-kvartiri-stud-v-zhk-komfort-taun-prosp-sobornost-17-IDYPGOX.html?search_reason=search%7Corganic,14 500 грн.,"Оренда квартири-студії в ЖК «Комфорт Таун», просп. Соборності, 17.",,Дніпровський,"Київ, Дніпровський - Сьогодні о 12:25"
olx,https://www.olx.ua/d/uk/obyavlenie/orenda-3k-podl-andrvska-tserkva-horiva-4-vidova-vlasnik-IDXxpVO.html?search_reason=search%7Corganic,84 156.85 грн.,"Оренда 3К  Поділ Андріївська церква, Хорива 4, Видова, Власник",,Подільський,"Київ, Подільський - Сьогодні о 09:51"
olx,https://www.olx.ua/d/uk/obyavlenie/zdatsya-2-kmnatna-kvartira-na-vul-danila-scherbakvskogo-49g-ID10AFaH.html?search_reason=search%7Corganic,15 000 грн.,"Здається 2-кімнатна квартира на вул.Данила Щербаківського,49Г",,Шевченківський,"Київ, Шевченківський - 30 травня 2026 р."
olx,https://www.olx.ua/d/uk/obyavlenie/bez-koms-vul-boychuka-mihayla-19a-zhk-perlina-52-generator-ID10bJtA.html?search_reason=search%7Corganic,29 999 грн.,"БЕЗ КОМІСІЇ вул. Бойчука Михайла, 19а, ЖК Перлина 52,  є генератор",,Печерський,"Київ, Печерський - Сьогодні о 12:45"
olx,https://www.olx.ua/d/uk/obyavlenie/mansardna-2-km-kvatira-89-m2-v-zhk-komfort-taun-sobornost-17-IDPtNG9.html?search_reason=search%7Corganic,37 000 грн.,"Мансардна 2-кім кватира 89 м2 в ЖК Комфорт Таун, Соборності 17",89 м2,Дніпровський,"Київ, Дніпровський - Сьогодні о 16:28"
olx,https://www.olx.ua/d/uk/obyavlenie/orenda-2-kmn-vlasnik-pecherskiy-zagrebelnogo-m-zvrinetska-IDX2LXz.html?search_reason=search%7Corganic,22 000 грн.Договірна,"Оренда 2- кімн. власник, Печерський , Загребельного, м. Звіринецька",,Печерський,"Київ, Печерський - Сьогодні о 18:50"
olx,https://www.olx.ua/d/uk/obyavlenie/zdam-kvartiru-dvuhkmnatnu-na-varshavskomu-abo-zdam-IDZV2Ns.html?search_reason=search%7Corganic,31 005.15 грн.,Здам квартиру двухкімнатну на Варшавському або здам,,Подільський,"Київ, Подільський - Сьогодні о 06:33"
olx,https://www.olx.ua/d/uk/obyavlenie/orenda-zatishno-3-kvartiri-blya-palatsu-ukrana-ID10m5s4.html?search_reason=search%7Corganic,44 293.08 грн.Договірна,Оренда затишної 3- квартири біля Палацу Україна,,Печерський,"Київ, Печерський - Сьогодні о 16:56"
olx,https://www.olx.ua/d/uk/obyavlenie/orenda-kvartiri-41m2-zhk-respublika-raspublka-teremkvska-4a-5-y-poverh-ID10qRNc.html?search_reason=search%7Cpromoted,35 000 грн.,"Оренда квартири 41м2 ЖК Respublika (Распубліка), Теремківська 4А, 5-й поверх",41м2,Голосіївський,"Київ, Голосіївський - 29 травня 2026 р."
olx,https://www.olx.ua/d/uk/obyavlenie/kvartira-studya-z-vroremontom-blya-metro-klovska-ta-aresenalna-ID10AZlW.html?search_reason=search%7Cpromoted,19 000 грн.Договірна,Квартира студія з євроремонтом біля метро Кловська та Аресенальна!,,Печерський,"Київ, Печерський - Сьогодні о 11:24"
olx,https://www.olx.ua/d/uk/obyavlenie/generator-arenda-2k-kvartiry-85m-zhk-golden-park-ul-parkovo-syretskaya-4v-IDZOayk.html?search_reason=search%7Corganic,31 005.15 грн.,ГЕНЕРАТОР Аренда 2к квартиры 85м ЖК Golden Park ул Парково Сырецкая 4в,,Шевченківський,"Київ, Шевченківський - Сьогодні о 12:23"
olx,https://www.olx.ua/d/uk/obyavlenie/orenda-odnokmnatna-kvartira-ID10AWHx.html?search_reason=search%7Corganic,15 000 грн.,Оренда однокімнатна квартира,,Дарницький,"Київ, Дарницький - Сьогодні о 07:57"
olx,https://www.olx.ua/d/uk/obyavlenie/u-samomu-serts-stolits-hreschatik-pasazh-IDZMHNr.html?search_reason=search%7Corganic,44 293.08 грн.,У самому серці столиці - Хрещатик Пасаж,,Дніпровський,"Київ, Дніпровський - Сьогодні о 10:33"
olx,https://www.olx.ua/d/uk/obyavlenie/m-pecherska-bulvar-les-ukranki-studya-spalnya-boyler-zavzhdi-svtlo-ID10koGd.html?search_reason=search%7Corganic,22 000 грн.,"М. Печерська, бульвар Лесі Українки Студія.Спальня.Бойлер.Завжди є світло",,Печерський,"Київ, Печерський - 29 травня 2026 р."
olx,https://www.olx.ua/d/uk/obyavlenie/orenda-1-km-kv-50kv-m-pd-ofs-metro-zolot-vorota-unversitet-IDXTSMz.html?search_reason=search%7Corganic,30 000 грн.,"Оренда 1-кім кв. 50кв.м. під офіс   метро  Золоті Ворота, Університет",50кв.м,Шевченківський,"Київ, Шевченківський - Сьогодні о 15:30"
olx,https://www.olx.ua/d/uk/obyavlenie/orenda-kvartiri-obolon-persha-zdacha-noviy-remont-IDYfPla.html?search_reason=search%7Corganic,16 500 грн.,"Оренда квартири Оболонь, перша здача, новий ремонт",,Оболонський,"Київ, Оболонський - Сьогодні о 10:36"
olx,https://www.olx.ua/d/uk/obyavlenie/orenda-4-kmnatno-kvartiri-kiv-vul-zdanovsko-zhk-lkograd-vlasnik-IDV53aJ.html?search_reason=search%7Corganic,30 000 грн.,"Оренда 4-кімнатної квартири Київ, вул. Здановської ЖК Лікоград власник",,Голосіївський,"Київ, Голосіївський - 30 травня 2026 р."
olx,https://www.olx.ua/d/uk/obyavlenie/orenda-1k-kvartiri-v-zhk-il-patio-na-vul-rayduzhna-ID10AYnF.html?search_reason=search%7Corganic,16 000 грн.Договірна,"Оренда 1к квартири в ЖК ""IL Patio"" на вул. Райдужна",,Дніпровський,"Київ, Дніпровський - Сьогодні о 10:44"
olx,https://www.olx.ua/d/uk/obyavlenie/orenda-3k-kvartiri-zhk-richmond-parkomstse-bez-koms-IDYDxJ3.html?search_reason=search%7Corganic,66 439.62 грн.Договірна,Оренда 3к квартири ЖК Richmond + паркомісце! Без комісії!!,,Печерський,"Київ, Печерський - Сьогодні о 10:24"
olx,https://www.olx.ua/d/uk/obyavlenie/sdam-2-kmnatnu-kvartiru-IDVlS52.html?search_reason=search%7Corganic,44 293.08 грн.,Сдам 2- кімнатну квартиру,,Подільський,"Київ, Подільський - 30 травня 2026 р."
olx,https://www.olx.ua/d/uk/obyavlenie/1-k-kvartira-zhk-gogolvska-47-z-terassoyu-shevchenkvskiy-tsentr-ID10z1N5.html?search_reason=search%7Cpromoted,26 000 грн.,1 к Квартира ЖК Гоголівська 47 з терассою Шевченківський центр,,Шевченківський,"Київ, Шевченківський - 30 травня 2026 р."
olx,https://www.olx.ua/d/uk/obyavlenie/zhk-miloslavich-zakrevskogo-97-a-orenda-1-k-bez-meblv-vlasnik-generator-ID10coU6.html?search_reason=search%7Cpromoted,8 500 грн.,"ЖК Милославичі, Закревського 97-А, оренда 1-к. Без меблів. Власник. Генератор",,Деснянський,"Київ, Деснянський - 30 травня 2026 р."
olx,https://www.olx.ua/d/uk/obyavlenie/arenda-kvartiry-zhk-novopecherskie-lipki-dragomirova-verhoglyada-ID10z7cn.html?search_reason=search%7Cpromoted,230 324.01 грн.,"Аренда квартиры, ЖК Новопечерские Липки, Драгомирова, Верхогляда",,Печерський,"Київ, Печерський - 26 травня 2026 р."
olx,https://www.olx.ua/d/uk/obyavlenie/orenda-kvartiri-kuhnya-studya-ta-okremo-kmnata-zakritiy-dvr-parkovkoyu-vul-raketna-24b-golosvskiy-rn-IDY2RqY.html?search_reason=search%7Corganic,15 500 грн.,"Оренда квартири, кухня студія та окремо кімната,  закритий двір і парковкою вул.Ракетна 24б, Голосіївський рн",,Голосіївський,"Київ, Голосіївський - 30 травня 2026 р."
olx,https://www.olx.ua/d/uk/obyavlenie/orenda-svtlo-2k-kuhnya-vtalnya-zhk-nova-anglya-metro-vasilkvska-IDVpeRO.html?search_reason=search%7Corganic,43 000 грн.Договірна,Оренда світлої 2к+ кухня+вітальня! ЖК Нова Англія! метро Васильківська,,Голосіївський,"Київ, Голосіївський - Сьогодні о 15:34"
olx,https://www.olx.ua/d/uk/obyavlenie/orenda-1k-kvartira-v-zhk-bulvar-fontanv-5-poverh-nvertor-IDY6sWS.html?search_reason=search%7Corganic,48 722.39 грн.,Оренда 1к квартира в ЖК Бульвар Фонтанів 5 поверх є Інвертор,,Печерський,"Київ, Печерський - Сьогодні о 17:39"
olx,https://www.olx.ua/d/uk/obyavlenie/vlasnik-orenda-2k-zhk-manhetten-shevchenkivskiy-vlasnik-zhd-vokzal-IDYJNy7.html?search_reason=search%7Corganic,37 649.12 грн.,Власник Оренда 2к жк Манхеттен Шевченкiвский Власник жд вокзал,,Шевченківський,"Київ, Шевченківський - 30 травня 2026 р."
olx,https://www.olx.ua/d/uk/obyavlenie/orenda-vd-vlasnika-2-k-kvartiri-borisa-gmir-16-ID10AII3.html?search_reason=search%7Corganic,18 000 грн.,"Оренда від власника 2-к  квартири, Бориса Гмирі 16",,Дарницький,"Київ, Дарницький - 30 травня 2026 р."
olx,https://www.olx.ua/d/uk/obyavlenie/dovgostrokova-orenda-odnokmnatno-kvartiri-zhk-yaskraviy-vd-gospodarya-ID10AONB.html?search_reason=search%7Corganic,15 000 грн.,"Довгострокова оренда однокімнатної квартири ЖК""Яскравий"" від господаря",,Оболонський,"Київ, Оболонський - 30 травня 2026 р."
olx,https://www.olx.ua/d/uk/obyavlenie/zdatsya-zatishna-1-kmnatna-kvartira-na-obolon-IDZM4FA.html?search_reason=search%7Corganic,14 500 грн.,Здається затишна 1 кімнатна квартира на Оболоні,,Оболонський,"Київ, Оболонський - 30 травня 2026 р."
olx,https://www.olx.ua/d/uk/obyavlenie/orenda-1k-yu-zdanovsko-36-metro-7-hv-generator-ID10AZS9.html?search_reason=search%7Corganic,16 990 грн.,Оренда 1К. Ю. Здановскої 36 . Метро 7 хв. Генератор.,,Голосіївський,"Київ, Голосіївський - Сьогодні о 11:39"
olx,https://www.olx.ua/d/uk/obyavlenie/orenda-1-k-kvartiri-na-prosp-volodimira-vasyuka-ID10AF4J.html?search_reason=search%7Corganic,11 000 грн.,Оренда 1-к квартири на просп. Володимира Івасюка,,Оболонський,"Київ, Оболонський - 30 травня 2026 р."
olx,https://www.olx.ua/d/uk/obyavlenie/zdam-svoyu-odnokmnatnu-kvartiru-na-urlovska-17-ID10628R.html?search_reason=search%7Corganic,15 000 грн.,Здам свою  однокімнатну квартиру на Урловска 17,,Дарницький,"Київ, Дарницький - 30 травня 2026 р."
olx,https://www.olx.ua/d/uk/obyavlenie/arenda-3-h-komn-prosp-lyubomira-guzara-46-b-kosmonavta-komarova-IDYOEde.html?search_reason=search%7Cpromoted,30 000 грн.Договірна,Аренда 3-х комн просп. Любомира Гузара 46-б (Космонавта Комарова),,Солом'янський,"Київ, Солом'янський - 30 травня 2026 р."
olx,https://www.olx.ua/d/uk/obyavlenie/odnokmnatna-kvartira-nivki-park-beresteyskiy-pr-kt-67-ID1032Q8.html?search_reason=search%7Cpromoted,25 000 грн.,"Однокімнатна квартира (Нивки Парк, Берестейський пр-кт 67)",,Святошинський,"Київ, Святошинський - 29 травня 2026 р."
olx,https://www.olx.ua/d/uk/obyavlenie/krascha-zhk-novopechersk-lipki-60m2-2-kmnatna-dragomirova-16-ID10y9bK.html?search_reason=search%7Corganic,62 010.31 грн.Договірна,Краща ЖК Новопечерскі Липки 60м2 2 кімнатна Драгомирова 16,60м2,Печерський,"Київ, Печерський - 30 травня 2026 р."
olx,https://www.olx.ua/d/uk/obyavlenie/svet-vsegda-institutskaya-24-7-arsenalnaya-IDWSV8m.html?search_reason=search%7Corganic,28 790.50 грн.,Свет всегда! Институтская 24/7. Арсенальная,,Печерський,"Київ, Печерський - Сьогодні о 10:58"
olx,https://www.olx.ua/d/uk/obyavlenie/sdam-2-komn-kvartiru-vozle-metro-dvorets-ukraina-ID10AVcT.html?search_reason=search%7Corganic,18 000 грн.,Сдам 2 комн квартиру возле метро Дворец  Украина,,Печерський,"Київ, Печерський - Сьогодні о 12:16"
olx,https://www.olx.ua/d/uk/obyavlenie/nova-dizaynerska-3k-v-elt-zhk-royal-tower-saksaganskogo-37k-bez-IDYvpBh.html?search_reason=search%7Corganic,101 874.08 грн.,"Нова дизайнерська 3к в еліт ЖК «Royal Tower», Саксаганського 37К,БЕЗ %",,Печерський,"Київ, Печерський - Сьогодні о 13:33"
olx,https://www.olx.ua/d/uk/obyavlenie/bez-koms-orenda-4km-kvartiri-174-m-garazh-u-podarunok-tsentr-shevchenkvskiy-rayon-m-lukyanvska-pdzemniy-parkng-IDZP6qb.html?search_reason=search%7Corganic,88 586.16 грн.Договірна,"Без комісії. Оренда 4кім квартири 174 м² Гараж у подарунок, Центр Шевченківський район м Лук'янівська, підземний паркінг",174 м²,Шевченківський,"Київ, Шевченківський - Сьогодні о 11:55"
olx,https://www.olx.ua/d/uk/obyavlenie/vul-metrologchna-54a-golosvskiy-r-nzhk-krishtalev-dzherela-ID10BaJ5.html?search_reason=search%7Corganic,17 000 грн.,"Вул. Метрологічна 54А, Голосіївський р-нЖК Кришталеві джерела",,Голосіївський,"Київ, Голосіївський - Сьогодні о 16:10"
olx,https://www.olx.ua/d/uk/obyavlenie/dovgostrokova-orenda-kvartiri-remont-2026-roku-mr-11-IDZYt2o.html?search_reason=search%7Corganic,22 146.54 грн.Договірна,Довгострокова оренда квартири. Ремонт 2026 року. Мрії 11Є.,,Подільський,"Київ, Подільський - 30 травня 2026 р."
olx,https://www.olx.ua/d/uk/obyavlenie/bez-1-k-na-lubensky-14-zhk-l14-home-in-pechersk-pechersk-IDYTGVs.html?search_reason=search%7Corganic,24 361.19 грн.,"Без % 1 к. на Лубенській 14, ЖК L14. Home in Pechersk, Печерськ",,Печерський,"Київ, Печерський - Сьогодні о 09:17"
olx,https://www.olx.ua/d/uk/obyavlenie/orenda-1k-vul-olzhicha-19-28-shevchenkvskiy-rayon-metro-dorogozhich-ID10AReM.html?search_reason=search%7Corganic,10 500 грн.,"Оренда 1к, вул. Ольжича 19/28, Шевченківський район, метро Дорогожичі",,Шевченківський,"Київ, Шевченківський - 30 травня 2026 р."
olx,https://www.olx.ua/d/uk/obyavlenie/orenda-1-kmnatno-kvartiri-v-zhk-miloslavich-ID10AAQQ.html?search_reason=search%7Corganic,10 000 грн.,Оренда 1-кімнатної квартири в ЖК Милославичі,,Деснянський,"Київ, Деснянський - 30 травня 2026 р."
olx,https://www.olx.ua/d/uk/obyavlenie/zdam-zatishnu-3-kmnatnu-kvartiru-ID10Aunw.html?search_reason=search%7Cpromoted,20 000 грн.,Здам затишну 3 Кімнатну Квартиру,,Дарницький,"Київ, Дарницький - 29 травня 2026 р."
olx,https://www.olx.ua/d/uk/obyavlenie/persha-zdacha-1k-kvartiri-zhk-garmonya-metro-zhitomirska-ID10AnNk.html?search_reason=search%7Cpromoted,23 000 грн.,Перша здача 1К квартири_ЖК Гармонія_метро Житомирська,,Святошинський,"Київ, Святошинський - Сьогодні о 12:33"
olx,https://www.olx.ua/d/uk/obyavlenie/vlasnik-bez-zhk-bereg-dnpra-porch-great-vrorodvushka-top-vid-na-dnpro-IDZCZF3.html?search_reason=search%7Corganic,30 562.22 грн.,"‼️Власник без%‼️ЖК Берег Дніпра (порч Great), єврородвушка. ТОП вид на Дніпро",,Дарницький,"Київ, Дарницький - Сьогодні о 11:47"
olx,https://www.olx.ua/d/uk/obyavlenie/zdam-2k-kv-metro-dorogozhich-5-hv-pshki-ID10Ak85.html?search_reason=search%7Corganic,9 000 грн.,"Здам 2к кв, метро Дорогожичі 5 хв пішки!",,Шевченківський,"Київ, Шевченківський - 29 травня 2026 р."
olx,https://www.olx.ua/d/uk/obyavlenie/orenda-kvartira-zhk-riverstone-IDYPXiH.html?search_reason=search%7Corganic,66 439.62 грн.Договірна,Оренда квартира ЖК RiverStone,,Дарницький,"Київ, Дарницький - Сьогодні о 07:47"
olx,https://www.olx.ua/d/uk/obyavlenie/arenda-3-k-kvartiry-respublika-respublika-tadeya-rilskogo-generator-IDZX1oi.html?search_reason=search%7Corganic,79 727.54 грн.Договірна,Аренда 3-к квартиры | Республика | Respublika | Тадея Рильського | Генератор,,Голосіївський,"Київ, Голосіївський - Сьогодні о 11:59"
olx,https://www.olx.ua/d/uk/obyavlenie/orenda-kvartiri-kiv-obolon-bogatirska-ID10BbHW.html?search_reason=search%7Corganic,14 000 грн.,Оренда квартири / Київ/ Оболонь/ Богатирська,,Оболонський,"Київ, Оболонський - Сьогодні о 16:49"
olx,https://www.olx.ua/d/uk/obyavlenie/bez-3-k-kv-v-zhk-diamond-hill-vul-vana-mazepi-11b-daymond-hll-IDZL20E.html?search_reason=search%7Corganic,243 611.93 грн.,"Без %. 3-к.кв в ЖК Diamond Hill, вул. Івана Мазепи 11Б,  Даймонд хілл",,Печерський,"Київ, Печерський - Сьогодні о 10:56"
olx,https://www.olx.ua/d/uk/obyavlenie/orenda-tsentr-m-olmpyska-3-hv-vul-velika-vasilkvska-47-ID105CC9.html?search_reason=search%7Corganic,44 293.08 грн.,Оренда Центр М. Олімпійська 3 хв. вул. Велика Васильківська 47,,Печерський,"Київ, Печерський - Сьогодні о 08:25"
olx,https://www.olx.ua/d/uk/obyavlenie/sdam-studiyu-5-min-peshkom-metro-teremki-bez-rieltorskih-IDYqd1s.html?search_reason=search%7Corganic,10 000 грн.,Сдам студию 5 мин пешком метро Теремки. Без риелторских!,,Голосіївський,"Київ, Голосіївський - Сьогодні о 16:08"
olx,https://www.olx.ua/d/uk/obyavlenie/orenda-4-kmn-kvartiri-v-zhk-novopechersk-lipki-dragomirova-generator-IDYT2Sx.html?search_reason=search%7Corganic,177 172.31 грн.,Оренда 4-кімн. квартири в ЖК Новопечерські Липки Драгомирова ГЕНЕРАТОР,,Печерський,"Київ, Печерський - Сьогодні о 16:40"
olx,https://www.olx.ua/d/uk/obyavlenie/zdatsya-kvartira-v-zhk-san-francisco-p-kt-beresteyskiy-67-bez-koms-IDYAcqf.html?search_reason=search%7Corganic,26 000 грн.,"Здається квартира в ЖК San Francisco, п-кт Берестейський,67 без комісі",,Шевченківський,"Київ, Шевченківський - Сьогодні о 11:07"
olx,https://www.olx.ua/d/uk/obyavlenie/orenda-kvartiri-vul-urlvska-darnitskiy-r-n-poznyaki-ID10yL3S.html?search_reason=search%7Cpromoted,53 151.69 грн.,"Оренда квартири, вул. Урлівська, Дарницький р-н, Позняки",,Дарницький,"Київ, Дарницький - 25 травня 2026 р."
olx,https://www.olx.ua/d/uk/obyavlenie/orenda-2-h-kmnatna-kvartira-pr-t-vd-vlasnikachervono-kalinii-ID10BaY5.html?search_reason=search%7Corganic,13 000 грн.,"Оренда 2-х кімнатна квартира, пр-т , від власникаЧервоної Калинии",,Деснянський,"Київ, Деснянський - Сьогодні о 16:25"
olx,https://www.olx.ua/d/uk/obyavlenie/orenda-kvartiri-podlskiy-rayon-zhk-novomostitsko-zamkovetskiy-danchenka-ID10AFD2.html?search_reason=search%7Corganic,13 999 грн.,Оренда квартири Подільський район  ‼️ ЖК Новомостицько-Замковецький  ‼️Данченка,,Подільський,"Київ, Подільський - Сьогодні о 10:26"
olx,https://www.olx.ua/d/uk/obyavlenie/orenda-2k-kvartiri-svyatoshinskiy-rn-10-hv-do-metro-IDYrqs6.html?search_reason=search%7Corganic,14 000 грн.,Оренда 2к квартири Святошинський рн 10 хв до метро,,Святошинський,"Київ, Святошинський - Сьогодні о 15:59"
olx,https://www.olx.ua/d/uk/obyavlenie/zdam-2-k-kvartiru-na-palladna-metro-akademmstechko-1-hvilina-ID10Bboy.html?search_reason=search%7Corganic,18 000 грн.,Здам 2-к квартиру на Палладіна!метро Академмістечко 1 хвилина!,,Святошинський,"Київ, Святошинський - Сьогодні о 16:35"
olx,https://www.olx.ua/d/uk/obyavlenie/vd-vlasnika-zaryadna-stantsya-poznyaki-orenda-studya-40-m2-ID10Aq9I.html?search_reason=search%7Corganic,20 000 грн.,ВІД ВЛАСНИКА  є ЗАРЯДНА СТАНЦІЯ Позняки Оренда студія  40 м2,40 м2,Дарницький,"Київ, Дарницький - 29 травня 2026 р."
olx,https://www.olx.ua/d/uk/obyavlenie/bez-komissii-est-generator-arenda-krasivoy-kvartiry-zhk-medovyy-ul-kadetskiy-gay-10-IDZ3dGm.html?search_reason=search%7Corganic,22 000 грн.,Без  комиссии! Есть генератор. Аренда красивой квартиры ЖК Медовый. ул.Кадетский Гай 10,,Солом'янський,"Київ, Солом'янський - 30 травня 2026 р."
olx,https://www.olx.ua/d/uk/obyavlenie/bez-koms-vro-2k-z-posudomiykoyu-zhk-dinastya-vid-na-park-vul-vasilya-lipkvskogo-37-v-ID10dcTl.html?search_reason=search%7Corganic,24 000 грн.,"БЕЗ КОМІСІЇ! Євро-2к з посудомийкою | ЖК Династія | Вид на парк | вул. Василя Липківського, 37-в",,Солом'янський,"Київ, Солом'янський - Сьогодні о 15:12"
olx,https://www.olx.ua/d/uk/obyavlenie/zdam-1-k-metro-libdska-metro-zvrinetska-pshki-IDXoZW4.html?search_reason=search%7Corganic,10 000 грн.,"Здам 1-к. Метро Либідська, метро Звіринецька - пішки",,Печерський,"Київ, Печерський - 30 травня 2026 р."
olx,https://www.olx.ua/d/uk/obyavlenie/orenda-3k-110m-zhk-tetris-holl-IDZxh4E.html?search_reason=search%7Corganic,132 879.23 грн.,Оренда 3к 110м ЖК Тетрис холл,,Печерський,"Київ, Печерський - Сьогодні о 10:26"
olx,https://www.olx.ua/d/uk/obyavlenie/mansardna-2-km-kvatira-89-m2-v-zhk-komfort-taun-sobornost-17-IDPtNG9.html?search_reason=search%7Cpromoted,37 000 грн.,"Мансардна 2-кім кватира 89 м2 в ЖК Комфорт Таун, Соборності 17",89 м2,Дніпровський,"Київ, Дніпровський - Сьогодні о 14:28"
olx,https://www.olx.ua/d/uk/obyavlenie/zdatsya-1-k-kv-zhk-navgator-prov-baltyskiy-3-ID10AkEA.html?search_reason=search%7Cpromoted,17 500 грн.,"Здається 1-к. кв. ЖК Навігатор, пров. Балтійський, 3",,Оболонський,"Київ, Оболонський - 29 травня 2026 р."
olx,https://www.olx.ua/d/uk/obyavlenie/vlasnik-bez-komsy-orenda-1k-kvartira-pecherskiy-lipki-vinogradniy-provulok-6-ID10gtqa.html?search_reason=search%7Cpromoted,15 500 грн.,"Власник. Без комісій. Оренда 1к квартира Печерський. Липки. Виноградний провулок, 6",,Печерський,"Київ, Печерський - 30 травня 2026 р."
olx,https://www.olx.ua/d/uk/obyavlenie/zdam-2k-obolon-m-mnska-pshki-7hv-gaz-ID10Ajvl.html?search_reason=search%7Corganic,18 000 грн.,"Здам 2к, Оболонь, м.Мінська пішки 7хв, ГАЗ",,Оболонський,"Київ, Оболонський - 29 травня 2026 р."
olx,https://www.olx.ua/d/uk/obyavlenie/orenda-2k-kvartiri-zhk-dzhek-haus-les-ukranki-bul-7v-bez-koms-IDZZwXh.html?search_reason=search%7Corganic,79 727.54 грн.,"Оренда 2к квартири, ЖК Джек Хаус, Лесі Українки бул., 7В Без комісії",,Печерський,"Київ, Печерський - Сьогодні о 16:46"
olx,https://www.olx.ua/d/uk/obyavlenie/zdatsya-v-orendu-odnokmnatna-kvartira-vd-vlasnika-blya-m-demvska-ID10f7QX.html?search_reason=search%7Corganic,12 500 грн.,Здається в оренду однокімнатна квартира від власника біля м.Деміївська,,Голосіївський,"Київ, Голосіївський - Сьогодні о 10:24"
olx,https://www.olx.ua/d/uk/obyavlenie/zatishna-1-kmnatna-kvartira-na-troschin-miloslavska-17a-36-kv-m-gazova-plita-velikiy-tepliy-balkon-bez-koms-vd-gospodarya-IDZWMlZ.html?search_reason=search%7Corganic,9 000 грн.,"Затишна 1-кімнатна квартира на Троєщині, Милославська 17А, 36 кв. м., Газова плита Великий теплий балкон Без комісії Від господаря",36 кв. м,Деснянський,"Київ, Деснянський - Сьогодні о 10:51"
olx,https://www.olx.ua/d/uk/obyavlenie/kvartira-v-orendu-ID10AwZg.html?search_reason=search%7Corganic,14 000 грн.Договірна,Квартира в оренду,,Шевченківський,"Київ, Шевченківський - 29 травня 2026 р."
olx,https://www.olx.ua/d/uk/obyavlenie/arenda-kvartiry-ul-ivasyuka-park-natalka-4-komnaty-160-m2-IDZ2WEy.html?search_reason=search%7Corganic,53 151.69 грн.Договірна,Аренда квартиры / ул. Ивасюка / Парк Наталка / 4 комнаты / 160 м2,160 м2,Оболонський,"Київ, Оболонський - Сьогодні о 11:17"
olx,https://www.olx.ua/d/uk/obyavlenie/dvokmnatna-metro-gaz-ID10B1k5.html?search_reason=search%7Corganic,17 000 грн.,Двокімнатна. Метро. Газ.,,Оболонський,"Київ, Оболонський - Сьогодні о 10:31"
olx,https://www.olx.ua/d/uk/obyavlenie/sdam-kvartiru-na-trivaliy-chas-ID10AYBp.html?search_reason=search%7Corganic,10 000 грн.,Сдам квартиру на тривалий час.,,Святошинський,"Київ, Святошинський - Сьогодні о 08:53"
olx,https://www.olx.ua/d/uk/obyavlenie/zdam-2-kmnatnu-kvartiru-pr-vul-umanska-park-suputnik-gaz-ID10y4g6.html?search_reason=search%7Corganic,21 000 грн.,Здам 2 кімнатну квартиру пр вул Уманська Парк «Супутник». Газ,,Солом'янський,"Київ, Солом'янський - Сьогодні о 09:22"
olx,https://www.olx.ua/d/uk/obyavlenie/arenda-kvartiry-pr-t-vladimira-ivasyuka-obolonskiy-r-n-obolon-IDZ31HA.html?search_reason=search%7Cpromoted,57 581 грн.,"Аренда квартиры, пр-т Владимира Ивасюка, Оболонский р-н, Оболонь",,Оболонський,"Київ, Оболонський - 25 травня 2026 р."
olx,https://www.olx.ua/d/uk/obyavlenie/dovgostrokova-orenda-1k-kvartiri-v-zhk-avtograf-vd-vlasnika-ID10vYkl.html?search_reason=search%7Cpromoted,25 000 грн.,Довгострокова оренда 1к-квартири в ЖК Автограф від власника,,Дніпровський,"Київ, Дніпровський - Сьогодні о 11:25"
olx,https://www.olx.ua/d/uk/obyavlenie/bez-koms-2-k-kvartira-z-evroremontom-v-tsentr-na-bankovy-72-m-kv-IDZykRN.html?search_reason=search%7Cpromoted,39 863.77 грн.Договірна,Без комісії! 2-к квартира з евроремонтом в центрі на Банковій. 72 м.кв,,Печерський,"Київ, Печерський - 30 травня 2026 р."
olx,https://www.olx.ua/d/uk/obyavlenie/orenda-2k-kvartiri-v-zhk-trinity-pechersk-64-m-dizaynerskiy-remont-ID10jSxy.html?search_reason=search%7Corganic,88 586.16 грн.,Оренда 2к квартири в ЖК Trinity Печерськ 64 м² - дизайнерський ремонт,64 м²,Печерський,"Київ, Печерський - Сьогодні о 12:07"
olx,https://www.olx.ua/d/uk/obyavlenie/orenda-3-k-60m2-gerov-polku-azov-b-7-m-obolon-ID10AA51.html?search_reason=search%7Corganic,16 000 грн.,"Оренда 3 к. 60м2  Героїв полку Азов  б.7,   м. Оболонь",60м2,Оболонський,"Київ, Оболонський - 30 травня 2026 р."
olx,https://www.olx.ua/d/uk/obyavlenie/orenda-2-kmnatnao-kvartiri-metro-poznyaki-roztashovana-IDZjorb.html?search_reason=search%7Corganic,16 500 грн.,"Оренда  2-кімнатнаої квартири, метро Позняки!
Розташована",,Дарницький,"Київ, Дарницький - 30 травня 2026 р."
olx,https://www.olx.ua/d/uk/obyavlenie/zhk-rvra-rivra-metro-slavutich-orenda-dizaynersko-kvartiri-IDTlYyb.html?search_reason=search%7Corganic,17 000 грн.,ЖК Рівєра (Ривєра) метро Славутич Оренда дизайнерської квартири,,Дарницький,"Київ, Дарницький - Сьогодні о 17:20"
olx,https://www.olx.ua/d/uk/obyavlenie/vlasnik-bez-koms-3-h-kmn-119-kv-m-sevastopolska-pl-IDYudOK.html?search_reason=search%7Corganic,35 000 грн.,Власник.Без комісії.3 -х кімн 119 кв м Севастопольска пл,119 кв м,Солом'янський,"Київ, Солом'янський - Сьогодні о 11:39"
olx,https://www.olx.ua/d/uk/obyavlenie/vro-dvushka-v-zhk-park-stoun-obolon-generator-na-komunkats-ta-lft-ID10oHRx.html?search_reason=search%7Corganic,30 000 грн.,"Євро-двушка в ЖК «Парк Стоун», Оболонь, Генератор на комунікації  та ліфт",,Оболонський,"Київ, Оболонський - Сьогодні о 18:12"
olx,https://www.olx.ua/d/uk/obyavlenie/termnovo-zdam-odnokmnatnu-kvartiru-ID10Au7g.html?search_reason=search%7Corganic,5 500 грн.,Терміново здам однокімнатну квартиру!,,Дніпровський,"Київ, Дніпровський - 29 травня 2026 р."
olx,https://www.olx.ua/d/uk/obyavlenie/aktualno-zdatsya-svtla-dvokmnatna-kvartira-solomyanskiy-r-n-IDZXWXm.html?search_reason=search%7Corganic,18 000 грн.Договірна,Актуально!Здається світла двокімнатна квартира. Солом'янський р-н,,Солом'янський,"Київ, Солом'янський - 30 травня 2026 р."
olx,https://www.olx.ua/d/uk/obyavlenie/orenda-3-kmnatno-kvartiri-poznyaki-grigorenka-metro-bez-koms-ID10cmdt.html?search_reason=search%7Corganic,23 000 грн.,Оренда 3 кімнатної квартири Позняки Григоренка метро Без комісії,,Дарницький,"Київ, Дарницький - Сьогодні о 11:10"
olx,https://www.olx.ua/d/uk/obyavlenie/arenda-3-h-kmnatno-kvartiri-poznyaki-mishugi-12-ID10Alrs.html?search_reason=search%7Cpromoted,28 000 грн.,"Аренда 3-х кімнатної квартири Позняки , Мишуги 12",,Дарницький,"Київ, Дарницький - Сьогодні о 11:24"
olx,https://www.olx.ua/d/uk/obyavlenie/persha-zdacha-bez-koms-1-k-kv-vrodvushka-navgator-2-bez-koms-ID10vqjU.html?search_reason=search%7Cpromoted,23 000 грн.,"Перша здача! Без комісії! 1-к кв. Євродвушка. Навігатор-2, Без комісії",,Оболонський,"Київ, Оболонський - Сьогодні о 11:52"
olx,https://www.olx.ua/d/uk/obyavlenie/zdam-svoyu-kvartiru-po-vul-zvrinetsky-zhk-trumf-ID10wZBF.html?search_reason=search%7Cpromoted,88 586.16 грн.Договірна,"Здам свою квартиру по вул.Звіринецькій ЖК ""Тріумф""",,Печерський,"Київ, Печерський - Сьогодні о 08:14"
olx,https://www.olx.ua/d/uk/obyavlenie/zdatsya-2-k-kvartira-na-pr-vasyuka-2g-ID10dtz4.html?search_reason=search%7Corganic,30 000 грн.,"Здається 2-к квартира на пр.Івасюка,2Г",,Оболонський,"Київ, Оболонський - Сьогодні о 18:45"
olx,https://www.olx.ua/d/uk/obyavlenie/orenda-2-kom-kv-na-vul-m-kotelnikova-25-ID10y3lk.html?search_reason=search%7Corganic,14 000 грн.,Оренда 2 ком.кв. на вул.М.Котельникова 25,,Святошинський,"Київ, Святошинський - 30 травня 2026 р."
olx,https://www.olx.ua/d/uk/obyavlenie/orenda-2k-45-m2-prospekt-vropeyskogo-soyuzu-80-a-gongazde-vinogradar-ID10BaRa.html?search_reason=search%7Corganic,11 000 грн.,Оренда 2к.45 м2 проспект Європейського союзу 80 А  Гонгазде Виноградар,45 м2,Подільський,"Київ, Подільський - Сьогодні о 18:14"
olx,https://www.olx.ua/d/uk/obyavlenie/zdam-2-kmn-kvartiru-po-vul-malevicha-83-tsentr-palats-ukrana-ID10Anub.html?search_reason=search%7Corganic,27 000 грн.,"Здам 2 кімн. квартиру по вул.Малевича, 83 центр Палац Україна",,Печерський,"Київ, Печерський - 29 травня 2026 р."
olx,https://www.olx.ua/d/uk/obyavlenie/arenda-1-k-kvartiry-fedorova-tetris-hall-tetris-holl-ID10fr2q.html?search_reason=search%7Corganic,101 874.08 грн.Договірна,Аренда 1-к квартиры | Федорова | Tetris Hall | Тетрис Холл,,Печерський,"Київ, Печерський - Сьогодні о 13:41"
olx,https://www.olx.ua/d/uk/obyavlenie/zdam-1-kmnatnu-novu-kvartiru-ID10p6w9.html?search_reason=search%7Corganic,26 500 грн.,Здам 1-кімнатну нову квартиру,,Подільський,"Київ, Подільський - Сьогодні о 14:06"
olx,https://www.olx.ua/d/uk/obyavlenie/bez-komissii-sdam-odnokomnatnuyu-kvartiru-42-kv-ID10AYRD.html?search_reason=search%7Corganic,12 000 грн.Договірна,"Без Комиссии,Сдам однокомнатную квартиру 42 КВ",,Деснянський,"Київ, Деснянський - Сьогодні о 11:04"
olx,https://www.olx.ua/d/uk/obyavlenie/zdam-2-kmnatnu-kvartiru-v-obolonskomu-rayon-v-7-hv-vd-metro-IDZRoXi.html?search_reason=search%7Corganic,23 000 грн.,Здам 2-кімнатну квартиру в Оболонському районі в 7 хв від метро,,Оболонський,"Київ, Оболонський - 30 травня 2026 р."
olx,https://www.olx.ua/d/uk/obyavlenie/arenda-2-h-kmnatno-kvartiri-zverinetska-ID10pJZS.html?search_reason=search%7Corganic,23 000 грн.Договірна,Аренда 2 х кімнатної квартири Зверинецька,,Печерський,"Київ, Печерський - Сьогодні о 12:15"
olx,https://www.olx.ua/d/uk/obyavlenie/orenda-1-kmnatno-kvartiri-na-vdradnomu-ID10AI93.html?search_reason=search%7Corganic,12 000 грн.,Оренда 1 - кімнатної квартири на Відрадному.,,Солом'янський,"Київ, Солом'янський - 30 травня 2026 р."
olx,https://www.olx.ua/d/uk/obyavlenie/bez-orenda-2-oh-kmnatno-kvartri-zhk-frantsuzkiy-kvartal-2-pechersk-m-libdska-tsentr-pecherskiy-r-n-ID10AMdV.html?search_reason=search%7Cpromoted,48 722.39 грн.,"Без %, оренда 2 -ох кімнатної квартри ЖК «Французький Квартал 2» , Печерськ, м. Либідська, Центр, Печерський р-н",,Печерський,"Київ, Печерський - 30 травня 2026 р."
olx,https://www.olx.ua/d/uk/obyavlenie/sdayu-dve-studii-dlya-1-2-chelovek-3-min-peshkom-metro-vyrlitsa-bez-rieltora-IDXk0ru.html?search_reason=search%7Cpromoted,9 000 грн.,Сдаю две студии для 1-2 человек 3 мин пешком метро Вырлица Без риелтора!,,Дарницький,"Київ, Дарницький - 30 травня 2026 р."
olx,https://www.olx.ua/d/uk/obyavlenie/zdam-3-h-km-kvartiru-prospekt-obolonskiy-bez-koms-ID10yWXv.html?search_reason=search%7Cpromoted,27 000 грн.,Здам 3-х кім. квартиру Проспект Оболонський. БЕЗ КОМІСІЇ,,Оболонський,"Київ, Оболонський - Сьогодні о 12:48"
olx,https://www.olx.ua/d/uk/obyavlenie/orenda-dvokmnatno-kvartiri-v-zhk-metropols-IDZS1S1.html?search_reason=search%7Corganic,39 863.77 грн.,Оренда двокімнатної квартири в ЖК Метрополіс,,Голосіївський,"Київ, Голосіївський - Сьогодні о 13:54"
olx,https://www.olx.ua/d/uk/obyavlenie/zhk-frantsuzkiy-kvartal-2-pechersk-45m2-orenda-ID10aCY3.html?search_reason=search%7Corganic,39 863.77 грн.Договірна,ЖК Французький квартал 2/ Печерск/45м2/Оренда,45м2,Печерський,"Київ, Печерський - 30 травня 2026 р."
olx,https://www.olx.ua/d/uk/obyavlenie/orenda-kvartiri-borschagvka-bulvar-zhul-verna-13v-ID10AkLb.html?search_reason=search%7Corganic,9 000 грн.,Оренда квартири Борщагівка бульвар Жуль Верна 13В,,Святошинський,"Київ, Святошинський - 29 травня 2026 р."
olx,https://www.olx.ua/d/uk/obyavlenie/3k-ul-dneprovskaya-nab-7-rusanovka-bereznyaki-vid-na-dnepr-ID10AHsw.html?search_reason=search%7Corganic,12 000 грн.,"3к. ул. Днепровская наб. 7 Русановка, Березняки. Вид на Днепр",,Дніпровський,"Київ, Дніпровський - 30 травня 2026 р."
olx,https://www.olx.ua/d/uk/obyavlenie/persha-zdacha-orenda-1k-kvartiri-zhk-prichal-8-glba-babcha-8-g-osokorki-poznyaki-avtonomniy-budinok-ID10ovDH.html?search_reason=search%7Corganic,23 000 грн.,Перша здача! Оренда 1к квартири ЖК Причал 8 Гліба Бабіча 8 Г  Осокорки Позняки Автономний будинок,,Дарницький,"Київ, Дарницький - Сьогодні о 18:50"
olx,https://www.olx.ua/d/uk/obyavlenie/zdam-dovgostrokovo-1-kmnatnu-kvartiru-IDXytNz.html?search_reason=search%7Corganic,20 000 грн.Договірна,Здам довгостроково 1 кімнатну квартиру,,Солом'янський,"Київ, Солом'янський - Сьогодні о 13:47"
olx,https://www.olx.ua/d/uk/obyavlenie/4-kmnati-u-nevelikomu-metrazh-podlskiy-r-n-vul-kirilvska-115-1-IDUPpuc.html?search_reason=search%7Corganic,15 000 грн.Договірна,"4 кімнати у невеликому метражі, Подільский р-н, Вул. Кирилівська 115/1",,Подільський,"Київ, Подільський - 29 травня 2026 р."
olx,https://www.olx.ua/d/uk/obyavlenie/v-budinku-ukrittya-orenda-2-h-kmn-kvartiri-na-revutskogo-IDYkWSi.html?search_reason=search%7Corganic,28 790.50 грн.,"В будинку є укриття! Оренда 2-х кімн квартири на Ревуцького,",,Дарницький,"Київ, Дарницький - Сьогодні о 12:26"
olx,https://www.olx.ua/d/uk/obyavlenie/orenda-kvartiri-m-kiv-darnitskiy-r-n-IDSGizv.html?search_reason=search%7Corganic,14 000 грн.,"Оренда квартири м.Київ, Дарницький р-н",,Дарницький,"Київ, Дарницький - 30 травня 2026 р."
olx,https://www.olx.ua/d/uk/obyavlenie/kvartira-v-orendu-tsentr-IDY2mUT.html?search_reason=search%7Corganic,23 000 грн.,Квартира в ОРЕНДУ.Центр,,Шевченківський,"Київ, Шевченківський - Сьогодні о 13:46"
olx,https://www.olx.ua/d/uk/obyavlenie/zdam-v-orendu-2-kmnatnu-kvartiru-vulitsya-zaporozhtsya-8-IDYX7Cm.html?search_reason=search%7Cpromoted,10 000 грн.Договірна,Здам в оренду 2 кімнатну квартиру вулиця Запорожця 8,,Дніпровський,"Київ, Дніпровський - 28 травня 2026 р."
olx,https://www.olx.ua/d/uk/obyavlenie/vlasnik-bez-koms-frantsuzkiy-kvartal-2-tsentr-pechersk-ID10ucvy.html?search_reason=search%7Cpromoted,53 151.69 грн.,Власник.  Без комісії. Французький квартал 2 Центр Печерськ,,Печерський,"Київ, Печерський - 29 травня 2026 р."
olx,https://www.olx.ua/d/uk/obyavlenie/2-kmnati-maksimovicha-7a-metro-vasilkvska-ID10q5Jr.html?search_reason=search%7Cpromoted,21 000 грн.,"2 кімнати Максимовича, 7А | метро Васильківська.",,Голосіївський,"Київ, Голосіївський - 30 травня 2026 р."
olx,https://www.olx.ua/d/uk/obyavlenie/aktualnoarenda-bolshoy-3-kom-kvartiry-v-darnitskom-rayone-IDZ0w7s.html?search_reason=search%7Corganic,13 000 грн.,(Актуально)аренда большой 3-ком квартиры в Дарницком районе,,Дарницький,"Київ, Дарницький - 30 травня 2026 р."
olx,https://www.olx.ua/d/uk/obyavlenie/sdam-v-arendu-3k-kvartiru-v-zhk-lipinka-sobstvennik-6-etazh-gaz-ID10ACDl.html?search_reason=search%7Corganic,37 000 грн.,Сдам в аренду 3к квартиру в ЖК Липинка. СОБСТВЕННИК  6 этаж. Газ.,,Подільський,"Київ, Подільський - 30 травня 2026 р."
olx,https://www.olx.ua/d/uk/obyavlenie/arenda-2-h-kmnatno-kvardiri-v-zhk-po-prospektu-sobornost-30a-bez-koms-ID10oeLb.html?search_reason=search%7Corganic,28 000 грн.,Аренда 2-х кімнатної квардири в ЖК по проспекту соборності 30а.Без Комісії%,,Дніпровський,"Київ, Дніпровський - Сьогодні о 13:44"
olx,https://www.olx.ua/d/uk/obyavlenie/orenda-2h-k-kv-kiv-dnprovskiy-rayon-11000grn-vul-rayduzhna-IDYRXjJ.html?search_reason=search%7Corganic,11 000 грн.,"Оренда 2х к.кв. Київ,Дніпровський район  11000грн. вул.Райдужна,",,Дніпровський,"Київ, Дніпровський - 30 травня 2026 р."
olx,https://www.olx.ua/d/uk/obyavlenie/orenda-4k-155m2-novopechersk-lipki-verhoglyada-dragomirova-17-IDZXqot.html?search_reason=search%7Corganic,199 318.85 грн.,Оренда 4к 155м2 Новопечерські Липки Верхогляда Драгомирова 17,155м2,Печерський,"Київ, Печерський - Сьогодні о 18:37"
olx,https://www.olx.ua/d/uk/obyavlenie/suchasna-kvartira-v-novomu-zhk-rybalsky-z-vidom-na-dnpro-generator-ID10cTqq.html?search_reason=search%7Corganic,39 863.77 грн.,Сучасна квартира в новому ЖК Rybalsky з видом на Дніпро! Генератор+,,Подільський,"Київ, Подільський - Сьогодні о 05:41"
olx,https://www.olx.ua/d/uk/obyavlenie/zhk-novopecherska-vezha-vul-boychuka-IDZHrEa.html?search_reason=search%7Corganic,48 722.39 грн.,"ЖК «Новопечерська Вежа», вул. Бойчука.",,Печерський,"Київ, Печерський - 30 травня 2026 р."
olx,https://www.olx.ua/d/uk/obyavlenie/hreschatik-apartamenti-v-samomu-serts-stolits-IDZfEmY.html?search_reason=search%7Corganic,67 153.85 грн.,"Хрещатик,апартаменти  в самому серці столиці",,Печерський,"Київ, Печерський - Сьогодні о 17:58"
olx,https://www.olx.ua/d/uk/obyavlenie/orenda-kvartira-vul-urlvska-kiv-160m2-4-kmnatna-IDYYTig.html?search_reason=search%7Corganic,53 151.69 грн.,"Оренда / Квартира / вул. Урлівська, Київ 160м2, 4-кімнатна",160м2,Дарницький,"Київ, Дарницький - Сьогодні о 13:16"
olx,https://www.olx.ua/d/uk/obyavlenie/orenda-kvartiri-na-obolon-ID10ANMY.html?search_reason=search%7Corganic,10 500 грн.,Оренда квартири на Оболоні,,Оболонський,"Київ, Оболонський - 30 травня 2026 р."
olx,https://www.olx.ua/d/uk/obyavlenie/nova-dizaynerska-3k-v-elt-zhk-royal-tower-saksaganskogo-37k-bez-IDYvpBh.html?search_reason=search%7Cpromoted,101 874.08 грн.,"Нова дизайнерська 3к в еліт ЖК «Royal Tower», Саксаганського 37К,БЕЗ %",,Печерський,"Київ, Печерський - Сьогодні о 15:33"
olx,https://www.olx.ua/d/uk/obyavlenie/troschina-persha-ornda-chervono-kalini-66a-ID10zuzo.html?search_reason=search%7Cpromoted,13 995 грн.,"Троєщина, перша орнда-Червоної калини 66а.",,Деснянський,"Київ, Деснянський - Сьогодні о 14:04"
olx,https://www.olx.ua/d/uk/obyavlenie/kostyantinvska-4-kmnatna-2-rvneva-kvartira-IDZZhuq.html?search_reason=search%7Cpromoted,45 000 грн.Договірна,Костянтинівська 4-кімнатна 2-рівнева квартира,,Шевченківський,"Київ, Шевченківський - 30 травня 2026 р."
olx,https://www.olx.ua/d/uk/obyavlenie/orenda-stilno-prostoro-1-kmnatno-kvartiri-40m2-v-zhk-52-perlina-pechersk-plaza-vul-boychuka-17-m-zvrinetska-7hv-pshki-pecherskiy-rayon-ID10o1f0.html?search_reason=search%7Corganic,35 434.46 грн.,"Оренда стильної просторої 1-кімнатної квартири 40м2 в ЖК ""52 Перлина""/ Pechersk Plaza, вул. Бойчука 17 | м. Звіринецька - 7хв пішки | Печерський район",40м2,Печерський,"Київ, Печерський - Сьогодні о 15:41"
olx,https://www.olx.ua/d/uk/obyavlenie/zdayu-v-orendu-1-k-kvartiru-zhk-suchasniy-kvartal-prosp-guzara-15-IDZuKrE.html?search_reason=search%7Corganic,19 500 грн.,Здаю в оренду 1 к квартиру ЖК Сучасний Квартал -просп Гузара 15,,Солом'янський,"Київ, Солом'янський - Сьогодні о 08:28"
olx,https://www.olx.ua/d/uk/obyavlenie/zdam-trikmnatnu-kvartiru-vul-zhulya-verna-IDZTKkl.html?search_reason=search%7Corganic,14 000 грн.,"Здам трикімнатну квартиру, вул Жуля Верна",,Святошинський,"Київ, Святошинський - 30 травня 2026 р."
olx,https://www.olx.ua/d/uk/obyavlenie/zdam-bez-odnokmnatnu-kvartiru-u-zhk-sun-francisco-m-nivki-ID10AThc.html?search_reason=search%7Corganic,28 000 грн.,"Здам БЕЗ %  однокімнатну квартиру  у  ЖК Sun Francisco, м. Нивки",,Шевченківський,"Київ, Шевченківський - 30 травня 2026 р."
olx,https://www.olx.ua/d/uk/obyavlenie/2k-vul-dnprovska-naberezhna-14-zhk-river-stone-osokorki-IDZDLiS.html?search_reason=search%7Corganic,44 293.08 грн.,"2к, вул. Дніпровська Набережна 14, ЖК River Stone, Осокорки",,Дарницький,"Київ, Дарницький - Сьогодні о 12:36"
olx,https://www.olx.ua/d/uk/obyavlenie/dovgostrokova-orenda-4-h-kmnatno-kvartiri-metro-zhitomirska-ID10pCUC.html?search_reason=search%7Corganic,25 000 грн.,Довгострокова оренда 4-х кімнатної квартири метро Житомирська,,Святошинський,"Київ, Святошинський - 30 травня 2026 р."
olx,https://www.olx.ua/d/uk/obyavlenie/dragomirova-andrya-verhoglyada-16-nova-kvartira-orendn-kankuli-IDVebVc.html?search_reason=search%7Corganic,93 015.46 грн.,Драгомирова (Андрія Верхогляда) 16.Нова квартира Орендні канікули.,,Печерський,"Київ, Печерський - Сьогодні о 10:06"
olx,https://www.olx.ua/d/uk/obyavlenie/1k-zhk-park-avenyu-golosvskiy-tsentr-remont-metro-tsentr-ID10ySGh.html?search_reason=search%7Cpromoted,44 293.08 грн.,1к ЖК Парк Авеню Голосіївський ЦЕНТР ремонт метро Центр,,Голосіївський,"Київ, Голосіївський - 29 травня 2026 р."
olx,https://www.olx.ua/d/uk/obyavlenie/orenda-kvartiri-zhk-west-house-ID10yJ98.html?search_reason=search%7Cpromoted,48 722.39 грн.,Оренда квартири ЖК WEST HOUSE,,Голосіївський,"Київ, Голосіївський - 30 травня 2026 р."
olx,https://www.olx.ua/d/uk/obyavlenie/vlasnik-zdayu-1-kmnatnu-kvartiru-na-bativy-gor-tihiy-rayon-ID10B15L.html?search_reason=search%7Cpromoted,10 000 грн.,"Власник здаю 1-кімнатну квартиру на Батиєвій горі, тихий район",,Солом'янський,"Київ, Солом'янський - Сьогодні о 12:23"
olx,https://www.olx.ua/d/uk/obyavlenie/golosvskiy-prospekt-15-metro-demvska-3-kmnati-ID10plyN.html?search_reason=search%7Corganic,20 000 грн.,"Голосіївський проспект 15, метро Деміївська, 3 кімнати",,Голосіївський,"Київ, Голосіївський - Сьогодні о 08:47"
olx,https://www.olx.ua/d/uk/obyavlenie/odnokmnatna-kvartira-studiya-vlasnik-ID10AVbg.html?search_reason=search%7Corganic,9 000 грн.,Однокімнатна квартира студия власник,,Дніпровський,"Київ, Дніпровський - Сьогодні о 08:41"
olx,https://www.olx.ua/d/uk/obyavlenie/zdam-kvartiru-studyu-u-zhk-smart-haus-IDZn4je.html?search_reason=search%7Corganic,12 000 грн.,Здам квартиру-студію у ЖК Смарт Хаус,,Шевченківський,"Київ, Шевченківський - Сьогодні о 13:19"
olx,https://www.olx.ua/d/uk/obyavlenie/orenda-3-kmnatno-kvartiri-125m2-v-zhk-busov-hill-vul-buslvska-IDZKaN4.html?search_reason=search%7Corganic,143 952.50 грн.,Оренда 3 кімнатної квартири 125м2 в ЖК «Busov Hill» - вул. Буслівська,125м2,Печерський,"Київ, Печерський - Сьогодні о 09:29"
olx,https://www.olx.ua/d/uk/obyavlenie/orenda-3k-kvartiri-prospekt-lobanovskogo-5a-bez-ID10B1Oi.html?search_reason=search%7Corganic,20 000 грн.,"Оренда 3к квартири, проспект Лобановського 5А. Без %.",,Солом'янський,"Київ, Солом'янський - Сьогодні о 12:53"
olx,https://www.olx.ua/d/uk/obyavlenie/kvartira-komfort-klasu-v-zhk-parkov-ozera-ID10oUkC.html?search_reason=search%7Corganic,17 000 грн.,Квартира комфорт класу в ЖК Паркові Озера,,Дніпровський,"Київ, Дніпровський - Сьогодні о 12:12"
olx,https://www.olx.ua/d/uk/obyavlenie/sdam-1k-kvartiru-bez-komissii-i-zaloga-peredovaya-33v-IDXb4tM.html?search_reason=search%7Corganic,12 000 грн.,Сдам 1к квартиру. Без комиссии и залога. Передовая 33в,,Голосіївський,"Київ, Голосіївський - Сьогодні о 09:15"
olx,https://www.olx.ua/d/uk/obyavlenie/1-k-kv-orenda-solomenskiy-r-y-post-volinska-karavaevi-dachi-sevastopolskaya-ploscha-zhulyani-IDZjlTq.html?search_reason=search%7Corganic,7 999 грн.,"1-к.кв Оренда,Соломенский р-й, Пост- Волинська, Караваеви Дачи,  Севастопольская площа, Жуляни",,Солом'янський,"Київ, Солом'янський - Сьогодні о 15:26"
olx,https://www.olx.ua/d/uk/obyavlenie/3-komnatnaya-kvartira-kreschatik-tsentr-kieva-vladelets-IDXiBwD.html?search_reason=search%7Corganic,39 863.77 грн.,3 комнатная Квартира Крещатик центр киева Владелец,,Печерський,"Київ, Печерський - 30 травня 2026 р."
olx,https://www.olx.ua/d/uk/obyavlenie/arenda-2-kmnatno-kvartiri-z-vro-remontom-dvrz-ID10B0Kc.html?search_reason=search%7Corganic,13 000 грн.,Аренда 2 кімнатної квартири з євро ремонтом ДВРЗ,,Дніпровський,"Київ, Дніпровський - Сьогодні о 12:10"
olx,https://www.olx.ua/d/uk/obyavlenie/zdam-kvartiru-vd-vlasnika-u-dnprovskomu-r-n-IDYp64Z.html?search_reason=search%7Cpromoted,14 000 грн.,Здам квартиру від власника у Дніпровському р-ні,,Дніпровський,"Київ, Дніпровський - 30 травня 2026 р."
olx,https://www.olx.ua/d/uk/obyavlenie/proponuyu-orendu-2-kmnatno-kvartiri-na-leva-lukyanenka-1-ID10BaAb.html?search_reason=search%7Corganic,15 000 грн.Договірна,"Пропоную оренду 2 кімнатної квартири на Лева  Лук'яненка,1",,Оболонський,"Київ, Оболонський - Сьогодні о 18:10"
olx,https://www.olx.ua/d/uk/obyavlenie/zdatsya-1k-vul-polovetska-16b-ID10AGfo.html?search_reason=search%7Corganic,11 000 грн.,Здається 1к. Вул. Половецька 16Б,,Шевченківський,"Київ, Шевченківський - 30 травня 2026 р."
olx,https://www.olx.ua/d/uk/obyavlenie/orenda-2-kmn-kvartiri-blya-metro-vulitsya-teremkvska-17-ID10B65X.html?search_reason=search%7Corganic,10 000 грн.,Оренда 2 кімн. квартири біля метро вулиця Теремківська 17,,Голосіївський,"Київ, Голосіївський - Сьогодні о 15:19"
olx,https://www.olx.ua/d/uk/obyavlenie/zhk-pechersky-bolsunovska-vul-2-generator-parkomstse-ID10dDwt.html?search_reason=search%7Corganic,79 727.54 грн.,"ЖК ""ПечерSky ""Болсуновська вул.  2.ГЕНЕРАТОР! Є паркомісце",,Печерський,"Київ, Печерський - 29 травня 2026 р."
olx,https://www.olx.ua/d/uk/obyavlenie/dovgostrokova-orenda-IDWBK7U.html?search_reason=search%7Corganic,24 000 грн.,Довгострокова оренда,,Солом'янський,"Київ, Солом'янський - Сьогодні о 11:51"
olx,https://www.olx.ua/d/uk/obyavlenie/pechersk-metro-zvrinetska-5-hv-pshki-zdam-1k-kvartiru-ID10AJ9U.html?search_reason=search%7Corganic,16 000 грн.,"Печерськ метро ""Звіринецька"" 5 хв пішки Здам 1к квартиру",,Печерський,"Київ, Печерський - 30 травня 2026 р."
olx,https://www.olx.ua/d/uk/obyavlenie/vidova-kvartira-studo-harkvske-shosse-19-zhk-mega-st-generator-ID10B0Ys.html?search_reason=search%7Corganic,9 000 грн.,"Видова квартира-студіо, Харківське шоссе 19, ЖК Мега Сіті, є генератор",,Дарницький,"Київ, Дарницький - Сьогодні о 12:18"
olx,https://www.olx.ua/d/uk/obyavlenie/orenda-stilno-stud-v-zhk-nova-anglya-persha-zdacha-ID10o5UW.html?search_reason=search%7Corganic,27 000 грн.,Оренда стильної студії в ЖК «Нова Англія» (Перша здача!),,Солом'янський,"Київ, Солом'янський - Сьогодні о 07:59"
olx,https://www.olx.ua/d/uk/obyavlenie/orenda-2-kmnatna-kvartira-zhk-siretsk-sadi-ID10AZ0H.html?search_reason=search%7Corganic,24 000 грн.,Оренда 2 кімнатна квартира ЖК Сирецькі сади,,Подільський,"Київ, Подільський - Сьогодні о 11:04"
olx,https://www.olx.ua/d/uk/obyavlenie/kvartira-v-dovgostrokovu-orendu-petra-grigorenka-22-20-1-kmnatna-kvartira-poznyaki-vlasnik-ID10AmIz.html?search_reason=search%7Corganic,16 000 грн.,"Квартира в довгострокову оренду Петра Григоренка 22/20, 1-кімнатна квартира Позняки. Власник",,Дарницький,"Київ, Дарницький - 29 травня 2026 р."
olx,https://www.olx.ua/d/uk/obyavlenie/bez-koms-dvorvneva-kvartira-z-avtorskim-remontom-v-lko-grad-ID10zBVY.html?search_reason=search%7Cpromoted,53 151.69 грн.,Без комісії. Дворівнева квартира з авторським ремонтом в Ліко Граді,,Голосіївський,"Київ, Голосіївський - Сьогодні о 15:14"
olx,https://www.olx.ua/d/uk/obyavlenie/orenda-1k-kvartiri-zhk-lkograd-persha-zdacha-maksimovicha-ID10izwi.html?search_reason=search%7Cpromoted,26 575.85 грн.,Оренда 1к квартири ЖК Лікоград/Перша здача/Максимовича,,Голосіївський,"Київ, Голосіївський - 17 травня 2026 р."
olx,https://www.olx.ua/d/uk/obyavlenie/termnovo-persha-zdacha-nova-kv-premum-zhk-delmar-delmar-kiv-pechersk-metro-zvrinetska-novopechersk-lipki-ID10aMo2.html?search_reason=search%7Cpromoted,62 010.31 грн.,ТЕРМІНОВО!!! Перша здача Нова кв. Преміум ЖК Дельмар Delmar Київ Печерськ метро Звіринецька Новопечерські Липки,,Печерський,"Київ, Печерський - 29 травня 2026 р."
olx,https://www.olx.ua/d/uk/obyavlenie/orenda-kvartiri-stud-novopechersk-lpki-dragomrovaa-verhoglyada9-IDUFmlG.html?search_reason=search%7Corganic,59 795.66 грн.,Оренда квартири-студії Новопечерські Ліпки Драгомірова(А. Верхогляда)9,,Печерський,"Київ, Печерський - Сьогодні о 07:28"
olx,https://www.olx.ua/d/uk/obyavlenie/zdam-1-k-zhk-frantsuzkiy-kvartal-metro-palats-ukrana-10-hvilin-pshk-IDOuUwt.html?search_reason=search%7Corganic,30 000 грн.,Здам 1-к. ЖК Французький квартал. Метро Палац Україна - 10 хвилин пішк,,Печерський,"Київ, Печерський - 30 травня 2026 р."
olx,https://www.olx.ua/d/uk/obyavlenie/3-y-pov-m-harkvska-revutskogo-40v-IDVSudh.html?search_reason=search%7Corganic,13 000 грн.,"3 й пов, м Харківська, Ревуцького 40В",,Дарницький,"Київ, Дарницький - Сьогодні о 16:24"
olx,https://www.olx.ua/d/uk/obyavlenie/2-h-kmn-kv-zhk-kolomiyskiy-6-m-vasilkvska-ID10zVRP.html?search_reason=search%7Corganic,25 000 грн.,2-х кімн.кв ЖК Коломийський 6.м.Васильківська,,Голосіївський,"Київ, Голосіївський - 29 травня 2026 р."
olx,https://www.olx.ua/d/uk/obyavlenie/zdam-1-kmn-zhk-varshavskiy-zavzhdi-svtlo-ID10AWoE.html?search_reason=search%7Corganic,24 000 грн.,здам 1 кімн ЖК Варшавський !!! Завжди є світло !!!,,Подільський,"Київ, Подільський - Сьогодні о 07:20"
olx,https://www.olx.ua/d/uk/obyavlenie/orenda-3-km-kvartiri-na-podol-ID10AGgr.html?search_reason=search%7Corganic,35 000 грн.Договірна,Оренда 3 кім. квартири на Подолі,,Подільський,"Київ, Подільський - Сьогодні о 17:19"
olx,https://www.olx.ua/d/uk/obyavlenie/aktualnaya-arenda-kvartiry-s-kuhney-studiya-v-zhk-varshavskiy-plyus-IDZeVym.html?search_reason=search%7Corganic,19 500 грн.Договірна,Актуальная аренда квартиры с кухней студия в ЖК Варшавский плюс,,Подільський,"Київ, Подільський - 30 травня 2026 р."
olx,https://www.olx.ua/d/uk/obyavlenie/orenda-2k-kv-metro-poznyaki-knyazhiy-zaton-9-ID10B6uT.html?search_reason=search%7Corganic,15 000 грн.,"Оренда 2к.кв. метро Позняки, Княжий Затон 9",,Дарницький,"Київ, Дарницький - Сьогодні о 15:34"
olx,https://www.olx.ua/d/uk/obyavlenie/orenda-1-tno-kv-z-nvektorom-chavdar-34-poznyaki-IDWn0nW.html?search_reason=search%7Corganic,22 000 грн.,"Оренда 1-тної кв з інвектором,  Чавдар 34, Позняки",,Дарницький,"Київ, Дарницький - Сьогодні о 15:54"
olx,https://www.olx.ua/d/uk/obyavlenie/orenda-2kmn-polteh-pr-beresteyskiy-vokzalna-vul-starokivska-9-kvartira-ID108022.html?search_reason=search%7Corganic,18 000 грн.,Оренда 2кімн Політех пр Берестейський Вокзальна вул Старокиївська 9 квартира,,Шевченківський,"Київ, Шевченківський - 30 травня 2026 р."
olx,https://www.olx.ua/d/uk/obyavlenie/orenda-1k-kvartira-v-zhk-bulvar-fontanv-5-poverh-nvertor-IDY6sWS.html?search_reason=search%7Cpromoted,48 722.39 грн.,Оренда 1к квартира в ЖК Бульвар Фонтанів 5 поверх є Інвертор,,Печерський,"Київ, Печерський - Сьогодні о 17:39"
olx,https://www.olx.ua/d/uk/obyavlenie/orenda-3k-kvartiri-prospekt-lobanovskogo-5a-bez-ID10B1Oi.html?search_reason=search%7Cpromoted,20 000 грн.,"Оренда 3к квартири, проспект Лобановського 5А. Без %.",,Солом'янський,"Київ, Солом'янський - Сьогодні о 12:53"
olx,https://www.olx.ua/d/uk/obyavlenie/zdam-1-kmnatnu-na-bulvar-les-ukranki-7b-9-27-noviy-eltniy-budinok-ID10l09c.html?search_reason=search%7Cpromoted,18 000 грн.,"Здам 1 кімнатну на бульварі Лесі Українки 7Б, 9/27, новий елітний будинок.",,Печерський,"Київ, Печерський - 30 травня 2026 р."
olx,https://www.olx.ua/d/uk/obyavlenie/bogatirska-6a-generator-vasyuka-obolon-gerov-dnpra-mnska-IDYgNzj.html?search_reason=search%7Corganic,19 975 грн.,"Богатирська 6а, Генератор,Івасюка, Оболонь, Героїв Дніпра, Мінська",,Оболонський,"Київ, Оболонський - Сьогодні о 08:02"
olx,https://www.olx.ua/d/uk/obyavlenie/orenda-stilno-trikmnatno-kvartiri-v-zhk-skyline-ID10fKkm.html?search_reason=search%7Corganic,75 298.23 грн.,Оренда стильної трикімнатної  квартири в ЖК SkyLine,,Печерський,"Київ, Печерський - 29 травня 2026 р."
olx,https://www.olx.ua/d/uk/obyavlenie/zdam-1-kmn-kvartiru-vul-s-danchenka-28b-kiv-ID10zjx9.html?search_reason=search%7Corganic,16 500 грн.,"Здам 1-кімн квартиру, вул. С. Данченка, 28Б, Київ",,Подільський,"Київ, Подільський - 30 травня 2026 р."
olx,https://www.olx.ua/d/uk/obyavlenie/orenda-2-kmnatno-kvartiri-96-m2-tsentr-predslavinska-vlasna-kotelnya-ID10AYOD.html?search_reason=search%7Corganic,44 293.08 грн.,Оренда 2 кімнатної Квартири 96 м2 Центр Предславинська Власна котельня,96 м2,Печерський,"Київ, Печерський - Сьогодні о 10:56"
olx,https://www.olx.ua/d/uk/obyavlenie/orenda-yaroslavv-val-19-vlasnik-bez-koms-ID10oS3t.html?search_reason=search%7Corganic,35 000 грн.Договірна,"Оренда, ярославів вал 19 власник, без комісії",,Шевченківський,"Київ, Шевченківський - Сьогодні о 08:33"
olx,https://www.olx.ua/d/uk/obyavlenie/zhk-gertsen-park-orenda-1k-kvartiri-poruch-metro-dorogozhich-park-IDYH6F6.html?search_reason=search%7Corganic,20 000 грн.,"ЖК Герцен Парк, Оренда 1к квартири! Поруч метро Дорогожичі, парк!",,Шевченківський,"Київ, Шевченківський - Сьогодні о 14:57"
olx,https://www.olx.ua/d/uk/obyavlenie/orenda-2-kmnatno-kvartiri-lukyanvka-bez-reltorv-komsy-ID10B4gU.html?search_reason=search%7Corganic,16 000 грн.,Оренда 2 кімнатної квартири. Лукʼянівка. Без ріелторів і комісій.,,Шевченківський,"Київ, Шевченківський - Сьогодні о 14:13"
olx,https://www.olx.ua/d/uk/obyavlenie/zdam-1-kmnatnu-kvartiru-v-zhk-siretsk-sadi-IDV3ttA.html?search_reason=search%7Corganic,19 000 грн.,"Здам  1-кімнатну квартиру в ЖК ""СИРЕЦЬКІ САДИ""",,Подільський,"Київ, Подільський - Сьогодні о 11:40"
olx,https://www.olx.ua/d/uk/obyavlenie/319-kv-m-zdam-v-orendu-kvartiru-pd-ofs-prorzna-11-zolot-maydan-hreschatik-ID10cxlC.html?search_reason=search%7Corganic,88 586.16 грн.,319 кв.м. Здам в оренду квартиру під офіс  Прорізна 11 Золоті Майдан Хрещатик,319 кв.м,Шевченківський,"Київ, Шевченківський - Сьогодні о 08:19"
olx,https://www.olx.ua/d/uk/obyavlenie/zdam-u-dovgostrokovu-orendu-2-h-kmnatnu-kvartiru-obolon-ID10zyAS.html?search_reason=search%7Cpromoted,15 000 грн.,Здам у довгострокову оренду 2-х кімнатну квартиру Оболонь,,Оболонський,"Київ, Оболонський - Сьогодні о 13:35"
olx,https://www.olx.ua/d/uk/obyavlenie/orenda-kvartira-vasyuka-9a-gaz-ID10vMOY.html?search_reason=search%7Cpromoted,20 000 грн.,Оренда. Квартира Івасюка 9а . Газ,,Оболонський,"Київ, Оболонський - 20 травня 2026 р."
olx,https://www.olx.ua/d/uk/obyavlenie/bez-koms-orenda-2h-kmnatno-kvartiri-65m2-zhk-royal-tower-vulitsya-saksaganskogo-37k-golosvskiy-rayon-tsentr-msta-kiv-ID10gAWH.html?search_reason=search%7Cpromoted,48 722.39 грн.Договірна,"Без комісії % Оренда 2х кімнатної квартири 65м2 ЖК ""Royal Tower"" вулиця Саксаганського 37К Голосіївський район центр міста Київ",65м2,Голосіївський,"Київ, Голосіївський - 29 травня 2026 р."
olx,https://www.olx.ua/d/uk/obyavlenie/orenda-3k-kapnst-beresteyskiy-pr-t-m-shulyavska-7hv-pshki-ID10uWjw.html?search_reason=search%7Corganic,15 000 грн.Договірна,Оренда 3к.Капніст/Берестейський пр-т  м  Шулявська 7хв. пішки,,Шевченківський,"Київ, Шевченківський - 30 травня 2026 р."
olx,https://www.olx.ua/d/uk/obyavlenie/orenda-1-k-metro-golosvska-vul-golosvska-39-IDZ94gL.html?search_reason=search%7Corganic,16 000 грн.,Оренда 1-к метро Голосіївська вул Голосіївська 39,,Голосіївський,"Київ, Голосіївський - Сьогодні о 12:35"
olx,https://www.olx.ua/d/uk/obyavlenie/vidovaya-3k-kvartira-s-avtorskim-remontom-IDZpsGy.html?search_reason=search%7Corganic,199 318.85 грн.Договірна,Видовая 3к квартира с Авторским ремонтом,,Печерський,"Київ, Печерський - Сьогодні о 14:30"
olx,https://www.olx.ua/d/uk/obyavlenie/zdatsya-odnokmnatna-kvartira-bez-koms-vd-vlasnika-IDZK6DW.html?search_reason=search%7Corganic,11 000 грн.,Здається однокімнатна квартира без комісії від власника.,,Солом'янський,"Київ, Солом'янський - 30 травня 2026 р."
olx,https://www.olx.ua/d/uk/obyavlenie/tsentr-i-pervaya-sdacha-kvartira-v-serdtse-kieva-parke-shevchenka-eksklyuziv-ot-sobstvennika-ID10czKZ.html?search_reason=search%7Corganic,77 485.21 грн.,"Центр и первая сдача....Квартира в сердце Киева-  парке Шевченка,  ексклюзив от собственника",,Шевченківський,"Київ, Шевченківський - 30 травня 2026 р."
olx,https://www.olx.ua/d/uk/obyavlenie/dovgostrokova-orenda-1-k-kvartiri-ID109rNH.html?search_reason=search%7Corganic,9 000 грн.,Довгострокова оренда 1-к квартири,,Дніпровський,"Київ, Дніпровський - 30 травня 2026 р."
olx,https://www.olx.ua/d/uk/obyavlenie/tsentr-lvovskaya-pl-ul-observatornaya-arenda-odnokomnatnaya-ID10ztrO.html?search_reason=search%7Corganic,18 000 грн.,"Центр, Львовская пл. ул.Обсерваторная аренда однокомнатная",,Шевченківський,"Київ, Шевченківський - 29 травня 2026 р."
olx,https://www.olx.ua/d/uk/obyavlenie/sdam-2-h-kom-kv-svyatoshinskiy-r-n-geroev-kosmosa-19v-IDZheQc.html?search_reason=search%7Corganic,13 000 грн.,"Сдам 2-х ком. кв, Святошинский р-н, Героев Космоса 19в",,Святошинський,"Київ, Святошинський - 30 травня 2026 р."
olx,https://www.olx.ua/d/uk/obyavlenie/bez-3k-kv-tsentr-tsum-maydan-ID105IsZ.html?search_reason=search%7Corganic,62 010.31 грн.,Без% 3к.кв Центр | ЦУМ | Майдан,,Печерський,"Київ, Печерський - 30 травня 2026 р."
olx,https://www.olx.ua/d/uk/obyavlenie/orenda-1k-kvartiri-vul-kalnishevskogo-14-vlasnik-ID10B5TX.html?search_reason=search%7Corganic,18 000 грн.,Оренда 1к квартири вул. Калнишевського 14. Власник.,,Оболонський,"Київ, Оболонський - Сьогодні о 15:12"
olx,https://www.olx.ua/d/uk/obyavlenie/orenda-3-h-kmnatno-kvartiri-na-poznyakah-IDYRaon.html?search_reason=search%7Cpromoted,22 000 грн.,Оренда 3-х кімнатної квартири на Позняках,,Дарницький,"Київ, Дарницький - Сьогодні о 11:09"
olx,https://www.olx.ua/d/uk/obyavlenie/orenda-kvartiri-prospekt-dmitra-pavlichka-8-obolon-splachumo-50-ID10v4xD.html?search_reason=search%7Cpromoted,16 500 грн.,"Оренда квартири, проспект Дмитра Павличка 8, Оболонь, СПЛАЧУЄМО 50%",,Оболонський,"Київ, Оболонський - 30 травня 2026 р."
olx,https://www.olx.ua/d/uk/obyavlenie/2k-kv-trostyanetska-harkvska-darnitskiy-rayon-ID10zdkE.html?search_reason=search%7Cpromoted,17 000 грн.,2к кв/ тростянецька/харьківська / дарницький район,,Дарницький,"Київ, Дарницький - 30 травня 2026 р."
olx,https://www.olx.ua/d/uk/obyavlenie/orenda-3-h-kmnatno-kvartiri-po-vul-dankevicha-10-ID10AIRr.html?search_reason=search%7Corganic,25 000 грн.,"Оренда 3-х кімнатної квартири по вул.Данкевича, 10",,Деснянський,"Київ, Деснянський - 30 травня 2026 р."
olx,https://www.olx.ua/d/uk/obyavlenie/orenda-evrodvushka-vul-sm-steshenkv-9-zhk-pvdeniy-kvartal-IDYcI2o.html?search_reason=search%7Corganic,16 000 грн.,"Оренда Евродвушка вул. Сімʼі Стешенків 9, ЖК Південий Квартал",,Святошинський,"Київ, Святошинський - 30 травня 2026 р."
olx,https://www.olx.ua/d/uk/obyavlenie/orenda-rayduzhna-63-ID10xFQS.html?search_reason=search%7Corganic,10 000 грн.,Оренда Райдужна 63,,Дніпровський,"Київ, Дніпровський - 29 травня 2026 р."
olx,https://www.olx.ua/d/uk/obyavlenie/zdam-gostinku-blya-metro-darnitsya-IDVmbXB.html?search_reason=search%7Corganic,10 000 грн.,"Здам ""гостинку""  біля метро Дарниця",,Дніпровський,"Київ, Дніпровський - 30 травня 2026 р."
olx,https://www.olx.ua/d/uk/obyavlenie/orenda-2-k-kv-ri-zhk-parklend-opalennya-gaz-m-vasilkvska-golosvo-ID10dPF3.html?search_reason=search%7Corganic,25 000 грн.,Оренда 2-к кв-ри. жк ПАРКЛЕНД. ОПАЛЕННЯ ГАЗ. м. Васильківська. Голосієво,,Голосіївський,"Київ, Голосіївський - 29 травня 2026 р."
olx,https://www.olx.ua/d/uk/obyavlenie/zdam-2-kmnatnu-kvartiru-za-adresoyu-vul-degtyarvska-28-shevchenkvskiy-rayon-ID10ASFC.html?search_reason=search%7Corganic,14 000 грн.,"Здам 2-кімнатну квартиру за адресою: вул. Дегтярівська, 28, Шевченківський район.",,Шевченківський,"Київ, Шевченківський - 30 травня 2026 р."
olx,https://www.olx.ua/d/uk/obyavlenie/orenda-2-kmnatno-kvartiri-vul-dragomanova-12a-ID10B2A6.html?search_reason=search%7Corganic,16 000 грн.,"Оренда  2- кімнатної квартири, вул. Драгоманова, 12а",,Дарницький,"Київ, Дарницький - Сьогодні о 13:14"
olx,https://www.olx.ua/d/uk/obyavlenie/bez-3-kmn-v-tsentr-dmitrvska-66a-123m2-pdzemniy-parkng-IDZZxAT.html?search_reason=search%7Corganic,53 151.69 грн.,"Без %, 3-кімн. в центрі !Дмитрівська 66а (123м2) підземний паркінг!",123м2,Шевченківський,"Київ, Шевченківський - Сьогодні о 17:35"
olx,https://www.olx.ua/d/uk/obyavlenie/sdam-1-k-kvartiru-s-vidom-na-ozero-pr-t-tychiny-20-metro-levoberezhnaya-IDZA7bW.html?search_reason=search%7Corganic,18 000 грн.,"Сдам 1 к.квартиру с видом на ОЗЕРО, пр-т Тычины 20, метро Левобережная",,Дніпровський,"Київ, Дніпровський - Сьогодні о 07:53"
olx,https://www.olx.ua/d/uk/obyavlenie/arenda-1-komnatnoy-v-komfort-taune-ID10owEF.html?search_reason=search%7Corganic,31 005.15 грн.Договірна,Аренда 1 комнатной в Комфорт Тауне,,Дніпровський,"Київ, Дніпровський - 30 травня 2026 р."
olx,https://www.olx.ua/d/uk/obyavlenie/bez-komissii-arenda-4k-kvartiry-v-zhk-novopecherskie-lipki-3y-etazh-generator-est-v-dome-ID10zazl.html?search_reason=search%7Cpromoted,119 369.85 грн.Договірна,Без комиссии.  Аренда 4к квартиры в ЖК Новопечерские Липки  3й этаж генератор есть в доме,,Печерський,"Київ, Печерський - 30 травня 2026 р."
olx,https://www.olx.ua/d/uk/obyavlenie/vlna-orenda-76m2-zarchniy-river-stone-naberezhna-ID10d8Ge.html?search_reason=search%7Cpromoted,57 581 грн.,Вільна‼️ Оренда 76м2 Зарічний River Stone набережна,76м2,Дарницький,"Київ, Дарницький - 29 травня 2026 р."
olx,https://www.olx.ua/d/uk/obyavlenie/orenda-kvartira-zhk-riverstone-IDYPXiH.html?search_reason=search%7Cpromoted,66 439.62 грн.Договірна,Оренда квартира ЖК RiverStone,,Дарницький,"Київ, Дарницький - Сьогодні о 09:47"
olx,https://www.olx.ua/d/uk/obyavlenie/dovgostrokova-orenda-kvartiri-blya-metro-dorogozhich-ID10nUiY.html?search_reason=search%7Corganic,17 000 грн.,Довгострокова оренда квартири біля метро Дорогожичі,,Шевченківський,"Київ, Шевченківський - 30 травня 2026 р."
olx,https://www.olx.ua/d/uk/obyavlenie/orenda-1-k-vul-lobanovskogo-6-zh-zhk-chervonozoryaniy-solomyanskiy-r-n-sevastopolska-pl-ID10BbDN.html?search_reason=search%7Corganic,22 000 грн.,"Оренда 1-к вул. Лобановського 6-ж  ЖК Червонозоряний, Соломʼянський р-н Севастопольська пл.",,Солом'янський,"Київ, Солом'янський - Сьогодні о 18:45"
olx,https://www.olx.ua/d/uk/obyavlenie/sdam-2-r-kv-ru-vul-erevanska-8a-ID10ACie.html?search_reason=search%7Corganic,16 000 грн.,"Сдам 2-р.кв-ру,вул.Ереванська 8А",,Солом'янський,"Київ, Солом'янський - 30 травня 2026 р."
olx,https://www.olx.ua/d/uk/obyavlenie/orenda-kvartiri-zhk-novopechersk-lipki-pechersk-vul-verhoglyada-IDZXWlN.html?search_reason=search%7Corganic,35 434.46 грн.,Оренда квартири ЖК Новопечерські Липки Печерськ вул. Верхогляда,,Печерський,"Київ, Печерський - 30 травня 2026 р."
olx,https://www.olx.ua/d/uk/obyavlenie/dovgostrokova-orenda-2-kmnatno-kvartiri-ID10AI0b.html?search_reason=search%7Corganic,11 500 грн.,Довгострокова оренда 2 кімнатної квартири,,Святошинський,"Київ, Святошинський - 30 травня 2026 р."
olx,https://www.olx.ua/d/uk/obyavlenie/kvartira-orenda-vd-vlasnika-vul-kubansko-ukrani-39a-ID10ALzf.html?search_reason=search%7Corganic,9 500 грн.,Квартира оренда від власника вул. Кубанської України 39а,,Деснянський,"Київ, Деснянський - 30 травня 2026 р."
olx,https://www.olx.ua/d/uk/obyavlenie/orenda-persha-zdacha-nova-yu-zdanovsko-s-kshki-generator-ID10B09C.html?search_reason=search%7Corganic,19 000 грн.,Оренда . Перша здача. Нова. Ю.Здановскої . С. Кішки . Генератор,,Голосіївський,"Київ, Голосіївський - Сьогодні о 11:52"
olx,https://www.olx.ua/d/uk/obyavlenie/zhk-shdna-bramaorenda-1-kmnatno-kvartiri-IDZsrNj.html?search_reason=search%7Corganic,15 000 грн.,ЖК «Східна Брама»Оренда 1-кімнатної квартири,,Дарницький,"Київ, Дарницький - Сьогодні о 15:17"
olx,https://www.olx.ua/d/uk/obyavlenie/hozyain-1-k-kvartira-m-lukyanovskaya-dorogozhichi-ilenko-85-lukyanovka-ID10AS2B.html?search_reason=search%7Corganic,13 000 грн.,"Хозяин 1-к квартира  М. Лукьяновская, Дорогожичи Ильенко 85 Лукьяновка",,Шевченківський,"Київ, Шевченківський - 30 травня 2026 р."
olx,https://www.olx.ua/d/uk/obyavlenie/orenda-1k-kvartiri-trts-retroville-ID10AK3u.html?search_reason=search%7Corganic,9 000 грн.,Оренда 1к квартири ТРЦ Retroville,,Подільський,"Київ, Подільський - 30 травня 2026 р."
olx,https://www.olx.ua/d/uk/obyavlenie/orenda-kvartiri-sadovo-botanchna-pechersk-kiv-ID10A30r.html?search_reason=search%7Cpromoted,"110 732.70 грн..css-o2j8v0{color:var(--colorsForegroundSecondary);font-weight:var(--fontWeightRegular);width:100%;text-align:right;}.css-rbevy1{font-size:var(
        --fontSizeBodyExtraSmall,
        12px
    );line-height:var(
        --lineHeightRegular,
        16px
    );color:var(--colorsForegroundSecondary);font-weight:var(--fontWeightRegular);width:100%;text-align:right;}.css-zf56ej{color:var(
        --colorsForegroundPrimary,
        #02282C
    );font-family:var(--fontFamilyPrimary, Geomanist, sans-serif);font-weight:700;-webkit-text-decoration:none;text-decoration:none;font-size:var(
        --fontSizeBodyExtraSmall,
        12px
    );line-height:var(
        --lineHeightRegular,
        16px
    );color:var(--colorsForegroundSecondary);font-weight:var(--fontWeightRegular);width:100%;text-align:right;}","Оренда квартири, Садово-Ботанічна, Печерськ, Київ",,Печерський,"Київ, Печерський - Сьогодні о 14:39"
olx,https://www.olx.ua/d/uk/obyavlenie/vlasnik-varshavskiy-plyus-orenda-kvartiri-IDZuhw6.html?search_reason=search%7Cpromoted,26 500 грн.Договірна,"Власник, Варшавский плюс, Оренда квартири",,Подільський,"Київ, Подільський - 29 травня 2026 р."
olx,https://www.olx.ua/d/uk/obyavlenie/orenda-1-k-kv-gradinska-20-troschina-trts-rayon-IDZR0B5.html?search_reason=search%7Cpromoted,11 000 грн.,"Оренда 1 к. кв., Градинска 20, Троєщина, ТРЦ РАЙОН",,Деснянський,"Київ, Деснянський - Сьогодні о 06:18"
olx,https://www.olx.ua/d/uk/obyavlenie/zdatsya-2-kmnatna-kvartira-na-vinogradar-ID10AZt8.html?search_reason=search%7Corganic,15 000 грн.,Здається 2-кімнатна квартира на Виноградарі,,Подільський,"Київ, Подільський - Сьогодні о 09:26"
olx,https://www.olx.ua/d/uk/obyavlenie/horolska-1a-prostora-suchasna-1k-boyler-generator-m-cherngvska-15hv-ID10B3y7.html?search_reason=search%7Corganic,10 000 грн.,"Хорольська 1А, простора сучасна 1к, бойлер, генератор .м Чернігівська 15хв",,Дніпровський,"Київ, Дніпровський - Сьогодні о 11:48"
olx,https://www.olx.ua/d/uk/obyavlenie/zdam-v-orendu-kvartiru-3-h-kmnatna-ID10AnzL.html?search_reason=search%7Corganic,11 000 грн.,Здам в оренду квартиру 3-х кімнатна,,Солом'янський,"Київ, Солом'янський - 29 травня 2026 р."
olx,https://www.olx.ua/d/uk/obyavlenie/verhoglyada-dragomirova-6-b-pechersk-m-zverinetskaya-ID10AGQc.html?search_reason=search%7Corganic,22 000 грн.Договірна,"Верхогляда ( Драгомирова) 6 Б.. Печерск, м. Зверинецкая",,Печерський,"Київ, Печерський - 30 травня 2026 р."
olx,https://www.olx.ua/d/uk/obyavlenie/orenda-avtonomna-2k-kvartira-obolonsky-obolon-natalka-park-pr-obolonskiy-mnska-residences-smart-plaza-generator-vidova-ecoflow-vasyuka-lipki-ID10oEaD.html?search_reason=search%7Corganic,39 863.77 грн.Договірна,Оренда АВТОНОМНА 2к квартира ObolonSky Оболонь Наталка парк пр Оболонський Мінська Residences Smart Plaza Генератор Видова EcoFlow Івасюка Липки,,Оболонський,"Київ, Оболонський - Сьогодні о 09:09"
olx,https://www.olx.ua/d/uk/obyavlenie/orenda-kvartira-varshavskiy-pr-t-pravdi-41-d-7-poverh-IDYfwmb.html?search_reason=search%7Corganic,16 000 грн.,Оренда квартира Варшавський пр-т Правди 41 Д 7 поверх,,Подільський,"Київ, Подільський - 30 травня 2026 р."
olx,https://www.olx.ua/d/uk/obyavlenie/orenda-odnokmnatno-kvartiri-ID10ovFh.html?search_reason=search%7Corganic,8 000 грн.,Оренда однокімнатної квартири,,Подільський,"Київ, Подільський - 30 травня 2026 р."
olx,https://www.olx.ua/d/uk/obyavlenie/orenda-dvokmnatno-kvartiri-pr-mikoli-bazhana-14-darnitskiy-rayon-IDYL83y.html?search_reason=search%7Corganic,16 000 грн.,"Оренда двокімнатної квартири, пр. Миколи Бажана, 14, Дарницький район",,Дарницький,"Київ, Дарницький - 30 травня 2026 р."
olx,https://www.olx.ua/d/uk/obyavlenie/orenda-2-km-kv-bortnich-ID10AYvS.html?search_reason=search%7Corganic,11 000 грн.,Оренда 2-кім. кв. Бортничі,,Дарницький,"Київ, Дарницький - Сьогодні о 08:44"
olx,https://www.olx.ua/d/uk/obyavlenie/orenda-3-k-kv-95-m2-vul-generala-shapovala-2-zhk-smaragdoviy-ID10vdcC.html?search_reason=search%7Cpromoted,44 500 грн.,"Оренда 3 к кв 95 м2, вул Генерала Шаповала,2. ЖК Смарагдовий",95 м2,Солом'янський,"Київ, Солом'янський - 30 травня 2026 р."
olx,https://www.olx.ua/d/uk/obyavlenie/zdatsya-prostora-2-kmnatna-kvartira-90-m2-metro-slavutich-ID10BbFQ.html?search_reason=search%7Corganic,52 000 грн.,"Здається простора 2-кімнатна квартира , 90 м2, метро Славутич",90 м2,Печерський,"Київ, Печерський - Сьогодні о 16:47"
olx,https://www.olx.ua/d/uk/obyavlenie/sdam-1k-kv-mebel-tehnika-borschagovka-m-svyatoshin-akademgorodok-IDYdWFU.html?search_reason=search%7Corganic,7 000 грн.,"сдам 1к.кв., мебель, техника, Борщаговка, м.Святошин, Академгородок",,Святошинський,"Київ, Святошинський - 30 травня 2026 р."
olx,https://www.olx.ua/d/uk/obyavlenie/1-kv-ra-metro-nivki-zhk-nivki-park-beresteyskiy-prospekt-ID10AORJ.html?search_reason=search%7Corganic,18 000 грн.Договірна,"1 кв-ра, метро Нивки, ЖК Нивки Парк, Берестейський проспект",,Шевченківський,"Київ, Шевченківський - 30 травня 2026 р."
olx,https://www.olx.ua/d/uk/obyavlenie/orenda-4-kmn-260m-tsentr-kiva-kropivnitskogo-10-besarabka-IDYM0Fk.html?search_reason=search%7Corganic,110 732.70 грн.,"Оренда 4-кімн  260м² центр Києва, Кропивницького 10, Бесарабка",260м²,Печерський,"Київ, Печерський - Сьогодні о 07:50"
olx,https://www.olx.ua/d/uk/obyavlenie/orenda-kvartiri-pechersk-botsad-metro-zverinetska-ID10ApH4.html?search_reason=search%7Corganic,10 000 грн.,Оренда квартири Печерськ Ботсад ‼️ метро Зверинецька ‼️,,Печерський,"Київ, Печерський - 29 травня 2026 р."
olx,https://www.olx.ua/d/uk/obyavlenie/orenda-novo-3-k-kv-90m2-zhk-novopechersk-lipki-dragomirova-17v-IDZ3D2F.html?search_reason=search%7Corganic,106 303.39 грн.,"Оренда нової 3-к кв. 90м2 - ЖК-Новопечерські Липки - Драгомирова , 17В",90м2,Печерський,"Київ, Печерський - Сьогодні о 11:31"
olx,https://www.olx.ua/d/uk/obyavlenie/persha-sdacha-premalna-vrodvushka-44-m-zhk-okland-okland-ID10AIEn.html?search_reason=search%7Corganic,28 000 грн.,"Перша сдача!!! преміальна євродвушка 44 м², ЖК Окланд , Okland",44 м²,Солом'янський,"Київ, Солом'янський - 30 травня 2026 р."
olx,https://www.olx.ua/d/uk/obyavlenie/zdatsya-v-orendu-1-kmnatna-kvartira-v-zhk-parkland-ID10BbNM.html?search_reason=search%7Corganic,19 000 грн.,"Здається в оренду 1-кімнатна квартира, в ЖК ParkLand",,Голосіївський,"Київ, Голосіївський - Сьогодні о 16:51"
olx,https://www.olx.ua/d/uk/obyavlenie/zdatsya-1-kmnatna-kvartira-v-zhk-varshavskiy-ID10AVNz.html?search_reason=search%7Corganic,15 000 грн.,Здається 1-кімнатна квартира в ЖК Варшавський,,Подільський,"Київ, Подільський - Сьогодні о 07:26"
olx,https://www.olx.ua/d/uk/obyavlenie/orenda-1-kmnatno-kvartiri-metro-poznyaki-ID10BbqT.html?search_reason=search%7Corganic,18 000 грн.,Оренда 1 кімнатної квартири Метро Позняки,,Дарницький,"Київ, Дарницький - Сьогодні о 16:43"
olx,https://www.olx.ua/d/uk/obyavlenie/chornovola-25-orenda-3-kmnatno-kvartira-v-tseglyanomu-budinku-2005-roku-blya-metro-ID10yErs.html?search_reason=search%7Cpromoted,44 293.08 грн.,"Чорновола, 25. Оренда 3-кімнатної квартира в цегляному будинку 2005 року біля метро",,Шевченківський,"Київ, Шевченківський - Сьогодні о 10:19"
olx,https://www.olx.ua/d/uk/obyavlenie/orenda-1k-kvartiri-na-troschin-36m2-prospekt-chervono-kalini-44-10-ID10h83w.html?search_reason=search%7Cpromoted,8 000 грн.,"Оренда 1к квартири на Троєщині, 36м2, проспект Червоної Калини, 44/10",36м2,Деснянський,"Київ, Деснянський - Сьогодні о 04:03"
olx,https://www.olx.ua/d/uk/obyavlenie/sdam-2-kmnatnu-kvartiru-IDVlS52.html?search_reason=search%7Cpromoted,44 293.08 грн.,Сдам 2- кімнатну квартиру,,Подільський,"Київ, Подільський - 30 травня 2026 р."
olx,https://www.olx.ua/d/uk/obyavlenie/zdatsya-2-kmnatna-kvartira-na-pr-nauki-42-1-k3-ID10AZag.html?search_reason=search%7Corganic,15 500 грн.,"Здається 2-кімнатна квартира на пр.Науки,42/1 к3",,Голосіївський,"Київ, Голосіївський - Сьогодні о 09:16"
olx,https://www.olx.ua/d/uk/obyavlenie/vlasnik-5-k-penthaus-z-terasoyu-zhk-parkove-msto-vishgorodska-45-IDZtOm5.html?search_reason=search%7Corganic,57 581 грн.,Власник.5 к. Пентхаус з терасою ЖК «Паркове місто» Вишгородська 45,,Оболонський,"Київ, Оболонський - Сьогодні о 09:29"
olx,https://www.olx.ua/d/uk/obyavlenie/zdam-1-k-lsoviy-prospekt-21-ID10B6yi.html?search_reason=search%7Corganic,8 700 грн.Договірна,здам 1-к ЛІсовий проспект 21,,Дніпровський,"Київ, Дніпровський - Сьогодні о 13:36"
olx,https://www.olx.ua/d/uk/obyavlenie/orenda-dizaynersko-kvartiri-v-zhk-slavutich-vul-zarchna-4-k-1-ID10piMr.html?search_reason=search%7Corganic,28 790.50 грн.,"Оренда дизайнерської квартири в ЖК Славутич. Вул. Зарічна 4, к.1",,Дарницький,"Київ, Дарницький - Сьогодні о 01:11"
olx,https://www.olx.ua/d/uk/obyavlenie/sdam-1-kv-ra-vul-kozatska-67-a-metro-vasilkvska-ID10ABTQ.html?search_reason=search%7Corganic,15 000 грн.,"Сдам 1 кв-ра ,вул. Козацька 67 А. Метро «Васильківська»",,Голосіївський,"Київ, Голосіївський - 30 травня 2026 р."
olx,https://www.olx.ua/d/uk/obyavlenie/dovgostrokova-orenda-1k-kvartiri-vul-svyatoshinska-reltorv-proshu-ne-turbuvati-ID10B5as.html?search_reason=search%7Corganic,16 000 грн.,"Довгострокова оренда 1к квартири, вул. Святошинська, ріелторів прошу не турбувати",,Святошинський,"Київ, Святошинський - Сьогодні о 12:45"
olx,https://www.olx.ua/d/uk/obyavlenie/orenda-chudoao-1k-kv-v-zhk-galaktika-ID10AFYE.html?search_reason=search%7Corganic,23 245.56 грн.,Оренда чудоаої 1к.кв. в ЖК Галактика!,,Дніпровський,"Київ, Дніпровський - 30 травня 2026 р."
olx,https://www.olx.ua/d/uk/obyavlenie/zdam-1k-kvartira-obolon-bogatirska-10-metro-gerov-dnpra-9h-pshki-IDZeMiF.html?search_reason=search%7Corganic,12 900 грн.,"Здам 1к квартира Оболонь, Богатирська 10, метро героїв Дніпра 9х пішки",,Оболонський,"Київ, Оболонський - 30 травня 2026 р."
olx,https://www.olx.ua/d/uk/obyavlenie/orenda-1k-kvartiri-na-vul-ronalda-reygana-ID10AYRQ.html?search_reason=search%7Corganic,10 000 грн.,Оренда 1к квартири на вул. Рональда Рейгана,,Деснянський,"Київ, Деснянський - Сьогодні о 08:59"
olx,https://www.olx.ua/d/uk/obyavlenie/orenda-1k-smart-kv-metro-slavutich-osokorki-4-hv-pshki-ID10B6MO.html?search_reason=search%7Corganic,9 000 грн.,Оренда 1к.смарт кв. Метро Славутич Осокорки 4 хв.пішки,,Дарницький,"Київ, Дарницький - Сьогодні о 13:44"
olx,https://www.olx.ua/d/uk/obyavlenie/orenda-vlasnik-2-h-km-kvartira-panorama-na-pechersku-ID10fhfw.html?search_reason=search%7Cpromoted,37 649.12 грн.Договірна,Оренда!!! Власник!!! 2 х кім. квартира «Панорама на Печерську»,,Печерський,"Київ, Печерський - 17 травня 2026 р."
olx,https://www.olx.ua/d/uk/obyavlenie/aktualna-1k-zhk-frantsuzskiy-kvartal-2-pechersk-vlasnik-ID10pfmR.html?search_reason=search%7Cpromoted,44 293.08 грн.,"Актуальна, 1к ЖК «Французский квартал 2», Печерськ, власник.",,Печерський,"Київ, Печерський - 30 травня 2026 р."
olx,https://www.olx.ua/d/uk/obyavlenie/orenda-stud-1-y-poverh-v-zhk-komfort-taun-prosp-sobornost-17-ID10zoiC.html?search_reason=search%7Cpromoted,14 000 грн.,"Оренда студії (1-й поверх) в ЖК Комфорт Таун, просп. Соборності, 17",,Дніпровський,"Київ, Дніпровський - 30 травня 2026 р."
olx,https://www.olx.ua/d/uk/obyavlenie/1-k-kvartira-v-tsentr-ahmatdit-povtroflotskiy-ID10AThD.html?search_reason=search%7Corganic,14 200 грн.,"1- к Квартира в Центрі: Ахматдит, Повітрофлотський.",,Шевченківський,"Київ, Шевченківський - 30 травня 2026 р."
olx,https://www.olx.ua/d/uk/obyavlenie/bez-2-km-harkvskiy-masiv-vul-olynika-stepana-17-mebl-tehnka-IDYEdMe.html?search_reason=search%7Corganic,18 000 грн.,"Без% 2-кім Харківський масив, вул. Олійника Степана,17 меблі, техніка",,Дарницький,"Київ, Дарницький - Сьогодні о 10:51"
olx,https://www.olx.ua/d/uk/obyavlenie/zdam-1-kmnatnu-kvartiru-na-vinogradar-ID10ALPA.html?search_reason=search%7Corganic,15 000 грн.,Здам 1 кімнатну квартиру на Виноградарі,,Подільський,"Київ, Подільський - 30 травня 2026 р."
olx,https://www.olx.ua/d/uk/obyavlenie/orenda-odnokmnatno-kvartiri-golosvsky-rayon-ID10Av92.html?search_reason=search%7Corganic,25 000 грн.Договірна,оренда однокімнатної квартири Голосіївській район,,Голосіївський,"Київ, Голосіївський - 29 травня 2026 р."
olx,https://www.olx.ua/d/uk/obyavlenie/orenda-2-kmnatno-kvartiri-vul-saperno-slobdska-22-ID10p2p1.html?search_reason=search%7Corganic,25 000 грн.,"Оренда 2 кімнатної квартири, вул. Саперно-Слобідська, 22",,Голосіївський,"Київ, Голосіївський - Сьогодні о 08:37"
olx,https://www.olx.ua/d/uk/obyavlenie/dizaynerska-2k-kvartira-zhk-libd-blya-ocean-plaza-metro-libdska-ta-olmpyska-vulitsya-malevicha-89-ID10AlNB.html?search_reason=search%7Corganic,46 507.73 грн.Договірна,ДИЗАЙНЕРСЬКА 2к квартира ЖК Либідь біля Ocean Plaza метро Либідська та Олімпійська вулиця Малевича 89,,Печерський,"Київ, Печерський - 29 травня 2026 р."
olx,https://www.olx.ua/d/uk/obyavlenie/zhk-time-orenda-2h-kmn-vul-v-lipkvskogo-38-generator-IDYsAYz.html?search_reason=search%7Corganic,39 863.77 грн.,"ЖК TIMЕ Оренда 2х кімн вул.В.Липківського, 38, генератор.",,Солом'янський,"Київ, Солом'янський - 29 травня 2026 р."
olx,https://www.olx.ua/d/uk/obyavlenie/pechersk-vul-konovaltsya-44a-zhk-panorama-na-pechersku-metro-pecherska-IDYYzUB.html?search_reason=search%7Corganic,28 000 грн.,"Печерськ, вул.Коновальця,44А. ЖК Панорама на Печерську.Метро Печерська",,Печерський,"Київ, Печерський - 30 травня 2026 р."
olx,https://www.olx.ua/d/uk/obyavlenie/orenda-5k-zhk-busov-hill-pechersk-ID10BbSm.html?search_reason=search%7Corganic,168 313.70 грн.Договірна,Оренда 5К ЖК Busov Hill Печерськ,,Печерський,"Київ, Печерський - Сьогодні о 16:55"
olx,https://www.olx.ua/d/uk/obyavlenie/bez-koms-zdam-svoyu-1-kvartiru-dnprovskiy-rayon-vul-fiflemska-14-a-shlhtera-4-5-poverh-ID10AYcG.html?search_reason=search%7Corganic,8 000 грн.,Без комісії .  Здам свою  1-квартиру . Дніпровський район  вул. Фифлеємська  14 А (Шліхтера). 4/5 поверх.,,Дніпровський,"Київ, Дніпровський - Сьогодні о 08:31"
olx,https://www.olx.ua/d/uk/obyavlenie/orenda-kvartiri-kuhnya-studya-ta-okremo-kmnata-zakritiy-dvr-parkovkoyu-vul-raketna-24b-golosvskiy-rn-IDY2RqY.html?search_reason=search%7Cpromoted,15 500 грн.,"Оренда квартири, кухня студія та окремо кімната,  закритий двір і парковкою вул.Ракетна 24б, Голосіївський рн",,Голосіївський,"Київ, Голосіївський - 30 травня 2026 р."
olx,https://www.olx.ua/d/uk/obyavlenie/persha-zdacha-zhk-golosvskiy-vulitsya-vasilkvska-37g-ID10rTAz.html?search_reason=search%7Cpromoted,35 000 грн.,"Перша здача. ЖК ""Голосіївський"", вулиця Васильківська 37Г",,Голосіївський,"Київ, Голосіївський - 30 травня 2026 р."
olx,https://www.olx.ua/d/uk/obyavlenie/orenda-2-kmnatno-kvartiri-po-vul-horolska-1-a-dnprovskiy-rayon-IDZY6eS.html?search_reason=search%7Corganic,13 000 грн.,"Оренда 2-кімнатної квартири по вул. Хорольська 1-А,Дніпровський район",,Дніпровський,"Київ, Дніпровський - 30 травня 2026 р."
olx,https://www.olx.ua/d/uk/obyavlenie/orenda-kvartiri-55m2-v-zhk-central-park-pechersk-metro-libdska-ID10BbaA.html?search_reason=search%7Corganic,47 000 грн.Договірна,Оренда квартири 55м2 в ЖК Central park Печерськ метро Либідська,55м2,Печерський,"Київ, Печерський - Сьогодні о 18:27"
olx,https://www.olx.ua/d/uk/obyavlenie/orenda-80-m2-zhk-manhattan-city-m-kiv-prosp-beresteyskiy-IDZCc3j.html?search_reason=search%7Corganic,57 581 грн.,"Оренда 80 м2. ЖК Manhattan City | м. Київ, просп. Берестейський",80 м2,Шевченківський,"Київ, Шевченківський - Сьогодні о 12:11"
olx,https://www.olx.ua/d/uk/obyavlenie/dvuhkmnatna-kvartira-na-olevskoy-3v-IDYIlFP.html?search_reason=search%7Corganic,16 000 грн.,Двухкімнатна квартира на Олевськой 3В,,Святошинський,"Київ, Святошинський - Сьогодні о 15:50"
olx,https://www.olx.ua/d/uk/obyavlenie/sdayu-kvartiru-1k-na-vul-maksimovicha-golosvskiy-ID10B2fB.html?search_reason=search%7Corganic,19 000 грн.,Сдаю квартиру 1к на вул. Максимовича Голосіівський,,Солом'янський,"Київ, Солом'янський - Сьогодні о 13:09"
olx,https://www.olx.ua/d/uk/obyavlenie/orenda-2kmnatno-m-vokzalna-zhk-smaragdoviy-IDZRnLa.html?search_reason=search%7Corganic,29 500 грн.,"Оренда 2кімнатної,м.Вокзальна,ЖК Смарагдовий",,Солом'янський,"Київ, Солом'янський - 30 травня 2026 р."
olx,https://www.olx.ua/d/uk/obyavlenie/orenda-1k-kvartiri-na-prosp-mikoli-bazhana-ID10AYX9.html?search_reason=search%7Corganic,11 000 грн.,Оренда 1к квартири на просп. Миколи Бажана,,Дарницький,"Київ, Дарницький - Сьогодні о 11:09"
olx,https://www.olx.ua/d/uk/obyavlenie/kvartira-1k-tlki-doya-dvchini-metro-virlitsya-5hv-vul-kamyanska-127-vlasnik-IDYqoEB.html?search_reason=search%7Corganic,15 000 грн.,"Квартира 1к , тільки доя дівчини,  метро Вирлиця 5хв, вул Камянська 127 власник",,Дарницький,"Київ, Дарницький - Сьогодні о 12:47"
olx,https://www.olx.ua/d/uk/obyavlenie/orenda-suchasno-ta-komfortna-vrodvushki-u-zhk-navgator-2-vul-konoplyanska-22a-ID10pfcw.html?search_reason=search%7Corganic,16 500 грн.,"Оренда сучасної та комфортна євродвушки у ЖК «Навігатор 2», вул. Коноплянська 22а",,Оболонський,"Київ, Оболонський - Сьогодні о 07:36"
olx,https://www.olx.ua/d/uk/obyavlenie/orenda-stilno-3-h-kmnatno-kvartiri-z-panoramnim-vidom-vul-mihayla-dontsya-2-a-ID10uQGG.html?search_reason=search%7Cpromoted,44 293.08 грн.,"Оренда стильної 3-х кімнатної квартири з панорамним видом — вул. Михайла Донця, 2-А",,Солом'янський,"Київ, Солом'янський - 15 травня 2026 р."
olx,https://www.olx.ua/d/uk/obyavlenie/arenda-1k-kvartiry-ul-konovaltsa-pechersk-zhk-panorama-na-pecherske-IDYau0W.html?search_reason=search%7Cpromoted,39 863.77 грн.,"Аренда 1к квартиры, ул. Коновальца , Печерск, ЖК Панорама на Печерске",,Печерський,"Київ, Печерський - 27 травня 2026 р."
olx,https://www.olx.ua/d/uk/obyavlenie/zdam-1-kmn-kvartiru-vul-s-danchenka-28b-kiv-ID10zjx9.html?search_reason=search%7Cpromoted,16 500 грн.,"Здам 1-кімн квартиру, вул. С. Данченка, 28Б, Київ",,Подільський,"Київ, Подільський - 30 травня 2026 р."
olx,https://www.olx.ua/d/uk/obyavlenie/zdam-2-k-kvartiru-51-kv-m-pr-t-glushkova-9-g-3-poverh-metro-podrom-ID10AQWI.html?search_reason=search%7Corganic,22 000 грн.,"Здам 2-к квартиру 51 кв.м. Пр-т Глушкова 9-Г, 3 поверх, метро Іподром",51 кв.м,Голосіївський,"Київ, Голосіївський - 30 травня 2026 р."
olx,https://www.olx.ua/d/uk/obyavlenie/bez-zdam-1k-kvartiru-z-meblyami-ta-tehnkoyu-vul-rayduzhna-13-v-ID10Bb8Y.html?search_reason=search%7Corganic,12 999 грн.,Без %‼️Здам 1к.квартиру з меблями та технікою.вул.Райдужна 13-В,,Дніпровський,"Київ, Дніпровський - Сьогодні о 18:26"
olx,https://www.olx.ua/d/uk/obyavlenie/orenda-zhk-lebediniy-revutskogo-ID10p1rm.html?search_reason=search%7Corganic,19 000 грн.Договірна,Оренда ЖК Лебединий Ревуцького,,Дарницький,"Київ, Дарницький - Сьогодні о 13:08"
olx,https://www.olx.ua/d/uk/obyavlenie/zdam-1-kmnatnu-na-prosp-vropeyskogo-soyuzupravdi-3-ID10AFtt.html?search_reason=search%7Corganic,6 700 грн.,"Здам 1-кімнатну на просп. Європейського Союзу(Правди), 3",,Подільський,"Київ, Подільський - 30 травня 2026 р."
olx,https://www.olx.ua/d/uk/obyavlenie/sdam-1-k-m-svyatoshino-vul-svyatoshinska-6-beresteyskiy-prosp-nivki-IDXusd5.html?search_reason=search%7Corganic,15 000 грн.Договірна,"Сдам 1 к. м. Святошино, вул. Святошинська, 6 Берестейський просп Нивки",,Святошинський,"Київ, Святошинський - Сьогодні о 09:28"
olx,https://www.olx.ua/d/uk/obyavlenie/kahovska-62-kvartira-studya-hozyain-ID10AV9w.html?search_reason=search%7Corganic,15 500 грн.,"Каховська 62, квартира-студія , хозяин",,Дніпровський,"Київ, Дніпровський - Сьогодні о 08:40"
olx,https://www.olx.ua/d/uk/obyavlenie/naykrascha-3-kmn-kvartira-v-novomu-budinku-zhk-rvra-metro-slavutich-ID10AVJa.html?search_reason=search%7Corganic,48 722.39 грн.Договірна,Найкраща /3 кімн/квартира в новому будинку ЖК Рів'єра метро Славутич,,Дарницький,"Київ, Дарницький - Сьогодні о 09:16"
olx,https://www.olx.ua/d/uk/obyavlenie/orenda-avtonomna-3k-kvartira-natalka-obolon-yordanska-pochayna-vasyuka-oazis-generator-nvertor-ukrittya-lipki-petrvka-stalngrada-park-residences-ID10oDJm.html?search_reason=search%7Corganic,66 439.62 грн.Договірна,Оренда АВТОНОМНА 3к квартира Наталка Оболонь Йорданська Почайна Івасюка Оазис Генератор Інвертор Укриття Липки Петрівка Сталінграда Парк Residences,,Оболонський,"Київ, Оболонський - Сьогодні о 11:10"
olx,https://www.olx.ua/d/uk/obyavlenie/zhk-park-lend-parkland-orenda-vasilkvska-golosvo-berezova-deregusa-ID10ABTc.html?search_reason=search%7Corganic,17 000 грн.,ЖК Парк Ленд PARKLAND оренда Васильківська Голосіїво Березова Дерегуса,,Голосіївський,"Київ, Голосіївський - 30 травня 2026 р."
olx,https://www.olx.ua/d/uk/obyavlenie/orenda-kvartiri-zhk-seven-dnprovska-naberezhna-osokorki-river-mall-ID10Anmz.html?search_reason=search%7Corganic,22 990 грн.,"Оренда квартири ЖК Seven Дніпровська Набережна, Осокорки River Mall",,Дарницький,"Київ, Дарницький - 29 травня 2026 р."
olx,https://www.olx.ua/d/uk/obyavlenie/zdam-1-kmn-kvartiru-kiv-ID10bmTW.html?search_reason=search%7Cpromoted,8 000 грн.,здам 1-кімн. квартиру Київ,,Святошинський,"Київ, Святошинський - 29 травня 2026 р."
olx,https://www.olx.ua/d/uk/obyavlenie/persha-orenda-1-kmnatno-kvartiri-zhk-varshavskiy-2-vulitsya-oleksandra-olesya-9a-varshavskiy-kvartal-trts-retrovl-metro-nivki-sirets-ID10xk6k.html?search_reason=search%7Cpromoted,26 000 грн.Договірна,"Перша Оренда 1-кімнатної квартири ЖК Варшавський-2, вулиця Олександра Олеся, 9А, Варшавський Квартал ТРЦ Ретровіль метро Нивки Сирець",,Подільський,"Київ, Подільський - 29 травня 2026 р."
olx,https://www.olx.ua/d/uk/obyavlenie/vlasnik-zdam-kvartiru-u-zhk-navgator-vrodvushka-61-kv-obolonskiy-r-n-kurenvka-ID10zW95.html?search_reason=search%7Cpromoted,16 500 грн.,"Власник. Здам квартиру у ЖК Навігатор. Євродвушка, 61 кв. Оболонський р-н, Куренівка",,Оболонський,"Київ, Оболонський - Сьогодні о 11:56"
olx,https://www.olx.ua/d/uk/obyavlenie/pisati-na-mesendzheri-orenda-1k-metro-klovska-5-hv-3-poverh-plita-gazova-IDYCtjk.html?search_reason=search%7Corganic,22 000 грн.Договірна,Писати на месенджери Оренда 1к метро Кловська 5 хв 3 поверх плита газова,,Печерський,"Київ, Печерський - 29 травня 2026 р."
olx,https://www.olx.ua/d/uk/obyavlenie/zdam-1-kmnatnu-kvartiru-vul-zdolbunvska-3-metro-osokorki-7-hvilin-ID10AWJy.html?search_reason=search%7Corganic,11 000 грн.,Здам 1 кімнатну квартиру вул. Здолбунівська 3 метро Осокорки 7 хвилин,,Дарницький,"Київ, Дарницький - Сьогодні о 08:08"
olx,https://www.olx.ua/d/uk/obyavlenie/orenda-kvartiri-vul-staronavodnitska-4v-ID10AnLX.html?search_reason=search%7Corganic,24 361.19 грн.,"Оренда квартири, вул. Старонаводницька, 4в",,Печерський,"Київ, Печерський - 29 травня 2026 р."
olx,https://www.olx.ua/d/uk/obyavlenie/orenda-1-k-kvartiri-zhk-bogatirskiy-ID10AYVU.html?search_reason=search%7Corganic,18 000 грн.,Оренда 1 к квартири ЖК Богатирський,,Оболонський,"Київ, Оболонський - Сьогодні о 11:02"
olx,https://www.olx.ua/d/uk/obyavlenie/saksaganskogo-vul-45-orenda-2-kmn-bez-komssynih-ID10ozmA.html?search_reason=search%7Corganic,31 005.15 грн.,"Саксаганського вул. 45, оренда 2-кімн. Без коміссійних!",,Печерський,"Київ, Печерський - 30 травня 2026 р."
olx,https://www.olx.ua/d/uk/obyavlenie/orenda-3k-kvartiri-u-kiv-les-ukranki-bul-7a-bez-koms-IDUtayf.html?search_reason=search%7Corganic,70 868.92 грн.,"Оренда 3к квартири у Києві, Лесі Українки бул., 7А Без комісії",,Печерський,"Київ, Печерський - Сьогодні о 11:15"
olx,https://www.olx.ua/d/uk/obyavlenie/orenda-1k-kvartiri-vul-bereznyakvska-bereznyaki-pr-t-p-tichini-ID10B22H.html?search_reason=search%7Corganic,10 000 грн.,"Оренда 1к квартири вул. Березняківська , Березняки, пр-т П. Тичини",,Дніпровський,"Київ, Дніпровський - Сьогодні о 13:00"
olx,https://www.olx.ua/d/uk/obyavlenie/vlasnik-zdayu-1-kmnatnu-kvartiru-na-bativy-gor-tihiy-rayon-ID10B15L.html?search_reason=search%7Corganic,10 000 грн.,"Власник здаю 1-кімнатну квартиру на Батиєвій горі, тихий район",,Солом'янський,"Київ, Солом'янський - Сьогодні о 12:23"
olx,https://www.olx.ua/d/uk/obyavlenie/shikarnaya-2ya-kvartira-na-poznyakah-ul-pchelki-6a-invertor-na-lift-voda-otoplenie-ID10B71l.html?search_reason=search%7Corganic,28 000 грн.,"Шикарная 2я квартира на Позняках  ул. Пчелки 6а. Инвертор на лифт, вода, отопление.",,Дарницький,"Київ, Дарницький - Сьогодні о 15:57"
olx,https://www.olx.ua/d/uk/obyavlenie/vrodvushka-vd-hazyana-ID10AM9I.html?search_reason=search%7Corganic,30 000 грн.,Євродвушка від хазяіна,,Дарницький,"Київ, Дарницький - 30 травня 2026 р."
olx,https://www.olx.ua/d/uk/obyavlenie/orenda-3k-kvartiri-vul-staronavodnitska-6b-poruch-metro-pecherska-ID10AgNm.html?search_reason=search%7Cpromoted,57 581 грн.,"Оренда 3к квартири, вул. Старонаводницька, 6Б, поруч метро Печерська",,Печерський,"Київ, Печерський - Сьогодні о 11:12"
olx,https://www.olx.ua/d/uk/obyavlenie/zdamo-3-u-kv-st-mlvoberezhna-z-vidom-na-dnpro-lavru-IDYRe6W.html?search_reason=search%7Cpromoted,16 000 грн.,"Здаємо 3-у кв. ст.мЛівобережна,з видом на Дніпро,Лавру",,Дніпровський,"Київ, Дніпровський - 30 травня 2026 р."
olx,https://www.olx.ua/d/uk/obyavlenie/sdam-1k-podlskiy-r-n-vul-petropavlvska-bud-11-ID10xIzZ.html?search_reason=search%7Cpromoted,11 000 грн.,Сдам 1к Подільський р-н вул Петропавлівська буд 11,,Подільський,"Київ, Подільський - Сьогодні о 15:25"
olx,https://www.olx.ua/d/uk/obyavlenie/arenda-kvartiry-ul-zhilyanskaya-zhk-diplomat-hall-goloseevskiy-r-n-pankovschina-ID10B99g.html?search_reason=search%7Corganic,44 293.08 грн.,"Аренда квартиры, ул. Жилянская, ЖК DIPLOMAT HALL, Голосеевский р-н, Паньковщина",,Голосіївський,"Київ, Голосіївський - Сьогодні о 17:11"
olx,https://www.olx.ua/d/uk/obyavlenie/tsentr-unversitet-ploscha-ukranskih-gerov-vul-antonovicha-8-ID10ABmM.html?search_reason=search%7Corganic,19 500 грн.,"‼️ Центр ‼️ Університет! Площа Українських Героїв! вул. Антоновича, 8",,Голосіївський,"Київ, Голосіївський - 30 травня 2026 р."
olx,https://www.olx.ua/d/uk/obyavlenie/zdam-dvokmnatnu-kvartiru-m-akademmstechko-vul-dobrohotova-ID10uU1y.html?search_reason=search%7Corganic,20 000 грн.,"Здам двокімнатну квартиру,  М. "" Академмістечко "", вул. Доброхотова",,Святошинський,"Київ, Святошинський - 30 травня 2026 р."
olx,https://www.olx.ua/d/uk/obyavlenie/persha-zdacha-zhk-golosvskiy-vul-vasilkvska-yu-zdanovsko-metro-vasilkvska-golosvo-ID10nT2n.html?search_reason=search%7Corganic,33 219.81 грн.,"Перша здача ЖК «Голосіївський» вул Васильківська, Ю.Здановської метро Васильківська Голосієво",,Голосіївський,"Київ, Голосіївський - Сьогодні о 14:27"
olx,https://www.olx.ua/d/uk/obyavlenie/orenda-kvartiri-vd-vlasnika-bez-koms-metro-zhitomirska-ID10zUsi.html?search_reason=search%7Corganic,18 000 грн.,Оренда квартири від Власника без комісії метро Житомирська,,Святошинський,"Київ, Святошинський - 30 травня 2026 р."
olx,https://www.olx.ua/d/uk/obyavlenie/orenda-persha-zdacha-3k-zhk-rver-stoun-truskavetska-osokorki-river-stone-ID10bI8U.html?search_reason=search%7Corganic,93 015.46 грн.,Оренда Перша Здача 3к ЖК Рівер Стоун Трускавецька Осокорки River Stone,,Дарницький,"Київ, Дарницький - Сьогодні о 10:53"
olx,https://www.olx.ua/d/uk/obyavlenie/orenda-1-no-km-kvartiri-na-smlyansky-ID10AkxI.html?search_reason=search%7Corganic,16 000 грн.,Оренда 1-но кім.квартири на Смілянській,,Солом'янський,"Київ, Солом'янський - 29 травня 2026 р."
olx,https://www.olx.ua/d/uk/obyavlenie/suchasna-kvartira-bez-koms-v-zhk-yaroslavv-grad-ID10p3Wd.html?search_reason=search%7Corganic,40 000 грн.,Сучасна квартира без комісії в ЖК Ярославів град,,Шевченківський,"Київ, Шевченківський - Сьогодні о 09:01"
olx,https://www.olx.ua/d/uk/obyavlenie/bez-orenda-2-oh-kmnatno-kvartri-zhk-frantsuzkiy-kvartal-2-pechersk-m-libdska-tsentr-pecherskiy-r-n-ID10AMdV.html?search_reason=search%7Corganic,48 722.39 грн.,"Без %, оренда 2 -ох кімнатної квартри ЖК «Французький Квартал 2» , Печерськ, м. Либідська, Центр, Печерський р-н",,Печерський,"Київ, Печерський - 30 травня 2026 р."
olx,https://www.olx.ua/d/uk/obyavlenie/orenda-4h-km-m-palats-ukrani-libdska-vul-kovpaka-17-pechersk-IDYtaI8.html?search_reason=search%7Corganic,53 151.69 грн.,"Оренда 4х кім. м. Палац України  Либідська вул. Ковпака 17, Печерськ",,Печерський,"Київ, Печерський - Сьогодні о 10:24"
olx,https://www.olx.ua/d/uk/obyavlenie/orenda-1k-kvartiri-vlasnik-darnitsya-harkvske-prazka-sobornost-ID10AA4f.html?search_reason=search%7Corganic,13 000 грн.,Оренда 1к квартири власник дарниця харківське празька соборності,,Дніпровський,"Київ, Дніпровський - 30 травня 2026 р."
olx,https://www.olx.ua/d/uk/obyavlenie/zdam-1-kmn-kvartiru-vul-dzhohara-dudaeva-2-solomyanskiy-rayon-IDZ0CQr.html?search_reason=search%7Corganic,10 000 грн.,"Здам 1 кімн. квартиру,  вул. Джохара Дудаева 2, Солом'янський район.",,Солом'янський,"Київ, Солом'янський - 29 травня 2026 р."
olx,https://www.olx.ua/d/uk/obyavlenie/zdatsya-kvartira-studya-na-prosp-sobornost-v-zhk-komfort-taun-ID10AFHf.html?search_reason=search%7Corganic,13 000 грн.,"Здається квартира-студія на просп. Соборності, в ЖК ""Комфорт Таун""",,Дніпровський,"Київ, Дніпровський - 30 травня 2026 р."
olx,https://www.olx.ua/d/uk/obyavlenie/zdam-1-k-kvartiru-sholom-aleyhema-ID10oXOD.html?search_reason=search%7Corganic,11 000 грн.,Здам 1 к квартиру Шолом-Алейхема,,Деснянський,"Київ, Деснянський - Сьогодні о 05:57"
olx,https://www.olx.ua/d/uk/obyavlenie/orenda-1k-kvartiri-nova-darnitsya-zhk-novodarnitskiy-IDZ6Cmb.html?search_reason=search%7Corganic,16 000 грн.,"Оренда 1к квартири Нова Дарниця, жк Новодарницький",,Дарницький,"Київ, Дарницький - Сьогодні о 00:05"
olx,https://www.olx.ua/d/uk/obyavlenie/orenda-3h-kmn-kvartiri-78m2-vul-bloruska-9-shevchenkvskiy-r-n-IDZVKWa.html?search_reason=search%7Corganic,22 000 грн.,Оренда 3х кімн квартири 78м2 вул Білоруська 9 Шевченківський р-н,78м2,Шевченківський,"Київ, Шевченківський - 29 травня 2026 р."
olx,https://www.olx.ua/d/uk/obyavlenie/orenda-3k-kvartiri-zhk-novopechersk-lipki-vul-verhoglyada-pechersk-IDZYo9s.html?search_reason=search%7Corganic,97 444.77 грн.,Оренда 3к квартири ЖК Новопечерські Липки вул. Верхогляда Печерськ,,Печерський,"Київ, Печерський - 30 травня 2026 р."
olx,https://www.olx.ua/d/uk/obyavlenie/orenda-1k-kvartiri-simirenka-svyatoshinskiy-rayon-ID10AZsy.html?search_reason=search%7Corganic,15 000 грн.,Оренда 1к.квартири Симиренка Святошинський район,,Святошинський,"Київ, Святошинський - Сьогодні о 11:22"
olx,https://www.olx.ua/d/uk/obyavlenie/orenda-4k-kvartiri-v-kiv-rininska-vul-5-24-bez-koms-IDYP34Z.html?search_reason=search%7Corganic,88 586.16 грн.,"Оренда 4к квартири в Києві, Ірининська вул., 5/24 Без комісії",,Шевченківський,"Київ, Шевченківський - Сьогодні о 10:09"
olx,https://www.olx.ua/d/uk/obyavlenie/zdatsya-vrodvushka-po-adres-prospekt-chervono-kalini-4-ID10xPgo.html?search_reason=search%7Corganic,14 000 грн.,Здається євродвушка по адресі проспект Червоної Калини 4,,Деснянський,"Київ, Деснянський - 29 травня 2026 р."
olx,https://www.olx.ua/d/uk/obyavlenie/orenda-3-h-kmn-kvartiri-zhk-malaht-solomyanka-poruch-zhk-kvartet-ID10qDWF.html?search_reason=search%7Cpromoted,70 868.92 грн.Договірна,"Оренда 3-х кімн. квартири ЖК Малахіт, Солом'янка, поруч ЖК Квартет",,Солом'янський,"Київ, Солом'янський - 30 травня 2026 р."
olx,https://www.olx.ua/d/uk/obyavlenie/metro-minskaya-obolonskiy-prospekt-18-a-ID10zPIN.html?search_reason=search%7Corganic,28 000 грн.,"Метро Минская, Оболонский проспект, 18 а",,Оболонський,"Київ, Оболонський - 30 травня 2026 р."
olx,https://www.olx.ua/d/uk/obyavlenie/zdatsya-v-orendu-1-kmnatna-kvartira-v-zhk-teremki-ID10BasC.html?search_reason=search%7Corganic,20 000 грн.,Здається в оренду 1-кімнатна квартира в ЖК Теремки,,Голосіївський,"Київ, Голосіївський - Сьогодні о 18:00"
olx,https://www.olx.ua/d/uk/obyavlenie/orenda-bez-podl-zhk-spas-sky-vul-spaska-35-stilna-kvartira-86-kv-m-IDWozyx.html?search_reason=search%7Corganic,84 156.85 грн.,"Оренда без % Поділ  ЖК Spas Sky. вул. Спаська, 35  стильна квартира 86 кв.м",86 кв.м,Подільський,"Київ, Подільський - Сьогодні о 13:20"
olx,https://www.olx.ua/d/uk/obyavlenie/sdam-2-komn-kvartiru-ot-hozyaina-voskresenkapr-shuhevicha-22a-ID10AMLR.html?search_reason=search%7Corganic,17 000 грн.,Сдам 2 комн. квартиру от хозяина (Воскресенка)пр Шухевича 22А,,Дарницький,"Київ, Дарницький - 30 травня 2026 р."
olx,https://www.olx.ua/d/uk/obyavlenie/sdam-odnokmnatnu-kvartiru-vul-mlyutenka-ID10AX2O.html?search_reason=search%7Corganic,9 000 грн.,Сдам однокімнатну квартиру вул Мілютенка,,Дніпровський,"Київ, Дніпровський - Сьогодні о 09:37"
olx,https://www.olx.ua/d/uk/obyavlenie/orenda-2-km-kvartiri-karavavi-dach-metro-shulyavska-sevastopolska-ploscha-ID10Azw2.html?search_reason=search%7Corganic,20 000 грн.,"Оренда 2 кім. квартири Караваєвi Дачі, метро Шулявська, Севастопольська площа",,Солом'янський,"Київ, Солом'янський - 30 травня 2026 р."
olx,https://www.olx.ua/d/uk/obyavlenie/bez-gaz-1k-vishgorodska-4a-kurenvka-vinogradar-obolon-ID10B9UQ.html?search_reason=search%7Corganic,13 000 грн.,"Без% Газ 1к Вишгородська, 4а Куренівка Виноградар Оболонь",,Оболонський,"Київ, Оболонський - Сьогодні о 17:45"
olx,https://www.olx.ua/d/uk/obyavlenie/zdatsya-v-orendu-1-kvartira-studya-smart-ID10B9dw.html?search_reason=search%7Corganic,13 000 грн.,"Здається в оренду 1 квартира (студія, смарт)",,Печерський,"Київ, Печерський - Сьогодні о 17:13"
olx,https://www.olx.ua/d/uk/obyavlenie/orenda-4-km-tn-kvartiri-dragomirova-15b-z-2-parkomstsyami-pechersk-IDXVwL6.html?search_reason=search%7Corganic,150 596.47 грн.,"Оренда 4-кім-тн квартири Драгомирова, 15Б з 2 паркомісцями Печерськ",,Печерський,"Київ, Печерський - Сьогодні о 13:31"
olx,https://www.olx.ua/d/uk/obyavlenie/termnovo-v-orendu-vd-vlasnika-2-kmn-kv-komfortna-y-prostora-v-bud-z-rezervnim-zhivlennyam-ta-pdzemnim-parkngom-zhk-4-sezona-bud-3d-kv-340-ID10AYEj.html?search_reason=search%7Corganic,31 005.15 грн.Договірна,"Терміново в оренду від власника 2-кімн. кв комфортна й простора в буд з резервним живленням та підземним паркінгом, ЖК 4 сезона, буд 3Д, кв. 340",,Голосіївський,"Київ, Голосіївський - Сьогодні о 11:05"
olx,https://www.olx.ua/d/uk/obyavlenie/orenda-2-kmnatno-kvartiri-46m2-vul-degtyarvska-43-1-shkvchenkvskiy-r-n-bez-koms-ID10xUOr.html?search_reason=search%7Corganic,20 000 грн.Договірна,"Оренда 2-кімнатної квартири 46м2, вул. Дегтярівська 43/1 Шквченківський р-н. Без комісії",46м2,Шевченківський,"Київ, Шевченківський - 30 травня 2026 р."
olx,https://www.olx.ua/d/uk/obyavlenie/zdatsya-odnokmnatna-kvartira-vul-dontsya-2-b-ID10B6F0.html?search_reason=search%7Corganic,18 000 грн.,Здається однокімнатна  квартира. Вул.Донця 2-Б,,Солом'янський,"Київ, Солом'янський - Сьогодні о 15:45"
olx,https://www.olx.ua/d/uk/obyavlenie/orenda-1k-vul-kadetskiy-gay-solomyanskiy-rayon-metro-vokzalna-ID10AMwl.html?search_reason=search%7Corganic,15 500 грн.,"Оренда 1к, вул. Кадетський Гай, Солом‘янський район, метро Вокзальна",,Солом'янський,"Київ, Солом'янський - 30 травня 2026 р."
olx,https://www.olx.ua/d/uk/obyavlenie/persha-zdacha-stilna-2-k-kvartira-v-zhk-l-kvartal-v-gavela-6-7a-m-beresteyska-ID10w6Ik.html?search_reason=search%7Corganic,30 000 грн.,Перша здача! Стильна 2-к квартира в ЖК L-Kvartal  В. Гавела 6/7а  М.Берестейська,,Солом'янський,"Київ, Солом'янський - 30 травня 2026 р."
olx,https://www.olx.ua/d/uk/obyavlenie/orenda-prostoro-1-kmnatno-kvartiri-blya-metro-akademmstechko-ID10AI8W.html?search_reason=search%7Corganic,18 000 грн.,Оренда просторої 1-кімнатної квартири біля метро «Академмістечко»,,Святошинський,"Київ, Святошинський - 30 травня 2026 р."
olx,https://www.olx.ua/d/uk/obyavlenie/orenda-1-kmnatno-kvartiri-1-9-pov-30-m-persha-zdacha-ID10Ap5R.html?search_reason=search%7Corganic,16 500 грн.,"Оренда 1-кімнатної квартири, 1/9 пов., 30 м² ПЕРША ЗДАЧА!",30 м²,Оболонський,"Київ, Оболонський - 29 травня 2026 р."
olx,https://www.olx.ua/d/uk/obyavlenie/orenda-odnokmnatno-kvartiri-z-nevelichkoyu-saunoyu-za-adresoyu-harkvske-shosse-182-ID10AVyz.html?search_reason=search%7Corganic,16 000 грн.,Оренда однокімнатної квартири з невеличкою сауною за адресою: Харківське шоссе 182,,Дарницький,"Київ, Дарницький - Сьогодні о 09:12"
olx,https://www.olx.ua/d/uk/obyavlenie/odnokmnatna-kvartira-zakrevskogo-49-ID10AC1b.html?search_reason=search%7Corganic,7 000 грн.,"Однокімнатна квартира, Закревського,49",,Деснянський,"Київ, Деснянський - 30 травня 2026 р."
olx,https://www.olx.ua/d/uk/obyavlenie/pvdenna-borschagvka-3kmn-kvartira-korolova-IDZZcvs.html?search_reason=search%7Corganic,12 500 грн.,"Південна Борщагівка,  3кімн квартира Корольова",,Святошинський,"Київ, Святошинський - Сьогодні о 06:48"
olx,https://www.olx.ua/d/uk/obyavlenie/zdatsya-odnokmnatna-kvartira-v-zhk-sofya-nova-IDZrNxn.html?search_reason=search%7Corganic,18 000 грн.,Здається однокімнатна квартира в ЖК Софія нова,,Солом'янський,"Київ, Солом'янський - Сьогодні о 15:30"
olx,https://www.olx.ua/d/uk/obyavlenie/kvartira-studya-z-vroremontom-blya-metro-klovska-ta-aresenalna-ID10AZlW.html?search_reason=search%7Corganic,19 000 грн.Договірна,Квартира студія з євроремонтом біля метро Кловська та Аресенальна!,,Печерський,"Київ, Печерський - Сьогодні о 11:24"
olx,https://www.olx.ua/d/uk/obyavlenie/bez-zhilyanska-59-zadatsya-2h-km-kv-zhk-diplomat-hol-IDXzmJG.html?search_reason=search%7Corganic,35 000 грн.,Без% Жилянська 59  Задається 2х кім кв ЖК «Дипломат Хол»,,Голосіївський,"Київ, Голосіївський - 30 травня 2026 р."
olx,https://www.olx.ua/d/uk/obyavlenie/persha-zdacha-orenda-2-kmnatno-kvartiri-54m2-po-vul-makkeyna-22-pecherskiy-rayon-m-zvrinetska-frantsuzkiy-kvartal-ocean-plaza-tvarini-ID10Ak8S.html?search_reason=search%7Corganic,38 742.61 грн.,"Перша здача | Оренда 2-кімнатної квартири (54м2) по вул. Маккейна 22, Печерський район | м. Звіринецька, Французький Квартал, Ocean Plaza | Тварини",54м2,Печерський,"Київ, Печерський - 29 травня 2026 р."
olx,https://www.olx.ua/d/uk/obyavlenie/orenda-3k-kvartiri-110m2-v-zhk-tetris-hall-vulitsya-fedorova-2a-baseyn-terasa-pechersk-kiv-diskont-vdeo-ID10cUYA.html?search_reason=search%7Corganic,132 879.23 грн.,Оренда 3к Квартири 110м2 в ЖК Tetris Hall вулиця Федорова 2А Басейн Тераса Печерськ Київ ДИСКОНТ ВІДЕО,110м2,Печерський,"Київ, Печерський - Сьогодні о 12:25"
olx,https://www.olx.ua/d/uk/obyavlenie/zdam-1-k-kvartiru-na-lesya-kurbasa-kolbrs-r-k-dnpro-ID10B2zf.html?search_reason=search%7Corganic,12 000 грн.,Здам 1-к квартиру на Леся Курбаса!Колібріс!р-к Дніпро!,,Святошинський,"Київ, Святошинський - Сьогодні о 13:13"
olx,https://www.olx.ua/d/uk/obyavlenie/zdatsya-3k-vd-vlasnika-ID10B3Jn.html?search_reason=search%7Corganic,700 грн.,Здається 3к від власника,,Шевченківський,"Київ, Шевченківський - Сьогодні о 13:54"
olx,https://www.olx.ua/d/uk/obyavlenie/orenda-1-kmnatnoy-kvartiri-u-darnitskomu-r-n-IDZXW7G.html?search_reason=search%7Corganic,14 000 грн.Договірна,Оренда 1-кімнатной квартири у Дарницькому р-н,,Дарницький,"Київ, Дарницький - 30 травня 2026 р."
olx,https://www.olx.ua/d/uk/obyavlenie/bez-orenda-1k-50-m2-zhk-galaktka-metro-lvoberezhna-ID10AZjj.html?search_reason=search%7Corganic,22 000 грн.Договірна,БЕЗ % Оренда 1к 50 м2 ЖК Галактіка метро Лівобережна,50 м2,Дніпровський,"Київ, Дніпровський - Сьогодні о 11:16"
olx,https://www.olx.ua/d/uk/obyavlenie/frantsuzkiy-kvartal-pecherskiy-libdska-frantsuzskiy-kvartal-generator-IDZQeMv.html?search_reason=search%7Corganic,39 863.77 грн.,"Французький квартал, Печерський, Либідська, Французский квартал, генератор",,Печерський,"Київ, Печерський - 30 травня 2026 р."
olx,https://www.olx.ua/d/uk/obyavlenie/zdam-v-dovgostrokovu-orendu-odnokmnatnu-kvartiru-ID10Akmb.html?search_reason=search%7Corganic,14 000 грн.,Здам в довгострокову оренду однокімнатну квартиру,,Оболонський,"Київ, Оболонський - 29 травня 2026 р."
olx,https://www.olx.ua/d/uk/obyavlenie/aktualna-kvartira-orenda-osokorki-zhk-status-grad-zavalna-10g-ID10AiTO.html?search_reason=search%7Cpromoted,25 000 грн.,Актуальна‼️ Квартира оренда Осокорки ЖК Статус Град Завальна 10г,,Дарницький,"Київ, Дарницький - Сьогодні о 11:30"
olx,https://www.olx.ua/d/uk/obyavlenie/orenda-3-km-kvartiri-z-terasoyu-v-zhk-komfort-taun-berezneva-12-ID10vDss.html?search_reason=search%7Cpromoted,38 000 грн.,"Оренда 3-кім квартири з терасою в ЖК Комфорт Таун, Березнева, 12",,Дніпровський,"Київ, Дніпровський - 30 травня 2026 р."
olx,https://www.olx.ua/d/uk/obyavlenie/sdam-2-h-komnatnuyu-kvartiru-novostroy-gradinskaya-ID10ml9Y.html?search_reason=search%7Cpromoted,18 000 грн.,Сдам 2- х комнатную квартиру новострой Градинская,,Деснянський,"Київ, Деснянський - Сьогодні о 15:30"
olx,https://www.olx.ua/d/uk/obyavlenie/zdam-1-kmn-m-akademmstechko-prov-priladniy-4-ID10awEr.html?search_reason=search%7Corganic,6 000 грн.,Здам 1 кімн м Академмістечко пров Приладний 4,,Святошинський,"Київ, Святошинський - 30 травня 2026 р."
olx,https://www.olx.ua/d/uk/obyavlenie/orenda-zatishno-kvartiri-borisplska-9-darnitskiy-rayon-IDZufJ3.html?search_reason=search%7Corganic,8 000 грн.,Оренда затишної квартири Бориспільська 9 (Дарницький район),,Дарницький,"Київ, Дарницький - 30 травня 2026 р."
olx,https://www.olx.ua/d/uk/obyavlenie/zdatsya-zatishna-smart-kvartira-22-kv-m-vd-vlasnika-IDZfxbu.html?search_reason=search%7Corganic,10 997 грн.,Здається затишна смарт квартира 22 кв м. від власника,22 кв м,Деснянський,"Київ, Деснянський - 30 травня 2026 р."
olx,https://www.olx.ua/d/uk/obyavlenie/orena-3-h-kmnatno-kvartiri-na-poznyakah-ID10B90U.html?search_reason=search%7Corganic,20 000 грн.,Орена 3-х кімнатноі квартири на Позняках,,Дарницький,"Київ, Дарницький - Сьогодні о 17:06"
olx,https://www.olx.ua/d/uk/obyavlenie/zdatsya-kvartira-pr-chervono-kalini-8v-ID10B3LN.html?search_reason=search%7Corganic,10 000 грн.,Здається квартира  Пр. Червоної Калини 8в,,Деснянський,"Київ, Деснянський - Сьогодні о 14:01"
olx,https://www.olx.ua/d/uk/obyavlenie/orenda-stilna-vrodvokmnatna-v-stalnts-na-pechersku-ID10AVDW.html?search_reason=search%7Corganic,45 000 грн.,ОРЕНДА: Стильна євродвокімнатна в сталінці на Печерську!,,Печерський,"Київ, Печерський - Сьогодні о 09:11"
olx,https://www.olx.ua/d/uk/obyavlenie/arenda-kvartiri-vul-lyuteranska-6a-hreschatik-ID10u9cE.html?search_reason=search%7Cpromoted,62 010.31 грн.,"Аренда квартири вул.Лютеранська 6а, Хрещатик",,Печерський,"Київ, Печерський - 29 травня 2026 р."
olx,https://www.olx.ua/d/uk/obyavlenie/zdam-2-kmnatnu-kvartiru-b-r-verhovno-radi-ID10x8Kx.html?search_reason=search%7Cpromoted,9 000 грн.,Здам 2 кімнатну квартиру б-р Верховної Ради,,Дніпровський,"Київ, Дніпровський - 21 травня 2026 р."
olx,https://www.olx.ua/d/uk/obyavlenie/orenda-2-k-kvartiri-v-15hv-blya-metro-demvska-ID10AkT5.html?search_reason=search%7Corganic,20 000 грн.,Оренда 2 к.квартири в 15хв.біля метро Деміївська,,Голосіївський,"Київ, Голосіївський - 29 травня 2026 р."
olx,https://www.olx.ua/d/uk/obyavlenie/2-kmnatna-kvartira-metro-poltehnchniy-nstitut-ID10B4xV.html?search_reason=search%7Corganic,17 000 грн.,2 кімнатна квартира метро Політехнічний Інститут,,Шевченківський,"Київ, Шевченківський - Сьогодні о 14:23"
olx,https://www.olx.ua/d/uk/obyavlenie/orenda-1-k-kvartiri-vul-privokzalna-ID10B0Ld.html?search_reason=search%7Corganic,11 000 грн.,Оренда 1-к квартири вул. Привокзальна,,Дарницький,"Київ, Дарницький - Сьогодні о 12:16"
olx,https://www.olx.ua/d/uk/obyavlenie/orenda-2k-kv-vul-bratislavska-4-ID10AwAr.html?search_reason=search%7Corganic,10 000 грн.,"Оренда 2к.кв , вул. Братиславська 4",,Дніпровський,"Київ, Дніпровський - 29 травня 2026 р."
olx,https://www.olx.ua/d/uk/obyavlenie/orenda-1-kmnatno-kvartiri-53-m-u-triiinity-7-poverh-persha-zdacha-velikiy-garderob-IDZH0m7.html?search_reason=search%7Corganic,93 015.46 грн.,Оренда 1-кімнатної квартири 53 м² у TRIIINITY  7 поверх перша здача великий гардероб,53 м²,Печерський,"Київ, Печерський - 29 травня 2026 р."
olx,https://www.olx.ua/d/uk/obyavlenie/arenda-4k-zhk-busov-hill-pechersk-IDLNt3V.html?search_reason=search%7Corganic,101 874.08 грн.,Аренда 4к ЖК Busov Hill Печерск,,Печерський,"Київ, Печерський - Сьогодні о 16:59"
olx,https://www.olx.ua/d/uk/obyavlenie/orenda-2h-km-kvartiri-v-zhk-frantsuzkiy-kvartal-2-ID10sjL7.html?search_reason=search%7Corganic,59 795.66 грн.Договірна,Оренда 2х кім  квартири в жк Французький квартал 2,,Печерський,"Київ, Печерський - 30 травня 2026 р."
olx,https://www.olx.ua/d/uk/obyavlenie/arenda-odnokomnatnoy-kvartiry-lesnoy-prospekt-29-metro-lesnaya-ID102qFF.html?search_reason=search%7Corganic,9 800 грн.Договірна,Аренда однокомнатной квартиры Лесной проспект 29 (метро Лесная),,Деснянський,"Київ, Деснянський - 29 травня 2026 р."
olx,https://www.olx.ua/d/uk/obyavlenie/orenda-1-km-kvartira-vul-mr-akademka-tupolva-5g-ID10AmfX.html?search_reason=search%7Corganic,14 500 грн.Договірна,Оренда 1-кім. квартира вул. Мрії (Академіка Туполєва) 5Г,,Святошинський,"Київ, Святошинський - 29 травня 2026 р."
olx,https://www.olx.ua/d/uk/obyavlenie/orenda-2-k-kvartiri-na-solomyants-ID10xH6P.html?search_reason=search%7Corganic,17 000 грн.,Оренда 2-к квартири на Солом'янці,,Солом'янський,"Київ, Солом'янський - 29 травня 2026 р."
olx,https://www.olx.ua/d/uk/obyavlenie/orenda-2h-km-81-m2-dragomanova-31-b-metro-poznyaki-5hv-vlasnik-IDZ4hGX.html?search_reason=search%7Cpromoted,27 000 грн.,Оренда 2х-кім 81 м2  Драгоманова 31-Б. метро Позняки 5хв. Власник!,81 м2,Дарницький,"Київ, Дарницький - 30 травня 2026 р."
olx,https://www.olx.ua/d/uk/obyavlenie/bez-arenda-3-h-komnatnoy-kvartiry-v-zhk-new-york-concept-house-ul-antonovicha-74-ID10jdXz.html?search_reason=search%7Cpromoted,50 000 грн.Договірна,"Без%Аренда 3-х комнатной квартиры в ЖК New York Concept House, ул.Антоновича 74",,Голосіївський,"Київ, Голосіївський - 30 травня 2026 р."
olx,https://www.olx.ua/d/uk/obyavlenie/novopechersk-lipki-orenda-4k-pechersk-ID10et73.html?search_reason=search%7Cpromoted,128 007 грн.Договірна,Новопечерські Липки Оренда 4К Печерськ,,Печерський,"Київ, Печерський - 04 травня 2026 р."
olx,https://www.olx.ua/d/uk/obyavlenie/arenda-kvartiri-stud-zhk-harkvskiy-IDZCEIP.html?search_reason=search%7Corganic,16 000 грн.,Аренда квартири-студіі ЖК Харьківський,,Дарницький,"Київ, Дарницький - 30 травня 2026 р."
olx,https://www.olx.ua/d/uk/obyavlenie/zdayu-1-kmnatnu-kvartiru-na-vulits-mr-7b-2-poverh-gaz-ID10ADjG.html?search_reason=search%7Corganic,8 000 грн.,"Здаю 1 кімнатну квартиру на вулиці Мрії 7б, 2 поверх, газ",,Святошинський,"Київ, Святошинський - 30 травня 2026 р."
olx,https://www.olx.ua/d/uk/obyavlenie/kvartira-dlya-sm-orenda-4-k-na-pechersku-les-ukranki-2-tts-gulver-ta-bts-parus-klovska-palats-sportu-ID10h2VC.html?search_reason=search%7Corganic,27 000 грн.,"КВАРТИРА ДЛЯ СІМ'Ї! Оренда 4-к на Печерську, Лесі Українки 2, ТЦ Гулівер та БЦ Парус. Кловська, Палац спорту",,Печерський,"Київ, Печерський - 29 травня 2026 р."
olx,https://www.olx.ua/d/uk/obyavlenie/termnovo-sdayu-1k-litvinenka-volgelmut-5-ID10B7NO.html?search_reason=search%7Corganic,12 000 грн.Договірна,Терміново сдаю 1к Литвиненка-Вольгельмут 5,,Святошинський,"Київ, Святошинський - Сьогодні о 16:27"
olx,https://www.olx.ua/d/uk/obyavlenie/zdatsya-2-kmnatna-kvartira-na-vul-srbnoklsky-1-ID10AAAJ.html?search_reason=search%7Corganic,16 000 грн.,"Здається 2-кімнатна квартира на вул.Срібнокільській,1",,Дарницький,"Київ, Дарницький - 30 травня 2026 р."
olx,https://www.olx.ua/d/uk/obyavlenie/zdam-3-k-kvartiru-ofs-kuhnya-studya-2-kmnati-vul-boychuka-12-ID10AOdW.html?search_reason=search%7Corganic,26 000 грн.,"Здам 3-к квартиру / офіс (кухня-студія + 2 кімнати), вул. Бойчука, 12",,Печерський,"Київ, Печерський - 30 травня 2026 р."
olx,https://www.olx.ua/d/uk/obyavlenie/orenda-kvartira-vul-vasilya-lipkvskogo-uritskogo-solomyanka-kiv-IDZXx4e.html?search_reason=search%7Corganic,33 219.81 грн.,"Оренда Квартира вул. Василя Липківського (Урицького), Солом'янка, Київ",,Солом'янський,"Київ, Солом'янський - 30 травня 2026 р."
olx,https://www.olx.ua/d/uk/obyavlenie/zhk-varshavskiy-plyus-orenda-garno-kvartiri-z-balkonom-ID10nUKe.html?search_reason=search%7Corganic,24 000 грн.Договірна,"ЖК Варшавський плюс, оренда гарноі квартири з балконом",,Подільський,"Київ, Подільський - 29 травня 2026 р."
olx,https://www.olx.ua/d/uk/obyavlenie/budinok-medikv-persha-orenda-3k-peyzazhka-zolot-vorota-IDZRKXs.html?search_reason=search%7Corganic,232 455.63 грн.,Будинок медиків Перша оренда 3к Пейзажка Золоті ворота,,Шевченківський,"Київ, Шевченківський - 29 травня 2026 р."
olx,https://www.olx.ua/d/uk/obyavlenie/odnokmnatna-kvartira-3-hv-vd-stants-pecherska-ID10uTvg.html?search_reason=search%7Corganic,18 000 грн.Договірна,Однокімнатна квартира 3 хв від станції Печерська,,Печерський,"Київ, Печерський - 29 травня 2026 р."
olx,https://www.olx.ua/d/uk/obyavlenie/zdam-1-k-metro-zolot-vorota-metro-unversitet-7-hvilin-pshki-IDVNcXn.html?search_reason=search%7Cpromoted,24 000 грн.,"Здам 1-к. Метро Золоті Ворота, метро Університет - 7 хвилин пішки",,Шевченківський,"Київ, Шевченківський - 30 травня 2026 р."
olx,https://www.olx.ua/d/uk/obyavlenie/generator-arenda-2k-kvartiry-85m-zhk-golden-park-ul-parkovo-syretskaya-4v-IDZOayk.html?search_reason=search%7Cpromoted,31 005.15 грн.,ГЕНЕРАТОР Аренда 2к квартиры 85м ЖК Golden Park ул Парково Сырецкая 4в,,Шевченківський,"Київ, Шевченківський - Сьогодні о 12:23"
olx,https://www.olx.ua/d/uk/obyavlenie/bez-generator-1k-studya-36m2-zhk-olympic-park-metro-3-hvilini-IDZUICf.html?search_reason=search%7Cpromoted,16 000 грн.,БЕЗ% Є ГЕНЕРАТОР! 1к студія 36м2 ЖК Olympic Park Метро 3 Хвилини,36м2,Дарницький,"Київ, Дарницький - 30 травня 2026 р."
olx,https://www.olx.ua/d/uk/obyavlenie/orenda-kvartiri-prospekt-dmitra-pavlichka-8-obolon-splachumo-50-ID10v4xD.html?search_reason=search%7Corganic,16 500 грн.,"Оренда квартири, проспект Дмитра Павличка 8, Оболонь, СПЛАЧУЄМО 50%",,Оболонський,"Київ, Оболонський - 30 травня 2026 р."
olx,https://www.olx.ua/d/uk/obyavlenie/zdam-1-kmnatnu-kvartiru-ID10nW8s.html?search_reason=search%7Corganic,8 500 грн.,Здам 1 кімнатну квартиру,,Дніпровський,"Київ, Дніпровський - 30 травня 2026 р."
olx,https://www.olx.ua/d/uk/obyavlenie/vlasnik-zdam-1-k-kvartiru-na-prosp-lesya-kurbasa-10g-kolbrs-ID10ATwY.html?search_reason=search%7Corganic,11 000 грн.,"ВЛАСНИК! Здам 1-к квартиру на просп. Леся Курбаса, 10Г, Колібріс",,Святошинський,"Київ, Святошинський - 30 травня 2026 р."
olx,https://www.olx.ua/d/uk/obyavlenie/sdam-v-orendu-kvartiru-46-m2-tsentr-ID10B3YI.html?search_reason=search%7Corganic,22 146.54 грн.,Сдам в оренду квартиру 46 м2 центр,46 м2,Шевченківський,"Київ, Шевченківський - Сьогодні о 14:22"
olx,https://www.olx.ua/d/uk/obyavlenie/sdaetsya-2-aya-kvartira-dneprovskiy-r-n-rusanovka-m-levoberezhnaya-ID10AVCF.html?search_reason=search%7Corganic,12 000 грн.,"Сдается 2-ая квартира, Днепровский р-н, Русановка, м. Левобережная.",,Дніпровський,"Київ, Дніпровський - Сьогодні о 09:16"
olx,https://www.olx.ua/d/uk/obyavlenie/1-kmnatna-kvartira-zhk-varshavskiy-ID10B7ij.html?search_reason=search%7Corganic,24 000 грн.,1 кімнатна квартира ЖК Варшавський,,Подільський,"Київ, Подільський - Сьогодні о 16:03"
olx,https://www.olx.ua/d/uk/obyavlenie/orenda-kvartiri-10-hvilin-vd-m-lsova-vnstona-cherchillya-93-tts-darinok-ID10ogON.html?search_reason=search%7Corganic,11 000 грн.,"Оренда квартири, 10 хвилин від м. Лісова, Вінстона  Черчилля 93, ТЦ Даринок",,Деснянський,"Київ, Деснянський - 30 травня 2026 р."
olx,https://www.olx.ua/d/uk/obyavlenie/sdam-2k-kvartiru-ID10B7HV.html?search_reason=search%7Corganic,14 999 грн.,Сдам 2к квартиру,,Солом'янський,"Київ, Солом'янський - Сьогодні о 16:18"
olx,https://www.olx.ua/d/uk/obyavlenie/nova-suchasna-kvartira-blya-metro-vokzalna-10hv-mstislava-skripnika-nov-vroremont-mebl-tehnka-garderobna-ne-visokiy-poverh-parkomstse-bomboshovische-ID10ALcI.html?search_reason=search%7Corganic,22 000 грн.,Нова сучасна квартира біля Метро Вокзальна 10хв Мстислава Скрипника Нові євроремонт меблі техніка Гардеробна Не високий поверх Паркомісце Бомбосховище,,Шевченківський,"Київ, Шевченківський - 30 травня 2026 р."
olx,https://www.olx.ua/d/uk/obyavlenie/bez-koms-prostora-3-k-kvartira-75-m-na-podol-ID10AYMT.html?search_reason=search%7Corganic,30 960.86 грн.,Без комісії! Простора 3-к квартира 75 м² на Подолі,75 м²,Шевченківський,"Київ, Шевченківський - Сьогодні о 11:00"
olx,https://www.olx.ua/d/uk/obyavlenie/orenda-3k-kvartiri-zhk-ribalskiy-ID10v377.html?search_reason=search%7Cpromoted,62 010.31 грн.,Оренда 3к квартири ЖК Рибальский,,Подільський,"Київ, Подільський - 29 травня 2026 р."
olx,https://www.olx.ua/d/uk/obyavlenie/orenda-prostoro-1-kmnatno-kvartiri-blya-metro-poznyaki-vul-dragomanova-ID10B0Tl.html?search_reason=search%7Corganic,16 000 грн.,"Оренда просторої 1-кімнатної квартири біля метро «Позняки”, вул. Драгоманова",,Дарницький,"Київ, Дарницький - Сьогодні о 12:15"
olx,https://www.olx.ua/d/uk/obyavlenie/zhk-podil-plaza-residence-ID10rXzj.html?search_reason=search%7Corganic,31 005.15 грн.,ЖК «Podil Plaza & Residence»,,Подільський,"Київ, Подільський - 30 травня 2026 р."
olx,https://www.olx.ua/d/uk/obyavlenie/zdam-2-kom-kv-oleksandra-koshitsya-vul-10-21-ID10AyIP.html?search_reason=search%7Corganic,16 500 грн.,"Здам 2 ком.кв.Олександра Кошиця вул., 10/21",,Дарницький,"Київ, Дарницький - 30 травня 2026 р."
olx,https://www.olx.ua/d/uk/obyavlenie/gradinska-1-orenda-2-k-kvartiri-troschina-ID10B4ac.html?search_reason=search%7Corganic,14 999 грн.,"Градинська 1, оренда 2-к квартири, Троєщина",,Деснянський,"Київ, Деснянський - Сьогодні о 14:09"
olx,https://www.olx.ua/d/uk/obyavlenie/orenda-1-k-kvartiriv-zhk-malaht-vul-bogdanvska-ID10AxJw.html?search_reason=search%7Corganic,22 000 грн.,"Оренда 1 к.квартирив жк Малахіт,вул.Богданівська !",,Солом'янський,"Київ, Солом'янський - 29 травня 2026 р."
olx,https://www.olx.ua/d/uk/obyavlenie/poznyaki-orenda-odnokmnatno-kvartiri-na-vul-chavdar-38-zhk-patriotika-ID10B859.html?search_reason=search%7Corganic,12 000 грн.,"Позняки. Оренда однокімнатної квартири на вул.Чавдар 38. ЖК"" Патриотика"".",,Дарницький,"Київ, Дарницький - Сьогодні о 16:37"
olx,https://www.olx.ua/d/uk/obyavlenie/vul-vishgorodska-45-vtryan-gori-vinogradar-pochayna-mnska-ID10AWDS.html?search_reason=search%7Corganic,20 500 грн.,"Вул.Вишгородська 45 , Вітряні Гори, Виноградарь, Почайна , Мінська",,Подільський,"Київ, Подільський - Сьогодні о 08:00"
olx,https://www.olx.ua/d/uk/obyavlenie/gospodar-sdam-trikmnatnu-vul-budvelnikv-ID10B6bD.html?search_reason=search%7Corganic,17 000 грн.,"Господар, сдам трикімнатну вул. Будівельників",,Дніпровський,"Київ, Дніпровський - Сьогодні о 15:22"
olx,https://www.olx.ua/d/uk/obyavlenie/dovgostrokova-arennda-ID10AuJr.html?search_reason=search%7Corganic,5 000 грн.,Довгострокова ареннда,,Дніпровський,"Київ, Дніпровський - 29 травня 2026 р."
olx,https://www.olx.ua/d/uk/obyavlenie/orenda-absolyutno-novo-avtonomno-5kmnatno-kvartiri-zhk-novopechersk-lipki-verhoglyada-dragomirova-pechersk-kiv-ID10xWsI.html?search_reason=search%7Corganic,531 516.94 грн.,"Оренда абсолютно нової автономної 5кімнатної квартири ЖК Новопечерські Липки Верхогляда Драгомирова, Печерськ, Київ",,Печерський,"Київ, Печерський - 30 травня 2026 р."
olx,https://www.olx.ua/d/uk/obyavlenie/dovgotrivala-orenda-vd-vlasnika-zhk-komfort-taun-sotsmsto-lvoberezhna-ID10B3Az.html?search_reason=search%7Corganic,20 000 грн.,"Довготривала оренда від власника ЖК Комфорт таун, Соцмісто, Лівобережна",,Дніпровський,"Київ, Дніпровський - Сьогодні о 13:49"
olx,https://www.olx.ua/d/uk/obyavlenie/zhk-31-persha-orenda-3k-110m-dragomanova-ID10B9qi.html?search_reason=search%7Corganic,101 874.08 грн.Договірна,ЖК 31 Перша оренда 3К 110м Драгоманова,,Дарницький,"Київ, Дарницький - Сьогодні о 17:21"
olx,https://www.olx.ua/d/uk/obyavlenie/suchasna-dvokmnatna-kvartira-poryad-z-metro-IDZAimW.html?search_reason=search%7Corganic,18 000 грн.,"Сучасна, двокімнатна квартира поряд з метро",,Святошинський,"Київ, Святошинський - 30 травня 2026 р."
olx,https://www.olx.ua/d/uk/obyavlenie/sdaetsya-1-komnata-kvartira-ID10b5a0.html?search_reason=search%7Corganic,6 500 грн.,Сдаётся 1 комната квартира,,Деснянський,"Київ, Деснянський - 29 травня 2026 р."
olx,https://www.olx.ua/d/uk/obyavlenie/orenda-1-kmnatno-kvartiri-vlasnik-bez-koms-metro-kp-ID10AITm.html?search_reason=search%7Corganic,21 000 грн.,Оренда 1 кімнатної квартири. Власник. Без Комісії. Метро КПІ,,Шевченківський,"Київ, Шевченківський - 30 травня 2026 р."
olx,https://www.olx.ua/d/uk/obyavlenie/vlasnik-orenda-2k-kvartiri-zhk-zeleniy-ostrv-ID10z6VV.html?search_reason=search%7Corganic,28 411.24 грн.,ВЛАСНИК Оренда 2к квартири ЖК Зелений острів,,Шевченківський,"Київ, Шевченківський - 30 травня 2026 р."
olx,https://www.olx.ua/d/uk/obyavlenie/bez-orenda-2k-vul-yaroslavv-val-21-metro-zolot-vorota-tsentr-ID10oK3F.html?search_reason=search%7Corganic,53 151.69 грн.,"Без % Оренда 2К, вул. Ярославів Вал 21, метро ""Золоті Ворота"", Центр",,Шевченківський,"Київ, Шевченківський - Сьогодні о 11:44"
olx,https://www.olx.ua/d/uk/obyavlenie/orenda-1-kv-v-zhk-frants-kvartal-2-bez-generator-ukrittya-ID10aCze.html?search_reason=search%7Corganic,37 649.12 грн.,"Оренда 1 кв ,в ЖК Франц.квартал 2, без %, генератор, укриття",,Печерський,"Київ, Печерський - 30 травня 2026 р."
olx,https://www.olx.ua/d/uk/obyavlenie/vlasnik-dovgostrokova-oreda-2h-kmnatno-kvartiri-57-m2-mnskiy-masiv-vishgorodska-56-2-ID10zCmF.html?search_reason=search%7Corganic,17 000 грн.,"Власник , довгострокова ореда 2х кімнатної квартири 57 м2 , Мінський масив Вишгородська 56/2",57 м2,Оболонський,"Київ, Оболонський - 29 травня 2026 р."
olx,https://www.olx.ua/d/uk/obyavlenie/orenda-2k-kvartiri-na-gnata-yuri-18a-bez-ID10B2Gy.html?search_reason=search%7Cpromoted,15 000 грн.,Оренда 2к квартири на Гната Юри 18А. Без %.,,Святошинський,"Київ, Святошинський - Сьогодні о 13:18"
olx,https://www.olx.ua/d/uk/obyavlenie/zdam-poryadnim-orendaryam-na-trivaliy-termn-odnokmnatnu-kvartiru-ID10B2Q5.html?search_reason=search%7Corganic,15 000 грн.,Здам порядним орендарям на тривалий термін однокімнатну квартиру,,Голосіївський,"Київ, Голосіївський - Сьогодні о 13:23"
olx,https://www.olx.ua/d/uk/obyavlenie/metro-1-mnuta-na-pecherske-druzhby-narodov-25-IDLGCCs.html?search_reason=search%7Corganic,21 999 грн.,Метро 1 мінута на Печерске ДРУЖБЫ НАРОДОВ 25,,Печерський,"Київ, Печерський - 30 травня 2026 р."
olx,https://www.olx.ua/d/uk/obyavlenie/zhk-smart-kvartira-orenda-polteh-nau-kp-vdradniy-vul-steshenkv-9-orenda-IDYwOGX.html?search_reason=search%7Corganic,13 000 грн.,ЖК Смарт квартира оренда Політех НАУ КПІ Відрадний вул Стешенків 9 Оренда,,Солом'янський,"Київ, Солом'янський - 30 травня 2026 р."
olx,https://www.olx.ua/d/uk/obyavlenie/orenda-1k-kvartiri-50-kv-m-bez-koms-ID10AFSL.html?search_reason=search%7Corganic,35 434.46 грн.,Оренда 1к квартири 50 кв.м. Без комісії..,50 кв.м,Шевченківський,"Київ, Шевченківський - 30 травня 2026 р."
olx,https://www.olx.ua/d/uk/obyavlenie/varshavskiy-plyus-bez-koms-dizaynerskiy-remont-ID10AXaq.html?search_reason=search%7Corganic,28 000 грн.,Варшавський Плюс | Без комісії | Дизайнерський ремонт,,Подільський,"Київ, Подільський - Сьогодні о 09:47"
olx,https://www.olx.ua/d/uk/obyavlenie/zdatsya-3h-kmnatna-kvartira-za-adresoyu-vul-andrya-verhoglyada-mihayla-dragomirova-6b-ID10AnXZ.html?search_reason=search%7Corganic,48 000 грн.,Здається 3х кімнатна квартира за адресою вул. Андрія Верхогляда (Михайла Драгомирова) 6Б,,Печерський,"Київ, Печерський - 29 травня 2026 р."
olx,https://www.olx.ua/d/uk/obyavlenie/vpershe-zdatsya-dvokmnatna-kvartira-z-suchasnim-remontom-meblyami-ta-pobutovoyu-tehnkoyu-blya-m-vasilkvska-ID10AEAb.html?search_reason=search%7Corganic,17 000 грн.,"Вперше здається двокімнатна квартира з сучасним ремонтом , меблями та побутовою технікою біля м. Васильківська!",,Солом'янський,"Київ, Солом'янський - 30 травня 2026 р."
olx,https://www.olx.ua/d/uk/obyavlenie/orenda-kvartiri-44m2-golosvskiy-rayon-IDXR5RL.html?search_reason=search%7Corganic,20 000 грн.,Оренда квартири 44м2 Голосіївський район,44м2,Голосіївський,"Київ, Голосіївський - 30 травня 2026 р."
olx,https://www.olx.ua/d/uk/obyavlenie/orenda-2k-kvartiri-v-zhk-bulvar-fontanv-pechersk-tsentr-ID10uKZR.html?search_reason=search%7Corganic,66 439.62 грн.,Оренда 2к квартири в ЖК Бульвар Фонтанів Печерськ/Центр,,Печерський,"Київ, Печерський - 29 травня 2026 р."
olx,https://www.olx.ua/d/uk/obyavlenie/st-m-demvska-r-n-pr-nauki-vul-raketna-24-ID10z5FF.html?search_reason=search%7Corganic,9 500 грн.,"Ст м «Деміївська», р-н. пр. Науки, вул. Ракетна 24",,Голосіївський,"Київ, Голосіївський - 29 травня 2026 р."
olx,https://www.olx.ua/d/uk/obyavlenie/zdam-v-dovgostrokovu-orendu-1-k-kvartiru-v-zhk-krster-grad-IDZz4bk.html?search_reason=search%7Corganic,20 000 грн.,Здам в довгострокову оренду 1 к. квартиру в ЖК Крістер Град,,Подільський,"Київ, Подільський - 30 травня 2026 р."
olx,https://www.olx.ua/d/uk/obyavlenie/1k-kvartira-na-knyazya-romana-mstislavicha-8-m-darnitsa-ID10AB3F.html?search_reason=search%7Corganic,12 000 грн.,"1К квартира на Князя Романа Мстиславича,8 м. Дарница",,Дніпровський,"Київ, Дніпровський - 30 травня 2026 р."
olx,https://www.olx.ua/d/uk/obyavlenie/orenda-bez-komss-3k-v-chornovola-20-850-ID10ohK0.html?search_reason=search%7Corganic,33 219.81 грн.Договірна,"Оренда БЕЗ КОМІССІЇ  3к , В.Чорновола 20. 850$",,Шевченківський,"Київ, Шевченківський - 30 травня 2026 р."
olx,https://www.olx.ua/d/uk/obyavlenie/1-kmnatna-kvartira-v-chudovomu-stan-10-hvilin-do-metro-darnitsya-ID10B4BR.html?search_reason=search%7Corganic,8 500 грн.,1-кімнатна квартира в чудовому стані – 10 хвилин до метро Дарниця!,,Дніпровський,"Київ, Дніпровський - Сьогодні о 14:27"
olx,https://www.olx.ua/d/uk/obyavlenie/orenda-1-kmn-kvartiri-v-zhk-evrika-st-m-podrom-ID10An5K.html?search_reason=search%7Corganic,15 000 грн.,"Оренда 1-кімн квартири в ЖК «Еврика», ст. М «Іподром»",,Голосіївський,"Київ, Голосіївський - 29 травня 2026 р."
olx,https://www.olx.ua/d/uk/obyavlenie/orenda-1k-kvartiri-zhk-msto-kvtv-ID10AAe1.html?search_reason=search%7Corganic,16 000 грн.,Оренда 1к квартири ЖК Місто квітів.,,Шевченківський,"Київ, Шевченківський - 30 травня 2026 р."
olx,https://www.olx.ua/d/uk/obyavlenie/orenda-stud-32-m2-komfort-taun-na-vul-berezneva-16-ID10yjLN.html?search_reason=search%7Corganic,17 000 грн.,Оренда студії 32 м2 Комфорт Таун на вул. Березнева 16,32 м2,Дніпровський,"Київ, Дніпровський - 30 травня 2026 р."
olx,https://www.olx.ua/d/uk/obyavlenie/sdam-1-komn-kv-metro-harkovskaya-bratstva-tarasvtsv-12-37-ID101sFZ.html?search_reason=search%7Corganic,17 000 грн.,"Сдам 1 комн.кв. метро Харьковская, Братства Тарасівців 12/37",,Дарницький,"Київ, Дарницький - 30 травня 2026 р."
olx,https://www.olx.ua/d/uk/obyavlenie/orenda-pechersk-palats-ukrana-zhk-frantsuskiy-kvartal-vul-saperne-pole-12-ID10AlQO.html?search_reason=search%7Corganic,53 151.69 грн.,"Оренда , Печерськ , Палац Україна , ЖК Француський Квартал , вул. Саперне поле 12",,Печерський,"Київ, Печерський - 29 травня 2026 р."
olx,https://www.olx.ua/d/uk/obyavlenie/orenda-2-kmn-dmitrvska-69-tsentr-ID10AWKi.html?search_reason=search%7Corganic,40 000 грн.,Оренда 2 кімн Дмитрівська  69 Центр,,Шевченківський,"Київ, Шевченківський - Сьогодні о 08:02"
olx,https://www.olx.ua/d/uk/obyavlenie/zdatsya-odnokmnatna-zhk-oranzhst-14000grn-IDZiDSW.html?search_reason=search%7Cpromoted,14 000 грн.,Здається однокімнатна ЖК ОранжСіті 14000грн.,,Голосіївський,"Київ, Голосіївський - Сьогодні о 14:01"
olx,https://www.olx.ua/d/uk/obyavlenie/orenda-2-k-kvartiri-blya-m-palats-ukrana-vul-velika-vasilkvska-124a-golosvskiy-rayon-ID10i8KN.html?search_reason=search%7Cpromoted,25 000 грн.,Оренда 2-к квартири біля м. Палац Україна / вул. Велика Васильківська 124А/ Голосіївський район,,Голосіївський,"Київ, Голосіївський - Сьогодні о 13:56"
olx,https://www.olx.ua/d/uk/obyavlenie/orenda-2k-kvartiri-zhk-nova-anglya-london-maksimovicha-ID10AmS8.html?search_reason=search%7Corganic,27 000 грн.,Оренда 2к квартири ЖК Нова Англія Лондон Максимовича,,Голосіївський,"Київ, Голосіївський - 29 травня 2026 р."
olx,https://www.olx.ua/d/uk/obyavlenie/zhk-royal-tauer-royal-tower-zhk-tetris-hall-saksaganskogo-b-37-ID10igge.html?search_reason=search%7Corganic,66 439.62 грн.,"ЖК Роял тауер Royal Tower, ЖК Tetris hall Саксаганського б.37",,Печерський,"Київ, Печерський - 30 травня 2026 р."
olx,https://www.olx.ua/d/uk/obyavlenie/orenda-2k-kvartiri-vul-olevska-9-noviy-budinok-generator-metro-akademmstechko-ID10AD0D.html?search_reason=search%7Corganic,18 000 грн.Договірна,"Оренда 2к квартири, вул. Олевська, 9. Новий будинок. Є генератор! Метро Академмістечко",,Святошинський,"Київ, Святошинський - 30 травня 2026 р."
olx,https://www.olx.ua/d/uk/obyavlenie/orenda-1k-kvartiri-na-vul-miloslavska-ID10AYOu.html?search_reason=search%7Corganic,10 000 грн.,Оренда 1к квартири на вул. Милославська,,Деснянський,"Київ, Деснянський - Сьогодні о 10:57"
olx,https://www.olx.ua/d/uk/obyavlenie/zdatsya-kvartira-metro-teremki-zhk-odeskiy-bulvar-IDXDSIM.html?search_reason=search%7Corganic,12 000 грн.,Здається квартира метро Теремки ЖК Одеський бульвар.,,Голосіївський,"Київ, Голосіївський - 30 травня 2026 р."
olx,https://www.olx.ua/d/uk/obyavlenie/orenda-1k-kv-vul-rayduzhna-ID10B4MG.html?search_reason=search%7Corganic,11 000 грн.,Оренда 1к кв! Вул. Райдужна,,Дніпровський,"Київ, Дніпровський - Сьогодні о 14:34"
olx,https://www.olx.ua/d/uk/obyavlenie/orenda-1k-kvartiri-v-zhk-olympic-park-svtlo-zavzhdi-ID10ASyt.html?search_reason=search%7Corganic,16 000 грн.,ОРЕНДА 1к квартири в ЖК Olympic Park (світло є завжди),,Дарницький,"Київ, Дарницький - 30 травня 2026 р."
olx,https://www.olx.ua/d/uk/obyavlenie/1-kmnatna-kvartira-metro-obolon-ID10yDUE.html?search_reason=search%7Corganic,14 000 грн.,1 кімнатна квартира метро Оболонь,,Оболонський,"Київ, Оболонський - 30 травня 2026 р."
olx,https://www.olx.ua/d/uk/obyavlenie/arenda-1kmn-kv-vul-boychuka-13-metro-zvrinetska-7hv-pshk-ID10B4JC.html?search_reason=search%7Cpromoted,20 000 грн.,"Аренда 1кімн.кв.вул.Бойчука 13,метро Звіринецька 7хв.пішкі",,Печерський,"Київ, Печерський - Сьогодні о 15:08"
olx,https://www.olx.ua/d/uk/obyavlenie/zdam-v-orendu-vro2k-kv-z-garnim-remontom-ta-meblyami-zhk-parkov-ozera-ID10vm65.html?search_reason=search%7Corganic,21 000 грн.Договірна,"Здам в оренду євро2к кв з гарним ремонтом та меблями, ЖК «Паркові озера»",,Дніпровський,"Київ, Дніпровський - 30 травня 2026 р."
olx,https://www.olx.ua/d/uk/obyavlenie/nova-kvartira-u-novomu-dom-obolonskiy-rayon-vul-sm-kulzhenkv-21b-ID10tM81.html?search_reason=search%7Corganic,18 000 грн.,"Нова квартира у новому домі - Оболонський район, вул. Сімʼї Кульженків 21Б",,Оболонський,"Київ, Оболонський - 30 травня 2026 р."
olx,https://www.olx.ua/d/uk/obyavlenie/orenda-1-km-kvartiri-55-m2-v-zhk-tsentral-park-vul-d-makkeyna-7-IDRVCcM.html?search_reason=search%7Corganic,34 000 грн.,"Оренда 1-кім квартири 55 м2 в ЖК Централ Парк, вул. Д. Маккейна 7",55 м2,Печерський,"Київ, Печерський - 29 травня 2026 р."
olx,https://www.olx.ua/d/uk/obyavlenie/orenda-4k-kvartiri-140m2-v-zhk-novopechersk-lipki-pechersk-ID10iJkd.html?search_reason=search%7Corganic,110 732.70 грн.,Оренда 4к квартири 140м2 в ЖК Новопечерські Липки Печерськ,140м2,Печерський,"Київ, Печерський - 29 травня 2026 р."
olx,https://www.olx.ua/d/uk/obyavlenie/chudova-tsna-zatishna-1-k-kvartira-zhk-novopechersk-lipki-novopecherskie-lipki-ID10h3JC.html?search_reason=search%7Corganic,39 863.77 грн.,Чудова ціна! Затишна 1-к квартира ЖК Новопечерські липки Новопечерские липки,,Печерський,"Київ, Печерський - 30 травня 2026 р."
olx,https://www.olx.ua/d/uk/obyavlenie/zdam-3k-kvartiru-pr-v-mayakovskogo-5-troschna-pochatok-ID10uYMM.html?search_reason=search%7Corganic,17 000 грн.,"Здам 3к квартиру пр.В.Маяковського-5,Троєщіна початок",,Деснянський,"Київ, Деснянський - 29 травня 2026 р."
olx,https://www.olx.ua/d/uk/obyavlenie/orenda-2-kmnatno-kvartiri-68-7m2-vul-generala-grekova-2-zhk-varshavskiy-2-podlskiy-r-n-bez-koms-ID10xMl3.html?search_reason=search%7Corganic,39 863.77 грн.Договірна,"Оренда 2-кімнатної квартири 68.7м2, вул. Генерала Грекова 2, ЖК Варшавський 2 Подільський р-н. Без комісії",68.7м2,Подільський,"Київ, Подільський - 29 травня 2026 р."
olx,https://www.olx.ua/d/uk/obyavlenie/koms25-park-stone-vasyuka-2-d-kvartira-z-yaksnim-remontom-ID10dxus.html?search_reason=search%7Corganic,28 790.50 грн.,"Коміс=25%. Park Stone. Івасюка, 2-Д. Квартира з якісним ремонтом!",,Оболонський,"Київ, Оболонський - 29 травня 2026 р."
olx,https://www.olx.ua/d/uk/obyavlenie/zdayu-svoyu-1-km-kvartiru-bul-gavela-lepse-nau-medmstechko-sda-IDYPRpH.html?search_reason=search%7Corganic,7 500 грн.,"Здаю свою 1 кім.квартиру бул.Гавела (Лепсе), НАУ, медмістечко, Ісіда",,Солом'янський,"Київ, Солом'янський - 30 травня 2026 р."
olx,https://www.olx.ua/d/uk/obyavlenie/bez-koms-orenda-dizaynersko-kvartiri-106m2-zhk-skyline-2-kmnati-kuhnya-vtalnya-vul-konovaltsya-generator-ID10AjFU.html?search_reason=search%7Corganic,132 879.23 грн.,Без комісії | Оренда дизайнерьскої квартири 106м2 | ЖК Skyline | 2 кімнати + кухня-вітальня | вул. Коновальця | Генератор,106м2,Печерський,"Київ, Печерський - 29 травня 2026 р."
olx,https://www.olx.ua/d/uk/obyavlenie/persha-zdacha-2k-kvartira-62-m-zhk-dbrova-park-bez-koms-vlasnik-ID10jUc2.html?search_reason=search%7Cpromoted,33 000 грн.,Перша здача! 2к квартира 62 м² ЖК Діброва Парк | без комісії | власник,62 м²,Подільський,"Київ, Подільський - Сьогодні о 09:03"
olx,https://www.olx.ua/d/uk/obyavlenie/kvartira-v-arendu-obolon-ID10Ae35.html?search_reason=search%7Cpromoted,15 000 грн.,Квартира в аренду Оболонь,,Оболонський,"Київ, Оболонський - 29 травня 2026 р."
olx,https://www.olx.ua/d/uk/obyavlenie/bez-koms-arenda-5k-kvartiri-v-zhk-busov-hill-busov-hll-noviy-remon-IDXpOVX.html?search_reason=search%7Cpromoted,167 870.77 грн.Договірна,Без комісії. Аренда 5к квартири в ЖК Busov Hill Бусов Хілл новий ремон,,Печерський,"Київ, Печерський - 30 травня 2026 р."
olx,https://www.olx.ua/d/uk/obyavlenie/chudova-1k-metro-poznyaki-5-hv-ID10AFS4.html?search_reason=search%7Corganic,12 000 грн.,Чудова 1к метро Позняки 5 хв,,Дарницький,"Київ, Дарницький - 30 травня 2026 р."
olx,https://www.olx.ua/d/uk/obyavlenie/suchasna-kvartira-v-zhk-varshavskiy-retrovl-vinogradar-faynataun-msto-kvtv-dibrova-park-respublka-ID10Alk9.html?search_reason=search%7Corganic,25 000 грн.,"Сучасна квартира в ЖК Варшавський. Ретровіль Виноградар, ФайнаТаун, Місто Квітів, Dibrova Park, Республіка",,Подільський,"Київ, Подільський - 29 травня 2026 р."
olx,https://www.olx.ua/d/uk/obyavlenie/orenda-stilno-dvokmnatno-kvartiri-v-tsentr-kiva-besarabka-krutiy-uzvz-ID10g9fK.html?search_reason=search%7Corganic,44 293.08 грн.Договірна,Оренда стильної двокімнатної квартири в центрі Київа Бесарабка Крутий узвіз,,Печерський,"Київ, Печерський - 29 травня 2026 р."
olx,https://www.olx.ua/d/uk/obyavlenie/orenda-1-k-45m2-v-zhk-frantsuzkiy-kvartal-vul-tyutyunnika-51-1a-ID102D6c.html?search_reason=search%7Corganic,34 000 грн.,"Оренда 1-к, 45м2, в ЖК Французький квартал, вул. Тютюнника 51/1А",45м2,Печерський,"Київ, Печерський - 30 травня 2026 р."
olx,https://www.olx.ua/d/uk/obyavlenie/arenda-kvartiry-lukyanovka-metro-lukyanovskaya-dorogozhichi-kpi-ID10ASOE.html?search_reason=search%7Corganic,20 000 грн.,"Аренда квартиры. Лукьяновка. метро Лукьяновская, Дорогожичи, КПИ",,Шевченківський,"Київ, Шевченківський - 30 травня 2026 р."
olx,https://www.olx.ua/d/uk/obyavlenie/orenda-3k-pechersk-perlina-52-kadorr-ID10B95Z.html?search_reason=search%7Corganic,88 143.23 грн.Договірна,Оренда 3К Печерськ Перлина 52 Kadorr,,Печерський,"Київ, Печерський - Сьогодні о 17:10"
olx,https://www.olx.ua/d/uk/obyavlenie/vlasnik-zdam-v-orendu-2-h-kmnatnu-kvartiru-ID10Awng.html?search_reason=search%7Corganic,12 000 грн.,Власник.Здам в оренду 2 -х кімнатну квартиру,,Подільський,"Київ, Подільський - 29 травня 2026 р."
olx,https://www.olx.ua/d/uk/obyavlenie/harkvske-shose-2-k-horoshiy-stan-ID10AnEN.html?search_reason=search%7Corganic,16 000 грн.,"Харківське шосе, 2-к, хороший стан",,Дарницький,"Київ, Дарницький - 29 травня 2026 р."
olx,https://www.olx.ua/d/uk/obyavlenie/dovgostrokova-orenda-vgena-konovaltsya-vul-schorsa-34-a-ID10zl5C.html?search_reason=search%7Corganic,46 507.73 грн.,"Довгострокова оренда Євгена Коновальця вул. (Щорса), 34-А",,Печерський,"Київ, Печерський - 30 травня 2026 р."
olx,https://www.olx.ua/d/uk/obyavlenie/zdam-v-orendu-2-k-kvartiru-vul-getmana-1-m-shulyavska-IDZx3AM.html?search_reason=search%7Corganic,22 000 грн.,"Здам в оренду 2-к квартиру вул. Гетьмана 1, м. Шулявська",,Шевченківський,"Київ, Шевченківський - 30 травня 2026 р."
olx,https://www.olx.ua/d/uk/obyavlenie/obolonskaya-naberezhnaya-penthaus-2-etazha-IDWXyW5.html?search_reason=search%7Cpromoted,132 834.94 грн.,Оболонская набережная пентхаус 2 этажа,,Оболонський,"Київ, Оболонський - Сьогодні о 16:20"
olx,https://www.olx.ua/d/uk/obyavlenie/orenda-2-k-kv-gnata-yuri-11-svyatoshinskiy-r-n-ID10zbQU.html?search_reason=search%7Cpromoted,14 000 грн.,оренда 2 к. кв. Гната Юри 11 Святошинський р-н,,Святошинський,"Київ, Святошинський - 30 травня 2026 р."
olx,https://www.olx.ua/d/uk/obyavlenie/vd-vlasnika-zdatsya-odnushka-zhk-4-sezoni-ID10vzFa.html?search_reason=search%7Cpromoted,22 500 грн.,"Від власника. Здається однушка, ЖК «4 Сезони»",,Голосіївський,"Київ, Голосіївський - 30 травня 2026 р."
olx,https://www.olx.ua/d/uk/obyavlenie/zdam-kvartiru-v-zhk-dock-32-vd-vlasnika-ID10AAIW.html?search_reason=search%7Corganic,23 000 грн.,Здам квартиру в ЖК Dock 32 (від власника),,Оболонський,"Київ, Оболонський - 30 травня 2026 р."
olx,https://www.olx.ua/d/uk/obyavlenie/zhk-siretsk-sadi-2-kmnatna-kvartira-z-dizaynerskim-remontom-zhk-varshavskiy-ID104feI.html?search_reason=search%7Corganic,26 999 грн.,"ЖК Сирецькі Сади | 2-кімнатна квартира з дизайнерським ремонтом, ЖК Варшавський",,Шевченківський,"Київ, Шевченківський - 29 травня 2026 р."
olx,https://www.olx.ua/d/uk/obyavlenie/zdam-kvartiru-zhk-varshavskiy-2-persha-orenda-rodini-krsterv-14-b-ID101gWP.html?search_reason=search%7Corganic,18 603.09 грн.Договірна,"Здам квартиру ЖК Варшавський - 2, перша оренда, Родини Крістерів 14-Б",,Подільський,"Київ, Подільський - 29 травня 2026 р."
olx,https://www.olx.ua/d/uk/obyavlenie/vrodvushka-46-m-z-vidom-na-ozero-bez-koms-vd-vlasnika-ID10zPQu.html?search_reason=search%7Corganic,13 900 грн.,Євродвушка 46 м² з видом на озеро | Без комісії | Від власника,46 м²,Деснянський,"Київ, Деснянський - 30 травня 2026 р."
olx,https://www.olx.ua/d/uk/obyavlenie/orenda-zhk-elegant-1k44m2-zhilyanska-118-tsentr-metro-unversitet-vokzalna-ID10y5SO.html?search_reason=search%7Corganic,23 032.40 грн.,"Оренда‼️ ЖК Елегант 1к=44м2 Жилянська 118 Центр метро Університет, Вокзальна",44м2,Шевченківський,"Київ, Шевченківський - 30 травня 2026 р."
olx,https://www.olx.ua/d/uk/obyavlenie/orenda-1k-kvartira-shulyavka-viborgska-solomyanskiy-oleksi-tihogo-IDLcGgN.html?search_reason=search%7Corganic,11 500 грн.,Оренда 1к квартира Шулявка Виборгська Солом’янський Олекси Тихого,,Солом'янський,"Київ, Солом'янський - 30 травня 2026 р."
olx,https://www.olx.ua/d/uk/obyavlenie/orenda-1k-kvartiri-vul-polska-24-IDZk6Er.html?search_reason=search%7Corganic,9 000 грн.,Оренда 1К квартири вул. Поліська 24,,Дарницький,"Київ, Дарницький - 30 травня 2026 р."
olx,https://www.olx.ua/d/uk/obyavlenie/bereznyaki-2k-buchmi-garniy-stan-ohayna-ID10xKsT.html?search_reason=search%7Corganic,15 000 грн.,"Березняки, 2к, Бучми, гарний стан, охайна",,Дніпровський,"Київ, Дніпровський - 29 травня 2026 р."
olx,https://www.olx.ua/d/uk/obyavlenie/1kmn-kvartira-vul-denisa-rachnskogo-kolishnya-kombnatna-25-zhk-sadoviy-ID10B0PD.html?search_reason=search%7Corganic,17 000 грн.Договірна,"1кімн квартира  вул. Дениса Рачінського (колишня Комбінатна), 25 ЖК «Садовий»",,Дніпровський,"Київ, Дніпровський - Сьогодні о 13:34"
olx,https://www.olx.ua/d/uk/obyavlenie/vidova-kvartira-studya-dragomanova-2b-dom-z-generatorom-IDVFQw1.html?search_reason=search%7Corganic,22 000 грн.,Видова квартира студія Драгоманова 2б (дом з генератором),,Дарницький,"Київ, Дарницький - 29 травня 2026 р."
olx,https://www.olx.ua/d/uk/obyavlenie/3-kmnatna-kvartira-klasichniy-remont-nvertor-m-sirets-panoramniy-vid-bez-ID102nI0.html?search_reason=search%7Cpromoted,29 000 грн.,"3-кімнатна квартира, класичний ремонт, ІНВЕРТОР, м. Сирець панорамний вид без%",,Шевченківський,"Київ, Шевченківський - Сьогодні о 12:40"
olx,https://www.olx.ua/d/uk/obyavlenie/vidova-kvartira-v-zhk-frantsuzkiy-kvartal-tyutyunnika-51-1a-ID10lVMa.html?search_reason=search%7Cpromoted,30 000 грн.,Видова квартира в ЖК Французький Квартал (Тютюнника  51/1а),,Печерський,"Київ, Печерський - 30 травня 2026 р."
olx,https://www.olx.ua/d/uk/obyavlenie/bez-nova-1-k-zhk-shevchenkvskiy-zlatoustvska-25-tsentr-pl-peremogi-ID10xf7S.html?search_reason=search%7Corganic,44 293.08 грн.,"БЕЗ %% Нова 1-к ЖК Шевченківський, Златоустівська 25 Центр, пл.Перемоги",,Шевченківський,"Київ, Шевченківський - 30 травня 2026 р."
olx,https://www.olx.ua/d/uk/obyavlenie/shulyavka-trikmnatna-na-dovzhenka-ID10aTcf.html?search_reason=search%7Corganic,15 000 грн.,"Шулявка, трикімнатна на Довженка",,Шевченківський,"Київ, Шевченківський - 30 травня 2026 р."
olx,https://www.olx.ua/d/uk/obyavlenie/levandovskaya-4-anischenkotsentr-arsenalnaya-3-min-net-otklyucheniya-sveta-ID10hJn4.html?search_reason=search%7Corganic,14 500 грн.,"Левандовская 4 ( Анищенко)центр,  Арсенальная 3 мин. НЕТ ОТКЛЮЧЕНИЯ СВЕТА!",,Печерський,"Київ, Печерський - 30 травня 2026 р."
olx,https://www.olx.ua/d/uk/obyavlenie/orenda-2-kmnatno-kvartiri-knyazhiy-zaton-21-zhk-korona-m-osokorki-IDZAvLX.html?search_reason=search%7Corganic,18 000 грн.,"Оренда 2 кімнатної квартири Княжий Затон 21, ЖК Корона, м. Осокорки",,Дарницький,"Київ, Дарницький - 30 травня 2026 р."
olx,https://www.olx.ua/d/uk/obyavlenie/2-km-kvartira-studo-ID10qM8A.html?search_reason=search%7Corganic,22 000 грн.,2-кім квартира СТУДІО,,Шевченківський,"Київ, Шевченківський - 30 травня 2026 р."
olx,https://www.olx.ua/d/uk/obyavlenie/orenda-v-zhk-royal-tower-orenda-1-kmn-tsentr-olmpyskiy-saksaganskogo-volodimirska-ID10fOTD.html?search_reason=search%7Corganic,59 795.66 грн.Договірна,Оренда в ЖК Royal Tower оренда 1 кімн. Центр Олімпійський Саксаганського Володимирська,,Голосіївський,"Київ, Голосіївський - 30 травня 2026 р."
olx,https://www.olx.ua/d/uk/obyavlenie/zhk-lvvskiy-kvartal-dovgotrivala-orenda-kvartiri-vrodvushki-ID10ANDf.html?search_reason=search%7Corganic,25 000 грн.Договірна,ЖК «Львівський квартал» довготривала оренда квартири євродвушки!,,Шевченківський,"Київ, Шевченківський - 30 травня 2026 р."
olx,https://www.olx.ua/d/uk/obyavlenie/orenda-3-k-kvartira-96-m-v-zhk-novopechersk-lipki-generator-ekoflou-ID10ADac.html?search_reason=search%7Corganic,81 942.19 грн.,Оренда 3-к квартира 96 м² в ЖК Новопечерські Липки | Генератор | Екофлоу,96 м²,Печерський,"Київ, Печерський - 30 травня 2026 р."
olx,https://www.olx.ua/d/uk/obyavlenie/orenda-2-k-kvartiri-zhk-jack-house-generator-v-kvartir-bez-IDZ2f6P.html?search_reason=search%7Corganic,70 868.92 грн.,"Оренда 2-к квартири ЖК Jack House, генератор в квартирі, без %",,Печерський,"Київ, Печерський - 29 травня 2026 р."
olx,https://www.olx.ua/d/uk/obyavlenie/orenda-2knovobudovapr-vropeyskogo-soyuzu-ID10utZl.html?search_reason=search%7Cpromoted,18 000 грн.,Оренда 2к(новобудова)пр.Європейського Союзу,,Подільський,"Київ, Подільський - Сьогодні о 14:02"
olx,https://www.olx.ua/d/uk/obyavlenie/orenda-2-kmnatno-kvartiri-v-kb-90-m2-osokorki-vul-sadova-ID10x69A.html?search_reason=search%7Cpromoted,79 727.54 грн.,Оренда 2-кімнатної квартири в КБ/90 м2/Осокорки/вул. Садова,90 м2,Дарницький,"Київ, Дарницький - Сьогодні о 11:05"
olx,https://www.olx.ua/d/uk/obyavlenie/orenda-1k-kv-zhk-manheten-st-tsentr-beresteyskiy-11-metro-11-IDZ5uUm.html?search_reason=search%7Corganic,37 649.12 грн.,"Оренда 1к. кв, ЖК Манхетен сіті, Центр, Берестейський 11, Метро 11",,Шевченківський,"Київ, Шевченківський - 29 травня 2026 р."
olx,https://www.olx.ua/d/uk/obyavlenie/orenda-3-k-kvartira-z-dizaynerskim-remontom-ID10AVZ7.html?search_reason=search%7Corganic,30 000 грн.,Оренда 3-к квартира з дизайнерським ремонтом.,,Святошинський,"Київ, Святошинський - Сьогодні о 09:32"
olx,https://www.olx.ua/d/uk/obyavlenie/id-426-bez-park-avenyu-park-avenue-generator-na-opalennya-ta-lft-ID10l9zi.html?search_reason=search%7Corganic,57 581 грн.Договірна,ID 426. Без % Парк Авеню Park Avenue. Є генератор на опалення та ліфт,,Голосіївський,"Київ, Голосіївський - 29 травня 2026 р."
olx,https://www.olx.ua/d/uk/obyavlenie/zhk-poetichniy-zdolbunvska-13-orenda-1-k-kvartiri-poznyaki-generator-ID10B8NY.html?search_reason=search%7Corganic,16 999 грн.,"ЖК Поетичний, Здолбунівська 13, оренда 1-к квартири, Позняки, Генератор",,Дарницький,"Київ, Дарницький - Сьогодні о 16:59"
olx,https://www.olx.ua/d/uk/obyavlenie/orenda-2-h-kmnatno-kvartiri-67m2-vul-salyutna-1-b-blya-parku-metro-nivki-ID10AlDi.html?search_reason=search%7Corganic,24 000 грн.,"Оренда 2 х кімнатної квартири 67м2 вул.Салютна 1-Б біля парку ,метро Нивки",67м2,Шевченківський,"Київ, Шевченківський - 29 травня 2026 р."
olx,https://www.olx.ua/d/uk/obyavlenie/svtlo-zavzhdi-2k-studya-42m2-zhk-suchasniy-kvartal-guzara-11-ID10AlT1.html?search_reason=search%7Corganic,23 000 грн.,СВІТЛО ЗАВЖДИ! 2к студія 42м2 ЖК Сучасний Квартал Гузара 11,42м2,Солом'янський,"Київ, Солом'янський - 29 травня 2026 р."
olx,https://www.olx.ua/d/uk/obyavlenie/orenda-vidovo-1-kmnatno-kvartiri-v-zhk-henesi-house-IDZr1FY.html?search_reason=search%7Corganic,19 000 грн.,Оренда  видової 1-кімнатної  квартири в ЖК Henesi House,,Дарницький,"Київ, Дарницький - 30 травня 2026 р."
olx,https://www.olx.ua/d/uk/obyavlenie/zdacha-v-orendu-3-k-kvartiri-tsentr-poznyakv-ID10AVzP.html?search_reason=search%7Corganic,18 000 грн.Договірна,"Здача в оренду 3-к квартири, центр Позняків",,Дарницький,"Київ, Дарницький - Сьогодні о 09:07"
olx,https://www.olx.ua/d/uk/obyavlenie/zdam-1-km-kv-vul-revutskogo-harkvskiy-masiv-ID10yWVJ.html?search_reason=search%7Corganic,10 000 грн.,"Здам 1-кім.кв. вул.Ревуцького, Харківський масив",,Дарницький,"Київ, Дарницький - 30 травня 2026 р."
olx,https://www.olx.ua/d/uk/obyavlenie/zhk-varshavskiy-plyus-orenda-kvartiri-bez-koms-vd-vlasnika-ID10yF8S.html?search_reason=search%7Corganic,31 005.15 грн.,ЖК «Варшавський Плюс» Оренда квартири БЕЗ КОМІСІЇ від власника,,Подільський,"Київ, Подільський - 30 травня 2026 р."
olx,https://www.olx.ua/d/uk/obyavlenie/orenda-1k-studo-m-kiv-metro-vasilkvska-IDXRjZK.html?search_reason=search%7Cpromoted,18 079.88 грн.,"Оренда 1к ""студіо"", м. Київ, метро Васильківська",,Голосіївський,"Київ, Голосіївський - 29 травня 2026 р."
olx,https://www.olx.ua/d/uk/obyavlenie/2-vro-3-kmnatna-kvartira-solomyanskiy-rayon-vulitsya-osvti-16-a-ID102C82.html?search_reason=search%7Cpromoted,28 000 грн.,"2 (Євро 3) кімнатна квартира. Солом’янський район, вулиця Освіти 16 а",,Солом'янський,"Київ, Солом'янський - 30 травня 2026 р."
olx,https://www.olx.ua/d/uk/obyavlenie/zdam-1k-45-kv-m-gasheka-20-blya-darnitsko-plosch-do-metro-darnitsya-cherngvska-lvoberezhna-10-15hv-ID10qXaZ.html?search_reason=search%7Cpromoted,11 500 грн.,"Здам 1к 45 кв.м Гашека 20, біля Дарницької площі. До метро Дарниця,Чернігівська, Лівобережна-10-15хв",45 кв.м,Дніпровський,"Київ, Дніпровський - 06 травня 2026 р."
olx,https://www.olx.ua/d/uk/obyavlenie/orenda-1-kvartiri-zhk-parkove-msto-vul-vishgorodska-45-ID10AAp9.html?search_reason=search%7Corganic,16 000 грн.,Оренда 1 квартири Жк Паркове місто вул. Вишгородська 45,,Подільський,"Київ, Подільський - 30 травня 2026 р."
olx,https://www.olx.ua/d/uk/obyavlenie/3-km-kvartiri-vul-sevastopolska-17-metro-15-hv-ID10B1cK.html?search_reason=search%7Corganic,15 000 грн.,"3- кім. квартири , вул. Севастопольська 17, метро 15 хв",,Дарницький,"Київ, Дарницький - Сьогодні о 12:27"
olx,https://www.olx.ua/d/uk/obyavlenie/orenda-kvartira-kiv-pecherskiy-rayon-vul-saperne-pole-14-55-ID10B7Bm.html?search_reason=search%7Corganic,35 434.46 грн.Договірна,"Оренда / Квартира  Київ, Печерський район, вул. Саперне поле, 14/55",,Печерський,"Київ, Печерський - Сьогодні о 16:14"
olx,https://www.olx.ua/d/uk/obyavlenie/arenda-2-h-komnatnaya-kvartiry-po-ul-lyuteranskaya-13-tsentr-ID10ge4I.html?search_reason=search%7Corganic,44 293.08 грн.Договірна,"Аренда 2-х комнатная квартиры по ул.Лютеранская 13, Центр.",,Печерський,"Київ, Печерський - Сьогодні о 19:15"
olx,https://www.olx.ua/d/uk/obyavlenie/orenda-2-k-kvartira-47-m-z-terasoyu-generator-zhk-central-park-libdska-ID10AQo4.html?search_reason=search%7Corganic,44 293.08 грн.,Оренда 2-к квартира 47 м² з терасою | Генератор | ЖК Central Park | Либідська,47 м²,Печерський,"Київ, Печерський - 30 травня 2026 р."
olx,https://www.olx.ua/d/uk/obyavlenie/orenda-1k-m-cherngvska-vul-popravki-dnprovskiy-r-n-generator-ID10Al8x.html?search_reason=search%7Corganic,17 000 грн.,"Оренда 1к м. Чернігівська, вул. Поправки, Дніпровський р-н, Генератор",,Дніпровський,"Київ, Дніпровський - 29 травня 2026 р."
olx,https://www.olx.ua/d/uk/obyavlenie/orenda-4-kmnatna-kvartira-140-m2-park-sovki-3-hv-kiv-vul-chizhevskogo-2b-ID10B7Pl.html?search_reason=search%7Corganic,28 000 грн.Договірна,Оренда 4 кімнатна квартира 140 м2 парк Совки 3 хв Київ вул Чижевського 2Б,140 м2,Святошинський,"Київ, Святошинський - Сьогодні о 17:05"
olx,https://www.olx.ua/d/uk/obyavlenie/orenda-1-k-obolonskiy-rayon-metro-obolon-prov-baltyskiy-5-ID10AYYL.html?search_reason=search%7Corganic,15 900 грн.,"Оренда 1-к, Оболонський район, метро Оболонь, пров. Балтійський 5",,Оболонський,"Київ, Оболонський - Сьогодні о 11:03"
olx,https://www.olx.ua/d/uk/obyavlenie/rayon-vinogradar-velika-vrodvushka-57-m2-IDZ9Egq.html?search_reason=search%7Corganic,20 000 грн.,Район Виноградарь. Велика Євродвушка 57 м2.,57 м2,Подільський,"Київ, Подільський - 29 травня 2026 р."
olx,https://www.olx.ua/d/uk/obyavlenie/zdam-1-kmnatna-kvartira-studya-vulitsya-primska-26-zhk-odeskiy-bulvar-metro-teremki-ID10wp9i.html?search_reason=search%7Corganic,10 500 грн.,"Здам 1 кімнатна квартира студія вулиця Приміська 26, ЖК Одеський бульвар, метро Теремки",,Голосіївський,"Київ, Голосіївський - 30 травня 2026 р."
olx,https://www.olx.ua/d/uk/obyavlenie/m-dorogozhich-15-hvilin-pshki-zhk-naukoviy-petropavlvska-40-avtorskiy-dizayn-generator-na-budinok-vlasna-kotelnya-na-budinok-ID10xaQG.html?search_reason=search%7Cpromoted,20 000 грн.,"М.Дорогожичі-15 хвилин пішки, ЖК Науковий, Петропавлівська,40 Авторський дизайн Генератор на будинок. Власна котельня на будинок",,Подільський,"Київ, Подільський - 30 травня 2026 р."
olx,https://www.olx.ua/d/uk/obyavlenie/orenda-kvartiri-zhk-perfect-town-liko-grad-ID10z1Xa.html?search_reason=search%7Cpromoted,23 000 грн.,"Оренда квартири, ЖК Perfect Town Liko Grad",,Солом'янський,"Київ, Солом'янський - 30 травня 2026 р."
olx,https://www.olx.ua/d/uk/obyavlenie/orenda-46m2-varshavskiy-2-varshavskiy-dizayn-r-nt-krsterv-16-IDZDhvX.html?search_reason=search%7Cpromoted,26 000 грн.,"Оренда 46м2 Варшавський-2/Варшавский. Дизайн.р-нт. Крістерів,16",46м2,Подільський,"Київ, Подільський - Сьогодні о 17:54"
olx,https://www.olx.ua/d/uk/obyavlenie/orenda-3k-kvartiri-zhk-novopechersk-lipki-vul-andrya-verhoglyada-9-IDZh2MB.html?search_reason=search%7Corganic,110 732.70 грн.,"Оренда 3к квартири, ЖК Новопечерські Липки, вул. Андрія Верхогляда, 9",,Печерський,"Київ, Печерський - 29 травня 2026 р."
olx,https://www.olx.ua/d/uk/obyavlenie/orenda-1k-vul-revanska-31-solomyanskiy-rayon-metro-shulyavska-ID10AR0I.html?search_reason=search%7Corganic,14 900 грн.,"Оренда 1к, вул. Єреванська 31, Солом‘янський район, метро Шулявська",,Солом'янський,"Київ, Солом'янський - 30 травня 2026 р."
olx,https://www.olx.ua/d/uk/obyavlenie/vlasnik-dovgostr-arenda-2-km-kv-metro-gerov-dnpra-ID10wSnb.html?search_reason=search%7Corganic,23 000 грн.,Власник ! Довгостр. Аренда 2-кім. Кв. Метро Героів Дніпра,,Оболонський,"Київ, Оболонський - 29 травня 2026 р."
olx,https://www.olx.ua/d/uk/obyavlenie/1-kmnatna-obolon-vul-ordanska-7-ID10AULn.html?search_reason=search%7Corganic,14 000 грн.,1-кімнатна. Оболонь. вул. Іорданська 7,,Оболонський,"Київ, Оболонський - Сьогодні о 01:07"
olx,https://www.olx.ua/d/uk/obyavlenie/bez-koms-orenda-2k-50m2-antonovicha-44-zhk-shicago-golosvskiy-ID109KM3.html?search_reason=search%7Corganic,44 293.08 грн.,"Без комісії Оренда 2к, 50м2, Антоновича 44, ЖК Сhicago, Голосіївський",50м2,Голосіївський,"Київ, Голосіївський - 29 травня 2026 р."
olx,https://www.olx.ua/d/uk/obyavlenie/zdatsya-1-kmnatna-kvartira-vd-vlasnika-2-hv-do-m-lvoberezhna-pslya-remontu-ortopedichne-lzhko-vsya-tehnka-ID10ATRN.html?search_reason=search%7Corganic,20 000 грн.,Здається 1-кімнатна квартира від власника • 2 хв до м. Лівобережна • після ремонту • ортопедичне ліжко • вся техніка,,Дніпровський,"Київ, Дніпровський - 30 травня 2026 р."
olx,https://www.olx.ua/d/uk/obyavlenie/zhk-nivki-park-vrodvushka-metro-4hv-pshki-parking-IDYeuJA.html?search_reason=search%7Corganic,30 000 грн.,ЖК НИВКИ ПАРК. Євродвушка! Метро (4хв пішки) ПАРКИНГ.,,Святошинський,"Київ, Святошинський - 30 травня 2026 р."
olx,https://www.olx.ua/d/uk/obyavlenie/zdam-2-kmnatnu-kvartiru-vul-turchina-9-shevchenkvskiy-rayon-nivki-ID10xmp9.html?search_reason=search%7Corganic,17 000 грн.,"Здам 2-кімнатну квартиру вул.Турчина, 9, Шевченківський район, Нивки",,Шевченківський,"Київ, Шевченківський - 30 травня 2026 р."
olx,https://www.olx.ua/d/uk/obyavlenie/vlasnik-bez-koms-dvokmnatna-na-shulyavts-ID10B8Cc.html?search_reason=search%7Corganic,25 000 грн.,Власник Без Комісії! Двокімнатна на Шулявці,,Солом'янський,"Київ, Солом'янський - Сьогодні о 16:52"
olx,https://www.olx.ua/d/uk/obyavlenie/zdam-2-kmnatnu-kvartiru-obolonskiy-rayon-obolon-vul-prirchna-27-IDZAqci.html?search_reason=search%7Corganic,11 500 грн.,Здам 2-кімнатну квартиру Оболонський район Оболонь вул.Прирічна 27,,Оболонський,"Київ, Оболонський - 30 травня 2026 р."
olx,https://www.olx.ua/d/uk/obyavlenie/vlasnik-dovgostrokova-oreda-2h-kmnatno-kvartiri-57-m2-mnskiy-masiv-vishgorodska-56-2-ID10zCmF.html?search_reason=search%7Cpromoted,17 000 грн.,"Власник , довгострокова ореда 2х кімнатної квартири 57 м2 , Мінський масив Вишгородська 56/2",57 м2,Оболонський,"Київ, Оболонський - 29 травня 2026 р."
olx,https://www.olx.ua/d/uk/obyavlenie/taun-haus-3-kmnatniy-svtlo-24-7-ID10x7jF.html?search_reason=search%7Corganic,26 500 грн.,Таун Хаус  3-кімнатний Світло 24/7,,Голосіївський,"Київ, Голосіївський - 30 травня 2026 р."
olx,https://www.olx.ua/d/uk/obyavlenie/zdatsya-v-orendu-2-kmnatna-kvartira-vul-revanska-28-a-ID10B7io.html?search_reason=search%7Corganic,19 000 грн.,"Здається в оренду 2-кімнатна квартира, вул. Єреванська, 28-А",,Солом'янський,"Київ, Солом'янський - Сьогодні о 16:11"
olx,https://www.olx.ua/d/uk/obyavlenie/orenda-stud-zhk-molodst-m-rpn-ID10AvzO.html?search_reason=search%7Corganic,14 000 грн.,Оренда студії ЖК  Молодість м. ІРПІНЬ,,Шевченківський,"Київ, Шевченківський - 29 травня 2026 р."
olx,https://www.olx.ua/d/uk/obyavlenie/orenda-3-h-km-dnprovskiy-r-kiv-alma-atinska-109a-ID10B0gm.html?search_reason=search%7Corganic,10 000 грн.,"Оренда 3 -х кім. Дніпровський р. Киів, Алма-Атинська 109А",,Дніпровський,"Київ, Дніпровський - Сьогодні о 11:58"
olx,https://www.olx.ua/d/uk/obyavlenie/vpershe-dvokmnatnu-zdayu-kvartiru-na-pechersku-ID10B46V.html?search_reason=search%7Corganic,27 000 грн.Договірна,Вперше двокімнатну здаю квартиру на Печерську!,,Печерський,"Київ, Печерський - Сьогодні о 14:15"
olx,https://www.olx.ua/d/uk/obyavlenie/zhk-novopecherskie-lipki-98m2-3-kmnatna-dragomirova-17-pechersk-tsentr-ID10Aszg.html?search_reason=search%7Corganic,110 732.70 грн.Договірна,ЖК Новопечерские Липки 98м2 3 кімнатна Драгомирова 17 Печерск Центр,98м2,Печерський,"Київ, Печерський - 29 травня 2026 р."
olx,https://www.olx.ua/d/uk/obyavlenie/orenda-kvartiri-vd-vlasnika-bez-koms-metro-zhitomirska-ID10zHSv.html?search_reason=search%7Corganic,19 000 грн.,Оренда квартири від Власника Без Комісії метро Житомирська,,Святошинський,"Київ, Святошинський - 30 травня 2026 р."
olx,https://www.olx.ua/d/uk/obyavlenie/orenda-2-k-kvartiri-vul-golosvska-13b-zhk-golosvo-ID10xXd1.html?search_reason=search%7Corganic,32 000 грн.,Оренда 2-к квартири вул.  Голосіївська 13Б ЖК Голосієво,,Голосіївський,"Київ, Голосіївський - 29 травня 2026 р."
olx,https://www.olx.ua/d/uk/obyavlenie/orenda-kvartiri-v-zhk-podil-plaza-residence-persha-zdacha-ID10Aoyy.html?search_reason=search%7Corganic,40 000 грн.,Оренда квартири в ЖК Podil Plaza & Residence • Перша здача,,Подільський,"Київ, Подільський - 29 травня 2026 р."
olx,https://www.olx.ua/d/uk/obyavlenie/orenda-2-kmnatna-tepla-svtla-kvartira-kiv-darnitska-ploscha-metro-cherngvska-darnitsya-lvoberezhna-gaz-ID10AqxU.html?search_reason=search%7Corganic,11 900 грн.Договірна,"Оренда 2 кімнатна тепла світла квартира Київ Дарницька площа Метро Чернігівська, Дарниця, Лівобережна Газ",,Дніпровський,"Київ, Дніпровський - 29 травня 2026 р."
olx,https://www.olx.ua/d/uk/obyavlenie/orenda-2-h-kvartiri-dzhona-makkeyna-frantsuzkiy-kvartal-2-ID10h2uI.html?search_reason=search%7Cpromoted,84 156.85 грн.,"Оренда 2-х квартири, Джона Маккейна «Французкий квартал -2",,Печерський,"Київ, Печерський - 29 травня 2026 р."
olx,https://www.olx.ua/d/uk/obyavlenie/kvartira-2-km-svitlo-park-svtlo-park-dizaynerskiy-remont-dovgostrokova-orenda-IDYXly1.html?search_reason=search%7Cpromoted,33 000 грн.,Квартира 2-кім  Svitlo Park Світло парк | Дизайнерський ремонт |Довгострокова оренда,,Голосіївський,"Київ, Голосіївський - 28 травня 2026 р."
olx,https://www.olx.ua/d/uk/obyavlenie/zdam-2-kmn-vinogradar-prt-gongadze-ID10Alnz.html?search_reason=search%7Corganic,12 000 грн.,здам 2 кімн. Виноградарь. прт. Гонгадзе,,Подільський,"Київ, Подільський - 29 травня 2026 р."
olx,https://www.olx.ua/d/uk/obyavlenie/zdam-1k-kvartiru-pr-grigorenka-5-bez-ID10xMEP.html?search_reason=search%7Corganic,14 000 грн.,"Здам 1к.квартиру пр,Григоренка-5-Без%",,Дарницький,"Київ, Дарницький - 29 травня 2026 р."
olx,https://www.olx.ua/d/uk/obyavlenie/zdam-1-kmnatnu-studo-na-rusanvts-ID10y1XX.html?search_reason=search%7Corganic,13 500 грн.,Здам  1 кімнатну студіо на Русанівці,,Дніпровський,"Київ, Дніпровський - 29 травня 2026 р."
olx,https://www.olx.ua/d/uk/obyavlenie/dovgostrokova-orenda-kvartiri-kiv-tsentr-st-m-unversitet-ID10AklQ.html?search_reason=search%7Corganic,24 900 грн.,"Довгострокова оренда квартири, Київ, Центр, ст.м. Університет",,Печерський,"Київ, Печерський - 29 травня 2026 р."
olx,https://www.olx.ua/d/uk/obyavlenie/zatishna-tsentr-orenda-1k-kvartiri-25m-poruch-metro-lukyanvska-kp-ID10AjZd.html?search_reason=search%7Corganic,12 500 грн.,ЗАТИШНА! ЦЕНТР! Оренда 1к квартири 25м поруч метро Лукʼянівська і КПІ,,Шевченківський,"Київ, Шевченківський - 29 травня 2026 р."
olx,https://www.olx.ua/d/uk/obyavlenie/vlasnik-bez-koms-orenda-prostoro-2-kmnatno-kvartiri-75-m-blya-metro-vasilkvska-velik-kmnati-kuhnya-mozhna-z-tvarinami-19-000-grn-ID10AVnR.html?search_reason=search%7Corganic,19 000 грн.,"власник , без комісіі!Оренда просторої 2-кімнатної квартири 75 м² біля метро Васильківська | Великі кімнати, кухня. .можна з тваринами.  19 000 грн",75 м²,Голосіївський,"Київ, Голосіївський - Сьогодні о 08:54"
olx,https://www.olx.ua/d/uk/obyavlenie/orenda-2-kmnatno-kvartiri-stud-74m2-zhk-vdpochinok-lsova-zona-metro-svyatoshin-ID10AYmk.html?search_reason=search%7Corganic,35 434.46 грн.Договірна,Оренда 2 кімнатної квартири студії 74м2 ЖК Відпочинок лісова зона Метро Святошин,74м2,Святошинський,"Київ, Святошинський - Сьогодні о 10:37"
olx,https://www.olx.ua/d/uk/obyavlenie/orenda-1-kmnatno-kvartiri-m-kontraktova-ploscha-podol-bez-koms-IDYzXz3.html?search_reason=search%7Corganic,25 000 грн.,"Оренда 1 кімнатної квартири , м. Контрактова площа, Подол, БЕЗ КОМІСІЇ",,Шевченківський,"Київ, Шевченківський - 30 травня 2026 р."
olx,https://www.olx.ua/d/uk/obyavlenie/orenda-2k-zhk-shevchenkvskiy-zolotoustvska-25-unversitet-generator-IDYURGJ.html?search_reason=search%7Corganic,48 722.39 грн.,Оренда 2к ЖК Шевченківський Золотоустівська 25 Університет  ГЕНЕРАТОР,,Шевченківський,"Київ, Шевченківський - 30 травня 2026 р."
olx,https://www.olx.ua/d/uk/obyavlenie/orenda-novo-3-k-kvartiri-v-eltnomu-zhk-bulvar-fontanv-vul-saperne-pole-5-ID10B5vd.html?search_reason=search%7Corganic,221 465.39 грн.Договірна,"Оренда нової 3-к квартири в елітному Жк Бульвар фонтанів, вул.Саперне поле,5",,Печерський,"Київ, Печерський - Сьогодні о 14:58"
olx,https://www.olx.ua/d/uk/obyavlenie/zdam-v-dovgostrokovu-orendu-1-k-kvartiru-v-zhk-krster-grad-IDZz4bk.html?search_reason=search%7Cpromoted,20 000 грн.,Здам в довгострокову оренду 1 к. квартиру в ЖК Крістер Град,,Подільський,"Київ, Подільський - 30 травня 2026 р."
olx,https://www.olx.ua/d/uk/obyavlenie/odnokmnatna-chista-kvartira-metro-darnitsya-pshki-ID10zhIn.html?search_reason=search%7Cpromoted,11 000 грн.,"Однокімнатна чиста квартира, метро ""Дарниця"" пішки",,Дніпровський,"Київ, Дніпровський - 26 травня 2026 р."
olx,https://www.olx.ua/d/uk/obyavlenie/m-darnitsa-m-chernigovskaya-ul-boychenka-8-sdam-uyutnuyu-2k-kvartiru-IDWVOmc.html?search_reason=search%7Cpromoted,14 500 грн.,"м.Дарница, м.Черниговская, ул.Бойченка 8 - сдам уютную 2к квартиру",,Дніпровський,"Київ, Дніпровський - Сьогодні о 15:41"
olx,https://www.olx.ua/d/uk/obyavlenie/orenda-1-kmnatno-vd-vlasnika-IDYFYnG.html?search_reason=search%7Corganic,13 500 грн.,Оренда 1 кімнатної від власника,,Шевченківський,"Київ, Шевченківський - 30 травня 2026 р."
olx,https://www.olx.ua/d/uk/obyavlenie/bez-persha-zdacha-generator-zhk-svitlo-park-46-kv-m-vidubich-ID10AzTA.html?search_reason=search%7Corganic,23 000 грн.,Без %! Перша здача! Є генератор! ЖК Svitlo Park 46 кв.м. Видубичі,46 кв.м,Голосіївський,"Київ, Голосіївський - 30 травня 2026 р."
olx,https://www.olx.ua/d/uk/obyavlenie/orenda-suchasna-1k-kvartira-z-vidom-na-fontani-41m2-zhk-nova-anglya-ID10xAw9.html?search_reason=search%7Corganic,28 000 грн.,"Оренда сучасна 1к квартира з видом на фонтани 41м2, ЖК Нова Англія",41м2,Голосіївський,"Київ, Голосіївський - 29 травня 2026 р."
olx,https://www.olx.ua/d/uk/obyavlenie/arenda-1-k-kvartiry-darnitskiy-rayon-zhk-lego-haus-2-etazh-IDVeEJJ.html?search_reason=search%7Corganic,12 500 грн.,"Аренда 1-к. квартиры Дарницкий район , ЖК Лего Хаус, 2 этаж.",,Дніпровський,"Київ, Дніпровський - 29 травня 2026 р."
olx,https://www.olx.ua/d/uk/obyavlenie/orenda-2k-dizaynersko-kvartiri-v-zhk-novopechersk-lipki-90m2-pechersk-tsentr-ID10uMzW.html?search_reason=search%7Corganic,132 879.23 грн.,Оренда 2к дизайнерської квартири в ЖК Новопечерські Липки/90м2/Печерськ/Центр,90м2,Печерський,"Київ, Печерський - 29 травня 2026 р."
olx,https://www.olx.ua/d/uk/obyavlenie/orenda-1-k-kvartiri-zhk-kirilvskiy-gay-ID10AT3M.html?search_reason=search%7Corganic,22 000 грн.,"Оренда 1 к. квартири, ЖК Кирилівський Гай",,Шевченківський,"Київ, Шевченківський - 30 травня 2026 р."
olx,https://www.olx.ua/d/uk/obyavlenie/zdam-metro-svyatoshin-chudova-kvartira-na-kotelnikova-17-ID10qN17.html?search_reason=search%7Corganic,26 000 грн.,"Здам! Метро Святошин, чудова квартира на Котельникова,17",,Святошинський,"Київ, Святошинський - 30 травня 2026 р."
olx,https://www.olx.ua/d/uk/obyavlenie/orenda-3k-kvartiri-zhk-ribalskiy-ID10sdS9.html?search_reason=search%7Corganic,62 010.31 грн.,Оренда 3к квартири ЖК Рибальський,,Печерський,"Київ, Печерський - 30 травня 2026 р."
olx,https://www.olx.ua/d/uk/obyavlenie/podl-1-k-30m2-svzhiy-remont-boyler-sma-gaz-wi-fi-metro-15hv-pshki-ID10tfK7.html?search_reason=search%7Corganic,8 498 грн.,"Поділ.1-к.30м2.Свіжий ремонт бойлер сма газ wi-fi.Метро,15хв пішки",30м2,Подільський,"Київ, Подільський - 30 травня 2026 р."
olx,https://www.olx.ua/d/uk/obyavlenie/orenda-1k-kvartiri-vul-nivska-4g-zhk-gloria-park-st-m-nivki-ID10AA24.html?search_reason=search%7Corganic,19 500 грн.,"Оренда 1к квартири, вул. Нивська, 4г ЖК Gloria Park, ст.м. Нивки",,Святошинський,"Київ, Святошинський - 30 травня 2026 р."
olx,https://www.olx.ua/d/uk/obyavlenie/orenda-1k-zhk-varshavskiy-plyus-persha-zdacha-vlasnik-aktualno-ID10usVV.html?search_reason=search%7Cpromoted,28 000 грн.,"Оренда 1к, ЖК Варшавський Плюс. Перша здача, власник! АКТУАЛЬНО!",,Подільський,"Київ, Подільський - 29 травня 2026 р."
olx,https://www.olx.ua/d/uk/obyavlenie/orenda-trikmnatno-kvartiri-135-m2-v-zhk-novopechersk-lipki-verhoglyada-12-dragomirova-ID10yGN8.html?search_reason=search%7Cpromoted,88 586.16 грн.,Оренда трикімнатної квартири (135 м2) в ЖК Новопечерські Липки - Верхогляда 12 Драгомирова,135 м2,Печерський,"Київ, Печерський - 25 травня 2026 р."
olx,https://www.olx.ua/d/uk/obyavlenie/3-kmnatna-kvartira-105-m-z-povnoyu-avtonomnstyu-15-y-poverh-z-panoramoyu-poruch-3-parki-shevchenkvskiy-rayon-kiv-ID10ARxR.html?search_reason=search%7Corganic,46 491.13 грн.,"3-кімнатна квартира 105 м² з повною автономністю — 15-й поверх з панорамою, поруч 3 парки. Шевченківський район, Київ.",105 м²,Шевченківський,"Київ, Шевченківський - 30 травня 2026 р."
olx,https://www.olx.ua/d/uk/obyavlenie/vlasnik-bez-koms-zdam-svoyu-1-kmnatnu-kvartiru-45-kv-m-z-yaksnim-remontom-metro-obolon-5-hvilin-hodbi-iordanska-11d-ID10APHO.html?search_reason=search%7Corganic,22 000 грн.,"ВЛАСНИК, без комісії , здам СВОЮ 1-кімнатну квартиру 45 кв.м. з якісним ремонтом– метро Оболонь – 5 хвилин ходьби Иорданська 11Д",45 кв.м,Оболонський,"Київ, Оболонський - 30 травня 2026 р."
olx,https://www.olx.ua/d/uk/obyavlenie/zdam-1-km-troschina-prt-chervono-kalini-ID10Al0m.html?search_reason=search%7Corganic,7 800 грн.,здам 1 кім.Троєщина. прт. Червоної калини,,Деснянський,"Київ, Деснянський - 29 травня 2026 р."
olx,https://www.olx.ua/d/uk/obyavlenie/orenda-kvartiri-kiv-ID10xv7I.html?search_reason=search%7Corganic,18 000 грн.Договірна,Оренда квартири! Київ!,,Голосіївський,"Київ, Голосіївський - 30 травня 2026 р."
olx,https://www.olx.ua/d/uk/obyavlenie/orenda-2k-zhk-slavutich-zarchna-2k3-80m-dizaynerska-pdzemniy-parkng-IDZXeUG.html?search_reason=search%7Corganic,44 293.08 грн.,"Оренда 2k-ЖК Славутич Зарічна 2к3, 80m Дизайнерська, Підземний паркінг",,Дарницький,"Київ, Дарницький - 30 травня 2026 р."
olx,https://www.olx.ua/d/uk/obyavlenie/dovgostrokova-orenda-2k-kvartira-zhk-libd-ID10u4PX.html?search_reason=search%7Corganic,37 649.12 грн.,Довгострокова оренда • 2К квартира • ЖК Либідь,,Печерський,"Київ, Печерський - 30 травня 2026 р."
olx,https://www.olx.ua/d/uk/obyavlenie/bez-komissii-riltoru-bazhana-17-olimpik-park-m-borispolskaya-ID10B6V9.html?search_reason=search%7Corganic,16 000 грн.,"Без КОМИССИИ РИЄЛТОРУ! Бажана 17, Олимпик парк,  м Бориспольская",,Дарницький,"Київ, Дарницький - Сьогодні о 15:50"
olx,https://www.olx.ua/d/uk/obyavlenie/zhk-nova-anglya-maksimovicha-26b-orenda-1k-kvartiri-generator-ID10B4bw.html?search_reason=search%7Corganic,21 000 грн.,"ЖК Нова Англія, Максимовича 26Б, оренда 1к квартири, є генератор!",,Голосіївський,"Київ, Голосіївський - Сьогодні о 14:10"
olx,https://www.olx.ua/d/uk/obyavlenie/1-kmnatna-kvartira-zhk-dbrova-park-vul-rodini-krsterv-2a-ID10AoEZ.html?search_reason=search%7Corganic,25 000 грн.,"1-кімнатна квартира ЖК Діброва парк, вул. Родини Крістерів 2а",,Подільський,"Київ, Подільський - 29 травня 2026 р."
olx,https://www.olx.ua/d/uk/obyavlenie/2k-zagalna-55m2-v-stalnts-palats-sportu-pl-ukranski-gerov-ID10AjpT.html?search_reason=search%7Corganic,20 000 грн.,2к загальна 55м2 в сталінці Палац Спорту пл. Українськиї Героїв,55м2,Печерський,"Київ, Печерський - 29 травня 2026 р."
olx,https://www.olx.ua/d/uk/obyavlenie/bez-2k-kvartira-65-m2-voskresenska-12v-zhk-parkov-ozera-ID10v7ej.html?search_reason=search%7Cpromoted,28 000 грн.,"Без %, 2к квартира, 65 м2, Воскресенська, 12В, ЖК Паркові Озера",65 м2,Дніпровський,"Київ, Дніпровський - 25 травня 2026 р."
olx,https://www.olx.ua/d/uk/obyavlenie/vd-vlasnika-bez-dovgostrokova-orenda-1k-kvartiri-zhk-harkvskiy-ID10rPG1.html?search_reason=search%7Cpromoted,18 000 грн.,"Від власника, без %, довгострокова оренда 1к квартири  ЖК «Харківський»",,Дарницький,"Київ, Дарницький - 29 травня 2026 р."
olx,https://www.olx.ua/d/uk/obyavlenie/orenda-2-h-kmnatna-kvartira-zhk-deya-vd-vlasnika-IDXvxWT.html?search_reason=search%7Cpromoted,14 000 грн.,Оренда 2-х кімнатна квартира ЖК Ідея від власника,,Дарницький,"Київ, Дарницький - Сьогодні о 17:46"
olx,https://www.olx.ua/d/uk/obyavlenie/sdam-1-kom-kvartiru-obolonskiy-rayon-ul-litovskiy-prospekt-8a-ID10AriC.html?search_reason=search%7Corganic,10 000 грн.,Сдам 1-ком квартиру. Оболонский район.Ул. Литовский проспект 8а,,Оболонський,"Київ, Оболонський - 29 травня 2026 р."
olx,https://www.olx.ua/d/uk/obyavlenie/orenda-2k-kvartira-bereznyaki-dnprovska-naberezhna-ID10oRMt.html?search_reason=search%7Corganic,18 500 грн.,Оренда 2к. Квартира /Березняки /Дніпровська набережна,,Дніпровський,"Київ, Дніпровський - 29 травня 2026 р."
olx,https://www.olx.ua/d/uk/obyavlenie/orenda-kvartiri-vd-vlasnika-metro-zhitomirska-ID10AE02.html?search_reason=search%7Corganic,18 000 грн.,Оренда квартири від Власника метро Житомирська,,Святошинський,"Київ, Святошинський - 30 травня 2026 р."
olx,https://www.olx.ua/d/uk/obyavlenie/zhk-riviera-riverside-okpno-18-zdam-vidovu-kvartiru-150m2-z-terasoyu-ID10whuq.html?search_reason=search%7Corganic,88 586.16 грн.,ЖК Riviera Riverside Окіпної 18 здам видову квартиру 150м2 з терасою,150м2,Дніпровський,"Київ, Дніпровський - 30 травня 2026 р."
olx,https://www.olx.ua/d/uk/obyavlenie/bereznyakvska-36-v-zatishna-studya-gaz-m-lvoberezhna-15hv-o-telbn-ID10AkVO.html?search_reason=search%7Corganic,11 999 грн.,"Березняківська 36-В, затишна студія, є газ, м Лівобережна 15хв, о Тельбін",,Дніпровський,"Київ, Дніпровський - 29 травня 2026 р."
olx,https://www.olx.ua/d/uk/obyavlenie/sdam-2h-komnatnuyu-kvartiru-s-evroremontom-m-pecherskaya-ID10Ax4W.html?search_reason=search%7Corganic,15 000 грн.,"Сдам 2х комнатную квартиру с евроремонтом,м.печерская",,Печерський,"Київ, Печерський - 29 травня 2026 р."
olx,https://www.olx.ua/d/uk/obyavlenie/orenda-penthausu-vul-konovaltsya-pechersk-ID10xEFZ.html?search_reason=search%7Corganic,57 581 грн.,"Оренда пентхаусу, вул.  Коновальця, Печерськ",,Печерський,"Київ, Печерський - 29 травня 2026 р."
olx,https://www.olx.ua/d/uk/obyavlenie/nvertor-orenda-3-kmnatno-kvartiri-109m2-v-zhk-novopechersk-lipki-vul-verhoglyada-15-b-pechersk-pet-friendly-mstse-v-parkngu-lipki-ID10ATS1.html?search_reason=search%7Corganic,154 981.48 грн.,"ІНВЕРТОР! Оренда 3-кімнатної квартири (109м2) в ЖК ""Новопечерські Липки"", вул. Верхогляда 15-Б, Печерськ | Pet-friendly | Місце в паркінгу | Липки",109м2,Печерський,"Київ, Печерський - 30 травня 2026 р."
olx,https://www.olx.ua/d/uk/obyavlenie/orenda-dvorvnevo-smart-kvartiri-z-garazhem-vul-chernyahvskogo-23-m-nivki-ID10Asnm.html?search_reason=search%7Corganic,10 000 грн.,"Оренда дворівневої смарт квартири з гаражем, вул Черняхівського 23, м Нивки",,Шевченківський,"Київ, Шевченківський - 29 травня 2026 р."
olx,https://www.olx.ua/d/uk/obyavlenie/persha-zdacha-4k-kvartira-z-pryamim-vidom-na-fontani-zhk-bulvar-fontanv-saperne-pole-5-ID10B3Rq.html?search_reason=search%7Corganic,221 465.39 грн.Договірна,"Перша здача! 4к квартира з прямим видом на фонтани, ЖК Бульвар Фонтанів, Саперне Поле 5",,Печерський,"Київ, Печерський - Сьогодні о 13:59"
olx,https://www.olx.ua/d/uk/obyavlenie/orenda-suchasno-3-kmn-kvartiri-zhk-manheten-persha-zdacha-bez-koms-ID106zo0.html?search_reason=search%7Cpromoted,81 942.19 грн.,"Оренда Сучасної 3-кімн квартири ЖК Манхетен, перша здача, без комісії!",,Шевченківський,"Київ, Шевченківський - 29 травня 2026 р."
olx,https://www.olx.ua/d/uk/obyavlenie/zdatsya-vidova-ta-prostora-kvartira-154m-lvvska-22-ID10yEpW.html?search_reason=search%7Cpromoted,38 500 грн.,Здається Видова та Простора квартира 154м Львівська 22,,Святошинський,"Київ, Святошинський - Сьогодні о 11:22"
olx,https://www.olx.ua/d/uk/obyavlenie/orenda-3k-kvartiri-zhk-novopechersk-lipki-verhoglyada-11-dragomirova-IDZe4bl.html?search_reason=search%7Cpromoted,106 303.39 грн.,"Оренда 3к квартири ЖК Новопечерські Липки Верхогляда, 11 Драгомирова",,Печерський,"Київ, Печерський - 28 травня 2026 р."
olx,https://www.olx.ua/d/uk/obyavlenie/dovgostrokova-orenda-kvartiri-tsentr-msta-pechersk-olmpyskiy-klovska-palats-sportu-ID10xBuv.html?search_reason=search%7Corganic,35 434.46 грн.,"Довгострокова оренда квартири, центр міста, Печерськ. Олімпійський, Кловська, Палац Спорту",,Печерський,"Київ, Печерський - 29 травня 2026 р."
olx,https://www.olx.ua/d/uk/obyavlenie/arenda-kvartiry-ul-konovaltsa-evgeniya-pecherskiy-r-n-IDZ7WAt.html?search_reason=search%7Corganic,82 650.89 грн.,"Аренда квартиры, ул. Коновальца Евгения, Печерский р-н",,Печерський,"Київ, Печерський - 30 травня 2026 р."
olx,https://www.olx.ua/d/uk/obyavlenie/termnovo-orenda-1-k-miloslavska-12-ID10AAc0.html?search_reason=search%7Corganic,8 000 грн.,"Терміново оренда 1-к Милославська, 12",,Дарницький,"Київ, Дарницький - 30 травня 2026 р."
olx,https://www.olx.ua/d/uk/obyavlenie/zdam-v-orendu-dvokmnatnu-kvartiru-ID10AQ33.html?search_reason=search%7Corganic,16 000 грн.,Здам в оренду двокімнатну квартиру,,Шевченківський,"Київ, Шевченківський - 30 травня 2026 р."
olx,https://www.olx.ua/d/uk/obyavlenie/zdam-3-kmnatnu-kvartiru-zhk-komfort-taun-vul-regeneratorna-4-bud-7-ID10dKeW.html?search_reason=search%7Corganic,27 500 грн.,Здам 3 кімнатну квартиру ЖК Комфорт таун вул. Регенераторна 4 буд. 7,,Дніпровський,"Київ, Дніпровський - 29 травня 2026 р."
olx,https://www.olx.ua/d/uk/obyavlenie/orenda-kvartiri-v-zhk-seven-poznyaki-ID10xWZD.html?search_reason=search%7Corganic,30 000 грн.,"Оренда квартири в ЖК Севен, Позняки",,Дарницький,"Київ, Дарницький - 29 травня 2026 р."
olx,https://www.olx.ua/d/uk/obyavlenie/kvartira-v-zhk-frantsuzskiy-kvartal-m-lybidskaya-bez-komisii-IDL272V.html?search_reason=search%7Corganic,26 000 грн.,"Квартира в ЖК Французский квартал"" м.Лыбидская Без комисии",,Печерський,"Київ, Печерський - 30 травня 2026 р."
olx,https://www.olx.ua/d/uk/obyavlenie/orenda-1-km-metro-akademmstechko-ID10AP61.html?search_reason=search%7Corganic,13 000 грн.Договірна,Оренда 1 кім метро Академмістечко,,Святошинський,"Київ, Святошинський - 30 травня 2026 р."
olx,https://www.olx.ua/d/uk/obyavlenie/bez-koms-orenda-1-k-zhk-new-york-olmpyska-IDZOtgn.html?search_reason=search%7Corganic,36 159.77 грн.,Без комісії ! Оренда 1-к ЖК New York Олімпійська,,Голосіївський,"Київ, Голосіївський - 29 травня 2026 р."
olx,https://www.olx.ua/d/uk/obyavlenie/orenda-4k-kvartiri-les-ukranki-7a-185m2-poruch-bts-parus-IDZW7U4.html?search_reason=search%7Corganic,110 732.70 грн.,"Оренда 4к квартири, Лесі Українки 7а, 185м2, поруч БЦ Парус",185м2,Печерський,"Київ, Печерський - 29 травня 2026 р."
olx,https://www.olx.ua/d/uk/obyavlenie/orenda-kvartiri-zhk-shevchenkvskiy-ID10yJEV.html?search_reason=search%7Cpromoted,57 581 грн.,Оренда квартири ЖК Шевченківський,,Шевченківський,"Київ, Шевченківський - Сьогодні о 14:03"
olx,https://www.olx.ua/d/uk/obyavlenie/zdam-kvaritru-zhk-dbrova-park-1-kmnat-47-m2-mozhna-z-malenkoyu-tvarinkoyu-vlasnik-IDYujtS.html?search_reason=search%7Cpromoted,30 119.29 грн.,Здам кваритру. ЖК Діброва Парк: 1 кімнат (47 м2). Можна з маленькою тваринкою. Власник,47 м2,Подільський,"Київ, Подільський - 30 травня 2026 р."
olx,https://www.olx.ua/d/uk/obyavlenie/bez-koms-vd-vlasnika-bez-poserednikv-2-kmn-kvartira-m-shulyavska-kp-kneu-nau-IDYFG2Q.html?search_reason=search%7Cpromoted,14 900 грн.,"Без комісії від власника. Без посередників. 2-кімн. квартира м. Шулявська. КПІ,КНЕУ,НАУ",,Шевченківський,"Київ, Шевченківський - 30 травня 2026 р."
olx,https://www.olx.ua/d/uk/obyavlenie/2-km-kvartira-60m2-v-samomu-storichnomu-tsentr-kiva-za-adresoyu-antonovicha-17b-z-chervnya-ID10AX7Z.html?search_reason=search%7Corganic,48 722.39 грн.,2-кім квартира 60м2 в самому історичному центрі Києва за адресою Антоновича 17Б з червня.,60м2,Печерський,"Київ, Печерський - Сьогодні о 09:44"
olx,https://www.olx.ua/d/uk/obyavlenie/gerov-dnpra-32a-orenda-1-k-kvartiri-gerov-dnpra-2-hv-gaz-ID10AqUD.html?search_reason=search%7Corganic,14 500 грн.,"Героїв Дніпра 32а, оренда 1-к квартири, Героїв Дніпра 2 хв, ГАЗ!",,Оболонський,"Київ, Оболонський - 29 травня 2026 р."
olx,https://www.olx.ua/d/uk/obyavlenie/orenda-1-k-kvartiri-vul-miloslavska-31b-desnyanskiy-r-n-ID10B5Iv.html?search_reason=search%7Corganic,12 000 грн.,"Оренда 1-к квартири вул. Милославська, 31Б (Деснянський р-н)",,Деснянський,"Київ, Деснянський - Сьогодні о 15:10"
olx,https://www.olx.ua/d/uk/obyavlenie/vd-vlasnika-zdatsya-odnushka-zhk-4-sezoni-ID10vzFa.html?search_reason=search%7Corganic,22 500 грн.,"Від власника. Здається однушка, ЖК «4 Сезони»",,Голосіївський,"Київ, Голосіївський - 30 травня 2026 р."
olx,https://www.olx.ua/d/uk/obyavlenie/orenda-1-kmnatno-kvartiri-ID10AXa0.html?search_reason=search%7Corganic,15 000 грн.,Оренда 1-кімнатної квартири,,Дарницький,"Київ, Дарницький - Сьогодні о 09:42"
olx,https://www.olx.ua/d/uk/obyavlenie/orenda-stud-40m2-zhk-delmar-delmar-vul-verhoglyada-4b-pechersk-ID109K1U.html?search_reason=search%7Corganic,35 434.46 грн.,"Оренда студії 40м2, ЖК Delmar Дельмар, вул. Верхогляда 4б, Печерськ",40м2,Печерський,"Київ, Печерський - 30 травня 2026 р."
olx,https://www.olx.ua/d/uk/obyavlenie/m-palats-ukrana-vasilkvska-108-3-h-kv-ra-95-kv-m-persha-lnya-ID10wSd6.html?search_reason=search%7Corganic,28 000 грн.,"м.Палац Україна, Васильківська 108, 3-х кв-ра 95 кв.м. Перша лінія",95 кв.м,Голосіївський,"Київ, Голосіївський - 29 травня 2026 р."
olx,https://www.olx.ua/d/uk/obyavlenie/oleksandra-olesya-zhk-varshavskiy-plyus-orenda-chudovo-kvartiri-ID105Cq2.html?search_reason=search%7Corganic,25 000 грн.,Олександра Олеся ЖК Варшавський Плюс Оренда чудової квартири,,Подільський,"Київ, Подільський - 29 травня 2026 р."
olx,https://www.olx.ua/d/uk/obyavlenie/orenda-prostoro-4k-kvartiri-140m2-v-zhk-na-pechersku-zvrenetska-ID10AmDS.html?search_reason=search%7Corganic,88 586.16 грн.,Оренда просторої 4к квартири 140м2 в ЖК на Печерську Звіренецька,140м2,Печерський,"Київ, Печерський - 29 травня 2026 р."
olx,https://www.olx.ua/d/uk/obyavlenie/orenda-2k-kvartiri-90m2-novopechersk-lipki-verhoglyada-dragomirova-15-pechersk-ID10AxFp.html?search_reason=search%7Corganic,93 015.46 грн.,Оренда 2к квартири 90м2 Новопечерські Липки Верхогляда Драгомирова 15 Печерськ,90м2,Печерський,"Київ, Печерський - 29 травня 2026 р."
olx,https://www.olx.ua/d/uk/obyavlenie/stilna-kvartira-zhk38perlina-38zhemchuzhina-generator-metro-olmpyska-ID10A8X9.html?search_reason=search%7Cpromoted,39 863.77 грн.Договірна,"Стильна квартира ЖК38Перлина/38Жемчужина, генератор метро Олімпійська",,Печерський,"Київ, Печерський - 28 травня 2026 р."
olx,https://www.olx.ua/d/uk/obyavlenie/orenda-3-kmnatna-kvartira-vul-miklsko-slobdska-IDZMRAN.html?search_reason=search%7Cpromoted,27 000 грн.,Оренда 3-кімнатна квартира вул Микільсько-Слобідська,,Дніпровський,"Київ, Дніпровський - 14 травня 2026 р."
olx,https://www.olx.ua/d/uk/obyavlenie/orenda-3-km-kvartiru-zhk-slavutich-1-metro-slavutich-osokorki-poznyaki-darnitskiy-r-n-ID10i3TE.html?search_reason=search%7Cpromoted,39 863.77 грн.,"Оренда 3-кім квартиру ЖК Славутич 1, метро Славутич, Осокорки, Позняки, Дарницький р-н",,Дарницький,"Київ, Дарницький - 30 травня 2026 р."
olx,https://www.olx.ua/d/uk/obyavlenie/bez-koms-vd-vlasnika-1-km-patrotika-rezervne-zhivlennya-IDZXOCx.html?search_reason=search%7Corganic,13 500 грн.,"Без комісії, від власника, 1 кім, Патріотика, є резервне живлення",,Дарницький,"Київ, Дарницький - 30 травня 2026 р."
olx,https://www.olx.ua/d/uk/obyavlenie/persha-zdacha-prostoro-4k-kvartiri-142m2-v-zhk-novopechersk-lipki-vul-verhoglyada-19b-nizkiy-poverh-avtorskiy-remont-ID10B1nk.html?search_reason=search%7Corganic,221 465.39 грн.,"Перша здача просторої 4к квартири 142м2 в ЖК Новопечерські Липки - вул., Верхогляда, 19Б - низький поверх, авторський ремонт",142м2,Печерський,"Київ, Печерський - Сьогодні о 12:33"
olx,https://www.olx.ua/d/uk/obyavlenie/zdam3-kmnatnu-kvartiru-na-danchenka-1-ID10AFJf.html?search_reason=search%7Corganic,30 000 грн.,Здам3 кімнатну квартиру на Данченка 1,,Печерський,"Київ, Печерський - 30 травня 2026 р."
olx,https://www.olx.ua/d/uk/obyavlenie/zdatsya-1-km-kvartira-vul-zabolotnogo-ID10sXtL.html?search_reason=search%7Corganic,15 000 грн.,Здається 1-кім квартира вул.Заболотного,,Голосіївський,"Київ, Голосіївський - 30 травня 2026 р."
olx,https://www.olx.ua/d/uk/obyavlenie/magistralnaya-1-k-pustaya-kvartira-studio-posle-stroiteley-metro-syrets-ID10AoWM.html?search_reason=search%7Corganic,3 200 грн.,"Магистральная, 1-к пустая квартира-студио после строителей, метро Сырец",,Шевченківський,"Київ, Шевченківський - 29 травня 2026 р."
olx,https://www.olx.ua/d/uk/obyavlenie/orenda-2-h-kvartiri-v-zhk-elzum-ID10lJJi.html?search_reason=search%7Corganic,48 722.39 грн.,Оренда 2-х квартири в ЖК Елізіум,,Шевченківський,"Київ, Шевченківський - 30 травня 2026 р."
olx,https://www.olx.ua/d/uk/obyavlenie/1-kmnatna-kvartira-zhk-dbrova-persha-zdacha-vd-vlasnika-dizaynerskiy-remont-vinogradar-nekrasova-ID10AyIl.html?search_reason=search%7Corganic,31 005.15 грн.,"1-кімнатна квартира, ЖК Діброва, Перша здача від власника, Дизайнерський ремонт, Виноградар, Некрасова",,Подільський,"Київ, Подільський - 30 травня 2026 р."
olx,https://www.olx.ua/d/uk/obyavlenie/arenda-2k-kvartiry-60m2-zhk-leyptsigskaya-ul-leyptsigskaya-13a-pechersk-ID10od8U.html?search_reason=search%7Corganic,66 439.62 грн.,"Аренда 2к квартиры 60м2, ЖК Лейпцигская, ул. Лейпцигская, 13а, Печерск",60м2,Печерський,"Київ, Печерський - 29 травня 2026 р."
olx,https://www.olx.ua/d/uk/obyavlenie/persha-orenda-3k-kvartiri-150m-zhk-parus-llenka-yurya-18b-ID10AtKo.html?search_reason=search%7Corganic,110 732.70 грн.,Перша оренда 3К квартири 150м ЖК Парус Ілленка Юрія 18Б,,Шевченківський,"Київ, Шевченківський - 29 травня 2026 р."
olx,https://www.olx.ua/d/uk/obyavlenie/dudaeva-9-dvuhkomnatnaya-byvshaya-iskrovskaya-ID10zhit.html?search_reason=search%7Corganic,15 000 грн.Договірна,"Дудаева , 9, двухкомнатная /бывшая Искровская/",,Солом'янський,"Київ, Солом'янський - 30 травня 2026 р."
domria,https://dom.ria.com/uk/realty-dolgosrochnaya-arenda-kvartira-kiev-nivki-marka-bezruchko-babushkina-ulitsa-33854321.html,22 210 грн,3 кімнати,74 м²,Шевченківський,
domria,https://dom.ria.com/uk/realty-dolgosrochnaya-arenda-kvartira-kiev-darnitskiy-borispolskaya-ulitsa-33683279.html,8 000 грн,1 кімната,27 м²,Дарницький,
domria,https://dom.ria.com/uk/realty-dolgosrochnaya-arenda-kvartira-kiev-goloseev-ujgorodskiy-pereulok-33469160.html,53 304 грн,1 кімната,48.3 м²,Голосіївський,
domria,https://dom.ria.com/uk/realty-dolgosrochnaya-arenda-kvartira-kiev-harkovskiy-massiv-harkovskoe-shosse-34273761.html,19 000 грн,2 кімнати,55 м²,Дарницький,
domria,https://dom.ria.com/uk/realty-dolgosrochnaya-arenda-kvartira-kiev-julyany-mihaila-maksimovicha-ulitsa-34053243.html,26 652 грн,1 кімната,50 м²,Солом'янський,
domria,https://dom.ria.com/uk/realty-dolgosrochnaya-arenda-kvartira-kiev-bykovnya-radistov-ulitsa-33743630.html,22 000 грн,1 кімната,42.5 м²,Деснянський,
domria,https://dom.ria.com/uk/realty-dolgosrochnaya-arenda-kvartira-kiev-shulyavka-oleksy-tihogo-vyborgskaya-ulitsa-33412518.html,14 900 грн,2 кімнати,55 м²,Солом'янський,
domria,https://dom.ria.com/uk/realty-dolgosrochnaya-arenda-kvartira-kiev-chernaya-gora-andreya-verhoglyada-dragomirova-ulitsa-33572210.html,88 840 грн,2 кімнати,100 м²,Печерський,
domria,https://dom.ria.com/uk/realty-dolgosrochnaya-arenda-kvartira-kiev-galagany-beresteyskiy-pobedy-prospekt-34278860.html,31 000 грн,1 кімната,45 м²,Святошинський,
domria,https://dom.ria.com/uk/realty-dolgosrochnaya-arenda-kvartira-kiev-levoberejnyy-masiv-nikolsko-slobodskaya-ulitsa-34082099.html,18 000 грн,1 кімната,60 м²,Дніпровський,
domria,https://dom.ria.com/uk/realty-dolgosrochnaya-arenda-kvartira-kiev-staraya-darnitsa-harkovskoe-shosse-32774246.html,21 000 грн,4 кімнати,96 м²,Дніпровський,
domria,https://dom.ria.com/uk/realty-dolgosrochnaya-arenda-kvartira-kiev-teremki-2-vasiliya-kasiyana-ulitsa-34320707.html,25 000 грн,3 кімнати,68.7 м²,Голосіївський,
domria,https://dom.ria.com/uk/realty-dolgosrochnaya-arenda-kvartira-kiev-bortnichi-tupikovyy-3-y-pereulok-34318318.html,12 000 грн,1 кімната,27 м²,Дарницький,
domria,https://dom.ria.com/uk/realty-dolgosrochnaya-arenda-kvartira-kiev-novoe-stroenie-saksaganskogo-ulitsa-34147599.html,48 862 грн,1 кімната,56.8 м²,Голосіївський,
domria,https://dom.ria.com/uk/realty-dolgosrochnaya-arenda-kvartira-kiev-podolskiy-viktora-nekrasova-severo-syretskaya-ulitsa-34310875.html,32 000 грн,2 кімнати,70 м²,Подільський,
domria,https://dom.ria.com/uk/realty-dolgosrochnaya-arenda-kvartira-kiev-obolon-iordanskaya-ulitsa-34298094.html,26 000 грн,1 кімната,52.1 м²,Оболонський,
domria,https://dom.ria.com/uk/realty-dolgosrochnaya-arenda-kvartira-kiev-podolskiy-ivana-vygovskogo-marshala-grechko-ulitsa-34266370.html,28 000 грн,1 кімната,44 м²,Подільський,
domria,https://dom.ria.com/uk/realty-dolgosrochnaya-arenda-kvartira-kiev-akademgorodok-svyatoshinskaya-ploschad-33427755.html,26 000 грн,3 кімнати,81 м²,Святошинський,
domria,https://dom.ria.com/uk/realty-dolgosrochnaya-arenda-kvartira-kiev-podol-yurkovskaya-ulitsa-34220598.html,26 500 грн,1 кімната,30 м²,Подільський,
domria,https://dom.ria.com/uk/realty-dolgosrochnaya-arenda-kvartira-kiev-solomyanka-mitropolita-vasiliya-lipkovskogo-uritskogo-ulitsa-33947291.html,25 975 грн,2 кімнати,52 м²,Солом'янський,
domria,https://dom.ria.com/uk/realty-dolgosrochnaya-arenda-kvartira-kiev-chokolovka-vozdushnyh-sil-vozduhoflotskiy-prospekt-34123432.html,19 000 грн,2 кімнати,47 м²,Солом'янський,
domria,https://dom.ria.com/uk/realty-dolgosrochnaya-arenda-kvartira-kiev-borschagovka-lesya-kurbasa-50-letiya-oktyabrya-prospekt-33319385.html,25 000 грн,4 кімнати,124 м²,Святошинський,
domria,https://dom.ria.com/uk/realty-dolgosrochnaya-arenda-kvartira-kiev-shevchenkovskiy-beresteyskiy-pobedy-prospekt-32584259.html,48 862 грн,2 кімнати,54 м²,Шевченківський,
domria,https://dom.ria.com/uk/realty-dolgosrochnaya-arenda-kvartira-kiev-solomyanka-mitropolita-vasiliya-lipkovskogo-uritskogo-ulitsa-34248398.html,22 000 грн,1 кімната,52 м²,Солом'янський,
domria,https://dom.ria.com/uk/realty-dolgosrochnaya-arenda-kvartira-kiev-novobelichi-klavdievskaya-ulitsa-32817536.html,17 000 грн,1 кімната,40.5 м²,Святошинський,
domria,https://dom.ria.com/uk/realty-dolgosrochnaya-arenda-kvartira-kiev-otradnyy-lyubomira-guzara-prospekt-34322168.html,19 000 грн,1 кімната,38 м²,Солом'янський,
domria,https://dom.ria.com/uk/realty-dolgosrochnaya-arenda-kvartira-kiev-staryy-kiev-sofievskaya-ulitsa-34289443.html,55 000 грн,2 кімнати,55 м²,Шевченківський,
domria,https://dom.ria.com/uk/realty-dolgosrochnaya-arenda-kvartira-kiev-novoe-stroenie-bolshaya-vasilkovskaya-ulitsa-34288708.html,33 315 грн,1 кімната,40.1 м²,Голосіївський,
domria,https://dom.ria.com/uk/realty-dolgosrochnaya-arenda-kvartira-kiev-levoberejnyy-masiv-nikolsko-slobodskaya-ulitsa-34199997.html,32 000 грн,4 кімнати,124.6 м²,Дніпровський,
domria,https://dom.ria.com/uk/realty-dolgosrochnaya-arenda-kvartira-kiev-yujnaya-borschagovka-akademika-koroleva-prospekt-34249177.html,15 000 грн,1 кімната,35 м²,Святошинський,
domria,https://dom.ria.com/uk/realty-dolgosrochnaya-arenda-kvartira-kiev-troeschina-chervonoy-kaliny-mayakovskogo-vladimira-prospekt-34109417.html,13 995 грн,2 кімнати,58 м²,Деснянський,
domria,https://dom.ria.com/uk/realty-dolgosrochnaya-arenda-kvartira-kiev-dneprovskiy-yaroslava-gasheka-bulvar-34028583.html,13 000 грн,1 кімната,42 м²,Дніпровський,
domria,https://dom.ria.com/uk/realty-dolgosrochnaya-arenda-kvartira-kiev-levoberejnyy-masiv-yaroslava-gasheka-bulvar-33646618.html,13 000 грн,1 кімната,43 м²,Дніпровський,
domria,https://dom.ria.com/uk/realty-dolgosrochnaya-arenda-kvartira-kiev-lipki-lyuteranskaya-ulitsa-33870226.html,44 420 грн,2 кімнати,67.3 м²,Печерський,
domria,https://dom.ria.com/uk/realty-dolgosrochnaya-arenda-kvartira-kiev-pecherskiy-dragomirova-ulitsa-34323086.html,199 890 грн,3 кімнати,123.6 м²,Печерський,
domria,https://dom.ria.com/uk/realty-dolgosrochnaya-arenda-kvartira-kiev-pecherskiy-dragomirova-ulitsa-34323089.html,199 890 грн,3 кімнати,124.2 м²,Печерський,
domria,https://dom.ria.com/uk/realty-dolgosrochnaya-arenda-kvartira-kiev-pecherskiy-dragomirova-ulitsa-34323066.html,235 426 грн,3 кімнати,124.1 м²,Печерський,
domria,https://dom.ria.com/uk/realty-dolgosrochnaya-arenda-kvartira-kiev-pecherskiy-dragomirova-ulitsa-34323073.html,133 260 грн,3 кімнати,124.8 м²,Печерський,
domria,https://dom.ria.com/uk/realty-dolgosrochnaya-arenda-kvartira-kiev-pecherskiy-dragomirova-ulitsa-34323070.html,111 050 грн,2 кімнати,82.6 м²,Печерський,
domria,https://dom.ria.com/uk/realty-dolgosrochnaya-arenda-kvartira-kiev-pecherskiy-dragomirova-ulitsa-34323051.html,88 840 грн,1 кімната,60.6 м²,Печерський,
domria,https://dom.ria.com/uk/realty-dolgosrochnaya-arenda-kvartira-kiev-pecherskiy-dragomirova-ulitsa-34323052.html,79 956 грн,3 кімнати,109.5 м²,Печерський,
domria,https://dom.ria.com/uk/realty-dolgosrochnaya-arenda-kvartira-kiev-pecherskiy-dragomirova-ulitsa-34323039.html,71 072 грн,1 кімната,55 м²,Печерський,
domria,https://dom.ria.com/uk/realty-dolgosrochnaya-arenda-kvartira-kiev-osokorki-borisa-gmyri-ulitsa-34313059.html,16 500 грн,1 кімната,38 м²,Дарницький,
domria,https://dom.ria.com/uk/realty-dolgosrochnaya-arenda-kvartira-kiev-pecherskiy-dragomirova-ulitsa-34323028.html,106 608 грн,1 кімната,50.7 м²,Печерський,
domria,https://dom.ria.com/uk/realty-dolgosrochnaya-arenda-kvartira-kiev-pecherskiy-dragomirova-ulitsa-34323019.html,84 398 грн,3 кімнати,112.9 м²,Печерський,
domria,https://dom.ria.com/uk/realty-dolgosrochnaya-arenda-kvartira-kiev-troeschina-konstantina-dankevicha-ulitsa-34322031.html,14 000 грн,1 кімната,60 м²,Деснянський,
domria,https://dom.ria.com/uk/realty-dolgosrochnaya-arenda-kvartira-kiev-pecherskiy-dragomirova-ulitsa-34323007.html,133 260 грн,4 кімнати,143.2 м²,Печерський,
domria,https://dom.ria.com/uk/realty-dolgosrochnaya-arenda-kvartira-kiev-pecherskiy-dragomirova-ulitsa-34322994.html,310 940 грн,1 кімната,47.8 м²,Печерський,
domria,https://dom.ria.com/uk/realty-dolgosrochnaya-arenda-kvartira-kiev-shulyavka-beresteyskiy-pobedy-prospekt-34322611.html,17 000 грн,2 кімнати,54.3 м²,Солом'янський,
domria,https://dom.ria.com/uk/realty-dolgosrochnaya-arenda-kvartira-kiev-pecherskiy-dragomirova-ulitsa-34322990.html,88 840 грн,1 кімната,60 м²,Печерський,
domria,https://dom.ria.com/uk/realty-dolgosrochnaya-arenda-kvartira-kiev-solomyanka-mitropolita-vasiliya-lipkovskogo-uritskogo-ulitsa-34322738.html,46 641 грн,1 кімната,50.9 м²,Солом'янський,
domria,https://dom.ria.com/uk/realty-dolgosrochnaya-arenda-kvartira-kiev-sotsgorod-tampere-ulitsa-34322584.html,11 000 грн,1 кімната,22.7 м²,Дніпровський,
domria,https://dom.ria.com/uk/realty-dolgosrochnaya-arenda-kvartira-kiev-poznyaki-sribnokilskaya-ulitsa-34305146.html,39 978 грн,2 кімнати,104 м²,Дарницький,
domria,https://dom.ria.com/uk/realty-dolgosrochnaya-arenda-kvartira-kiev-kurenevka-tulchinskaya-ulitsa-33632299.html,11 500 грн,1 кімната,32 м²,Подільський,
domria,https://dom.ria.com/uk/realty-dolgosrochnaya-arenda-kvartira-kiev-novoe-stroenie-antonovicha-gorkogo-ulitsa-32908376.html,57 746 грн,2 кімнати,50 м²,Голосіївський,
domria,https://dom.ria.com/uk/realty-dolgosrochnaya-arenda-kvartira-kiev-podolskiy-polkovoy-pereulok-34321253.html,13 000 грн,1 кімната,30 м²,Подільський,
domria,https://dom.ria.com/uk/realty-dolgosrochnaya-arenda-kvartira-kiev-tatarka-tatarskaya-ulitsa-33729897.html,17 000 грн,3 кімнати,70 м²,Шевченківський,
domria,https://dom.ria.com/uk/realty-dolgosrochnaya-arenda-kvartira-kiev-voskresenka-nikolaya-kibalchicha-ulitsa-33503732.html,10 500 грн,1 кімната,35 м²,Дніпровський,
domria,https://dom.ria.com/uk/realty-dolgosrochnaya-arenda-kvartira-kiev-staraya-darnitsa-harkovskoe-shosse-34321629.html,13 000 грн,1 кімната,27 м²,Дніпровський,
domria,https://dom.ria.com/uk/realty-dolgosrochnaya-arenda-kvartira-kiev-otradnyy-metrostroevskaya-ulitsa-34272480.html,12 000 грн,2 кімнати,37.2 м²,Солом'янський,
domria,https://dom.ria.com/uk/realty-dolgosrochnaya-arenda-kvartira-kiev-voskresenka-voskresenskiy-perova-prospekt-34322567.html,13 000 грн,2 кімнати,45.3 м²,Дніпровський,
domria,https://dom.ria.com/uk/realty-dolgosrochnaya-arenda-kvartira-kiev-teremki-2-akademika-glushkova-prospekt-34322226.html,15 000 грн,1 кімната,42 м²,Голосіївський,
domria,https://dom.ria.com/uk/realty-dolgosrochnaya-arenda-kvartira-kiev-andreya-verhoglyada-dragomirova-ulitsa-34322513.html,45 000 грн,2 кімнати,70 м²,,
domria,https://dom.ria.com/uk/realty-dolgosrochnaya-arenda-kvartira-kiev-chernaya-gora-andreya-verhoglyada-dragomirova-ulitsa-34322505.html,102 166 грн,1 кімната,59.3 м²,Печерський,
domria,https://dom.ria.com/uk/realty-dolgosrochnaya-arenda-kvartira-kiev-solomenskiy-bratev-zerovyh-ulitsa-34322471.html,19 000 грн,2 кімнати,64 м²,Солом'янський,
domria,https://dom.ria.com/uk/realty-dolgosrochnaya-arenda-kvartira-kiev-troeschina-serja-lifarya-aleksandra-saburova-ulitsa-34322386.html,8 000 грн,1 кімната,39 м²,Деснянський,
domria,https://dom.ria.com/uk/realty-dolgosrochnaya-arenda-kvartira-kiev-evropeyskogo-soyuza-pravdy-prospekt-34322493.html,10 000 грн,1 кімната,35 м²,,
domria,https://dom.ria.com/uk/realty-dolgosrochnaya-arenda-kvartira-kiev-teremki-2-lyatoshinskogo-ulitsa-34322481.html,20 000 грн,2 кімнати,65 м²,Голосіївський,
domria,https://dom.ria.com/uk/realty-dolgosrochnaya-arenda-kvartira-kiev-tatarka-34307165.html,26 000 грн,2 кімнати,51 м²,Шевченківський,
domria,https://dom.ria.com/uk/realty-dolgosrochnaya-arenda-kvartira-kiev-zverinets-mihaila-boychuka-ulitsa-34322429.html,20 000 грн,1 кімната,28.7 м²,Печерський,
domria,https://dom.ria.com/uk/realty-dolgosrochnaya-arenda-kvartira-kiev-chokolovka-svyatoslava-hrabrogo-ulitsa-34322403.html,29 000 грн,2 кімнати,82 м²,Солом'янський,
domria,https://dom.ria.com/uk/realty-dolgosrochnaya-arenda-kvartira-kiev-obolon-bogatyrskaya-ulitsa-34322340.html,18 000 грн,1 кімната,35.2 м²,Оболонський,
domria,https://dom.ria.com/uk/realty-dolgosrochnaya-arenda-kvartira-kiev-solomenskiy-vadeykaya-lia-26517982.html,11 999 грн,1 кімната,25 м²,Солом'янський,
domria,https://dom.ria.com/uk/realty-dolgosrochnaya-arenda-kvartira-kiev-harkovskiy-massiv-kamenskaya-ulitsa-34273840.html,15 500 грн,1 кімната,37 м²,Дарницький,
domria,https://dom.ria.com/uk/realty-dolgosrochnaya-arenda-kvartira-kiev-severno-brovarskiy-masiv-andreya-malyshko-ulitsa-34299772.html,13 000 грн,1 кімната,42 м²,Дніпровський,
domria,https://dom.ria.com/uk/realty-dolgosrochnaya-arenda-kvartira-kiev-solomenskiy-svyatoslava-hrabrogo-ulitsa-34321564.html,22 500 грн,1 кімната,38 м²,Голосіївський,
domria,https://dom.ria.com/uk/realty-dolgosrochnaya-arenda-kvartira-kiev-otradnyy-garmatnaya-ulitsa-34230879.html,25 500 грн,2 кімнати,77 м²,Солом'янський,
domria,https://dom.ria.com/uk/realty-dolgosrochnaya-arenda-kvartira-kiev-obolon-aleksandra-arhipenko-ulitsa-34295783.html,16 000 грн,1 кімната,33 м²,Оболонський,
domria,https://dom.ria.com/uk/realty-dolgosrochnaya-arenda-kvartira-kiev-troeschina-chervonoy-kaliny-mayakovskogo-vladimira-prospekt-34275327.html,12 800 грн,2 кімнати,50.5 м²,Деснянський,
domria,https://dom.ria.com/uk/realty-dolgosrochnaya-arenda-kvartira-kiev-svyatoshinskiy-akademika-efremova-ulitsa-33347594.html,25 000 грн,4 кімнати,85.3 м²,Святошинський,
domria,https://dom.ria.com/uk/realty-dolgosrochnaya-arenda-kvartira-kiev-cherepanova-gora-predslavinskaya-ulitsa-34321911.html,71 072 грн,1 кімната,56.2 м²,Печерський,
domria,https://dom.ria.com/uk/realty-dolgosrochnaya-arenda-kvartira-kiev-solomenskiy-umanskaya-ulitsa-34294366.html,21 000 грн,2 кімнати,65 м²,Солом'янський,
domria,https://dom.ria.com/uk/realty-dolgosrochnaya-arenda-kvartira-kiev-pervomayskiy-massiv-generala-gennadiya-vorobeva-ulitsa-34321403.html,17 000 грн,2 кімнати,45 м²,Солом'янський,
domria,https://dom.ria.com/uk/realty-dolgosrochnaya-arenda-kvartira-kiev-berkovets-berkovetskaya-ulitsa-33890755.html,17 000 грн,1 кімната,38 м²,Подільський,
domria,https://dom.ria.com/uk/realty-dolgosrochnaya-arenda-kvartira-kiev-obolon-obolonskiy-prospekt-34321676.html,44 420 грн,2 кімнати,80 м²,Оболонський,
domria,https://dom.ria.com/uk/realty-dolgosrochnaya-arenda-kvartira-kiev-osokorki-revutskogo-ulitsa-34319052.html,10 000 грн,1 кімната,44 м²,Дарницький,
domria,https://dom.ria.com/uk/realty-dolgosrochnaya-arenda-kvartira-kiev-darnitskiy-solomii-krushelnitskoy-ulitsa-34248069.html,15 000 грн,1 кімната,45 м²,Дарницький,
domria,https://dom.ria.com/uk/realty-dolgosrochnaya-arenda-kvartira-kiev-otradnyy-akademika-shalimova-geroev-sevastopolya-ulitsa-34252678.html,31 094 грн,2 кімнати,76 м²,Солом'янський,
domria,https://dom.ria.com/uk/realty-dolgosrochnaya-arenda-kvartira-kiev-otradnyy-akademika-beletskogo-ulitsa-34320948.html,12 000 грн,1 кімната,33 м²,Солом'янський,
domria,https://dom.ria.com/uk/realty-dolgosrochnaya-arenda-kvartira-kiev-troeschina-leonida-bykova-bulvar-33742355.html,12 000 грн,1 кімната,39.5 м²,Деснянський,
domria,https://dom.ria.com/uk/realty-dolgosrochnaya-arenda-kvartira-kiev-harkovskiy-massiv-arhitektora-verbitskogo-ulitsa-34295367.html,13 000 грн,1 кімната,35 м²,Дарницький,
domria,https://dom.ria.com/uk/realty-dolgosrochnaya-arenda-kvartira-kiev-obolon-obolonskiy-prospekt-34305635.html,30 000 грн,2 кімнати,77 м²,Оболонський,
domria,https://dom.ria.com/uk/realty-dolgosrochnaya-arenda-kvartira-kiev-demeevka-demeevskaya-ulitsa-34318843.html,59 967 грн,1 кімната,60 м²,Голосіївський,
domria,https://dom.ria.com/uk/realty-dolgosrochnaya-arenda-kvartira-kiev-borschagovka-grigorovicha-barskogo-ulitsa-33678163.html,15 000 грн,3 кімнати,72 м²,Святошинський,
domria,https://dom.ria.com/uk/realty-dolgosrochnaya-arenda-kvartira-kiev-staraya-darnitsa-harkovskoe-shosse-34320783.html,13 000 грн,1 кімната,50 м²,Дніпровський,
domria,https://dom.ria.com/uk/realty-dolgosrochnaya-arenda-kvartira-kiev-dneprovskiy-evgeniya-sverstyuka-ulitsa-34279832.html,35 000 грн,2 кімнати,68 м²,Дніпровський,
domria,https://dom.ria.com/uk/realty-dolgosrochnaya-arenda-kvartira-kiev-goloseevskiy-getmanskaya-maykopskaya-ulitsa-33885631.html,16 000 грн,1 кімната,32 м²,Голосіївський,
domria,https://dom.ria.com/uk/realty-dolgosrochnaya-arenda-kvartira-kiev-shulyavka-oleksy-tihogo-vyborgskaya-ulitsa-34315209.html,6 500 грн,1 кімната,20 м²,Солом'янський,
domria,https://dom.ria.com/uk/realty-dolgosrochnaya-arenda-kvartira-kiev-teremki-1-teremkovskaya-ulitsa-34321072.html,33 000 грн,1 кімната,39.2 м²,Голосіївський,
domria,https://dom.ria.com/uk/realty-dolgosrochnaya-arenda-kvartira-kiev-desnyanskiy-sholom-aleyhema-ulitsa-34319715.html,9 000 грн,1 кімната,26 м²,Деснянський,
domria,https://dom.ria.com/uk/realty-dolgosrochnaya-arenda-kvartira-kiev-selo-troeschina-liskovskaya-ulitsa-34321032.html,12 000 грн,1 кімната,37 м²,Деснянський,
domria,https://dom.ria.com/uk/realty-dolgosrochnaya-arenda-kvartira-kiev-voskresenka-alishera-navoi-prospekt-34300878.html,20 000 грн,2 кімнати,53 м²,Дніпровський,
domria,https://dom.ria.com/uk/realty-dolgosrochnaya-arenda-kvartira-kiev-pervomayskiy-massiv-chokolovskiy-bulvar-32931752.html,15 000 грн,2 кімнати,46 м²,Солом'янський,
domria,https://dom.ria.com/uk/realty-dolgosrochnaya-arenda-kvartira-kiev-dneprovskiy-nikolsko-slobodskaya-ulitsa-34320964.html,28 000 грн,1 кімната,41.6 м²,Дніпровський,
domria,https://dom.ria.com/uk/realty-dolgosrochnaya-arenda-kvartira-kiev-poznyaki-dragomanova-ulitsa-34320589.html,12 000 грн,2 кімнати,74 м²,Дарницький,
domria,https://dom.ria.com/uk/realty-dolgosrochnaya-arenda-kvartira-kiev-chernaya-gora-andreya-verhoglyada-dragomirova-ulitsa-34213436.html,75 514 грн,3 кімнати,117 м²,Печерський,
domria,https://dom.ria.com/uk/realty-dolgosrochnaya-arenda-kvartira-kiev-bereznyaki-yuriya-shumskogo-ulitsa-34320922.html,15 000 грн,3 кімнати,61.8 м²,Дніпровський,
domria,https://dom.ria.com/uk/realty-dolgosrochnaya-arenda-kvartira-kiev-podol-vozdvijenskaya-ulitsa-34320832.html,11 990 грн,1 кімната,30 м²,Подільський,
domria,https://dom.ria.com/uk/realty-dolgosrochnaya-arenda-kvartira-kiev-darnitskiy-dneprovskaya-naberejnaya-34299416.html,57 746 грн,2 кімнати,93 м²,Дарницький,
domria,https://dom.ria.com/uk/realty-dolgosrochnaya-arenda-kvartira-kiev-osokorki-petra-grigorenko-prospekt-34319697.html,15 000 грн,1 кімната,44 м²,Дарницький,
domria,https://dom.ria.com/uk/realty-dolgosrochnaya-arenda-kvartira-kiev-podol-vozdvijenskaya-ulitsa-34320805.html,18 000 грн,2 кімнати,35 м²,Подільський,
domria,https://dom.ria.com/uk/realty-dolgosrochnaya-arenda-kvartira-kiev-karavaevy-dachi-novopolevaya-ulitsa-33535135.html,22 000 грн,1 кімната,46.7 м²,Солом'янський,
domria,https://dom.ria.com/uk/realty-dolgosrochnaya-arenda-kvartira-kiev-borschagovka-koltsevaya-doroga-34305283.html,16 000 грн,2 кімнати,45.3 м²,Святошинський,
domria,https://dom.ria.com/uk/realty-dolgosrochnaya-arenda-kvartira-kiev-nikolskaya-slobodka-kahovskaya-ulitsa-34320493.html,14 990 грн,1 кімната,30.8 м²,Дніпровський,
domria,https://dom.ria.com/uk/realty-dolgosrochnaya-arenda-kvartira-kiev-obolon-levka-lukyanenko-ulitsa-34319815.html,17 950 грн,1 кімната,39.7 м²,Оболонський,
domria,https://dom.ria.com/uk/realty-dolgosrochnaya-arenda-kvartira-kiev-minskiy-massiv-polyarnaya-ulitsa-27045720.html,6 700 грн,1 кімната,33.9 м²,Оболонський,
domria,https://dom.ria.com/uk/realty-dolgosrochnaya-arenda-kvartira-kiev-obolon-levka-lukyanenko-ulitsa-34319811.html,21 000 грн,2 кімнати,45 м²,Оболонський,
domria,https://dom.ria.com/uk/realty-dolgosrochnaya-arenda-kvartira-kiev-darnitskiy-petra-grigorenko-prospekt-34315631.html,21 000 грн,2 кімнати,73.6 м²,Дарницький,
domria,https://dom.ria.com/uk/realty-dolgosrochnaya-arenda-kvartira-kiev-obolon-geroev-dnepra-ulitsa-34319861.html,14 500 грн,1 кімната,35 м²,Оболонський,
domria,https://dom.ria.com/uk/realty-dolgosrochnaya-arenda-kvartira-kiev-shulyavka-beresteyskiy-pobedy-prospekt-34320128.html,42 199 грн,1 кімната,52.6 м²,Солом'янський,
domria,https://dom.ria.com/uk/realty-dolgosrochnaya-arenda-kvartira-kiev-teremki-1-akademika-glushkova-prospekt-34294091.html,22 000 грн,2 кімнати,54 м²,Голосіївський,
domria,https://dom.ria.com/uk/realty-dolgosrochnaya-arenda-kvartira-kiev-darnitskiy-zarechnaya-ulitsa-34299783.html,20 000 грн,1 кімната,48 м²,Дарницький,
domria,https://dom.ria.com/uk/realty-dolgosrochnaya-arenda-kvartira-kiev-severno-brovarskiy-masiv-knyazya-romana-mstislavicha-generala-jmachenko-ulitsa-34319838.html,24 000 грн,1 кімната,51 м²,Дніпровський,
domria,https://dom.ria.com/uk/realty-dolgosrochnaya-arenda-kvartira-kiev-poznyaki-zdolbunovskaya-ulitsa-34307021.html,11 000 грн,1 кімната,32 м²,Дарницький,
domria,https://dom.ria.com/uk/realty-dolgosrochnaya-arenda-kvartira-kiev-desnyanskiy-liskovskaya-ulitsa-34310979.html,14 000 грн,1 кімната,39.2 м²,Деснянський,
domria,https://dom.ria.com/uk/realty-dolgosrochnaya-arenda-kvartira-kiev-obolon-vladimira-ivasyuka-prospekt-34314878.html,18 000 грн,1 кімната,61.7 м²,Оболонський,
domria,https://dom.ria.com/uk/realty-dolgosrochnaya-arenda-kvartira-kiev-chernaya-gora-andreya-verhoglyada-dragomirova-ulitsa-34317437.html,88 840 грн,3 кімнати,116 м²,Печерський,
domria,https://dom.ria.com/uk/realty-dolgosrochnaya-arenda-kvartira-kiev-vinogradar-sergeya-danchenko-ulitsa-34248737.html,28 000 грн,1 кімната,69 м²,Подільський,
domria,https://dom.ria.com/uk/realty-dolgosrochnaya-arenda-kvartira-kiev-obolon-vladimira-ivasyuka-prospekt-34319739.html,14 000 грн,1 кімната,35 м²,Оболонський,
domria,https://dom.ria.com/uk/realty-dolgosrochnaya-arenda-kvartira-kiev-sapernoe-pole-makkeyna-djona-ulitsa-34316413.html,38 963 грн,1 кімната,53.4 м²,Печерський,
domria,https://dom.ria.com/uk/realty-dolgosrochnaya-arenda-kvartira-kiev-dneprovskiy-generala-jmachenko-ulitsa-34318546.html,31 000 грн,1 кімната,47 м²,Дніпровський,
domria,https://dom.ria.com/uk/realty-dolgosrochnaya-arenda-kvartira-kiev-novoe-stroenie-saksaganskogo-ulitsa-34319444.html,59 967 грн,1 кімната,75 м²,Голосіївський,
domria,https://dom.ria.com/uk/realty-dolgosrochnaya-arenda-kvartira-kiev-sapernoe-pole-predslavinskaya-ulitsa-34314491.html,48 862 грн,1 кімната,53 м²,Печерський,
domria,https://dom.ria.com/uk/realty-dolgosrochnaya-arenda-kvartira-kiev-nikolaya-zakrevskogo-ulitsa-34319609.html,14 000 грн,1 кімната,43 м²,,
domria,https://dom.ria.com/uk/realty-dolgosrochnaya-arenda-kvartira-kiev-teremki-2-samoylo-koshki-marshala-koneva-ulitsa-34319587.html,21 000 грн,2 кімнати,57 м²,Голосіївський,
domria,https://dom.ria.com/uk/realty-dolgosrochnaya-arenda-kvartira-kiev-sotsgorod-verhovnogo-soveta-bulvar-34319411.html,22 000 грн,3 кімнати,96 м²,Дніпровський,
domria,https://dom.ria.com/uk/realty-dolgosrochnaya-arenda-kvartira-kiev-aleksandra-olesya-ulitsa-34319428.html,25 000 грн,1 кімната,42.6 м²,,
domria,https://dom.ria.com/uk/realty-dolgosrochnaya-arenda-kvartira-kiev-novoe-stroenie-bolshaya-vasilkovskaya-ulitsa-34319399.html,42 199 грн,3 кімнати,85.3 м²,Голосіївський,
domria,https://dom.ria.com/uk/realty-dolgosrochnaya-arenda-kvartira-kiev-tsentr-bulvarno-kudryavskaya-vorovskogo-ulitsa-34319166.html,39 978 грн,1 кімната,50 м²,Шевченківський,
domria,https://dom.ria.com/uk/realty-dolgosrochnaya-arenda-kvartira-kiev-troeschina-aleksandry-ekster-mariny-tsvetaevoy-ulitsa-34314485.html,10 999 грн,1 кімната,42.6 м²,Деснянський,
domria,https://dom.ria.com/uk/realty-dolgosrochnaya-arenda-kvartira-kiev-tatarka-lukyanovskaya-ulitsa-33467864.html,11 000 грн,1 кімната,26.5 м²,Шевченківський,
domria,https://dom.ria.com/uk/realty-dolgosrochnaya-arenda-kvartira-kiev-nivki-ivana-vygovskogo-marshala-grechko-ulitsa-34319180.html,19 500 грн,1 кімната,34.3 м²,Шевченківський,
domria,https://dom.ria.com/uk/realty-dolgosrochnaya-arenda-kvartira-kiev-julyany-mihaila-maksimovicha-ulitsa-34319132.html,25 000 грн,1 кімната,54 м²,Солом'янський,
domria,https://dom.ria.com/uk/realty-dolgosrochnaya-arenda-kvartira-kiev-voskresnye-sady-peschanaya-ulitsa-34305502.html,8 000 грн,1 кімната,21 м²,Дніпровський,
domria,https://dom.ria.com/uk/realty-dolgosrochnaya-arenda-kvartira-kiev-pecherskiy-drujby-narodov-bulvar-32570285.html,21 000 грн,1 кімната,50 м²,Печерський,
domria,https://dom.ria.com/uk/realty-dolgosrochnaya-arenda-kvartira-kiev-zamkovische-polkovoy-pereulok-34318831.html,12 000 грн,1 кімната,35 м²,Подільський,
domria,https://dom.ria.com/uk/realty-dolgosrochnaya-arenda-kvartira-kiev-svyatoshino-lvovskaya-ulitsa-34318804.html,25 000 грн,1 кімната,41 м²,Святошинський,
domria,https://dom.ria.com/uk/realty-dolgosrochnaya-arenda-kvartira-kiev-shulyavka-mashinostroitelnaya-ulitsa-34318592.html,20 000 грн,3 кімнати,61 м²,Солом'янський,
domria,https://dom.ria.com/uk/realty-dolgosrochnaya-arenda-kvartira-kiev-sovki-kadetskiy-gay-ulitsa-34317675.html,20 000 грн,1 кімната,43.7 м²,Солом'янський,
domria,https://dom.ria.com/uk/realty-dolgosrochnaya-arenda-kvartira-kiev-novobelichi-olevskaya-ulitsa-34318191.html,18 000 грн,2 кімнати,61 м²,Святошинський,
domria,https://dom.ria.com/uk/realty-dolgosrochnaya-arenda-kvartira-kiev-borschagovka-zodchih-ulitsa-34318204.html,15 500 грн,2 кімнати,50 м²,Святошинський,
domria,https://dom.ria.com/uk/realty-dolgosrochnaya-arenda-kvartira-kiev-tsentr-bogdana-hmelnitskogo-ulitsa-34317848.html,37 000 грн,2 кімнати,82 м²,Шевченківський,
domria,https://dom.ria.com/uk/realty-dolgosrochnaya-arenda-kvartira-kiev-nivki-ivana-vygovskogo-marshala-grechko-ulitsa-34314391.html,15 000 грн,2 кімнати,47 м²,Шевченківський,
domria,https://dom.ria.com/uk/realty-dolgosrochnaya-arenda-kvartira-kiev-tsentr-aleksandra-konisskogo-turgenevskaya-ulitsa-34317677.html,32 000 грн,2 кімнати,65 м²,Шевченківський,
domria,https://dom.ria.com/uk/realty-dolgosrochnaya-arenda-kvartira-kiev-solomenskiy-romana-ratushnogo-volgogradskaya-ulitsa-34299781.html,18 000 грн,2 кімнати,52 м²,Солом'янський,
domria,https://dom.ria.com/uk/realty-dolgosrochnaya-arenda-kvartira-kiev-chernaya-gora-andreya-verhoglyada-dragomirova-ulitsa-34317462.html,39 978 грн,2 кімнати,60 м²,Печерський,
domria,https://dom.ria.com/uk/realty-dolgosrochnaya-arenda-kvartira-kiev-kudryavets-nikolaya-pimonenko-ulitsa-34310824.html,18 000 грн,2 кімнати,53 м²,Шевченківський,
domria,https://dom.ria.com/uk/realty-dolgosrochnaya-arenda-kvartira-kiev-galagany-berdnika-olesya-ulitsa-34316374.html,27 000 грн,2 кімнати,69.8 м²,Святошинський,
domria,https://dom.ria.com/uk/realty-dolgosrochnaya-arenda-kvartira-kiev-solomyanka-mitropolita-vasiliya-lipkovskogo-uritskogo-ulitsa-34281291.html,15 000 грн,2 кімнати,45 м²,Солом'янський,
domria,https://dom.ria.com/uk/realty-dolgosrochnaya-arenda-kvartira-kiev-pechersk-leyptsigskaya-ulitsa-34195054.html,222 100 грн,3 кімнати,195.1 м²,Печерський,
domria,https://dom.ria.com/uk/realty-dolgosrochnaya-arenda-kvartira-kiev-karavaevy-dachi-polevaya-ulitsa-34314316.html,25 500 грн,2 кімнати,67.4 м²,Солом'янський,
domria,https://dom.ria.com/uk/realty-dolgosrochnaya-arenda-kvartira-kiev-sotsgorod-regeneratornaya-ulitsa-34306452.html,20 000 грн,1 кімната,39.7 м²,Дніпровський,
domria,https://dom.ria.com/uk/realty-dolgosrochnaya-arenda-kvartira-kiev-minskiy-massiv-polyarnaya-ulitsa-34315947.html,15 000 грн,1 кімната,33.3 м²,Оболонський,
domria,https://dom.ria.com/uk/realty-dolgosrochnaya-arenda-kvartira-kiev-otradnyy-nikolaya-vasilenko-ulitsa-34315934.html,22 000 грн,3 кімнати,52.7 м²,Солом'янський,
domria,https://dom.ria.com/uk/realty-dolgosrochnaya-arenda-kvartira-kiev-lipki-shelkovichnaya-ulitsa-34315304.html,42 199 грн,2 кімнати,55.3 м²,Печерський,
domria,https://dom.ria.com/uk/realty-dolgosrochnaya-arenda-kvartira-kiev-darnitskiy-harkovskoe-shosse-34300076.html,18 500 грн,1 кімната,44.7 м²,Дарницький,
domria,https://dom.ria.com/uk/realty-dolgosrochnaya-arenda-kvartira-kiev-obolon-obolonskiy-prospekt-34316167.html,15 000 грн,1 кімната,35 м²,Оболонський,
domria,https://dom.ria.com/uk/realty-dolgosrochnaya-arenda-kvartira-kiev-sapernoe-pole-konovaltsa-evgeniya-ulitsa-34312961.html,71 072 грн,4 кімнати,178.2 м²,Печерський,
domria,https://dom.ria.com/uk/realty-dolgosrochnaya-arenda-kvartira-kiev-podol-borichev-spusk-34314326.html,46 641 грн,2 кімнати,48.8 м²,Подільський,
domria,https://dom.ria.com/uk/realty-dolgosrochnaya-arenda-kvartira-kiev-osokorki-aleksandra-mishugi-ulitsa-34309769.html,12 000 грн,1 кімната,42.9 м²,Дарницький,
domria,https://dom.ria.com/uk/realty-dolgosrochnaya-arenda-kvartira-kiev-solomenskiy-34249197.html,17 000 грн,3 кімнати,61 м²,Солом'янський,
domria,https://dom.ria.com/uk/realty-dolgosrochnaya-arenda-kvartira-kiev-staraya-darnitsa-dvinskaya-ulitsa-34282274.html,9 500 грн,1 кімната,29 м²,Дніпровський,
domria,https://dom.ria.com/uk/realty-dolgosrochnaya-arenda-kvartira-kiev-levoberejnyy-masiv-nikolsko-slobodskaya-ulitsa-34276186.html,15 000 грн,1 кімната,29 м²,Дніпровський,
domria,https://dom.ria.com/uk/realty-dolgosrochnaya-arenda-kvartira-kiev-rusanovka-entuziastov-ulitsa-34309036.html,17 000 грн,3 кімнати,68 м²,Дніпровський,
domria,https://dom.ria.com/uk/realty-dolgosrochnaya-arenda-kvartira-kiev-julyany-yunosheskaya-ulitsa-33141285.html,19 000 грн,1 кімната,44 м²,Солом'янський,
domria,https://dom.ria.com/uk/realty-dolgosrochnaya-arenda-kvartira-kiev-darnitskiy-zarechnaya-ulitsa-34305182.html,18 000 грн,1 кімната,45 м²,Дарницький,
domria,https://dom.ria.com/uk/realty-dolgosrochnaya-arenda-kvartira-kiev-podolskiy-naberejno-rybalskaya-ulitsa-33350509.html,21 500 грн,1 кімната,31.3 м²,Подільський,
domria,https://dom.ria.com/uk/realty-dolgosrochnaya-arenda-kvartira-kiev-chokolovka-svyatoslava-hrabrogo-ulitsa-34314930.html,26 000 грн,2 кімнати,113 м²,Солом'янський,
domria,https://dom.ria.com/uk/realty-dolgosrochnaya-arenda-kvartira-kiev-goloseev-goloseevskiy-40-letiya-oktyabrya-prospekt-34316131.html,44 420 грн,2 кімнати,64 м²,Голосіївський,
domria,https://dom.ria.com/uk/realty-dolgosrochnaya-arenda-kvartira-kiev-demeevka-demeevskaya-ulitsa-34315867.html,26 000 грн,2 кімнати,85 м²,Голосіївський,
domria,https://dom.ria.com/uk/realty-dolgosrochnaya-arenda-kvartira-kiev-bereznyaki-bereznyakovskaya-ulitsa-34313305.html,10 000 грн,1 кімната,34.5 м²,Дніпровський,
domria,https://dom.ria.com/uk/realty-dolgosrochnaya-arenda-kvartira-kiev-bereznyaki-bereznyakovskaya-ulitsa-34305055.html,8 500 грн,1 кімната,30 м²,Дніпровський,
domria,https://dom.ria.com/uk/realty-dolgosrochnaya-arenda-kvartira-kiev-svyatoshinskiy-oresta-vaskula-feodori-pushinoy-ulitsa-34314835.html,30 000 грн,2 кімнати,110 м²,Святошинський,
domria,https://dom.ria.com/uk/realty-dolgosrochnaya-arenda-kvartira-kiev-pechersk-lesi-ukrainki-bulvar-34314591.html,23 000 грн,2 кімнати,50 м²,Печерський,
domria,https://dom.ria.com/uk/realty-dolgosrochnaya-arenda-kvartira-kiev-obolon-vladimira-ivasyuka-prospekt-34314666.html,9 000 грн,1 кімната,35 м²,Оболонський,
domria,https://dom.ria.com/uk/realty-dolgosrochnaya-arenda-kvartira-kiev-obolon-severnaya-ulitsa-34313803.html,16 000 грн,2 кімнати,37 м²,Оболонський,
domria,https://dom.ria.com/uk/realty-dolgosrochnaya-arenda-kvartira-kiev-troeschina-miloslavskaya-ulitsa-34314369.html,15 000 грн,3 кімнати,89.7 м²,Деснянський,
domria,https://dom.ria.com/uk/realty-dolgosrochnaya-arenda-kvartira-kiev-pervomayskiy-massiv-djohara-dudaeva-iskrovskaya-ulitsa-34303107.html,19 000 грн,3 кімнати,85 м²,Солом'янський,
domria,https://dom.ria.com/uk/realty-dolgosrochnaya-arenda-kvartira-kiev-pechersk-34309141.html,17 000 грн,1 кімната,30.5 м²,Печерський,
domria,https://dom.ria.com/uk/realty-dolgosrochnaya-arenda-kvartira-kiev-nivki-salyutnaya-ulitsa-34313162.html,24 000 грн,2 кімнати,67 м²,Шевченківський,
domria,https://dom.ria.com/uk/realty-dolgosrochnaya-arenda-kvartira-kiev-desnyanskiy-uinstona-cherchillya-krasnotkatskaya-ulitsa-34313014.html,9 500 грн,1 кімната,36 м²,Деснянський,
domria,https://dom.ria.com/uk/realty-dolgosrochnaya-arenda-kvartira-kiev-cherepanova-gora-laboratornyy-pereulok-34294631.html,37 757 грн,2 кімнати,95 м²,Печерський,
domria,https://dom.ria.com/uk/realty-dolgosrochnaya-arenda-kvartira-kiev-shevchenkovskiy-beresteyskiy-pobedy-prospekt-34287129.html,30 000 грн,1 кімната,55 м²,Шевченківський,
domria,https://dom.ria.com/uk/realty-dolgosrochnaya-arenda-kvartira-kiev-chernaya-gora-andreya-verhoglyada-dragomirova-ulitsa-34308305.html,199 890 грн,4 кімнати,130 м²,Печерський,
domria,https://dom.ria.com/uk/realty-dolgosrochnaya-arenda-kvartira-kiev-desnyanskiy-uinstona-cherchillya-krasnotkatskaya-ulitsa-34312817.html,11 000 грн,1 кімната,48 м²,Деснянський,
domria,https://dom.ria.com/uk/realty-dolgosrochnaya-arenda-kvartira-kiev-goloseevskiy-samoylo-koshki-marshala-koneva-ulitsa-32870250.html,23 000 грн,1 кімната,80.8 м²,Голосіївський,
domria,https://dom.ria.com/uk/realty-dolgosrochnaya-arenda-kvartira-kiev-solomyanka-vozdushnyh-sil-vozduhoflotskiy-prospekt-34300087.html,22 000 грн,2 кімнати,56 м²,Солом'янський,
domria,https://dom.ria.com/uk/realty-dolgosrochnaya-arenda-kvartira-kiev-lukyanovka-dovnar-zapolskogo-ulitsa-34295004.html,15 399 грн,2 кімнати,65 м²,Шевченківський,
domria,https://dom.ria.com/uk/realty-dolgosrochnaya-arenda-kvartira-kiev-darnitskiy-zarechnaya-ulitsa-32940491.html,39 978 грн,3 кімнати,119 м²,Дарницький,
domria,https://dom.ria.com/uk/realty-dolgosrochnaya-arenda-kvartira-kiev-feofaniya-metrologicheskaya-ulitsa-34299997.html,17 000 грн,1 кімната,39 м²,Голосіївський,
domria,https://dom.ria.com/uk/realty-dolgosrochnaya-arenda-kvartira-kiev-obolon-obolonskiy-prospekt-34293766.html,15 000 грн,1 кімната,34 м²,Оболонський,
domria,https://dom.ria.com/uk/realty-dolgosrochnaya-arenda-kvartira-kiev-akademgorodok-oresta-vaskula-feodori-pushinoy-ulitsa-34300648.html,10 000 грн,1 кімната,43.4 м²,Святошинський,
domria,https://dom.ria.com/uk/realty-dolgosrochnaya-arenda-kvartira-kiev-staryy-kiev-mihaylovskaya-ulitsa-34304879.html,71 072 грн,4 кімнати,98.2 м²,Шевченківський,
domria,https://dom.ria.com/uk/realty-dolgosrochnaya-arenda-kvartira-kiev-nikolskaya-slobodka-kahovskaya-ulitsa-34306923.html,16 000 грн,1 кімната,32.2 м²,Дніпровський,
domria,https://dom.ria.com/uk/realty-dolgosrochnaya-arenda-kvartira-kiev-dvrz-almatinskaya-ulitsa-34268268.html,10 000 грн,1 кімната,31 м²,Дніпровський,
domria,https://dom.ria.com/uk/realty-dolgosrochnaya-arenda-kvartira-kiev-priorka-semi-kuljenkov-ulitsa-34305297.html,10 000 грн,1 кімната,47.2 м²,Оболонський,
domria,https://dom.ria.com/uk/realty-dolgosrochnaya-arenda-kvartira-kiev-levoberejnyy-masiv-andreya-abolmasova-panelnaya-ulitsa-34309115.html,22 210 грн,1 кімната,55 м²,Дніпровський,
domria,https://dom.ria.com/uk/realty-dolgosrochnaya-arenda-kvartira-kiev-obolon-vladimira-ivasyuka-prospekt-33507152.html,20 000 грн,1 кімната,34.3 м²,Оболонський,
domria,https://dom.ria.com/uk/realty-dolgosrochnaya-arenda-kvartira-kiev-goloseevskiy-vasiliya-tyutyunnika-ulitsa-34290680.html,62 188 грн,2 кімнати,86 м²,Печерський,
domria,https://dom.ria.com/uk/realty-dolgosrochnaya-arenda-kvartira-kiev-goloseevskiy-feodosiyskiy-pereulok-34308993.html,24 900 грн,1 кімната,48 м²,Голосіївський,
domria,https://dom.ria.com/uk/realty-dolgosrochnaya-arenda-kvartira-kiev-pechersk-lesi-ukrainki-bulvar-34308059.html,35 536 грн,3 кімнати,120 м²,Печерський,
domria,https://dom.ria.com/uk/realty-dolgosrochnaya-arenda-kvartira-kiev-lesnoy-massiv-sholom-aleyhema-ulitsa-34308971.html,10 000 грн,1 кімната,32 м²,Деснянський,
domria,https://dom.ria.com/uk/realty-dolgosrochnaya-arenda-kvartira-kiev-pankovschina-jilyanskaya-ulitsa-34307356.html,44 420 грн,1 кімната,56 м²,Голосіївський,
domria,https://dom.ria.com/uk/realty-dolgosrochnaya-arenda-kvartira-kiev-podol-schekavitskaya-ulitsa-34299769.html,33 999 грн,1 кімната,52 м²,Подільський,
domria,https://dom.ria.com/uk/realty-dolgosrochnaya-arenda-kvartira-kiev-borschagovka-nikolaya-rudenko-koltsova-bulvar-34306585.html,12 000 грн,2 кімнати,50 м²,Святошинський,
domria,https://dom.ria.com/uk/realty-dolgosrochnaya-arenda-kvartira-kiev-vinogradar-aleksandra-olesya-ulitsa-34308746.html,26 000 грн,1 кімната,43 м²,Подільський,
domria,https://dom.ria.com/uk/realty-dolgosrochnaya-arenda-kvartira-kiev-pervomayskiy-massiv-karela-chapeka-yuliusa-fuchika-ulitsa-34307140.html,14 000 грн,1 кімната,35 м²,Солом'янський,
domria,https://dom.ria.com/uk/realty-dolgosrochnaya-arenda-kvartira-kiev-goloseevskiy-saksaganskogo-ulitsa-34276580.html,66 630 грн,1 кімната,68 м²,Голосіївський,
domria,https://dom.ria.com/uk/realty-dolgosrochnaya-arenda-kvartira-kiev-podolskiy-evropeyskogo-soyuza-pravdy-prospekt-34308670.html,20 500 грн,2 кімнати,41 м²,Подільський,
domria,https://dom.ria.com/uk/realty-dolgosrochnaya-arenda-kvartira-kiev-soldatskaya-slobodka-dmitrievskaya-ulitsa-34306776.html,60 000 грн,2 кімнати,110 м²,Шевченківський,
domria,https://dom.ria.com/uk/realty-dolgosrochnaya-arenda-kvartira-kiev-obolon-obolonskaya-ploschad-34301416.html,20 000 грн,1 кімната,45 м²,Оболонський,
domria,https://dom.ria.com/uk/realty-dolgosrochnaya-arenda-kvartira-kiev-troeschina-nikolaya-zakrevskogo-ulitsa-34308510.html,14 000 грн,2 кімнати,60.5 м²,Деснянський,
domria,https://dom.ria.com/uk/realty-dolgosrochnaya-arenda-kvartira-kiev-berkovets-stetsenko-ulitsa-34308462.html,18 800 грн,2 кімнати,55 м²,Подільський,
domria,https://dom.ria.com/uk/realty-dolgosrochnaya-arenda-kvartira-kiev-soldatskaya-slobodka-zlatoustovskaya-ulitsa-34308408.html,133 260 грн,2 кімнати,97.6 м²,Шевченківський,
domria,https://dom.ria.com/uk/realty-dolgosrochnaya-arenda-kvartira-kiev-podolskiy-aleksandra-olesya-ulitsa-34308329.html,25 000 грн,1 кімната,45 м²,Подільський,
domria,https://dom.ria.com/uk/realty-dolgosrochnaya-arenda-kvartira-kiev-novobelichi-klavdievskaya-ulitsa-34307370.html,14 000 грн,1 кімната,38 м²,Святошинський,
domria,https://dom.ria.com/uk/realty-dolgosrochnaya-arenda-kvartira-kiev-cherepanova-gora-konovaltsa-evgeniya-ulitsa-34307178.html,25 000 грн,2 кімнати,53 м²,Печерський,
domria,https://dom.ria.com/uk/realty-dolgosrochnaya-arenda-kvartira-kiev-sapernaya-slobodka-akademika-pisarjevskogo-ulitsa-34307500.html,19 000 грн,1 кімната,43 м²,Голосіївський,
domria,https://dom.ria.com/uk/realty-dolgosrochnaya-arenda-kvartira-kiev-cherepanova-gora-predslavinskaya-ulitsa-34307051.html,53 304 грн,1 кімната,54.6 м²,Печерський,
domria,https://dom.ria.com/uk/realty-dolgosrochnaya-arenda-kvartira-kiev-teremki-2-dmitriya-lutsenko-kreysera-avrora-ulitsa-34307434.html,20 000 грн,1 кімната,32 м²,Голосіївський,
domria,https://dom.ria.com/uk/realty-dolgosrochnaya-arenda-kvartira-kiev-chokolovka-akademika-vozianova-akademika-karpinskogo-ulitsa-34295529.html,18 000 грн,2 кімнати,45 м²,Солом'янський,
domria,https://dom.ria.com/uk/realty-dolgosrochnaya-arenda-kvartira-kiev-nivki-igorya-turchina-ulitsa-34307386.html,17 000 грн,2 кімнати,49 м²,Шевченківський,
domria,https://dom.ria.com/uk/realty-dolgosrochnaya-arenda-kvartira-kiev-sapernoe-pole-sapernoe-pole-ulitsa-33597489.html,48 862 грн,2 кімнати,79.4 м²,Печерський,
domria,https://dom.ria.com/uk/realty-dolgosrochnaya-arenda-kvartira-kiev-lipki-shelkovichnaya-ulitsa-34306762.html,28 000 грн,1 кімната,40 м²,Печерський,
domria,https://dom.ria.com/uk/realty-dolgosrochnaya-arenda-kvartira-kiev-svyatoshino-beresteyskiy-pobedy-prospekt-34306835.html,14 000 грн,3 кімнати,75 м²,Святошинський,
domria,https://dom.ria.com/uk/realty-dolgosrochnaya-arenda-kvartira-kiev-chernaya-gora-andreya-verhoglyada-dragomirova-ulitsa-34305759.html,119 934 грн,2 кімнати,81.4 м²,Печерський,
domria,https://dom.ria.com/uk/realty-dolgosrochnaya-arenda-kvartira-kiev-podol-vvedenskaya-ulitsa-34306529.html,35 536 грн,3 кімнати,64 м²,Подільський,
domria,https://dom.ria.com/uk/realty-dolgosrochnaya-arenda-kvartira-kiev-chernaya-gora-andreya-verhoglyada-dragomirova-ulitsa-34306671.html,66 630 грн,1 кімната,60 м²,Печерський,
domria,https://dom.ria.com/uk/realty-dolgosrochnaya-arenda-kvartira-kiev-chernaya-gora-andreya-verhoglyada-dragomirova-ulitsa-34306018.html,140 265 грн,3 кімнати,103 м²,Печерський,
domria,https://dom.ria.com/uk/realty-dolgosrochnaya-arenda-kvartira-kiev-osokorki-vishnyakovskaya-ulitsa-34303302.html,14 000 грн,1 кімната,42 м²,Дарницький,
domria,https://dom.ria.com/uk/realty-dolgosrochnaya-arenda-kvartira-kiev-harkovskiy-massiv-harkovskoe-shosse-34305149.html,20 000 грн,3 кімнати,95.7 м²,Дарницький,
domria,https://dom.ria.com/uk/realty-dolgosrochnaya-arenda-kvartira-kiev-chernaya-gora-andreya-verhoglyada-dragomirova-ulitsa-34171961.html,66 630 грн,3 кімнати,113.8 м²,Печерський,
domria,https://dom.ria.com/uk/realty-dolgosrochnaya-arenda-kvartira-kiev-poznyaki-urlovskaya-ulitsa-34305866.html,29 000 грн,3 кімнати,80 м²,Дарницький,
domria,https://dom.ria.com/uk/realty-dolgosrochnaya-arenda-kvartira-kiev-obolon-vladimira-ivasyuka-prospekt-34305953.html,39 978 грн,2 кімнати,75 м²,Оболонський,
domria,https://dom.ria.com/uk/realty-dolgosrochnaya-arenda-kvartira-kiev-shevchenkovskiy-beresteyskiy-pobedy-prospekt-32414500.html,22 210 грн,2 кімнати,45 м²,Шевченківський,
domria,https://dom.ria.com/uk/realty-dolgosrochnaya-arenda-kvartira-kiev-gazoprovodnaya-ulitsa-34305054.html,13 950 грн,2 кімнати,43 м²,,
domria,https://dom.ria.com/uk/realty-dolgosrochnaya-arenda-kvartira-kiev-osokorki-grishko-mihaila-ulitsa-34304244.html,18 000 грн,1 кімната,41 м²,Дарницький,
domria,https://dom.ria.com/uk/realty-dolgosrochnaya-arenda-kvartira-kiev-kudryavets-glubochitskaya-ulitsa-34303254.html,53 304 грн,2 кімнати,100.7 м²,Шевченківський,
domria,https://dom.ria.com/uk/realty-dolgosrochnaya-arenda-kvartira-kiev-solomyanka-nikolaya-golego-lebedeva-kumacha-ulitsa-34302992.html,16 500 грн,1 кімната,32 м²,Солом'янський,
domria,https://dom.ria.com/uk/realty-dolgosrochnaya-arenda-kvartira-kiev-podol-kirillovskaya-ulitsa-34304305.html,19 900 грн,1 кімната,35 м²,Подільський,
domria,https://dom.ria.com/uk/realty-dolgosrochnaya-arenda-kvartira-kiev-sotsgorod-sergeya-naboki-bajova-ulitsa-34303793.html,22 000 грн,3 кімнати,85 м²,Дніпровський,
domria,https://dom.ria.com/uk/realty-dolgosrochnaya-arenda-kvartira-kiev-shulyavka-beresteyskiy-pobedy-prospekt-34304889.html,18 500 грн,2 кімнати,55 м²,Солом'янський,
domria,https://dom.ria.com/uk/realty-dolgosrochnaya-arenda-kvartira-kiev-poznyaki-dneprovskaya-naberejnaya-34304623.html,44 420 грн,2 кімнати,76.5 м²,Дарницький,
domria,https://dom.ria.com/uk/realty-dolgosrochnaya-arenda-kvartira-kiev-poznyaki-dragomanova-ulitsa-34296559.html,15 000 грн,2 кімнати,60 м²,Дарницький,
domria,https://dom.ria.com/uk/realty-dolgosrochnaya-arenda-kvartira-kiev-goloseevskiy-33896291.html,22 000 грн,2 кімнати,54.9 м²,Голосіївський,
domria,https://dom.ria.com/uk/realty-dolgosrochnaya-arenda-kvartira-kiev-voskresenka-igorya-yuhnovskogo-suleymana-stalskogo-ulitsa-34304480.html,13 500 грн,2 кімнати,60.8 м²,Дніпровський,
domria,https://dom.ria.com/uk/realty-dolgosrochnaya-arenda-kvartira-kiev-darnitskiy-sofii-rusovoy-ulitsa-33650197.html,15 000 грн,1 кімната,43 м²,Дарницький,
domria,https://dom.ria.com/uk/realty-dolgosrochnaya-arenda-kvartira-kiev-chernaya-gora-andreya-verhoglyada-dragomirova-ulitsa-34303742.html,44 420 грн,2 кімнати,80.2 м²,Печерський,
domria,https://dom.ria.com/uk/realty-dolgosrochnaya-arenda-kvartira-kiev-staraya-darnitsa-horolskaya-ulitsa-34303593.html,12 000 грн,1 кімната,39.1 м²,Дніпровський,
domria,https://dom.ria.com/uk/realty-dolgosrochnaya-arenda-kvartira-kiev-solomyanka-mitropolita-vasiliya-lipkovskogo-uritskogo-ulitsa-34303271.html,88 840 грн,5 кімнат,124.7 м²,Солом'янський,
domria,https://dom.ria.com/uk/realty-dolgosrochnaya-arenda-kvartira-kiev-kudryavets-glubochitskaya-ulitsa-34304114.html,40 000 грн,1 кімната,75.3 м²,Шевченківський,
domria,https://dom.ria.com/uk/realty-dolgosrochnaya-arenda-kvartira-kiev-kurenevka-zaharevskaya-ulitsa-34304170.html,14 500 грн,2 кімнати,59 м²,Подільський,
domria,https://dom.ria.com/uk/realty-dolgosrochnaya-arenda-kvartira-kiev-sapernoe-pole-ioanna-pavla-ii-patrisa-lumumby-ulitsa-34304674.html,57 746 грн,2 кімнати,80 м²,Печерський,
domria,https://dom.ria.com/uk/realty-dolgosrochnaya-arenda-kvartira-kiev-levoberejnyy-masiv-raisy-okipnoy-ulitsa-34301093.html,22 210 грн,3 кімнати,151.8 м²,Дніпровський,
domria,https://dom.ria.com/uk/realty-dolgosrochnaya-arenda-kvartira-kiev-voskresenka-voskresenskiy-perova-prospekt-34304354.html,11 000 грн,3 кімнати,51 м²,Дніпровський,
domria,https://dom.ria.com/uk/realty-dolgosrochnaya-arenda-kvartira-kiev-sapernoe-pole-ioanna-pavla-ii-patrisa-lumumby-ulitsa-34301092.html,173 238 грн,1 кімната,81 м²,Печерський,
domria,https://dom.ria.com/uk/realty-dolgosrochnaya-arenda-kvartira-kiev-novaya-darnitsa-novodarnitskaya-ulitsa-34259086.html,15 500 грн,2 кімнати,45 м²,Дарницький,
domria,https://dom.ria.com/uk/realty-dolgosrochnaya-arenda-kvartira-kiev-solomyanka-mitropolita-vasiliya-lipkovskogo-uritskogo-ulitsa-34303227.html,40 000 грн,1 кімната,55 м²,Солом'янський,
domria,https://dom.ria.com/uk/realty-dolgosrochnaya-arenda-kvartira-kiev-solomyanka-generala-shapovala-mehanizatorov-ulitsa-34300330.html,30 000 грн,2 кімнати,58 м²,Солом'янський,
domria,https://dom.ria.com/uk/realty-dolgosrochnaya-arenda-kvartira-kiev-troeschina-chervonoy-kaliny-mayakovskogo-vladimira-prospekt-34284036.html,17 000 грн,3 кімнати,79.3 м²,Деснянський,
domria,https://dom.ria.com/uk/realty-dolgosrochnaya-arenda-kvartira-kiev-solomyanka-bogdanovskaya-ulitsa-34302835.html,17 999 грн,2 кімнати,49 м²,Солом'янський,
domria,https://dom.ria.com/uk/realty-dolgosrochnaya-arenda-kvartira-kiev-pecherskiy-klovskiy-spusk-34303777.html,31 094 грн,2 кімнати,52 м²,Печерський,
domria,https://dom.ria.com/uk/realty-dolgosrochnaya-arenda-kvartira-kiev-tatarka-tatarskaya-ulitsa-34300676.html,11 500 грн,2 кімнати,56 м²,Шевченківський,
domria,https://dom.ria.com/uk/realty-dolgosrochnaya-arenda-kvartira-kiev-osokorki-sofii-rusovoy-ulitsa-34300151.html,16 000 грн,1 кімната,36.6 м²,Дарницький,
domria,https://dom.ria.com/uk/realty-dolgosrochnaya-arenda-kvartira-kiev-sapernoe-pole-makkeyna-djona-ulitsa-34303066.html,77 925 грн,3 кімнати,90 м²,Печерський,
domria,https://dom.ria.com/uk/realty-dolgosrochnaya-arenda-kvartira-kiev-shulyavka-tbilisskiy-pereulok-34303194.html,18 000 грн,1 кімната,48 м²,Солом'янський,
domria,https://dom.ria.com/uk/realty-dolgosrochnaya-arenda-kvartira-kiev-staraya-darnitsa-yaroslava-gasheka-bulvar-34299908.html,32 000 грн,3 кімнати,89 м²,Дніпровський,
domria,https://dom.ria.com/uk/realty-dolgosrochnaya-arenda-kvartira-kiev-sotsgorod-vifleemskaya-akademika-shlihtera-ulitsa-34294094.html,13 000 грн,3 кімнати,57 м²,Дніпровський,
domria,https://dom.ria.com/uk/realty-dolgosrochnaya-arenda-kvartira-kiev-osokorki-chavdar-elizavety-ulitsa-34184096.html,13 000 грн,1 кімната,38 м²,Дарницький,
domria,https://dom.ria.com/uk/realty-dolgosrochnaya-arenda-kvartira-kiev-bortnichi-zodchih-ulitsa-34281638.html,14 000 грн,2 кімнати,50 м²,Дарницький,
domria,https://dom.ria.com/uk/realty-dolgosrochnaya-arenda-kvartira-kiev-harkovskiy-massiv-harkovskoe-shosse-34303295.html,16 500 грн,1 кімната,50 м²,Дарницький,
domria,https://dom.ria.com/uk/realty-dolgosrochnaya-arenda-kvartira-kiev-nikolaya-bajana-prospekt-34302994.html,44 420 грн,2 кімнати,81 м²,,
domria,https://dom.ria.com/uk/realty-dolgosrochnaya-arenda-kvartira-kiev-sapernoe-pole-sapernoe-pole-ulitsa-34270851.html,37 757 грн,1 кімната,50 м²,Печерський,
domria,https://dom.ria.com/uk/realty-dolgosrochnaya-arenda-kvartira-kiev-obolon-vladimira-ivasyuka-prospekt-32148645.html,38 000 грн,3 кімнати,128 м²,Оболонський,
domria,https://dom.ria.com/uk/realty-dolgosrochnaya-arenda-kvartira-kiev-chernaya-gora-kahi-bendukidze-ulitsa-34298586.html,35 536 грн,1 кімната,50 м²,Печерський,
domria,https://dom.ria.com/uk/realty-dolgosrochnaya-arenda-kvartira-kiev-harkovskiy-massiv-harkovskoe-shosse-33804533.html,18 000 грн,3 кімнати,69.6 м²,Дарницький,
domria,https://dom.ria.com/uk/realty-dolgosrochnaya-arenda-kvartira-kiev-severno-brovarskiy-masiv-knyazya-romana-mstislavicha-generala-jmachenko-ulitsa-34297482.html,11 000 грн,1 кімната,36 м²,Дніпровський,
domria,https://dom.ria.com/uk/realty-dolgosrochnaya-arenda-kvartira-kiev-darnitskiy-zarechnaya-ulitsa-34291528.html,30 000 грн,2 кімнати,64 м²,Дарницький,
domria,https://dom.ria.com/uk/realty-dolgosrochnaya-arenda-kvartira-kiev-lukyanovka-yuriya-ilenko-ulitsa-34300741.html,28 000 грн,2 кімнати,55 м²,Шевченківський,
domria,https://dom.ria.com/uk/realty-dolgosrochnaya-arenda-kvartira-kiev-lesnoy-massiv-oresta-levitskogo-akademika-kurchatova-ulitsa-34298058.html,12 500 грн,2 кімнати,42 м²,Деснянський,
domria,https://dom.ria.com/uk/realty-dolgosrochnaya-arenda-kvartira-kiev-shevchenkovskiy-aea-djona-emi-olov-lia-31160761.html,33 000 грн,1 кімната,41 м²,Шевченківський,
domria,https://dom.ria.com/uk/realty-dolgosrochnaya-arenda-kvartira-kiev-poznyaki-revutskogo-ulitsa-34286567.html,35 536 грн,2 кімнати,70 м²,Дарницький,
domria,https://dom.ria.com/uk/realty-dolgosrochnaya-arenda-kvartira-kiev-svyatoshinskiy-beresteyskiy-pobedy-prospekt-32231385.html,30 000 грн,2 кімнати,75 м²,Святошинський,
domria,https://dom.ria.com/uk/realty-dolgosrochnaya-arenda-kvartira-kiev-telichka-stolichnoe-shosse-34298297.html,17 500 грн,1 кімната,42 м²,Голосіївський,
domria,https://dom.ria.com/uk/realty-dolgosrochnaya-arenda-kvartira-kiev-chernaya-gora-andreya-verhoglyada-dragomirova-ulitsa-34191312.html,199 890 грн,5 кімнат,298 м²,Печерський,
domria,https://dom.ria.com/uk/realty-dolgosrochnaya-arenda-kvartira-kiev-pecherskiy-konovaltsa-evgeniya-ulitsa-34299890.html,35 536 грн,3 кімнати,105.4 м²,Печерський,
domria,https://dom.ria.com/uk/realty-dolgosrochnaya-arenda-kvartira-kiev-lesnoy-massiv-milyutenko-ulitsa-34299948.html,10 000 грн,1 кімната,33.5 м²,Деснянський,
domria,https://dom.ria.com/uk/realty-dolgosrochnaya-arenda-kvartira-kiev-nivki-salyutnaya-ulitsa-34299261.html,26 652 грн,1 кімната,31 м²,Шевченківський,
domria,https://dom.ria.com/uk/realty-dolgosrochnaya-arenda-kvartira-kiev-goloseev-vasilkovskaya-ulitsa-34298846.html,57 746 грн,2 кімнати,70 м²,Голосіївський,
domria,https://dom.ria.com/uk/realty-dolgosrochnaya-arenda-kvartira-kiev-levoberejnyy-masiv-nikolsko-slobodskaya-ulitsa-34299343.html,57 145 грн,2 кімнати,82.5 м²,Дніпровський,
domria,https://dom.ria.com/uk/realty-dolgosrochnaya-arenda-kvartira-kiev-poznyaki-petra-grigorenko-prospekt-34299003.html,12 000 грн,1 кімната,44.4 м²,Дарницький,
domria,https://dom.ria.com/uk/realty-dolgosrochnaya-arenda-kvartira-kiev-cherepanova-gora-shota-rustaveli-ulitsa-34298512.html,35 980 грн,1 кімната,76.1 м²,Печерський,
domria,https://dom.ria.com/uk/realty-dolgosrochnaya-arenda-kvartira-kiev-shulyavka-proviantskaya-gali-timofeevoy-ulitsa-34296300.html,22 000 грн,1 кімната,29.2 м²,Солом'янський,
domria,https://dom.ria.com/uk/realty-dolgosrochnaya-arenda-kvartira-kiev-vinogradar-evropeyskogo-soyuza-pravdy-prospekt-34115224.html,15 000 грн,3 кімнати,69.99 м²,Подільський,
domria,https://dom.ria.com/uk/realty-dolgosrochnaya-arenda-kvartira-kiev-shulyavka-rostislavska-marshala-rybalko-ulitsa-34273925.html,16 105 грн,2 кімнати,42.8 м²,Солом'янський,
domria,https://dom.ria.com/uk/realty-dolgosrochnaya-arenda-kvartira-kiev-pecherskiy-mihaila-boychuka-ulitsa-34299328.html,84 398 грн,1 кімната,60 м²,Печерський,
domria,https://dom.ria.com/uk/realty-dolgosrochnaya-arenda-kvartira-kiev-pecherskiy-andreya-verhoglyada-dragomirova-ulitsa-34192896.html,66 630 грн,2 кімнати,75 м²,Печерський,
domria,https://dom.ria.com/uk/realty-dolgosrochnaya-arenda-kvartira-kiev-sapernoe-pole-sapernoe-pole-ulitsa-34299211.html,48 862 грн,1 кімната,56.3 м²,Печерський,
domria,https://dom.ria.com/uk/realty-dolgosrochnaya-arenda-kvartira-kiev-harkovskiy-massiv-kamenskaya-ulitsa-34289837.html,17 000 грн,1 кімната,23 м²,Дарницький,
domria,https://dom.ria.com/uk/realty-dolgosrochnaya-arenda-kvartira-kiev-demeevka-goloseevskiy-40-letiya-oktyabrya-prospekt-34299072.html,48 862 грн,3 кімнати,105 м²,Голосіївський,
domria,https://dom.ria.com/uk/realty-dolgosrochnaya-arenda-kvartira-kiev-solomenskiy-uritskogo-ulitsa-34281504.html,35 536 грн,1 кімната,50 м²,Солом'янський,
domria,https://dom.ria.com/uk/realty-dolgosrochnaya-arenda-kvartira-kiev-bereznyaki-ivana-mykolaychuka-ulitsa-33286777.html,13 500 грн,2 кімнати,60 м²,Дніпровський,
domria,https://dom.ria.com/uk/realty-dolgosrochnaya-arenda-kvartira-kiev-rusanovka-igorya-shamo-alekseya-davydova-bulvar-34296396.html,16 000 грн,2 кімнати,46.7 м²,Дніпровський,
domria,https://dom.ria.com/uk/realty-dolgosrochnaya-arenda-kvartira-kiev-teremki-2-akademika-glushkova-prospekt-34298394.html,15 200 грн,1 кімната,25 м²,Голосіївський,
domria,https://dom.ria.com/uk/realty-dolgosrochnaya-arenda-kvartira-kiev-darnitskiy-zarechnaya-ulitsa-33738781.html,20 000 грн,1 кімната,45.3 м²,Дарницький,
domria,https://dom.ria.com/uk/realty-dolgosrochnaya-arenda-kvartira-kiev-karela-chapeka-yuliusa-fuchika-ulitsa-34297904.html,15 000 грн,2 кімнати,52 м²,,
domria,https://dom.ria.com/uk/realty-dolgosrochnaya-arenda-kvartira-kiev-obolon-geroev-polka-azov-marshala-malinovskogo-ulitsa-34296779.html,16 000 грн,1 кімната,32 м²,Оболонський,
domria,https://dom.ria.com/uk/realty-dolgosrochnaya-arenda-kvartira-kiev-otradnyy-lyubomira-guzara-prospekt-34292966.html,19 500 грн,1 кімната,43 м²,Солом'янський,
domria,https://dom.ria.com/uk/realty-dolgosrochnaya-arenda-kvartira-kiev-chernaya-gora-andreya-verhoglyada-dragomirova-ulitsa-34297855.html,79 956 грн,3 кімнати,120 м²,Печерський,
domria,https://dom.ria.com/uk/realty-dolgosrochnaya-arenda-kvartira-kiev-zverinets-mihaila-boychuka-ulitsa-34297832.html,55 525 грн,2 кімнати,68 м²,Печерський,
domria,https://dom.ria.com/uk/realty-dolgosrochnaya-arenda-kvartira-kiev-chernaya-gora-mendeleeva-ulitsa-34297691.html,40 422 грн,1 кімната,42 м²,Печерський,
domria,https://dom.ria.com/uk/realty-dolgosrochnaya-arenda-kvartira-kiev-chernaya-gora-mendeleeva-ulitsa-34296308.html,35 092 грн,1 кімната,38 м²,Печерський,
domria,https://dom.ria.com/uk/realty-dolgosrochnaya-arenda-kvartira-kiev-osokorki-vishnyakovskaya-ulitsa-34297639.html,16 000 грн,2 кімнати,52 м²,Дарницький,
domria,https://dom.ria.com/uk/realty-dolgosrochnaya-arenda-kvartira-kiev-nijnie-sady-192-ya-sadovaya-ulitsa-34296244.html,79 956 грн,3 кімнати,90 м²,Дарницький,
domria,https://dom.ria.com/uk/realty-dolgosrochnaya-arenda-kvartira-kiev-lesnoy-massiv-oresta-levitskogo-akademika-kurchatova-ulitsa-33583743.html,13 000 грн,1 кімната,29.2 м²,Деснянський,
domria,https://dom.ria.com/uk/realty-dolgosrochnaya-arenda-kvartira-kiev-borschagovka-simirenko-ulitsa-34296224.html,14 000 грн,2 кімнати,55 м²,Святошинський,
domria,https://dom.ria.com/uk/realty-dolgosrochnaya-arenda-kvartira-kiev-pecherskiy-basseynaya-ulitsa-34296057.html,25 000 грн,2 кімнати,54.4 м²,Печерський,
domria,https://dom.ria.com/uk/realty-dolgosrochnaya-arenda-kvartira-kiev-osokorki-sofii-rusovoy-ulitsa-34295453.html,15 000 грн,1 кімната,36.7 м²,Дарницький,
domria,https://dom.ria.com/uk/realty-dolgosrochnaya-arenda-kvartira-kiev-shevchenkovskiy-tarasa-shevchenko-bulvar-34292458.html,35 536 грн,2 кімнати,70 м²,Шевченківський,
domria,https://dom.ria.com/uk/realty-dolgosrochnaya-arenda-kvartira-kiev-minskiy-massiv-yuriya-kondratyuka-ulitsa-34290368.html,23 000 грн,1 кімната,43 м²,Оболонський,
domria,https://dom.ria.com/uk/realty-dolgosrochnaya-arenda-kvartira-kiev-demeevka-goloseevskaya-ulitsa-34295044.html,12 999 грн,1 кімната,25 м²,Голосіївський,
domria,https://dom.ria.com/uk/realty-dolgosrochnaya-arenda-kvartira-kiev-teremki-2-stepana-rudnitskogo-akademika-vilyamsa-ulitsa-34295122.html,17 000 грн,1 кімната,25 м²,Голосіївський,
domria,https://dom.ria.com/uk/realty-dolgosrochnaya-arenda-kvartira-kiev-osokorskaya-ulitsa-34295141.html,88 840 грн,2 кімнати,97 м²,,
domria,https://dom.ria.com/uk/realty-dolgosrochnaya-arenda-kvartira-kiev-lesnoy-massiv-milyutenko-ulitsa-34294867.html,27 000 грн,3 кімнати,87.9 м²,Деснянський,
domria,https://dom.ria.com/uk/realty-dolgosrochnaya-arenda-kvartira-kiev-podol-vozdvijenskaya-ulitsa-34294915.html,21 000 грн,2 кімнати,45 м²,Подільський,
domria,https://dom.ria.com/uk/realty-dolgosrochnaya-arenda-kvartira-kiev-troeschina-onore-de-balzaka-ulitsa-34294932.html,9 000 грн,2 кімнати,54 м²,Деснянський,
domria,https://dom.ria.com/uk/realty-dolgosrochnaya-arenda-kvartira-kiev-shevchenkovskiy-beresteyskiy-pobedy-prospekt-34294976.html,44 420 грн,1 кімната,52.5 м²,Шевченківський,
domria,https://dom.ria.com/uk/realty-dolgosrochnaya-arenda-kvartira-kiev-podol-vozdvijenskaya-ulitsa-33732152.html,19 000 грн,2 кімнати,40 м²,Подільський,
domria,https://dom.ria.com/uk/realty-dolgosrochnaya-arenda-kvartira-kiev-severno-brovarskiy-masiv-knyazya-romana-mstislavicha-generala-jmachenko-ulitsa-34290168.html,48 862 грн,2 кімнати,86 м²,Дніпровський,
domria,https://dom.ria.com/uk/realty-dolgosrochnaya-arenda-kvartira-kiev-vyacheslava-chernovola-kosiora-ulitsa-34245067.html,62 188 грн,2 кімнати,94 м²,Шевченківський,
domria,https://dom.ria.com/uk/realty-dolgosrochnaya-arenda-kvartira-kiev-dneprovskiy-sobornosti-prospekt-34294577.html,9 000 грн,1 кімната,32 м²,Дніпровський,
domria,https://dom.ria.com/uk/realty-dolgosrochnaya-arenda-kvartira-kiev-novaya-darnitsa-yuriya-pashalina-ilicha-ulitsa-34291453.html,31 094 грн,1 кімната,49 м²,Дарницький,
domria,https://dom.ria.com/uk/realty-dolgosrochnaya-arenda-kvartira-kiev-novaya-darnitsa-yuriya-pashalina-ilicha-ulitsa-34291466.html,31 094 грн,1 кімната,39 м²,Дарницький,
domria,https://dom.ria.com/uk/realty-dolgosrochnaya-arenda-kvartira-kiev-akademgorodok-akademika-vernadskogo-bulvar-34290044.html,25 000 грн,3 кімнати,70 м²,Святошинський,
domria,https://dom.ria.com/uk/realty-dolgosrochnaya-arenda-kvartira-kiev-teremki-2-samoylo-koshki-marshala-koneva-ulitsa-34294643.html,22 000 грн,1 кімната,37 м²,Голосіївський,
domria,https://dom.ria.com/uk/realty-dolgosrochnaya-arenda-kvartira-kiev-troeschina-nikolaya-zakrevskogo-ulitsa-34294097.html,10 000 грн,1 кімната,42 м²,Деснянський,
domria,https://dom.ria.com/uk/realty-dolgosrochnaya-arenda-kvartira-kiev-pechersk-evgeniya-gutsalo-pereulok-34294088.html,25 000 грн,2 кімнати,57 м²,Печерський,
domria,https://dom.ria.com/uk/realty-dolgosrochnaya-arenda-kvartira-kiev-otradnyy-nikolaya-vasilenko-ulitsa-34293681.html,14 000 грн,2 кімнати,47 м²,Солом'янський,
domria,https://dom.ria.com/uk/realty-dolgosrochnaya-arenda-kvartira-kiev-sovki-kadetskiy-gay-ulitsa-34292587.html,16 500 грн,1 кімната,29.9 м²,Солом'янський,
domria,https://dom.ria.com/uk/realty-dolgosrochnaya-arenda-kvartira-kiev-chernaya-gora-nikolaya-mihnovskogo-drujby-narodov-bulvar-34293937.html,71 072 грн,3 кімнати,122.4 м²,Печерський,
domria,https://dom.ria.com/uk/realty-dolgosrochnaya-arenda-kvartira-kiev-galagany-chistyakovskaya-ulitsa-34290576.html,11 000 грн,1 кімната,27.7 м²,Святошинський,
domria,https://dom.ria.com/uk/realty-dolgosrochnaya-arenda-kvartira-kiev-pechersk-nikolaya-mihnovskogo-drujby-narodov-bulvar-34273213.html,21 999 грн,2 кімнати,41.5 м²,Печерський,
domria,https://dom.ria.com/uk/realty-dolgosrochnaya-arenda-kvartira-kiev-zverinets-bastionnaya-ulitsa-34293586.html,30 000 грн,1 кімната,45.8 м²,Печерський,
domria,https://dom.ria.com/uk/realty-dolgosrochnaya-arenda-kvartira-kiev-troeschina-nikolaya-zakrevskogo-ulitsa-34293819.html,7 800 грн,1 кімната,35 м²,Деснянський,
domria,https://dom.ria.com/uk/realty-dolgosrochnaya-arenda-kvartira-kiev-podol-nijniy-val-ulitsa-34289716.html,35 000 грн,1 кімната,43 м²,Подільський,
domria,https://dom.ria.com/uk/realty-dolgosrochnaya-arenda-kvartira-kiev-chokolovka-volynskaya-ulitsa-34271083.html,16 000 грн,3 кімнати,80 м²,Солом'янський,
domria,https://dom.ria.com/uk/realty-dolgosrochnaya-arenda-kvartira-kiev-poznyaki-petra-grigorenko-prospekt-34292097.html,20 000 грн,1 кімната,45 м²,Дарницький,
domria,https://dom.ria.com/uk/realty-dolgosrochnaya-arenda-kvartira-kiev-osokorki-solomii-krushelnitskoy-ulitsa-34283069.html,14 000 грн,1 кімната,37 м²,Дарницький,
domria,https://dom.ria.com/uk/realty-dolgosrochnaya-arenda-kvartira-kiev-rusanovka-entuziastov-ulitsa-34274201.html,22 000 грн,2 кімнати,49 м²,Дніпровський,
domria,https://dom.ria.com/uk/realty-dolgosrochnaya-arenda-kvartira-kiev-pervomayskiy-massiv-vozdushnyh-sil-vozduhoflotskiy-prospekt-34293619.html,22 000 грн,2 кімнати,54 м²,Солом'янський,
domria,https://dom.ria.com/uk/realty-dolgosrochnaya-arenda-kvartira-kiev-poznyaki-truskavetskaya-ulitsa-34137639.html,66 630 грн,1 кімната,80 м²,Дарницький,
domria,https://dom.ria.com/uk/realty-dolgosrochnaya-arenda-kvartira-kiev-lesnoy-massiv-bratislavskaya-ulitsa-33600058.html,13 700 грн,3 кімнати,60 м²,Деснянський,
domria,https://dom.ria.com/uk/realty-dolgosrochnaya-arenda-kvartira-kiev-pecherskiy-shota-rustaveli-ulitsa-34293384.html,35 536 грн,2 кімнати,74 м²,Печерський,
domria,https://dom.ria.com/uk/realty-dolgosrochnaya-arenda-kvartira-kiev-staraya-darnitsa-harkovskoe-shosse-34289202.html,14 500 грн,1 кімната,45.4 м²,Дніпровський,
domria,https://dom.ria.com/uk/realty-dolgosrochnaya-arenda-kvartira-kiev-bereznyaki-pavla-tychiny-prospekt-34289150.html,27 000 грн,3 кімнати,105 м²,Дніпровський,
domria,https://dom.ria.com/uk/realty-dolgosrochnaya-arenda-kvartira-kiev-demeevka-yasinovatskiy-pereulok-34230328.html,25 000 грн,2 кімнати,50 м²,Голосіївський,
domria,https://dom.ria.com/uk/realty-dolgosrochnaya-arenda-kvartira-kiev-goloseev-vasilkovskaya-ulitsa-34195136.html,28 000 грн,1 кімната,34 м²,Голосіївський,
domria,https://dom.ria.com/uk/realty-dolgosrochnaya-arenda-kvartira-kiev-goloseevskiy-akademika-zabolotnogo-ulitsa-34280089.html,12 000 грн,1 кімната,35.7 м²,Голосіївський,
domria,https://dom.ria.com/uk/realty-dolgosrochnaya-arenda-kvartira-kiev-podolskiy-naberejno-rybalskaya-doroga-ulitsa-34252810.html,68 851 грн,2 кімнати,71 м²,Подільський,
domria,https://dom.ria.com/uk/realty-dolgosrochnaya-arenda-kvartira-kiev-aleksandrovskaya-slobodka-zlatopolskaya-ulitsa-34292544.html,25 000 грн,2 кімнати,47.9 м²,Солом'янський,
domria,https://dom.ria.com/uk/realty-dolgosrochnaya-arenda-kvartira-kiev-poznyaki-revutskogo-ulitsa-34286326.html,19 000 грн,1 кімната,43 м²,Дарницький,
domria,https://dom.ria.com/uk/realty-dolgosrochnaya-arenda-kvartira-kiev-karavaevy-dachi-polevaya-ulitsa-32464146.html,28 873 грн,2 кімнати,65.7 м²,Солом'янський,
domria,https://dom.ria.com/uk/realty-dolgosrochnaya-arenda-kvartira-kiev-shevchenkovskiy-beresteyskiy-pobedy-prospekt-33432192.html,20 000 грн,2 кімнати,80 м²,Шевченківський,
domria,https://dom.ria.com/uk/realty-dolgosrochnaya-arenda-kvartira-kiev-troeschina-nikolaya-zakrevskogo-ulitsa-34292356.html,13 000 грн,1 кімната,45 м²,Деснянський,
domria,https://dom.ria.com/uk/realty-dolgosrochnaya-arenda-kvartira-kiev-nivki-rujinskaya-vilgelma-pika-ulitsa-34292493.html,8 500 грн,1 кімната,34 м²,Шевченківський,
domria,https://dom.ria.com/uk/realty-dolgosrochnaya-arenda-kvartira-kiev-sapernoe-pole-vasiliya-tyutyunnika-ulitsa-34292527.html,44 420 грн,1 кімната,45 м²,Печерський,
domria,https://dom.ria.com/uk/realty-dolgosrochnaya-arenda-kvartira-kiev-podol-turovskaya-ulitsa-34292260.html,44 420 грн,1 кімната,64 м²,Подільський,
domria,https://dom.ria.com/uk/realty-dolgosrochnaya-arenda-kvartira-kiev-poznyaki-petra-grigorenko-prospekt-34280197.html,17 990 грн,1 кімната,55 м²,Дарницький,
domria,https://dom.ria.com/uk/realty-dolgosrochnaya-arenda-kvartira-kiev-troeschina-aleksandry-ekster-mariny-tsvetaevoy-ulitsa-34292013.html,8 000 грн,1 кімната,40 м²,Деснянський,
domria,https://dom.ria.com/uk/realty-dolgosrochnaya-arenda-kvartira-kiev-julyany-yunosheskaya-ulitsa-33128619.html,35 536 грн,1 кімната,46.9 м²,Голосіївський,
domria,https://dom.ria.com/uk/realty-dolgosrochnaya-arenda-kvartira-kiev-poznyaki-nikolaya-bajana-prospekt-34289734.html,20 000 грн,3 кімнати,97 м²,Дарницький,
domria,https://dom.ria.com/uk/realty-dolgosrochnaya-arenda-kvartira-kiev-laboratornyy-pereulok-34291871.html,39 978 грн,2 кімнати,65 м²,,
domria,https://dom.ria.com/uk/realty-dolgosrochnaya-arenda-kvartira-kiev-goloseev-mihaila-maksimovicha-ulitsa-34283885.html,26 000 грн,1 кімната,41.2 м²,Голосіївський,
domria,https://dom.ria.com/uk/realty-dolgosrochnaya-arenda-kvartira-kiev-lipki-darvina-ulitsa-34291276.html,42 199 грн,3 кімнати,98 м²,Печерський,
domria,https://dom.ria.com/uk/realty-dolgosrochnaya-arenda-kvartira-kiev-borschagovka-jyulya-verna-romena-rollana-bulvar-34284078.html,9 000 грн,1 кімната,35 м²,Святошинський,
domria,https://dom.ria.com/uk/realty-dolgosrochnaya-arenda-kvartira-kiev-novaya-darnitsa-borispolskaya-ulitsa-34243434.html,15 000 грн,1 кімната,40 м²,Дарницький,
domria,https://dom.ria.com/uk/realty-dolgosrochnaya-arenda-kvartira-kiev-sapernoe-pole-konovaltsa-evgeniya-ulitsa-34290156.html,88 840 грн,2 кімнати,99 м²,Печерський,
domria,https://dom.ria.com/uk/realty-dolgosrochnaya-arenda-kvartira-kiev-borschagovka-simirenko-ulitsa-34289467.html,7 000 грн,1 кімната,32 м²,Святошинський,
domria,https://dom.ria.com/uk/realty-dolgosrochnaya-arenda-kvartira-kiev-pecherskiy-generala-almazova-ulitsa-32636666.html,26 000 грн,2 кімнати,46.4 м²,Печерський,
domria,https://dom.ria.com/uk/realty-dolgosrochnaya-arenda-kvartira-kiev-zverinets-mihaila-boychuka-ulitsa-34290039.html,55 525 грн,2 кімнати,68 м²,Печерський,
domria,https://dom.ria.com/uk/realty-dolgosrochnaya-arenda-kvartira-kiev-lipki-basseynaya-ulitsa-34283938.html,62 188 грн,3 кімнати,72.4 м²,Печерський,
domria,https://dom.ria.com/uk/realty-dolgosrochnaya-arenda-kvartira-kiev-pervomayskiy-massiv-ushinskogo-ulitsa-34285733.html,20 000 грн,2 кімнати,39.2 м²,Солом'янський,
domria,https://dom.ria.com/uk/realty-dolgosrochnaya-arenda-kvartira-kiev-shulyavka-beresteyskiy-pobedy-prospekt-34288858.html,44 420 грн,1 кімната,50.9 м²,Солом'янський,
domria,https://dom.ria.com/uk/realty-dolgosrochnaya-arenda-kvartira-kiev-tsentr-bulvarno-kudryavskaya-vorovskogo-ulitsa-34287003.html,71 072 грн,2 кімнати,67.2 м²,Шевченківський,
domria,https://dom.ria.com/uk/realty-dolgosrochnaya-arenda-kvartira-kiev-podolskiy-aleksandra-olesya-ulitsa-34286753.html,24 000 грн,1 кімната,42.8 м²,Подільський,
domria,https://dom.ria.com/uk/realty-dolgosrochnaya-arenda-kvartira-kiev-harkovskiy-massiv-harkovskoe-shosse-34289190.html,20 000 грн,1 кімната,45 м²,Дарницький,
domria,https://dom.ria.com/uk/realty-dolgosrochnaya-arenda-kvartira-kiev-lukyanovka-gareta-djonsa-semi-hohlovyh-ulitsa-34282818.html,44 000 грн,1 кімната,45.5 м²,Шевченківський,
domria,https://dom.ria.com/uk/realty-dolgosrochnaya-arenda-kvartira-kiev-osokorki-sofii-rusovoy-ulitsa-34289174.html,20 000 грн,1 кімната,45 м²,Дарницький,
domria,https://dom.ria.com/uk/realty-dolgosrochnaya-arenda-kvartira-kiev-kudryavets-bulvarno-kudryavskaya-vorovskogo-ulitsa-34071875.html,66 630 грн,2 кімнати,50 м²,Шевченківський,
domria,https://dom.ria.com/uk/realty-dolgosrochnaya-arenda-kvartira-kiev-dneprovskiy-yaroslava-gasheka-bulvar-34286708.html,16 500 грн,2 кімнати,43.3 м²,Дніпровський,
domria,https://dom.ria.com/uk/realty-dolgosrochnaya-arenda-kvartira-kiev-karavaevy-dachi-nejinskaya-ulitsa-34283256.html,18 000 грн,2 кімнати,53 м²,Солом'янський,
domria,https://dom.ria.com/uk/realty-dolgosrochnaya-arenda-kvartira-kiev-polovetskaya-ulitsa-34256674.html,22 000 грн,3 кімнати,68 м²,,
domria,https://dom.ria.com/uk/realty-dolgosrochnaya-arenda-kvartira-kiev-shulyavka-kovalskiy-pereulok-34289125.html,27 000 грн,2 кімнати,70 м²,Солом'янський,
domria,https://dom.ria.com/uk/realty-dolgosrochnaya-arenda-kvartira-kiev-osokorki-chavdar-elizavety-ulitsa-34288995.html,19 000 грн,1 кімната,43 м²,Дарницький,
domria,https://dom.ria.com/uk/realty-dolgosrochnaya-arenda-kvartira-kiev-poznyaki-anny-ahmatovoy-ulitsa-34286500.html,15 000 грн,3 кімнати,70.6 м²,Дарницький,
domria,https://dom.ria.com/uk/realty-dolgosrochnaya-arenda-kvartira-kiev-sotsgorod-verhovnogo-soveta-bulvar-34288263.html,11 000 грн,2 кімнати,45 м²,Дніпровський,
domria,https://dom.ria.com/uk/realty-dolgosrochnaya-arenda-kvartira-kiev-lipki-shelkovichnaya-ulitsa-34286866.html,30 000 грн,2 кімнати,45 м²,Печерський,
domria,https://dom.ria.com/uk/realty-dolgosrochnaya-arenda-kvartira-kiev-osokorki-sofii-rusovoy-ulitsa-34288546.html,16 000 грн,1 кімната,44 м²,Дарницький,
domria,https://dom.ria.com/uk/realty-dolgosrochnaya-arenda-kvartira-kiev-novoe-stroenie-antonovicha-gorkogo-ulitsa-34287678.html,66 630 грн,1 кімната,72 м²,Голосіївський,
domria,https://dom.ria.com/uk/realty-dolgosrochnaya-arenda-kvartira-kiev-obolon-vladimira-ivasyuka-prospekt-33628420.html,26 000 грн,1 кімната,56 м²,Оболонський,
domria,https://dom.ria.com/uk/realty-dolgosrochnaya-arenda-kvartira-kiev-obolon-vladimira-ivasyuka-prospekt-34288104.html,32 000 грн,3 кімнати,93 м²,Оболонський,
domria,https://dom.ria.com/uk/realty-dolgosrochnaya-arenda-kvartira-kiev-galagany-berdnika-olesya-ulitsa-34288166.html,31 094 грн,2 кімнати,67.8 м²,Святошинський,
domria,https://dom.ria.com/uk/realty-dolgosrochnaya-arenda-kvartira-kiev-nikolsko-slobodskaya-ulitsa-34288229.html,23 000 грн,1 кімната,52 м²,,
domria,https://dom.ria.com/uk/realty-dolgosrochnaya-arenda-kvartira-kiev-darnitskiy-anny-ahmatovoy-ulitsa-33489201.html,15 000 грн,1 кімната,53 м²,Дарницький,
domria,https://dom.ria.com/uk/realty-dolgosrochnaya-arenda-kvartira-kiev-sapernoe-pole-krepostnoy-tverskoy-tupik-34154725.html,19 989 грн,1 кімната,28 м²,Печерський,
domria,https://dom.ria.com/uk/realty-dolgosrochnaya-arenda-kvartira-kiev-larisi-rudenko-ulitsa-34287965.html,15 000 грн,1 кімната,38.3 м²,,
domria,https://dom.ria.com/uk/realty-dolgosrochnaya-arenda-kvartira-kiev-nikolaya-bajana-prospekt-34287555.html,31 094 грн,2 кімнати,66 м²,,
domria,https://dom.ria.com/uk/realty-dolgosrochnaya-arenda-kvartira-kiev-aleksandrovskaya-slobodka-lobanovskogo-krasnozvezdnyy-prospekt-34287665.html,17 500 грн,2 кімнати,83 м²,Солом'янський,
domria,https://dom.ria.com/uk/realty-dolgosrochnaya-arenda-kvartira-kiev-andreya-verhoglyada-dragomirova-ulitsa-33735683.html,199 890 грн,2 кімнати,118 м²,Печерський,
domria,https://dom.ria.com/uk/realty-dolgosrochnaya-arenda-kvartira-kiev-chernaya-gora-nikolaya-mihnovskogo-drujby-narodov-bulvar-34285654.html,20 000 грн,2 кімнати,45 м²,Печерський,
domria,https://dom.ria.com/uk/realty-dolgosrochnaya-arenda-kvartira-kiev-nikolaya-bajana-prospekt-34286732.html,44 420 грн,2 кімнати,62 м²,,
domria,https://dom.ria.com/uk/realty-dolgosrochnaya-arenda-kvartira-kiev-lesnoy-massiv-milyutenko-ulitsa-34286350.html,27 000 грн,3 кімнати,87.7 м²,Деснянський,
domria,https://dom.ria.com/uk/realty-dolgosrochnaya-arenda-kvartira-kiev-vinogradar-svetlitskogo-ulitsa-34285976.html,13 000 грн,1 кімната,22.4 м²,Подільський,
domria,https://dom.ria.com/uk/realty-dolgosrochnaya-arenda-kvartira-kiev-poznyaki-dneprovskaya-naberejnaya-34285862.html,62 188 грн,3 кімнати,104.6 м²,Дарницький,
domria,https://dom.ria.com/uk/realty-dolgosrochnaya-arenda-kvartira-kiev-belichi-obuhovskaya-ulitsa-34285836.html,15 000 грн,1 кімната,30.8 м²,Святошинський,
domria,https://dom.ria.com/uk/realty-dolgosrochnaya-arenda-kvartira-kiev-novoe-stroenie-antonovicha-gorkogo-ulitsa-34286210.html,25 000 грн,2 кімнати,60 м²,Голосіївський,
domria,https://dom.ria.com/uk/realty-dolgosrochnaya-arenda-kvartira-kiev-lukyanovka-delegatskiy-pereulok-34273916.html,16 000 грн,1 кімната,37 м²,Шевченківський,
domria,https://dom.ria.com/uk/realty-dolgosrochnaya-arenda-kvartira-kiev-lesnoy-massiv-sholom-aleyhema-ulitsa-34286417.html,12 000 грн,1 кімната,38 м²,Деснянський,
domria,https://dom.ria.com/uk/realty-dolgosrochnaya-arenda-kvartira-kiev-dvrz-almatinskaya-ulitsa-34285615.html,12 000 грн,1 кімната,50 м²,Дніпровський,
domria,https://dom.ria.com/uk/realty-dolgosrochnaya-arenda-kvartira-kiev-vinogradar-svobody-prospekt-34279628.html,18 000 грн,2 кімнати,50.3 м²,Подільський,
domria,https://dom.ria.com/uk/realty-dolgosrochnaya-arenda-kvartira-kiev-bereznyaki-yuriya-shumskogo-ulitsa-34281054.html,22 000 грн,2 кімнати,90.9 м²,Дніпровський,
domria,https://dom.ria.com/uk/realty-dolgosrochnaya-arenda-kvartira-kiev-lesnoy-massiv-kubanskoy-ukrainy-ulitsa-34285715.html,13 500 грн,3 кімнати,58.9 м²,Деснянський,
domria,https://dom.ria.com/uk/realty-dolgosrochnaya-arenda-kvartira-kiev-novaya-darnitsa-yuriya-pashalina-ilicha-ulitsa-34284951.html,39 978 грн,2 кімнати,67 м²,Дарницький,
domria,https://dom.ria.com/uk/realty-dolgosrochnaya-arenda-kvartira-kiev-obolon-geroev-dnepra-ulitsa-34284877.html,17 000 грн,1 кімната,43 м²,Оболонський,
domria,https://dom.ria.com/uk/realty-dolgosrochnaya-arenda-kvartira-kiev-goloseevskiy-bolshaya-vasilkovskaya-ulitsa-34284576.html,23 000 грн,2 кімнати,50 м²,Голосіївський,
domria,https://dom.ria.com/uk/realty-dolgosrochnaya-arenda-kvartira-kiev-goloseev-kolomyyskiy-pereulok-34273989.html,20 000 грн,1 кімната,37 м²,Голосіївський,
domria,https://dom.ria.com/uk/realty-dolgosrochnaya-arenda-kvartira-kiev-poznyaki-anny-ahmatovoy-ulitsa-34285190.html,19 000 грн,2 кімнати,77 м²,Дарницький,
domria,https://dom.ria.com/uk/realty-dolgosrochnaya-arenda-kvartira-kiev-nivki-daniila-scherbakovskogo-scherbakova-ulitsa-34279292.html,23 378 грн,2 кімнати,44 м²,Шевченківський,
domria,https://dom.ria.com/uk/realty-dolgosrochnaya-arenda-kvartira-kiev-osokorki-petra-grigorenko-prospekt-34285292.html,14 500 грн,2 кімнати,55 м²,Дарницький,
domria,https://dom.ria.com/uk/realty-dolgosrochnaya-arenda-kvartira-kiev-levoberejnyy-masiv-mitropolita-andreya-sheptitskogo-ulitsa-34283706.html,11 000 грн,1 кімната,32.4 м²,Дніпровський,
domria,https://dom.ria.com/uk/realty-dolgosrochnaya-arenda-kvartira-kiev-darnitskiy-osokorskaya-ulitsa-34276939.html,43 976 грн,1 кімната,52 м²,Дарницький,
domria,https://dom.ria.com/uk/realty-dolgosrochnaya-arenda-kvartira-kiev-obolon-obolonskiy-prospekt-34284839.html,39 978 грн,1 кімната,60 м²,Оболонський,
domria,https://dom.ria.com/uk/realty-dolgosrochnaya-arenda-kvartira-kiev-shulyavka-beresteyskiy-pobedy-prospekt-34250229.html,44 420 грн,2 кімнати,55 м²,Солом'янський,
domria,https://dom.ria.com/uk/realty-dolgosrochnaya-arenda-kvartira-kiev-turetskiy-gorodok-fedora-ernsta-ulitsa-34283486.html,26 000 грн,2 кімнати,81 м²,Солом'янський,
domria,https://dom.ria.com/uk/realty-dolgosrochnaya-arenda-kvartira-kiev-dneprovskiy-regeneratornaya-ulitsa-33140388.html,42 199 грн,2 кімнати,84 м²,Дніпровський,
domria,https://dom.ria.com/uk/realty-dolgosrochnaya-arenda-kvartira-kiev-chernaya-gora-andreya-verhoglyada-dragomirova-ulitsa-34281769.html,88 840 грн,2 кімнати,85 м²,Печерський,
domria,https://dom.ria.com/uk/realty-dolgosrochnaya-arenda-kvartira-kiev-chernaya-gora-andreya-verhoglyada-dragomirova-ulitsa-34070658.html,62 188 грн,2 кімнати,65 м²,Печерський,
domria,https://dom.ria.com/uk/realty-dolgosrochnaya-arenda-kvartira-kiev-pecherskiy-andreya-verhoglyada-dragomirova-ulitsa-34227685.html,57 746 грн,2 кімнати,72 м²,Печерський,
domria,https://dom.ria.com/uk/realty-dolgosrochnaya-arenda-kvartira-kiev-voskresenka-voskresenskaya-ulitsa-34272439.html,33 000 грн,3 кімнати,93 м²,Дніпровський,
domria,https://dom.ria.com/uk/realty-dolgosrochnaya-arenda-kvartira-kiev-staraya-darnitsa-harkovskoe-shosse-34284345.html,13 000 грн,1 кімната,50 м²,Дніпровський,
domria,https://dom.ria.com/uk/realty-dolgosrochnaya-arenda-kvartira-kiev-sergeya-danchenko-ulitsa-34284304.html,12 000 грн,1 кімната,45 м²,,
domria,https://dom.ria.com/uk/realty-dolgosrochnaya-arenda-kvartira-kiev-nivki-mrii-akademika-tupoleva-ulitsa-34284229.html,12 000 грн,2 кімнати,47 м²,Шевченківський,
domria,https://dom.ria.com/uk/realty-dolgosrochnaya-arenda-kvartira-kiev-goloseev-leopolda-yaschenko-vasiliya-jukovskogo-pereulok-34278222.html,21 000 грн,2 кімнати,67 м²,Голосіївський,
domria,https://dom.ria.com/uk/realty-dolgosrochnaya-arenda-kvartira-kiev-lukyanovka-zagorovskaya-baggovutovskaya-ulitsa-33952746.html,20 000 грн,1 кімната,45 м²,Шевченківський,
domria,https://dom.ria.com/uk/realty-dolgosrochnaya-arenda-kvartira-kiev-shevchenkovskiy-beresteyskiy-pobedy-prospekt-34283257.html,44 420 грн,1 кімната,52.5 м²,Шевченківський,
domria,https://dom.ria.com/uk/realty-dolgosrochnaya-arenda-kvartira-kiev-demeevka-kostanayskaya-ulitsa-34280459.html,31 500 грн,2 кімнати,64 м²,Голосіївський,
domria,https://dom.ria.com/uk/realty-dolgosrochnaya-arenda-kvartira-kiev-osokorki-larisi-rudenko-ulitsa-34283537.html,21 000 грн,2 кімнати,65 м²,Дарницький,
domria,https://dom.ria.com/uk/realty-dolgosrochnaya-arenda-kvartira-kiev-shulyavka-beresteyskiy-pobedy-prospekt-34280622.html,33 000 грн,2 кімнати,58 м²,Солом'янський,
domria,https://dom.ria.com/uk/realty-dolgosrochnaya-arenda-kvartira-kiev-zverinets-zverinetskaya-ulitsa-34283304.html,115 492 грн,3 кімнати,122.6 м²,Печерський,
domria,https://dom.ria.com/uk/realty-dolgosrochnaya-arenda-kvartira-kiev-darnitskiy-armyanskaya-ulitsa-34281506.html,14 000 грн,2 кімнати,55 м²,Дарницький,
domria,https://dom.ria.com/uk/realty-dolgosrochnaya-arenda-kvartira-kiev-naberejno-rybalskaya-doroga-ulitsa-34283175.html,44 420 грн,1 кімната,55 м²,,
domria,https://dom.ria.com/uk/realty-dolgosrochnaya-arenda-kvartira-kiev-naberejno-rybalskaya-doroga-ulitsa-34283159.html,44 420 грн,1 кімната,55 м²,,
domria,https://dom.ria.com/uk/realty-dolgosrochnaya-arenda-kvartira-kiev-karavaevy-dachi-tatyaninskaya-levanevskogo-ulitsa-34237436.html,62 188 грн,2 кімнати,96.7 м²,Солом'янський,
domria,https://dom.ria.com/uk/realty-dolgosrochnaya-arenda-kvartira-kiev-pecherskiy-mihaila-boychuka-ulitsa-34274665.html,10 000 грн,1 кімната,49 м²,Печерський,
domria,https://dom.ria.com/uk/realty-dolgosrochnaya-arenda-kvartira-kiev-aleksandrovskaya-slobodka-preobrajenskaya-ulitsa-34272982.html,35 536 грн,3 кімнати,128.6 м²,Солом'янський,
domria,https://dom.ria.com/uk/realty-dolgosrochnaya-arenda-kvartira-kiev-obolon-obolonskiy-prospekt-34281716.html,35 536 грн,1 кімната,44.1 м²,Оболонський,
domria,https://dom.ria.com/uk/realty-dolgosrochnaya-arenda-kvartira-kiev-julyany-mihaila-maksimovicha-ulitsa-34280389.html,20 000 грн,1 кімната,26 м²,Солом'янський,
domria,https://dom.ria.com/uk/realty-dolgosrochnaya-arenda-kvartira-kiev-shulyavka-beresteyskiy-pobedy-prospekt-34281687.html,57 746 грн,2 кімнати,79.9 м²,Шевченківський,
domria,https://dom.ria.com/uk/realty-dolgosrochnaya-arenda-kvartira-kiev-mostitskiy-massiv-evropeyskogo-soyuza-pravdy-prospekt-34282345.html,25 000 грн,3 кімнати,91 м²,Подільський,
domria,https://dom.ria.com/uk/realty-dolgosrochnaya-arenda-kvartira-kiev-poznyaki-eleny-pchilki-ulitsa-34281668.html,18 000 грн,1 кімната,48.9 м²,Дарницький,
domria,https://dom.ria.com/uk/realty-dolgosrochnaya-arenda-kvartira-kiev-aleksandrovskaya-slobodka-maksima-tokareva-vuzovskaya-ulitsa-34278785.html,22 000 грн,2 кімнати,91.7 м²,Солом'янський,
domria,https://dom.ria.com/uk/realty-dolgosrochnaya-arenda-kvartira-kiev-solomyanka-mitropolita-vasiliya-lipkovskogo-uritskogo-ulitsa-34279472.html,42 000 грн,3 кімнати,91 м²,Солом'янський,
domria,https://dom.ria.com/uk/realty-dolgosrochnaya-arenda-kvartira-kiev-darnitskiy-dneprovskaya-naberejnaya-32799762.html,22 210 грн,1 кімната,28 м²,Дарницький,
domria,https://dom.ria.com/uk/realty-dolgosrochnaya-arenda-kvartira-kiev-osokorki-revutskogo-ulitsa-34261874.html,17 000 грн,1 кімната,48 м²,Дарницький,
domria,https://dom.ria.com/uk/realty-dolgosrochnaya-arenda-kvartira-kiev-osokorki-sofii-rusovoy-ulitsa-34280078.html,12 000 грн,1 кімната,48 м²,Дарницький,
domria,https://dom.ria.com/uk/realty-dolgosrochnaya-arenda-kvartira-kiev-lipki-lipskaya-ulitsa-34281019.html,37 757 грн,2 кімнати,57 м²,Печерський,
domria,https://dom.ria.com/uk/realty-dolgosrochnaya-arenda-kvartira-kiev-lipki-lipskaya-ulitsa-34281097.html,37 757 грн,2 кімнати,57 м²,Печерський,
domria,https://dom.ria.com/uk/realty-dolgosrochnaya-arenda-kvartira-kiev-chernaya-gora-andreya-verhoglyada-dragomirova-ulitsa-34281096.html,88 840 грн,3 кімнати,87 м²,Печерський,
domria,https://dom.ria.com/uk/realty-dolgosrochnaya-arenda-kvartira-kiev-akademgorodok-akademika-dobrohotova-ulitsa-34281420.html,23 000 грн,3 кімнати,68 м²,Святошинський,
domria,https://dom.ria.com/uk/realty-dolgosrochnaya-arenda-kvartira-kiev-obolon-severnaya-ulitsa-34281423.html,16 000 грн,2 кімнати,38 м²,Оболонський,
domria,https://dom.ria.com/uk/realty-dolgosrochnaya-arenda-kvartira-kiev-zverinets-mihaila-boychuka-ulitsa-34281353.html,88 618 грн,3 кімнати,98 м²,Печерський,
domria,https://dom.ria.com/uk/realty-dolgosrochnaya-arenda-kvartira-kiev-staraya-darnitsa-harkovskoe-shosse-34280755.html,21 000 грн,2 кімнати,60 м²,Дніпровський,
domria,https://dom.ria.com/uk/realty-dolgosrochnaya-arenda-kvartira-kiev-praktichnaya-ulitsa-34281057.html,20 000 грн,1 кімната,38 м²,,
domria,https://dom.ria.com/uk/realty-dolgosrochnaya-arenda-kvartira-kiev-chavdar-elizavety-ulitsa-34280461.html,13 500 грн,1 кімната,48 м²,,
domria,https://dom.ria.com/uk/realty-dolgosrochnaya-arenda-kvartira-kiev-otradnyy-lyubomira-guzara-prospekt-34281020.html,24 000 грн,1 кімната,44 м²,Солом'янський,
domria,https://dom.ria.com/uk/realty-dolgosrochnaya-arenda-kvartira-kiev-akademika-schuseva-ulitsa-34281124.html,15 000 грн,1 кімната,36 м²,,
domria,https://dom.ria.com/uk/realty-dolgosrochnaya-arenda-kvartira-kiev-goloseev-mihaila-maksimovicha-ulitsa-34281160.html,30 000 грн,1 кімната,41 м²,Голосіївський,
domria,https://dom.ria.com/uk/realty-dolgosrochnaya-arenda-kvartira-kiev-poznyaki-dragomanova-ulitsa-34278157.html,18 800 грн,2 кімнати,78.1 м²,Дарницький,
domria,https://dom.ria.com/uk/realty-dolgosrochnaya-arenda-kvartira-kiev-darnitskiy-nikolaya-bajana-prospekt-34276473.html,15 990 грн,1 кімната,45 м²,Дарницький,
domria,https://dom.ria.com/uk/realty-dolgosrochnaya-arenda-kvartira-kiev-kudryavets-bulvarno-kudryavskaya-vorovskogo-vatslava-ulitsa-34280705.html,34 000 грн,1 кімната,35 м²,Шевченківський,
domria,https://dom.ria.com/uk/realty-dolgosrochnaya-arenda-kvartira-kiev-darnitskiy-osokorskaya-ulitsa-34279733.html,44 158 грн,1 кімната,52 м²,Дарницький,
domria,https://dom.ria.com/uk/realty-dolgosrochnaya-arenda-kvartira-kiev-troeschina-chervonoy-kaliny-mayakovskogo-vladimira-prospekt-33222582.html,13 000 грн,3 кімнати,77 м²,Деснянський,
domria,https://dom.ria.com/uk/realty-dolgosrochnaya-arenda-kvartira-kiev-goloseev-mihaila-maksimovicha-ulitsa-34271899.html,30 000 грн,1 кімната,42 м²,Голосіївський,
domria,https://dom.ria.com/uk/realty-dolgosrochnaya-arenda-kvartira-kiev-novobelichi-olega-mudraka-generala-naumova-ulitsa-34280503.html,10 000 грн,1 кімната,33 м²,Святошинський,
domria,https://dom.ria.com/uk/realty-dolgosrochnaya-arenda-kvartira-kiev-darnitskiy-sribnokilskaya-ulitsa-34280020.html,16 000 грн,2 кімнати,56 м²,Дарницький,
domria,https://dom.ria.com/uk/realty-dolgosrochnaya-arenda-kvartira-kiev-obolon-vladimira-ivasyuka-prospekt-34265278.html,15 000 грн,1 кімната,36 м²,Оболонський,
domria,https://dom.ria.com/uk/realty-dolgosrochnaya-arenda-kvartira-kiev-tsentr-bogdana-hmelnitskogo-ulitsa-34279283.html,84 398 грн,3 кімнати,90 м²,Шевченківський,
domria,https://dom.ria.com/uk/realty-dolgosrochnaya-arenda-kvartira-kiev-demeevka-valeriya-lobanovskogo-krasnozvjozdnyy-prospekt-34280231.html,18 500 грн,2 кімнати,72 м²,Голосіївський,
domria,https://dom.ria.com/uk/realty-dolgosrochnaya-arenda-kvartira-kiev-desnyanskiy-chervonoy-kaliny-mayakovskogo-vladimira-prospekt-34275707.html,14 000 грн,2 кімнати,56 м²,Деснянський,
domria,https://dom.ria.com/uk/realty-dolgosrochnaya-arenda-kvartira-kiev-chernaya-gora-andreya-verhoglyada-dragomirova-ulitsa-34275578.html,35 536 грн,1 кімната,53 м²,Печерський,
domria,https://dom.ria.com/uk/realty-dolgosrochnaya-arenda-kvartira-kiev-demeevka-goloseevskaya-ulitsa-34278906.html,23 000 грн,1 кімната,55 м²,Голосіївський,
domria,https://dom.ria.com/uk/realty-dolgosrochnaya-arenda-kvartira-kiev-solomyanka-generala-shapovala-mehanizatorov-ulitsa-33860811.html,26 000 грн,1 кімната,70 м²,Солом'янський,
domria,https://dom.ria.com/uk/realty-dolgosrochnaya-arenda-kvartira-kiev-chernaya-gora-andreya-verhoglyada-dragomirova-ulitsa-34277256.html,79 956 грн,3 кімнати,120 м²,Печерський,
domria,https://dom.ria.com/uk/realty-dolgosrochnaya-arenda-kvartira-kiev-rusanovka-rusanovskaya-naberejnaya-34274199.html,22 500 грн,3 кімнати,66.7 м²,Дніпровський,
domria,https://dom.ria.com/uk/realty-dolgosrochnaya-arenda-kvartira-kiev-jeleznodorojnyy-massiv-protasov-yar-ulitsa-34278057.html,51 083 грн,3 кімнати,145.7 м²,Солом'янський,
domria,https://dom.ria.com/uk/realty-dolgosrochnaya-arenda-kvartira-kiev-yujnaya-borschagovka-vahtanga-kikabidze-bulgakova-ulitsa-34257931.html,11 000 грн,1 кімната,34.25 м²,Святошинський,
domria,https://dom.ria.com/uk/realty-dolgosrochnaya-arenda-kvartira-kiev-goloseev-mihaila-maksimovicha-ulitsa-34277669.html,27 000 грн,1 кімната,42 м²,Голосіївський,
domria,https://dom.ria.com/uk/realty-dolgosrochnaya-arenda-kvartira-kiev-lesnoy-massiv-lesnoy-prospekt-34276773.html,10 100 грн,1 кімната,37.6 м²,Деснянський,
domria,https://dom.ria.com/uk/realty-dolgosrochnaya-arenda-kvartira-kiev-pervomayskiy-massiv-generala-gennadiya-vorobeva-ulitsa-34275279.html,36 000 грн,5 кімнат,189.3 м²,Солом'янський,
domria,https://dom.ria.com/uk/realty-dolgosrochnaya-arenda-kvartira-kiev-staraya-darnitsa-novatorov-ulitsa-34277886.html,11 000 грн,1 кімната,42 м²,Дніпровський,
domria,https://dom.ria.com/uk/realty-dolgosrochnaya-arenda-kvartira-kiev-kudryavets-glubochitskaya-ulitsa-34274532.html,48 862 грн,2 кімнати,100 м²,Шевченківський,
domria,https://dom.ria.com/uk/realty-dolgosrochnaya-arenda-kvartira-kiev-nivki-salyutnaya-ulitsa-34274162.html,30 000 грн,1 кімната,34.2 м²,Шевченківський,
domria,https://dom.ria.com/uk/realty-dolgosrochnaya-arenda-kvartira-kiev-goloseevskiy-dmitriya-lutsenko-kreysera-avrora-ulitsa-34277670.html,24 000 грн,1 кімната,71 м²,Голосіївський,
domria,https://dom.ria.com/uk/realty-dolgosrochnaya-arenda-kvartira-kiev-sotsgorod-stroiteley-ulitsa-34277233.html,12 500 грн,1 кімната,30 м²,Дніпровський,
domria,https://dom.ria.com/uk/realty-dolgosrochnaya-arenda-kvartira-kiev-shulyavka-sholudenko-ulitsa-34216863.html,30 000 грн,1 кімната,42.2 м²,Солом'янський,
domria,https://dom.ria.com/uk/realty-dolgosrochnaya-arenda-kvartira-kiev-levoberejnyy-masiv-mitropolita-andreya-sheptitskogo-ulitsa-34276377.html,25 000 грн,2 кімнати,86 м²,Дніпровський,
domria,https://dom.ria.com/uk/realty-dolgosrochnaya-arenda-kvartira-kiev-pechersk-vasiliya-tyutyunnika-ulitsa-34252594.html,62 188 грн,1 кімната,53 м²,Печерський,
domria,https://dom.ria.com/uk/realty-dolgosrochnaya-arenda-kvartira-kiev-troeschina-nikolaya-zakrevskogo-ulitsa-34274088.html,9 000 грн,2 кімнати,53.5 м²,Деснянський,
domria,https://dom.ria.com/uk/realty-dolgosrochnaya-arenda-kvartira-kiev-demeevka-goloseevskiy-40-letiya-oktyabrya-prospekt-34277025.html,66 630 грн,3 кімнати,106 м²,Голосіївський,
domria,https://dom.ria.com/uk/realty-dolgosrochnaya-arenda-kvartira-kiev-cherepanova-gora-ivana-fedorova-ulitsa-34276274.html,75 514 грн,1 кімната,58 м²,Печерський,
domria,https://dom.ria.com/uk/realty-dolgosrochnaya-arenda-kvartira-kiev-dneprovskiy-darnitskiy-bulvar-23953535.html,21 000 грн,3 кімнати,100 м²,Дніпровський,
domria,https://dom.ria.com/uk/realty-dolgosrochnaya-arenda-kvartira-kiev-dragomanova-ulitsa-34276785.html,53 304 грн,3 кімнати,105 м²,,
domria,https://dom.ria.com/uk/realty-dolgosrochnaya-arenda-kvartira-kiev-darnitskiy-arhitektora-verbitskogo-ulitsa-33665132.html,17 500 грн,2 кімнати,50 м²,Дарницький,
domria,https://dom.ria.com/uk/realty-dolgosrochnaya-arenda-kvartira-kiev-bereznyaki-pavla-tychiny-prospekt-34276669.html,12 000 грн,1 кімната,34 м²,Дніпровський,
domria,https://dom.ria.com/uk/realty-dolgosrochnaya-arenda-kvartira-kiev-novobelichi-olevskaya-ulitsa-34276626.html,12 000 грн,1 кімната,24 м²,Святошинський,
domria,https://dom.ria.com/uk/realty-dolgosrochnaya-arenda-kvartira-kiev-solomyanka-mitropolita-vasiliya-lipkovskogo-uritskogo-ulitsa-34276586.html,31 094 грн,2 кімнати,60 м²,Солом'янський,
domria,https://dom.ria.com/uk/realty-dolgosrochnaya-arenda-kvartira-kiev-kudryavets-sechevyh-streltsov-artema-ulitsa-32591425.html,35 536 грн,1 кімната,44 м²,Шевченківський,
domria,https://dom.ria.com/uk/realty-dolgosrochnaya-arenda-kvartira-kiev-shulyavka-mashinostroitelnaya-georgiya-gongadze-ulitsa-33683110.html,20 000 грн,3 кімнати,61 м²,Солом'янський,
domria,https://dom.ria.com/uk/realty-dolgosrochnaya-arenda-kvartira-kiev-mostitskiy-massiv-mostitskaya-ulitsa-34276474.html,9 500 грн,1 кімната,28 м²,Подільський,
domria,https://dom.ria.com/uk/realty-dolgosrochnaya-arenda-kvartira-kiev-troeschina-onore-de-balzaka-ulitsa-34276347.html,10 500 грн,2 кімнати,55 м²,Деснянський,
domria,https://dom.ria.com/uk/realty-dolgosrochnaya-arenda-kvartira-kiev-syrets-rijskaya-ulitsa-34276357.html,21 000 грн,2 кімнати,50 м²,Шевченківський,
domria,https://dom.ria.com/uk/realty-dolgosrochnaya-arenda-kvartira-kiev-poznyaki-petra-grigorenko-prospekt-34112473.html,23 000 грн,3 кімнати,107 м²,Дарницький,
domria,https://dom.ria.com/uk/realty-dolgosrochnaya-arenda-kvartira-kiev-darnitskiy-prichalnaya-ulitsa-34276094.html,46 641 грн,1 кімната,55 м²,Дарницький,
domria,https://dom.ria.com/uk/realty-dolgosrochnaya-arenda-kvartira-kiev-dneprovskiy-32200674.html,16 000 грн,1 кімната,31 м²,Дніпровський,
domria,https://dom.ria.com/uk/realty-dolgosrochnaya-arenda-kvartira-kiev-svyatoshino-anatoliya-petritskogo-ulitsa-34273907.html,25 000 грн,2 кімнати,72 м²,Святошинський,
domria,https://dom.ria.com/uk/realty-dolgosrochnaya-arenda-kvartira-kiev-tsentr-olesya-gonchara-ulitsa-34275680.html,39 934 грн,3 кімнати,61 м²,Шевченківський,
domria,https://dom.ria.com/uk/realty-dolgosrochnaya-arenda-kvartira-kiev-nikolskaya-slobodka-denisa-rachinskogo-kombinatnaya-ulitsa-34273939.html,20 000 грн,1 кімната,56.2 м²,Дніпровський,
domria,https://dom.ria.com/uk/realty-dolgosrochnaya-arenda-kvartira-kiev-pechersk-panasa-mirnogo-ulitsa-34275888.html,23 000 грн,1 кімната,40 м²,Печерський,
domria,https://dom.ria.com/uk/realty-dolgosrochnaya-arenda-kvartira-kiev-poznyaki-sribnokilskaya-ulitsa-34272683.html,28 000 грн,4 кімнати,140 м²,Дарницький,
domria,https://dom.ria.com/uk/realty-dolgosrochnaya-arenda-kvartira-kiev-zverinets-mihaila-boychuka-ulitsa-34274966.html,137 702 грн,2 кімнати,94 м²,Печерський,
domria,https://dom.ria.com/uk/realty-dolgosrochnaya-arenda-kvartira-kiev-vinogradar-evropeyskogo-soyuza-pravdy-prospekt-34274826.html,16 000 грн,3 кімнати,75.5 м²,Подільський,
domria,https://dom.ria.com/uk/realty-dolgosrochnaya-arenda-kvartira-kiev-avtozavodskaya-ulitsa-33635398.html,18 000 грн,2 кімнати,70 м²,,
domria,https://dom.ria.com/uk/realty-dolgosrochnaya-arenda-kvartira-kiev-tsentr-bulvarno-kudryavskaya-vorovskogo-vatslava-ulitsa-34274693.html,42 199 грн,1 кімната,50 м²,Шевченківський,
domria,https://dom.ria.com/uk/realty-dolgosrochnaya-arenda-kvartira-kiev-belichi-malevnycha-ulitsa-34256895.html,51 083 грн,2 кімнати,90 м²,Святошинський,
domria,https://dom.ria.com/uk/realty-dolgosrochnaya-arenda-kvartira-kiev-demeevka-yasinovatskiy-pereulok-34272819.html,24 200 грн,1 кімната,49 м²,Голосіївський,
domria,https://dom.ria.com/uk/realty-dolgosrochnaya-arenda-kvartira-kiev-podol-glubochitskaya-ulitsa-34272246.html,39 978 грн,1 кімната,37.9 м²,Подільський,
domria,https://dom.ria.com/uk/realty-dolgosrochnaya-arenda-kvartira-kiev-osokorki-vishnyakovskaya-ulitsa-34274428.html,12 000 грн,1 кімната,48 м²,Дарницький,
domria,https://dom.ria.com/uk/realty-dolgosrochnaya-arenda-kvartira-kiev-demeevka-yasinovatskiy-pereulok-34272555.html,23 000 грн,2 кімнати,72 м²,Голосіївський,
domria,https://dom.ria.com/uk/realty-dolgosrochnaya-arenda-kvartira-kiev-obolon-iordanskaya-ulitsa-34272939.html,11 000 грн,1 кімната,37 м²,Оболонський,
domria,https://dom.ria.com/uk/realty-dolgosrochnaya-arenda-kvartira-kiev-otradnyy-mihaila-dontsa-ulitsa-34269061.html,17 000 грн,1 кімната,48 м²,Солом'янський,
domria,https://dom.ria.com/uk/realty-dolgosrochnaya-arenda-kvartira-kiev-staryy-kiev-streletskaya-ulitsa-34274142.html,75 514 грн,2 кімнати,67.1 м²,Шевченківський,
domria,https://dom.ria.com/uk/realty-dolgosrochnaya-arenda-kvartira-kiev-shulyavka-berestetskaya-ulitsa-34269239.html,44 420 грн,1 кімната,52.9 м²,Шевченківський,
domria,https://dom.ria.com/uk/realty-dolgosrochnaya-arenda-kvartira-kiev-nivki-nivskaya-nevskaya-ulitsa-34268780.html,40 000 грн,3 кімнати,108.3 м²,Шевченківський,
domria,https://dom.ria.com/uk/realty-dolgosrochnaya-arenda-kvartira-kiev-troeschina-aleksandry-ekster-mariny-tsvetaevoy-ulitsa-33095457.html,17 000 грн,2 кімнати,77 м²,Деснянський,
domria,https://dom.ria.com/uk/realty-dolgosrochnaya-arenda-kvartira-kiev-borschagovka-vasiliya-verhovintsa-ulitsa-34261227.html,10 000 грн,1 кімната,46 м²,Святошинський,
domria,https://dom.ria.com/uk/realty-dolgosrochnaya-arenda-kvartira-kiev-aleksandrovskaya-slobodka-lobanovskogo-krasnozvezdnyy-prospekt-34273727.html,24 431 грн,3 кімнати,103 м²,Солом'янський,
domria,https://dom.ria.com/uk/realty-dolgosrochnaya-arenda-kvartira-kiev-svyatoshino-jivopisnaya-ulitsa-34271453.html,24 000 грн,1 кімната,39 м²,Святошинський,
domria,https://dom.ria.com/uk/realty-dolgosrochnaya-arenda-kvartira-kiev-soldatskaya-slobodka-zlatoustovskaya-ulitsa-34272148.html,48 862 грн,2 кімнати,83 м²,Шевченківський,
domria,https://dom.ria.com/uk/realty-dolgosrochnaya-arenda-kvartira-kiev-troeschina-radunskaya-ulitsa-34272884.html,12 000 грн,2 кімнати,67.2 м²,Деснянський,
domria,https://dom.ria.com/uk/realty-dolgosrochnaya-arenda-kvartira-kiev-novoe-stroenie-yamskaya-ulitsa-34272992.html,28 990 грн,1 кімната,79.4 м²,Голосіївський,
domria,https://dom.ria.com/uk/realty-dolgosrochnaya-arenda-kvartira-kiev-dneprovskiy-radujnaya-ulitsa-34272962.html,9 500 грн,1 кімната,42 м²,Дніпровський,
domria,https://dom.ria.com/uk/realty-dolgosrochnaya-arenda-kvartira-kiev-demeevka-goloseevskaya-ulitsa-34272691.html,22 000 грн,1 кімната,60 м²,Голосіївський,
domria,https://dom.ria.com/uk/realty-dolgosrochnaya-arenda-kvartira-kiev-troeschina-vladimira-vysotskogo-bulvar-34272687.html,13 000 грн,2 кімнати,56 м²,Деснянський,
domria,https://dom.ria.com/uk/realty-dolgosrochnaya-arenda-kvartira-kiev-lesnoy-massiv-lesnoy-prospekt-34260779.html,12 800 грн,1 кімната,32 м²,Деснянський,
domria,https://dom.ria.com/uk/realty-dolgosrochnaya-arenda-kvartira-kiev-darnitskiy-zarechnaya-ulitsa-34271435.html,23 000 грн,1 кімната,34.7 м²,Дарницький,
domria,https://dom.ria.com/uk/realty-dolgosrochnaya-arenda-kvartira-kiev-sapernoe-pole-sapernoe-pole-ulitsa-34272096.html,33 315 грн,1 кімната,48 м²,Печерський,
domria,https://dom.ria.com/uk/realty-dolgosrochnaya-arenda-kvartira-kiev-julyany-mihaila-maksimovicha-ulitsa-34271672.html,29 000 грн,1 кімната,78 м²,Солом'янський,
domria,https://dom.ria.com/uk/realty-dolgosrochnaya-arenda-kvartira-kiev-tsentr-bulvarno-kudryavskaya-vorovskogo-vatslava-ulitsa-34262319.html,39 978 грн,2 кімнати,47 м²,Шевченківський,
domria,https://dom.ria.com/uk/realty-dolgosrochnaya-arenda-kvartira-kiev-aleksandrovskaya-slobodka-solomenskaya-ulitsa-34271901.html,14 999 грн,1 кімната,36 м²,Солом'янський,
domria,https://dom.ria.com/uk/realty-dolgosrochnaya-arenda-kvartira-kiev-obolonskiy-34257571.html,30 000 грн,3 кімнати,87 м²,Оболонський,
domria,https://dom.ria.com/uk/realty-dolgosrochnaya-arenda-kvartira-kiev-obolon-severnaya-ulitsa-34271857.html,12 000 грн,1 кімната,38 м²,Оболонський,
domria,https://dom.ria.com/uk/realty-dolgosrochnaya-arenda-kvartira-kiev-galagany-berdnika-olesya-ulitsa-34120710.html,32 000 грн,3 кімнати,52 м²,Святошинський,
domria,https://dom.ria.com/uk/realty-dolgosrochnaya-arenda-kvartira-kiev-kurenevka-baltiyskiy-pereulok-34263558.html,20 000 грн,2 кімнати,47 м²,Подільський,
domria,https://dom.ria.com/uk/realty-dolgosrochnaya-arenda-kvartira-kiev-otradnyy-otradnyy-prospekt-33898475.html,16 000 грн,2 кімнати,43.67 м²,Солом'янський,
domria,https://dom.ria.com/uk/realty-dolgosrochnaya-arenda-kvartira-kiev-darnitskiy-zarechnaya-ulitsa-32892058.html,28 873 грн,1 кімната,32 м²,Дарницький,
domria,https://dom.ria.com/uk/realty-dolgosrochnaya-arenda-kvartira-kiev-solomyanka-mitropolita-vasiliya-lipkovskogo-uritskogo-ulitsa-34268220.html,25 000 грн,1 кімната,60 м²,Солом'янський,
domria,https://dom.ria.com/uk/realty-dolgosrochnaya-arenda-kvartira-kiev-pervomayskiy-massiv-erevanskaya-ulitsa-34271483.html,18 000 грн,3 кімнати,84 м²,Солом'янський,
domria,https://dom.ria.com/uk/realty-dolgosrochnaya-arenda-kvartira-kiev-kudryavets-sechevyh-streltsov-artema-ulitsa-34270602.html,39 978 грн,1 кімната,68 м²,Шевченківський,
domria,https://dom.ria.com/uk/realty-dolgosrochnaya-arenda-kvartira-kiev-chernaya-gora-andreya-verhoglyada-dragomirova-ulitsa-34270198.html,57 746 грн,1 кімната,50 м²,Печерський,
domria,https://dom.ria.com/uk/realty-dolgosrochnaya-arenda-kvartira-kiev-bagrinovaya-gora-nauki-prospekt-34266928.html,20 000 грн,2 кімнати,76.8 м²,Голосіївський,
domria,https://dom.ria.com/uk/realty-dolgosrochnaya-arenda-kvartira-kiev-borschagovka-nikolaya-rudenko-koltsova-bulvar-34271477.html,20 000 грн,1 кімната,40 м²,Святошинський,
domria,https://dom.ria.com/uk/realty-dolgosrochnaya-arenda-kvartira-kiev-bolsunovskaya-ulitsa-34112991.html,88 840 грн,2 кімнати,82 м²,Печерський,
domria,https://dom.ria.com/uk/realty-dolgosrochnaya-arenda-kvartira-kiev-minskiy-massiv-petra-kalnyshevskogo-mihaila-mayorova-ulitsa-34270520.html,14 000 грн,1 кімната,32 м²,Оболонський,
domria,https://dom.ria.com/uk/realty-dolgosrochnaya-arenda-kvartira-kiev-shulyavka-moldavskaya-ulitsa-34246841.html,44 420 грн,3 кімнати,150 м²,Солом'янський,
domria,https://dom.ria.com/uk/realty-dolgosrochnaya-arenda-kvartira-kiev-chernaya-gora-nikolaya-mihnovskogo-drujby-narodov-bulvar-34256204.html,48 862 грн,1 кімната,55 м²,Печерський,
domria,https://dom.ria.com/uk/realty-dolgosrochnaya-arenda-kvartira-kiev-troeschina-gradinskaya-ulitsa-34267862.html,15 000 грн,1 кімната,52.9 м²,Деснянський,
domria,https://dom.ria.com/uk/realty-dolgosrochnaya-arenda-kvartira-kiev-andreya-verhoglyada-dragomirova-ulitsa-34269383.html,222 100 грн,3 кімнати,143 м²,Печерський,
domria,https://dom.ria.com/uk/realty-dolgosrochnaya-arenda-kvartira-kiev-belichi-obuhovskaya-ulitsa-34271102.html,16 000 грн,1 кімната,32 м²,Святошинський,
domria,https://dom.ria.com/uk/realty-dolgosrochnaya-arenda-kvartira-kiev-sapernoe-pole-ioanna-pavla-ii-patrisa-lumumby-ulitsa-34269580.html,39 978 грн,1 кімната,50 м²,Печерський,
domria,https://dom.ria.com/uk/realty-dolgosrochnaya-arenda-kvartira-kiev-sapernoe-pole-krepostnoy-tverskoy-tupik-34262261.html,44 420 грн,1 кімната,50 м²,Печерський,
domria,https://dom.ria.com/uk/realty-dolgosrochnaya-arenda-kvartira-kiev-obolon-levka-lukyanenko-ulitsa-34232070.html,28 000 грн,2 кімнати,82.5 м²,Оболонський,
domria,https://dom.ria.com/uk/realty-dolgosrochnaya-arenda-kvartira-kiev-rusanovka-entuziastov-ulitsa-34270558.html,11 999 грн,3 кімнати,60 м²,Дніпровський,
domria,https://dom.ria.com/uk/realty-dolgosrochnaya-arenda-kvartira-kiev-voskresenka-iriny-bekeshkinoy-generala-karbysheva-ulitsa-34266364.html,15 000 грн,2 кімнати,45 м²,Дніпровський,
domria,https://dom.ria.com/uk/realty-dolgosrochnaya-arenda-kvartira-kiev-syrets-rijskaya-ulitsa-34268913.html,18 000 грн,1 кімната,47 м²,Шевченківський,
domria,https://dom.ria.com/uk/realty-dolgosrochnaya-arenda-kvartira-kiev-darnitskiy-vishnyakovskaya-ulitsa-33809365.html,25 000 грн,3 кімнати,117 м²,Дарницький,
domria,https://dom.ria.com/uk/realty-dolgosrochnaya-arenda-kvartira-kiev-obolon-geroev-polka-azov-marshala-malinovskogo-ulitsa-34270250.html,28 600 грн,2 кімнати,45 м²,Оболонський,
domria,https://dom.ria.com/uk/realty-dolgosrochnaya-arenda-kvartira-kiev-rusanovka-entuziastov-ulitsa-34267100.html,10 000 грн,2 кімнати,45 м²,Дніпровський,
domria,https://dom.ria.com/uk/realty-dolgosrochnaya-arenda-kvartira-kiev-lukyanovka-kopernika-ulitsa-34270202.html,28 999 грн,3 кімнати,102 м²,Шевченківський,
domria,https://dom.ria.com/uk/realty-dolgosrochnaya-arenda-kvartira-kiev-troeschina-chervonoy-kaliny-mayakovskogo-vladimira-prospekt-34140984.html,11 000 грн,1 кімната,30 м²,Деснянський,
domria,https://dom.ria.com/uk/realty-dolgosrochnaya-arenda-kvartira-kiev-geroev-polka-azov-marshala-malinovskogo-ulitsa-34269843.html,39 978 грн,2 кімнати,80 м²,,
domria,https://dom.ria.com/uk/realty-dolgosrochnaya-arenda-kvartira-kiev-sapernoe-pole-akademika-filatova-ulitsa-34268445.html,29 000 грн,1 кімната,51 м²,Печерський,
domria,https://dom.ria.com/uk/realty-dolgosrochnaya-arenda-kvartira-kiev-poznyaki-truskavetskaya-ulitsa-34268603.html,37 757 грн,1 кімната,60 м²,Дарницький,
domria,https://dom.ria.com/uk/realty-dolgosrochnaya-arenda-kvartira-kiev-tsentr-bulvarno-kudryavskaya-vorovskogo-ulitsa-34247934.html,39 978 грн,2 кімнати,78 м²,Шевченківський,
domria,https://dom.ria.com/uk/realty-dolgosrochnaya-arenda-kvartira-kiev-obolon-geroev-polka-azov-marshala-malinovskogo-ulitsa-34269469.html,31 094 грн,2 кімнати,78 м²,Оболонський,
domria,https://dom.ria.com/uk/realty-dolgosrochnaya-arenda-kvartira-kiev-kozatskaya-ulitsa-34269296.html,18 000 грн,1 кімната,48 м²,,
domria,https://dom.ria.com/uk/realty-dolgosrochnaya-arenda-kvartira-kiev-jeleznodorojnyy-massiv-ivana-nehody-ulitsa-34269341.html,10 500 грн,1 кімната,31 м²,Солом'янський,
domria,https://dom.ria.com/uk/realty-dolgosrochnaya-arenda-kvartira-kiev-podolskiy-viktora-nekrasova-severo-syretskaya-ulitsa-34269137.html,41 311 грн,2 кімнати,71.7 м²,Подільський,
domria,https://dom.ria.com/uk/realty-dolgosrochnaya-arenda-kvartira-kiev-akademgorodok-deputatskaya-ulitsa-34269275.html,11 000 грн,2 кімнати,60 м²,Святошинський,
domria,https://dom.ria.com/uk/realty-dolgosrochnaya-arenda-kvartira-kiev-goloseev-mihaila-maksimovicha-ulitsa-34259875.html,44 420 грн,2 кімнати,62 м²,Голосіївський,
domria,https://dom.ria.com/uk/realty-dolgosrochnaya-arenda-kvartira-kiev-goloseev-mihaila-maksimovicha-ulitsa-34269114.html,26 652 грн,1 кімната,44 м²,Голосіївський,
domria,https://dom.ria.com/uk/realty-dolgosrochnaya-arenda-kvartira-kiev-bortnichi-svetlaya-ulitsa-34269024.html,15 000 грн,1 кімната,35 м²,Дарницький,
domria,https://dom.ria.com/uk/realty-dolgosrochnaya-arenda-kvartira-kiev-novoe-stroenie-antonovicha-gorkogo-ulitsa-34265073.html,53 304 грн,2 кімнати,140 м²,Голосіївський,
domria,https://dom.ria.com/uk/realty-dolgosrochnaya-arenda-kvartira-kiev-borschagovka-nikolaya-rudenko-koltsova-bulvar-34268582.html,11 000 грн,1 кімната,22 м²,Святошинський,
domria,https://dom.ria.com/uk/realty-dolgosrochnaya-arenda-kvartira-kiev-darnitskiy-dneprovskaya-naberejnaya-34223114.html,22 000 грн,1 кімната,46 м²,Дарницький,
domria,https://dom.ria.com/uk/realty-dolgosrochnaya-arenda-kvartira-kiev-obolon-iordanskaya-ulitsa-34268186.html,66 630 грн,3 кімнати,120 м²,Оболонський,
domria,https://dom.ria.com/uk/realty-dolgosrochnaya-arenda-kvartira-kiev-kudryavets-ivana-dracha-nekrasovskaya-ulitsa-33420976.html,25 000 грн,2 кімнати,58.1 м²,Шевченківський,
domria,https://dom.ria.com/uk/realty-dolgosrochnaya-arenda-kvartira-kiev-demeevka-demeevskaya-ulitsa-34264357.html,75 514 грн,1 кімната,62 м²,Голосіївський,
domria,https://dom.ria.com/uk/realty-dolgosrochnaya-arenda-kvartira-kiev-demeevka-demeevskaya-ulitsa-34264268.html,75 514 грн,1 кімната,67 м²,Голосіївський,
domria,https://dom.ria.com/uk/realty-dolgosrochnaya-arenda-kvartira-kiev-aleksandrovskaya-slobodka-klinicheskiy-pereulok-34258453.html,16 500 грн,2 кімнати,66 м²,Солом'янський,
domria,https://dom.ria.com/uk/realty-dolgosrochnaya-arenda-kvartira-kiev-darnitskiy-revutskogo-ulitsa-32146371.html,22 000 грн,1 кімната,45 м²,Дарницький,
domria,https://dom.ria.com/uk/realty-dolgosrochnaya-arenda-kvartira-kiev-zverinets-zverinetskaya-ulitsa-34266590.html,57 746 грн,1 кімната,57 м²,Печерський,
domria,https://dom.ria.com/uk/realty-dolgosrochnaya-arenda-kvartira-kiev-troeschina-chervonoy-kaliny-mayakovskogo-vladimira-prospekt-34267677.html,15 000 грн,3 кімнати,75 м²,Деснянський,
domria,https://dom.ria.com/uk/realty-dolgosrochnaya-arenda-kvartira-kiev-darnitskiy-vaschenko-grigoriya-ulitsa-34258739.html,17 000 грн,2 кімнати,64 м²,Дарницький,
domria,https://dom.ria.com/uk/realty-dolgosrochnaya-arenda-kvartira-kiev-sapernoe-pole-marii-priymachenko-lihacheva-bulvar-34242022.html,29 000 грн,2 кімнати,75 м²,Печерський,
domria,https://dom.ria.com/uk/realty-dolgosrochnaya-arenda-kvartira-kiev-shulyavka-getmana-vadima-industrialnaya-ulitsa-34249998.html,18 000 грн,2 кімнати,60 м²,Солом'янський,
domria,https://dom.ria.com/uk/realty-dolgosrochnaya-arenda-kvartira-kiev-lukyanovka-gertsena-ulitsa-34265844.html,35 000 грн,2 кімнати,68.4 м²,Шевченківський,
domria,https://dom.ria.com/uk/realty-dolgosrochnaya-arenda-kvartira-kiev-sapernoe-pole-krepostnoy-tverskoy-tupik-34266619.html,44 420 грн,1 кімната,47 м²,Печерський,
domria,https://dom.ria.com/uk/realty-dolgosrochnaya-arenda-kvartira-kiev-sapernoe-pole-sapernoe-pole-ulitsa-34266879.html,44 420 грн,2 кімнати,50 м²,Печерський,
domria,https://dom.ria.com/uk/realty-dolgosrochnaya-arenda-kvartira-kiev-voskresenka-petra-zaporojtsa-ulitsa-34266677.html,19 000 грн,1 кімната,42 м²,Дніпровський,
domria,https://dom.ria.com/uk/realty-dolgosrochnaya-arenda-kvartira-kiev-osokorki-borisa-gmyri-ulitsa-34266636.html,20 000 грн,2 кімнати,67 м²,Дарницький,
domria,https://dom.ria.com/uk/realty-dolgosrochnaya-arenda-kvartira-kiev-syrets-bakinskaya-ulitsa-34263142.html,8 500 грн,1 кімната,28 м²,Шевченківський,
domria,https://dom.ria.com/uk/realty-dolgosrochnaya-arenda-kvartira-kiev-syrets-bakinskaya-ulitsa-34263502.html,6 000 грн,1 кімната,28 м²,Шевченківський,
domria,https://dom.ria.com/uk/realty-dolgosrochnaya-arenda-kvartira-kiev-kudryavets-kudryavskaya-ulitsa-34011144.html,37 000 грн,1 кімната,47 м²,Шевченківський,
domria,https://dom.ria.com/uk/realty-dolgosrochnaya-arenda-kvartira-kiev-sapernaya-slobodka-saperno-slobodskaya-ulitsa-34260359.html,40 000 грн,3 кімнати,100 м²,Голосіївський,
domria,https://dom.ria.com/uk/realty-dolgosrochnaya-arenda-kvartira-kiev-otradnyy-vatslava-gavela-bulvar-34266006.html,17 000 грн,2 кімнати,33 м²,Солом'янський,
domria,https://dom.ria.com/uk/realty-dolgosrochnaya-arenda-kvartira-kiev-olevskaya-ulitsa-34266031.html,16 000 грн,1 кімната,45.2 м²,,
domria,https://dom.ria.com/uk/realty-dolgosrochnaya-arenda-kvartira-kiev-dvrz-alma-atinskaya-ulitsa-34227290.html,15 000 грн,2 кімнати,55 м²,Дніпровський,
domria,https://dom.ria.com/uk/realty-dolgosrochnaya-arenda-kvartira-kiev-sapernoe-pole-krepostnoy-tverskoy-tupik-34247025.html,53 304 грн,1 кімната,48 м²,Печерський,
domria,https://dom.ria.com/uk/realty-dolgosrochnaya-arenda-kvartira-kiev-jeleznodorojnyy-massiv-romana-ratushnogo-volgogradskaya-ulitsa-34025024.html,16 000 грн,2 кімнати,50 м²,Солом'янський,
domria,https://dom.ria.com/uk/realty-dolgosrochnaya-arenda-kvartira-kiev-podol-bratskaya-ulitsa-34265567.html,27 000 грн,2 кімнати,55 м²,Подільський,
domria,https://dom.ria.com/uk/realty-dolgosrochnaya-arenda-kvartira-kiev-novobelichi-klavdievskaya-ulitsa-34265221.html,21 000 грн,1 кімната,55 м²,Святошинський,
domria,https://dom.ria.com/uk/realty-dolgosrochnaya-arenda-kvartira-kiev-borschagovka-vladimira-pokatilo-kartvelishvili-ulitsa-34265187.html,11 999 грн,2 кімнати,47 м²,Святошинський,
domria,https://dom.ria.com/uk/realty-dolgosrochnaya-arenda-kvartira-kiev-demeevka-goloseevskiy-40-letiya-oktyabrya-prospekt-34264979.html,18 000 грн,1 кімната,46 м²,Голосіївський,
domria,https://dom.ria.com/uk/realty-dolgosrochnaya-arenda-kvartira-kiev-goloseev-goloseevskiy-40-letiya-oktyabrya-prospekt-34264660.html,68 851 грн,2 кімнати,75.6 м²,Голосіївський,
domria,https://dom.ria.com/uk/realty-dolgosrochnaya-arenda-kvartira-kiev-shulyavka-beresteyskiy-pobedy-prospekt-34264152.html,31 094 грн,1 кімната,52.8 м²,Шевченківський,
domria,https://dom.ria.com/uk/realty-dolgosrochnaya-arenda-kvartira-kiev-osokorki-nikolaya-bajana-prospekt-34263750.html,31 094 грн,2 кімнати,71.9 м²,Дарницький,
domria,https://dom.ria.com/uk/realty-dolgosrochnaya-arenda-kvartira-kiev-kudryavets-bulvarno-kudryavskaya-vorovskogo-ulitsa-34263595.html,62 188 грн,2 кімнати,50 м²,Шевченківський,
domria,https://dom.ria.com/uk/realty-dolgosrochnaya-arenda-kvartira-kiev-svyatoshinskiy-berdnika-olesya-ulitsa-34250285.html,44 420 грн,2 кімнати,70 м²,Святошинський,
domria,https://dom.ria.com/uk/realty-dolgosrochnaya-arenda-kvartira-kiev-darnitskiy-dneprovskaya-naberejnaya-34262357.html,48 862 грн,1 кімната,55 м²,Дарницький,
domria,https://dom.ria.com/uk/realty-dolgosrochnaya-arenda-kvartira-kiev-feofaniya-akademika-lebedeva-ulitsa-34264687.html,35 536 грн,1 кімната,45 м²,Голосіївський,
domria,https://dom.ria.com/uk/realty-dolgosrochnaya-arenda-kvartira-kiev-chernaya-gora-andreya-verhoglyada-dragomirova-ulitsa-34190450.html,44 420 грн,1 кімната,55 м²,Печерський,
domria,https://dom.ria.com/uk/realty-dolgosrochnaya-arenda-kvartira-kiev-chernaya-gora-andreya-verhoglyada-dragomirova-ulitsa-34164247.html,39 978 грн,1 кімната,50 м²,Печерський,
domria,https://dom.ria.com/uk/realty-dolgosrochnaya-arenda-kvartira-kiev-shulyavka-mashinostroitelnaya-ulitsa-34262570.html,15 500 грн,1 кімната,47 м²,Солом'янський,
domria,https://dom.ria.com/uk/realty-dolgosrochnaya-arenda-kvartira-kiev-novobelichi-olega-mudraka-generala-naumova-ulitsa-32410649.html,10 000 грн,1 кімната,34 м²,Святошинський,
domria,https://dom.ria.com/uk/realty-dolgosrochnaya-arenda-kvartira-kiev-shulyavka-mashinostroitelnaya-ulitsa-34263229.html,24 000 грн,2 кімнати,62.4 м²,Солом'янський,
domria,https://dom.ria.com/uk/realty-dolgosrochnaya-arenda-kvartira-kiev-sapernoe-pole-konovaltsa-evgeniya-ulitsa-34262026.html,53 304 грн,3 кімнати,118 м²,Печерський,
domria,https://dom.ria.com/uk/realty-dolgosrochnaya-arenda-kvartira-kiev-vinogradar-aleksandra-olesya-ulitsa-34251931.html,26 652 грн,1 кімната,39 м²,Подільський,
domria,https://dom.ria.com/uk/realty-dolgosrochnaya-arenda-kvartira-kiev-shulyavka-borschagovskaya-ulitsa-34262537.html,44 420 грн,1 кімната,52.1 м²,Шевченківський,
domria,https://dom.ria.com/uk/realty-dolgosrochnaya-arenda-kvartira-kiev-harkovskiy-massiv-arhitektora-verbitskogo-ulitsa-34261516.html,6 000 грн,2 кімнати,52.6 м²,Дарницький,
domria,https://dom.ria.com/uk/realty-dolgosrochnaya-arenda-kvartira-kiev-shevchenkovskiy-starokievskaya-ulitsa-34250307.html,28 000 грн,3 кімнати,76 м²,Шевченківський,
domria,https://dom.ria.com/uk/realty-dolgosrochnaya-arenda-kvartira-kiev-sotsgorod-yuriya-gagarina-prospekt-34261165.html,13 000 грн,3 кімнати,60.7 м²,Дніпровський,
domria,https://dom.ria.com/uk/realty-dolgosrochnaya-arenda-kvartira-kiev-pankovschina-pankovskaya-ulitsa-34260700.html,33 315 грн,1 кімната,47.2 м²,Голосіївський,
domria,https://dom.ria.com/uk/realty-dolgosrochnaya-arenda-kvartira-kiev-obolonskiy-dneprovodskaya-ulitsa-33487030.html,10 500 грн,1 кімната,27 м²,Оболонський,
domria,https://dom.ria.com/uk/realty-dolgosrochnaya-arenda-kvartira-kiev-sapernoe-pole-predslavinskaya-ulitsa-34262645.html,48 862 грн,1 кімната,50 м²,Печерський,
domria,https://dom.ria.com/uk/realty-dolgosrochnaya-arenda-kvartira-kiev-poznyaki-eleny-pchilki-ulitsa-34259087.html,16 990 грн,1 кімната,46 м²,Дарницький,
domria,https://dom.ria.com/uk/realty-dolgosrochnaya-arenda-kvartira-kiev-sapernoe-pole-ioanna-pavla-ii-patrisa-lumumby-ulitsa-34228596.html,142 144 грн,2 кімнати,84 м²,Печерський,
domria,https://dom.ria.com/uk/realty-dolgosrochnaya-arenda-kvartira-kiev-obolon-vladimira-ivasyuka-prospekt-34261669.html,44 420 грн,1 кімната,60 м²,Оболонський,
domria,https://dom.ria.com/uk/realty-dolgosrochnaya-arenda-kvartira-kiev-voskresenka-voskresenskaya-ulitsa-34254831.html,23 000 грн,3 кімнати,90 м²,Дніпровський,
domria,https://dom.ria.com/uk/realty-dolgosrochnaya-arenda-kvartira-kiev-lukyanovka-belorusskaya-ulitsa-34261617.html,18 000 грн,1 кімната,48 м²,Шевченківський,
domria,https://dom.ria.com/uk/realty-dolgosrochnaya-arenda-kvartira-kiev-darnitskiy-dragomanova-ulitsa-33550584.html,19 000 грн,3 кімнати,75 м²,Дарницький,
domria,https://dom.ria.com/uk/realty-dolgosrochnaya-arenda-kvartira-kiev-ushinskogo-ulitsa-34261386.html,18 500 грн,2 кімнати,47 м²,,
domria,https://dom.ria.com/uk/realty-dolgosrochnaya-arenda-kvartira-kiev-cherepanova-gora-delovaya-ulitsa-34260328.html,119 934 грн,5 кімнат,230 м²,Печерський,
domria,https://dom.ria.com/uk/realty-dolgosrochnaya-arenda-kvartira-kiev-darnitskiy-zarechnaya-ulitsa-34259659.html,48 862 грн,2 кімнати,76.3 м²,Дарницький,
domria,https://dom.ria.com/uk/realty-dolgosrochnaya-arenda-kvartira-kiev-sapernoe-pole-makkeyna-djona-ulitsa-34251358.html,35 000 грн,1 кімната,50.9 м²,Печерський,
domria,https://dom.ria.com/uk/realty-dolgosrochnaya-arenda-kvartira-kiev-telichka-stolichnoe-shosse-34260042.html,30 206 грн,2 кімнати,56.7 м²,Голосіївський,
domria,https://dom.ria.com/uk/realty-dolgosrochnaya-arenda-kvartira-kiev-poznyaki-knyajiy-zaton-ulitsa-34260130.html,16 000 грн,1 кімната,54 м²,Дарницький,
domria,https://dom.ria.com/uk/realty-dolgosrochnaya-arenda-kvartira-kiev-sapernoe-pole-predslavinskaya-ulitsa-33874114.html,53 304 грн,1 кімната,54 м²,Печерський,
domria,https://dom.ria.com/uk/realty-dolgosrochnaya-arenda-kvartira-kiev-bagrinovaya-gora-lysogorskiy-pereulok-34259973.html,26 652 грн,1 кімната,39.5 м²,Голосіївський,
domria,https://dom.ria.com/uk/realty-dolgosrochnaya-arenda-kvartira-kiev-darnitskiy-nikolaya-bajana-prospekt-34257035.html,26 652 грн,1 кімната,50 м²,Дарницький,
domria,https://dom.ria.com/uk/realty-dolgosrochnaya-arenda-kvartira-kiev-tsentr-olesya-gonchara-ulitsa-34258832.html,88 840 грн,3 кімнати,84.4 м²,Шевченківський,
domria,https://dom.ria.com/uk/realty-dolgosrochnaya-arenda-kvartira-kiev-rusanovka-entuziastov-ulitsa-34259016.html,11 500 грн,2 кімнати,55 м²,Дніпровський,
domria,https://dom.ria.com/uk/realty-dolgosrochnaya-arenda-kvartira-kiev-demeevka-lobanovskogo-ulitsa-34257774.html,64 409 грн,4 кімнати,115 м²,Голосіївський,
domria,https://dom.ria.com/uk/realty-dolgosrochnaya-arenda-kvartira-kiev-podolskiy-aleksandra-olesya-ulitsa-33831107.html,17 000 грн,1 кімната,36.2 м²,Подільський,
domria,https://dom.ria.com/uk/realty-dolgosrochnaya-arenda-kvartira-kiev-otradnyy-vatslava-gavela-bulvar-34251098.html,16 500 грн,1 кімната,33 м²,Солом'янський,
domria,https://dom.ria.com/uk/realty-dolgosrochnaya-arenda-kvartira-kiev-goloseev-mihaila-maksimovicha-ulitsa-34258805.html,22 000 грн,1 кімната,33.3 м²,Голосіївський,
domria,https://dom.ria.com/uk/realty-dolgosrochnaya-arenda-kvartira-kiev-darnitskiy-anny-ahmatovoy-ulitsa-19670052.html,14 500 грн,1 кімната,50 м²,Дарницький,
domria,https://dom.ria.com/uk/realty-dolgosrochnaya-arenda-kvartira-kiev-sapernaya-slobodka-bolshaya-kitaevskaya-ulitsa-34250179.html,24 000 грн,2 кімнати,60.6 м²,Голосіївський,
domria,https://dom.ria.com/uk/realty-dolgosrochnaya-arenda-kvartira-kiev-novobelichi-bahmachskaya-ulitsa-34137892.html,12 000 грн,1 кімната,36.1 м²,Святошинський,
domria,https://dom.ria.com/uk/realty-dolgosrochnaya-arenda-kvartira-kiev-troeschina-chervonoy-kaliny-mayakovskogo-vladimira-prospekt-34256600.html,8 700 грн,1 кімната,31 м²,Деснянський,
domria,https://dom.ria.com/uk/realty-dolgosrochnaya-arenda-kvartira-kiev-borschagovka-akademika-koroleva-prospekt-34250672.html,11 000 грн,2 кімнати,55 м²,Святошинський,
domria,https://dom.ria.com/uk/realty-dolgosrochnaya-arenda-kvartira-kiev-vinogradar-semi-kristerov-ulitsa-34257220.html,26 652 грн,1 кімната,47 м²,Подільський,
domria,https://dom.ria.com/uk/realty-dolgosrochnaya-arenda-kvartira-kiev-poznyaki-urlovskaya-ulitsa-34255120.html,17 000 грн,1 кімната,43 м²,Дарницький,
domria,https://dom.ria.com/uk/realty-dolgosrochnaya-arenda-kvartira-kiev-solomyanka-generala-shapovala-mehanizatorov-ulitsa-34257900.html,48 862 грн,3 кімнати,97 м²,Солом'янський,
domria,https://dom.ria.com/uk/realty-dolgosrochnaya-arenda-kvartira-kiev-solomyanka-mitropolita-vasiliya-lipkovskogo-uritskogo-ulitsa-34255823.html,31 094 грн,4 кімнати,99.2 м²,Солом'янський,
domria,https://dom.ria.com/uk/realty-dolgosrochnaya-arenda-kvartira-kiev-harkovskiy-massiv-arhitektora-verbitskogo-ulitsa-34237607.html,17 000 грн,1 кімната,38 м²,Дарницький,
domria,https://dom.ria.com/uk/realty-dolgosrochnaya-arenda-kvartira-kiev-belichi-akademika-efremova-ulitsa-34258025.html,15 000 грн,2 кімнати,60 м²,Святошинський,
domria,https://dom.ria.com/uk/realty-dolgosrochnaya-arenda-kvartira-kiev-darnitskiy-nikolaya-bajana-prospekt-34253756.html,20 000 грн,1 кімната,50 м²,Дарницький,
domria,https://dom.ria.com/uk/realty-dolgosrochnaya-arenda-kvartira-kiev-chernaya-gora-andreya-verhoglyada-dragomirova-ulitsa-34257252.html,79 956 грн,1 кімната,64.4 м²,Печерський,
domria,https://dom.ria.com/uk/realty-dolgosrochnaya-arenda-kvartira-kiev-tsentr-leontovicha-ulitsa-34256101.html,30 000 грн,2 кімнати,49.7 м²,Шевченківський,
domria,https://dom.ria.com/uk/realty-dolgosrochnaya-arenda-kvartira-kiev-teremki-2-akademika-glushkova-prospekt-34257916.html,23 000 грн,2 кімнати,66 м²,Голосіївський,
domria,https://dom.ria.com/uk/realty-dolgosrochnaya-arenda-kvartira-kiev-lukyanovka-gareta-djonsa-semi-hohlovyh-ulitsa-34255635.html,53 304 грн,1 кімната,43.7 м²,Шевченківський,
domria,https://dom.ria.com/uk/realty-dolgosrochnaya-arenda-kvartira-kiev-syrets-jambila-jabaeva-kuzminskaya-ulitsa-34257598.html,31 094 грн,1 кімната,44 м²,Шевченківський,
domria,https://dom.ria.com/uk/realty-dolgosrochnaya-arenda-kvartira-kiev-vladimira-ivasyuka-prospekt-34257495.html,33 315 грн,1 кімната,48 м²,,
domria,https://dom.ria.com/uk/realty-dolgosrochnaya-arenda-kvartira-kiev-otradnyy-mihaila-dontsa-ulitsa-34257318.html,16 000 грн,3 кімнати,57 м²,Солом'янський,
domria,https://dom.ria.com/uk/realty-dolgosrochnaya-arenda-kvartira-kiev-akademika-zabolotnogo-ulitsa-34257050.html,20 000 грн,3 кімнати,80 м²,,
domria,https://dom.ria.com/uk/realty-dolgosrochnaya-arenda-kvartira-kiev-poznyaki-dragomanova-ulitsa-34249489.html,13 000 грн,1 кімната,45 м²,Дарницький,
domria,https://dom.ria.com/uk/realty-dolgosrochnaya-arenda-kvartira-kiev-shulyavka-oleksy-tihogo-vyborgskaya-ulitsa-34250331.html,8 500 грн,1 кімната,27 м²,Солом'янський,
domria,https://dom.ria.com/uk/realty-dolgosrochnaya-arenda-kvartira-kiev-staryy-kiev-sofievskaya-ulitsa-34255696.html,53 304 грн,5 кімнат,178 м²,Шевченківський,
domria,https://dom.ria.com/uk/realty-dolgosrochnaya-arenda-kvartira-kiev-podol-bratskaya-ulitsa-34255193.html,49 353 грн,2 кімнати,75 м²,Подільський,
domria,https://dom.ria.com/uk/realty-dolgosrochnaya-arenda-kvartira-kiev-podolskiy-aleksandra-olesya-ulitsa-34255353.html,17 000 грн,1 кімната,36.2 м²,Подільський,
domria,https://dom.ria.com/uk/realty-dolgosrochnaya-arenda-kvartira-kiev-voskresenka-petra-zaporojtsa-ulitsa-34243509.html,18 000 грн,1 кімната,56.7 м²,Дніпровський,
domria,https://dom.ria.com/uk/realty-dolgosrochnaya-arenda-kvartira-kiev-aleksandrovskaya-slobodka-grigoriya-kochura-aleksandra-pirogovskogo-ulitsa-34247924.html,12 500 грн,1 кімната,30 м²,Солом'янський,
domria,https://dom.ria.com/uk/realty-dolgosrochnaya-arenda-kvartira-kiev-troeschina-chervonoy-kaliny-mayakovskogo-vladimira-prospekt-33583712.html,12 000 грн,2 кімнати,63.5 м²,Деснянський,
domria,https://dom.ria.com/uk/realty-dolgosrochnaya-arenda-kvartira-kiev-harkovskiy-massiv-trostyanetskaya-ulitsa-34191396.html,16 000 грн,4 кімнати,100 м²,Дарницький,
domria,https://dom.ria.com/uk/realty-dolgosrochnaya-arenda-kvartira-kiev-sapernoe-pole-lesi-ukrainki-bulvar-34255137.html,25 000 грн,2 кімнати,60 м²,Печерський,
domria,https://dom.ria.com/uk/realty-dolgosrochnaya-arenda-kvartira-kiev-syrets-eleny-teligi-ulitsa-34190138.html,23 000 грн,1 кімната,45.9 м²,Шевченківський,
domria,https://dom.ria.com/uk/realty-dolgosrochnaya-arenda-kvartira-kiev-nivki-salyutnaya-ulitsa-34251469.html,41 500 грн,1 кімната,45.2 м²,Шевченківський,
domria,https://dom.ria.com/uk/realty-dolgosrochnaya-arenda-kvartira-kiev-goloseevskiy-mihaila-maksimovicha-ulitsa-34057311.html,18 000 грн,1 кімната,40.2 м²,Голосіївський,
domria,https://dom.ria.com/uk/realty-dolgosrochnaya-arenda-kvartira-kiev-darnitskiy-eleny-pchilki-ulitsa-33419150.html,14 990 грн,2 кімнати,76 м²,Дарницький,
domria,https://dom.ria.com/uk/realty-dolgosrochnaya-arenda-kvartira-kiev-borschagovka-gnata-yury-ulitsa-34250670.html,9 000 грн,1 кімната,35 м²,Святошинський,
domria,https://dom.ria.com/uk/realty-dolgosrochnaya-arenda-kvartira-kiev-vasilkovskaya-ulitsa-34254044.html,39 978 грн,1 кімната,50 м²,Голосіївський,
domria,https://dom.ria.com/uk/realty-dolgosrochnaya-arenda-kvartira-kiev-rusanovka-entuziastov-ulitsa-34253267.html,21 000 грн,3 кімнати,64 м²,Дніпровський,
domria,https://dom.ria.com/uk/realty-dolgosrochnaya-arenda-kvartira-kiev-poznyaki-urlovskaya-ulitsa-34249803.html,10 500 грн,1 кімната,43 м²,Дарницький,
domria,https://dom.ria.com/uk/realty-dolgosrochnaya-arenda-kvartira-kiev-bereznyaki-pavla-tychiny-prospekt-34250544.html,16 000 грн,1 кімната,56.4 м²,Дніпровський,
domria,https://dom.ria.com/uk/realty-dolgosrochnaya-arenda-kvartira-kiev-aleksandra-olesya-ulitsa-34253605.html,31 094 грн,2 кімнати,60 м²,,
domria,https://dom.ria.com/uk/realty-dolgosrochnaya-arenda-kvartira-kiev-novoe-stroenie-antonovicha-gorkogo-ulitsa-34253469.html,26 000 грн,2 кімнати,55 м²,Голосіївський,
domria,https://dom.ria.com/uk/realty-dolgosrochnaya-arenda-kvartira-kiev-laboratornyy-pereulok-34252158.html,62 188 грн,1 кімната,65 м²,Печерський,
domria,https://dom.ria.com/uk/realty-dolgosrochnaya-arenda-kvartira-kiev-podol-obolonskaya-ulitsa-34253471.html,45 000 грн,4 кімнати,125 м²,Подільський,
domria,https://dom.ria.com/uk/realty-dolgosrochnaya-arenda-kvartira-kiev-podol-vozdvijenskaya-ulitsa-34252992.html,14 000 грн,1 кімната,25 м²,Подільський,
domria,https://dom.ria.com/uk/realty-dolgosrochnaya-arenda-kvartira-kiev-pecherskiy-vasiliya-tyutyunnika-ulitsa-34253146.html,39 978 грн,1 кімната,32 м²,Печерський,
domria,https://dom.ria.com/uk/realty-dolgosrochnaya-arenda-kvartira-kiev-aleksandrovskaya-slobodka-lobanovskogo-krasnozvezdnyy-prospekt-34056019.html,26 652 грн,2 кімнати,92 м²,Солом'янський,
domria,https://dom.ria.com/uk/realty-dolgosrochnaya-arenda-kvartira-kiev-chernaya-gora-andreya-verhoglyada-dragomirova-ulitsa-34252541.html,75 514 грн,3 кімнати,100 м²,Печерський,
domria,https://dom.ria.com/uk/realty-dolgosrochnaya-arenda-kvartira-kiev-belichi-chernobylskaya-ulitsa-34252877.html,10 000 грн,1 кімната,31 м²,Святошинський,
domria,https://dom.ria.com/uk/realty-dolgosrochnaya-arenda-kvartira-kiev-darnitskiy-dneprovskaya-naberejnaya-34245343.html,33 000 грн,1 кімната,49 м²,Дарницький,
domria,https://dom.ria.com/uk/realty-dolgosrochnaya-arenda-kvartira-kiev-darnitskiy-dneprovskaya-naberejnaya-34245253.html,48 000 грн,2 кімнати,50 м²,Дарницький,
domria,https://dom.ria.com/uk/realty-dolgosrochnaya-arenda-kvartira-kiev-radujnyy-massiv-radujnaya-ulitsa-34250738.html,9 000 грн,1 кімната,36 м²,Дніпровський,
domria,https://dom.ria.com/uk/realty-dolgosrochnaya-arenda-kvartira-kiev-otradnyy-lyubomira-guzara-prospekt-34250124.html,17 000 грн,1 кімната,30 м²,Солом'янський,
domria,https://dom.ria.com/uk/realty-dolgosrochnaya-arenda-kvartira-kiev-bagrinovaya-gora-raketnaya-ulitsa-34250370.html,14 000 грн,1 кімната,32 м²,Голосіївський,
domria,https://dom.ria.com/uk/realty-dolgosrochnaya-arenda-kvartira-kiev-obolon-levka-lukyanenko-ulitsa-34251826.html,28 873 грн,1 кімната,32.7 м²,Оболонський,
domria,https://dom.ria.com/uk/realty-dolgosrochnaya-arenda-kvartira-kiev-pankovschina-nikolsko-botanicheskaya-ulitsa-34250432.html,22 210 грн,2 кімнати,51 м²,Голосіївський,
domria,https://dom.ria.com/uk/realty-dolgosrochnaya-arenda-kvartira-kiev-zverinets-zverinetskaya-ulitsa-34246047.html,57 746 грн,1 кімната,57 м²,Печерський,
domria,https://dom.ria.com/uk/realty-dolgosrochnaya-arenda-kvartira-kiev-pechersk-klovskiy-spusk-34250823.html,91 061 грн,1 кімната,123 м²,Печерський,
domria,https://dom.ria.com/uk/realty-dolgosrochnaya-arenda-kvartira-kiev-lipki-kreschatik-ulitsa-32285652.html,49 353 грн,3 кімнати,84 м²,Печерський,
domria,https://dom.ria.com/uk/realty-dolgosrochnaya-arenda-kvartira-kiev-troeschina-chervonoy-kaliny-mayakovskogo-vladimira-prospekt-34248282.html,11 000 грн,2 кімнати,57.3 м²,Деснянський,
domria,https://dom.ria.com/uk/realty-dolgosrochnaya-arenda-kvartira-kiev-cherepanova-gora-delovaya-ulitsa-33222263.html,124 376 грн,5 кімнат,230 м²,Печерський,
domria,https://dom.ria.com/uk/realty-dolgosrochnaya-arenda-kvartira-kiev-teremki-2-stepana-rudnitskogo-akademika-vilyamsa-ulitsa-34250811.html,27 000 грн,3 кімнати,101 м²,Голосіївський,
domria,https://dom.ria.com/uk/realty-dolgosrochnaya-arenda-kvartira-kiev-teremki-2-yulii-zdanovskoy-lomonosova-ulitsa-34250006.html,30 000 грн,3 кімнати,89.9 м²,Голосіївський,
domria,https://dom.ria.com/uk/realty-dolgosrochnaya-arenda-kvartira-kiev-julyany-mihaila-deregusa-ulitsa-34250477.html,20 000 грн,1 кімната,27.6 м²,Солом'янський,
domria,https://dom.ria.com/uk/realty-dolgosrochnaya-arenda-kvartira-kiev-bereznyaki-dneprovskaya-naberejnaya-33874550.html,15 000 грн,3 кімнати,61.2 м²,Дніпровський,
domria,https://dom.ria.com/uk/realty-dolgosrochnaya-arenda-kvartira-kiev-chernaya-gora-andreya-verhoglyada-dragomirova-ulitsa-34151557.html,53 304 грн,2 кімнати,65 м²,Печерський,
domria,https://dom.ria.com/uk/realty-dolgosrochnaya-arenda-kvartira-kiev-pechersk-staronavodnitskaya-ulitsa-34250813.html,57 746 грн,3 кімнати,169 м²,Печерський,
domria,https://dom.ria.com/uk/realty-dolgosrochnaya-arenda-kvartira-kiev-novaya-darnitsa-sevastopolskaya-ulitsa-34248650.html,13 000 грн,4 кімнати,88.2 м²,Дарницький,
domria,https://dom.ria.com/uk/realty-dolgosrochnaya-arenda-kvartira-kiev-otradnyy-lyubomira-guzara-prospekt-34250241.html,30 000 грн,1 кімната,40.3 м²,Солом'янський,
domria,https://dom.ria.com/uk/realty-dolgosrochnaya-arenda-kvartira-kiev-osokorki-vaschenko-grigoriya-ulitsa-34250326.html,13 500 грн,1 кімната,39.6 м²,Дарницький,
domria,https://dom.ria.com/uk/realty-dolgosrochnaya-arenda-kvartira-kiev-jeleznodorojnyy-massiv-romana-ratushnogo-volgogradskaya-ulitsa-34235678.html,9 950 грн,1 кімната,23 м²,Солом'янський,
domria,https://dom.ria.com/uk/realty-dolgosrochnaya-arenda-kvartira-kiev-zverinets-zverinetskaya-ulitsa-34250247.html,133 260 грн,4 кімнати,200 м²,Печерський,
domria,https://dom.ria.com/uk/realty-dolgosrochnaya-arenda-kvartira-kiev-tsentr-tarasa-shevchenko-bulvar-34250210.html,39 978 грн,2 кімнати,45 м²,Шевченківський,
domria,https://dom.ria.com/uk/realty-dolgosrochnaya-arenda-kvartira-kiev-jeleznodorojnyy-massiv-protasov-yar-ulitsa-34250182.html,26 000 грн,1 кімната,45 м²,Солом'янський,
domria,https://dom.ria.com/uk/realty-dolgosrochnaya-arenda-kvartira-kiev-sapernoe-pole-lesi-ukrainki-ploschad-34149333.html,27 000 грн,4 кімнати,77 м²,Печерський,
domria,https://dom.ria.com/uk/realty-dolgosrochnaya-arenda-kvartira-kiev-jeleznodorojnyy-massiv-protasov-yar-ulitsa-34250148.html,26 000 грн,1 кімната,45 м²,Солом'янський,
domria,https://dom.ria.com/uk/realty-dolgosrochnaya-arenda-kvartira-kiev-nikolskaya-slobodka-denisa-rachinskogo-kombinatnaya-ulitsa-34250130.html,23 378 грн,1 кімната,50 м²,Дніпровський,
domria,https://dom.ria.com/uk/realty-dolgosrochnaya-arenda-kvartira-kiev-dneprovskiy-akovkaya-lia-26853346.html,19 000 грн,1 кімната,37 м²,Дніпровський,
domria,https://dom.ria.com/uk/realty-dolgosrochnaya-arenda-kvartira-kiev-troeschina-chervonoy-kaliny-mayakovskogo-vladimira-prospekt-34231810.html,10 000 грн,1 кімната,37 м²,Деснянський,
domria,https://dom.ria.com/uk/realty-dolgosrochnaya-arenda-kvartira-kiev-osokorki-dneprovskaya-naberejnaya-34248856.html,35 536 грн,2 кімнати,64.1 м²,Дарницький,
domria,https://dom.ria.com/uk/realty-dolgosrochnaya-arenda-kvartira-kiev-sapernoe-pole-akademika-filatova-ulitsa-34223726.html,26 652 грн,1 кімната,30 м²,Печерський,
domria,https://dom.ria.com/uk/realty-dolgosrochnaya-arenda-kvartira-kiev-turetskiy-gorodok-fedora-ernsta-ulitsa-34247923.html,18 000 грн,1 кімната,42.6 м²,Солом'янський,
domria,https://dom.ria.com/uk/realty-dolgosrochnaya-arenda-kvartira-kiev-novaya-darnitsa-gennadiya-afanaseva-konstantina-zaslonova-ulitsa-34248264.html,11 000 грн,2 кімнати,47 м²,Дарницький,
domria,https://dom.ria.com/uk/realty-dolgosrochnaya-arenda-kvartira-kiev-podolskiy-vsevoloda-zmienko-ulitsa-34248438.html,31 094 грн,1 кімната,45 м²,Подільський,
domria,https://dom.ria.com/uk/realty-dolgosrochnaya-arenda-kvartira-kiev-karavaevy-dachi-tatyany-yablonskoy-ulitsa-34240488.html,19 500 грн,2 кімнати,74.3 м²,Солом'янський,
domria,https://dom.ria.com/uk/realty-dolgosrochnaya-arenda-kvartira-kiev-chernaya-gora-andreya-verhoglyada-dragomirova-ulitsa-34243214.html,133 260 грн,2 кімнати,115 м²,Печерський,
domria,https://dom.ria.com/uk/realty-dolgosrochnaya-arenda-kvartira-kiev-severno-brovarskiy-masiv-darnitskiy-bulvar-34247049.html,17 500 грн,2 кімнати,60.1 м²,Дніпровський,
domria,https://dom.ria.com/uk/realty-dolgosrochnaya-arenda-kvartira-kiev-radujnyy-massiv-radujnaya-ulitsa-34244194.html,13 999 грн,2 кімнати,51.7 м²,Дніпровський,
domria,https://dom.ria.com/uk/realty-dolgosrochnaya-arenda-kvartira-kiev-solomyanka-patriarha-mstislava-skripnika-nikolaya-ostrovskogo-ulitsa-34239999.html,21 999 грн,1 кімната,38 м²,Солом'янський,
domria,https://dom.ria.com/uk/realty-dolgosrochnaya-arenda-kvartira-kiev-poznyaki-anny-ahmatovoy-ulitsa-34246197.html,177 680 грн,2 кімнати,138 м²,Дарницький,
domria,https://dom.ria.com/uk/realty-dolgosrochnaya-arenda-kvartira-kiev-lipki-kreschatik-ulitsa-34230830.html,133 260 грн,3 кімнати,120 м²,Печерський,
domria,https://dom.ria.com/uk/realty-dolgosrochnaya-arenda-kvartira-kiev-darnitskiy-zarechnaya-ulitsa-34240201.html,39 600 грн,2 кімнати,52 м²,Дарницький,
domria,https://dom.ria.com/uk/realty-dolgosrochnaya-arenda-kvartira-kiev-vasilkovskaya-ulitsa-34246108.html,99 945 грн,4 кімнати,120 м²,Голосіївський,
domria,https://dom.ria.com/uk/realty-dolgosrochnaya-arenda-kvartira-kiev-shevchenkovskiy-glubochitskaya-ulitsa-34247583.html,24 000 грн,1 кімната,35 м²,Шевченківський,
domria,https://dom.ria.com/uk/realty-dolgosrochnaya-arenda-kvartira-kiev-lesnoy-massiv-bratislavskaya-ulitsa-34247275.html,12 999 грн,2 кімнати,46 м²,Деснянський,
domria,https://dom.ria.com/uk/realty-dolgosrochnaya-arenda-kvartira-kiev-pecherskiy-makkeyna-djona-ulitsa-34247430.html,37 757 грн,2 кімнати,55 м²,Печерський,
domria,https://dom.ria.com/uk/realty-dolgosrochnaya-arenda-kvartira-kiev-lukyanovka-nikolaya-kravchenko-ulitsa-34247445.html,40 000 грн,2 кімнати,80 м²,Шевченківський,
domria,https://dom.ria.com/uk/realty-dolgosrochnaya-arenda-kvartira-kiev-bratskaya-ulitsa-34247448.html,46 755 грн,2 кімнати,75 м²,,
domria,https://dom.ria.com/uk/realty-dolgosrochnaya-arenda-kvartira-kiev-sotsgorod-vifleemskaya-akademika-shlihtera-ulitsa-34247330.html,13 000 грн,3 кімнати,58 м²,Дніпровський,
domria,https://dom.ria.com/uk/realty-dolgosrochnaya-arenda-kvartira-kiev-pechersk-konovaltsa-evgeniya-ulitsa-34246756.html,44 420 грн,1 кімната,50 м²,Печерський,
domria,https://dom.ria.com/uk/realty-dolgosrochnaya-arenda-kvartira-kiev-yujnaya-borschagovka-akademika-koroleva-prospekt-34246210.html,12 000 грн,2 кімнати,50 м²,Святошинський,
domria,https://dom.ria.com/uk/realty-dolgosrochnaya-arenda-kvartira-kiev-obolon-geroev-dnepra-ulitsa-34245976.html,17 500 грн,2 кімнати,70 м²,Оболонський,
domria,https://dom.ria.com/uk/realty-dolgosrochnaya-arenda-kvartira-kiev-sapernoe-pole-predslavinskaya-ulitsa-34240269.html,84 398 грн,2 кімнати,90 м²,Печерський,
domria,https://dom.ria.com/uk/realty-dolgosrochnaya-arenda-kvartira-kiev-nikolskaya-slobodka-andreya-abolmasova-panelnaya-ulitsa-34244384.html,25 000 грн,2 кімнати,60 м²,Дніпровський,
domria,https://dom.ria.com/uk/realty-dolgosrochnaya-arenda-kvartira-kiev-karavaevy-dachi-getmana-vadima-ulitsa-33561763.html,18 000 грн,2 кімнати,54.1 м²,Солом'янський,
domria,https://dom.ria.com/uk/realty-dolgosrochnaya-arenda-kvartira-kiev-shulyavka-sholudenko-ulitsa-34244335.html,26 652 грн,1 кімната,43 м²,Солом'янський,
domria,https://dom.ria.com/uk/realty-dolgosrochnaya-arenda-kvartira-kiev-novoe-stroenie-bolshaya-vasilkovskaya-ulitsa-34244502.html,23 000 грн,2 кімнати,55 м²,Голосіївський,
domria,https://dom.ria.com/uk/realty-dolgosrochnaya-arenda-kvartira-kiev-soldatskaya-slobodka-aleksandra-konisskogo-turgenevskaya-ulitsa-34243818.html,66 630 грн,2 кімнати,50 м²,Шевченківський,
domria,https://dom.ria.com/uk/realty-dolgosrochnaya-arenda-kvartira-kiev-sapernoe-pole-krepostnoy-tverskoy-tupik-34243775.html,71 072 грн,2 кімнати,70.7 м²,Печерський,
domria,https://dom.ria.com/uk/realty-dolgosrochnaya-arenda-kvartira-kiev-teremki-2-dmitriya-lutsenko-kreysera-avrora-ulitsa-34240878.html,24 500 грн,1 кімната,47.9 м²,Голосіївський,
domria,https://dom.ria.com/uk/realty-dolgosrochnaya-arenda-kvartira-kiev-staryy-kiev-trehsvyatitelskaya-ulitsa-34241077.html,35 000 грн,2 кімнати,54.5 м²,Шевченківський,
domria,https://dom.ria.com/uk/realty-dolgosrochnaya-arenda-kvartira-kiev-lesnoy-massiv-kubanskoy-ukrainy-ulitsa-34244138.html,9 000 грн,2 кімнати,52 м²,Деснянський,
domria,https://dom.ria.com/uk/realty-dolgosrochnaya-arenda-kvartira-kiev-darnitskiy-nikolaya-bajana-prospekt-34240981.html,26 652 грн,1 кімната,50 м²,Дарницький,
domria,https://dom.ria.com/uk/realty-dolgosrochnaya-arenda-kvartira-kiev-dneprovskiy-stroiteley-ulitsa-33833129.html,13 600 грн,2 кімнати,45.2 м²,Дніпровський,
domria,https://dom.ria.com/uk/realty-dolgosrochnaya-arenda-kvartira-kiev-poznyaki-nikolaya-bajana-prospekt-34241959.html,22 000 грн,1 кімната,77.8 м²,Дарницький,
domria,https://dom.ria.com/uk/realty-dolgosrochnaya-arenda-kvartira-kiev-teremki-1-akademika-zabolotnogo-ulitsa-34242671.html,25 000 грн,1 кімната,55 м²,Голосіївський,
domria,https://dom.ria.com/uk/realty-dolgosrochnaya-arenda-kvartira-kiev-borschagovka-aleksandra-mahova-joludeva-ulitsa-34238187.html,8 500 грн,1 кімната,35 м²,Святошинський,
domria,https://dom.ria.com/uk/realty-dolgosrochnaya-arenda-kvartira-kiev-poznyaki-petra-grigorenko-prospekt-34243569.html,16 500 грн,2 кімнати,55 м²,Дарницький,
domria,https://dom.ria.com/uk/realty-dolgosrochnaya-arenda-kvartira-kiev-poznyaki-sribnokilskaya-ulitsa-34239367.html,23 000 грн,1 кімната,59 м²,Дарницький,
domria,https://dom.ria.com/uk/realty-dolgosrochnaya-arenda-kvartira-kiev-otradnyy-nikolaya-shepeleva-ulitsa-34243067.html,10 500 грн,1 кімната,21.3 м²,Солом'янський,
domria,https://dom.ria.com/uk/realty-dolgosrochnaya-arenda-kvartira-kiev-aleksandrovskaya-slobodka-andreya-golovko-ulitsa-34123472.html,25 000 грн,2 кімнати,43.6 м²,Солом'янський,
domria,https://dom.ria.com/uk/realty-dolgosrochnaya-arenda-kvartira-kiev-nivki-salyutnaya-ulitsa-34241372.html,30 000 грн,1 кімната,43 м²,Шевченківський,
domria,https://dom.ria.com/uk/realty-dolgosrochnaya-arenda-kvartira-kiev-troeschina-onore-de-balzaka-ulitsa-34242279.html,12 000 грн,1 кімната,34 м²,Деснянський,
domria,https://dom.ria.com/uk/realty-dolgosrochnaya-arenda-kvartira-kiev-poznyaki-sribnokilskaya-ulitsa-34243271.html,17 000 грн,3 кімнати,75.4 м²,Дарницький,
domria,https://dom.ria.com/uk/realty-dolgosrochnaya-arenda-kvartira-kiev-lipki-zankovetskoy-ulitsa-34241473.html,41 560 грн,3 кімнати,83 м²,Печерський,
domria,https://dom.ria.com/uk/realty-dolgosrochnaya-arenda-kvartira-kiev-darnitskiy-borispolskaya-ulitsa-34242242.html,14 000 грн,1 кімната,47 м²,Дарницький,
domria,https://dom.ria.com/uk/realty-dolgosrochnaya-arenda-kvartira-kiev-tatarka-glubochitskaya-ulitsa-34229713.html,35 536 грн,2 кімнати,58 м²,Шевченківський,
domria,https://dom.ria.com/uk/realty-dolgosrochnaya-arenda-kvartira-kiev-tsentr-antonovicha-gorkogo-ulitsa-34226500.html,30 000 грн,2 кімнати,74 м²,Шевченківський,
domria,https://dom.ria.com/uk/realty-dolgosrochnaya-arenda-kvartira-kiev-pechersk-leyptsigskaya-ulitsa-34236655.html,88 840 грн,3 кімнати,125 м²,Печерський,
domria,https://dom.ria.com/uk/realty-dolgosrochnaya-arenda-kvartira-kiev-vinogradar-semi-kristerov-ulitsa-34228721.html,29 000 грн,1 кімната,44 м²,Подільський,
domria,https://dom.ria.com/uk/realty-dolgosrochnaya-arenda-kvartira-kiev-cherepanova-gora-ivana-fedorova-ulitsa-34242344.html,75 514 грн,1 кімната,58 м²,Печерський,
domria,https://dom.ria.com/uk/realty-dolgosrochnaya-arenda-kvartira-kiev-nikolskaya-slobodka-nikolsko-slobodskaya-ulitsa-34241925.html,26 000 грн,1 кімната,50 м²,Дніпровський,
domria,https://dom.ria.com/uk/realty-dolgosrochnaya-arenda-kvartira-kiev-bratev-chibineevyh-chernigovskaya-ulitsa-34242139.html,23 000 грн,2 кімнати,42 м²,,
domria,https://dom.ria.com/uk/realty-dolgosrochnaya-arenda-kvartira-kiev-sapernoe-pole-konovaltsa-evgeniya-ulitsa-34242065.html,71 072 грн,3 кімнати,150 м²,Печерський,
domria,https://dom.ria.com/uk/realty-dolgosrochnaya-arenda-kvartira-kiev-poznyaki-truskavetskaya-ulitsa-34235235.html,25 000 грн,1 кімната,55 м²,Дарницький,
domria,https://dom.ria.com/uk/realty-dolgosrochnaya-arenda-kvartira-kiev-darnitskiy-dneprovskaya-naberejnaya-34241324.html,19 989 грн,1 кімната,28 м²,Дарницький,
domria,https://dom.ria.com/uk/realty-dolgosrochnaya-arenda-kvartira-kiev-poznyaki-dneprovskaya-naberejnaya-34239979.html,24 000 грн,1 кімната,38 м²,Дарницький,
domria,https://dom.ria.com/uk/realty-dolgosrochnaya-arenda-kvartira-kiev-vasilkovskaya-ulitsa-33110199.html,37 757 грн,2 кімнати,50 м²,Голосіївський,
domria,https://dom.ria.com/uk/realty-dolgosrochnaya-arenda-kvartira-kiev-shulyavka-tbilisskiy-pereulok-34230014.html,25 000 грн,1 кімната,53 м²,Солом'янський,
domria,https://dom.ria.com/uk/realty-dolgosrochnaya-arenda-kvartira-kiev-troeschina-nikolaya-zakrevskogo-ulitsa-34240682.html,10 000 грн,1 кімната,43.1 м²,Деснянський,
domria,https://dom.ria.com/uk/realty-dolgosrochnaya-arenda-kvartira-kiev-vinogradar-svetlitskogo-ulitsa-34239789.html,18 000 грн,3 кімнати,65 м²,Подільський,
domria,https://dom.ria.com/uk/realty-dolgosrochnaya-arenda-kvartira-kiev-poznyaki-petra-grigorenko-prospekt-34240363.html,18 000 грн,2 кімнати,80 м²,Дарницький,
domria,https://dom.ria.com/uk/realty-dolgosrochnaya-arenda-kvartira-kiev-sapernoe-pole-vasiliya-tyutyunnika-ulitsa-34232116.html,40 500 грн,3 кімнати,88 м²,Печерський,
domria,https://dom.ria.com/uk/realty-dolgosrochnaya-arenda-kvartira-kiev-pankovschina-getmana-pavla-skoropadskogo-lva-tolstogo-ulitsa-34235597.html,64 409 грн,4 кімнати,151 м²,Голосіївський,
domria,https://dom.ria.com/uk/realty-dolgosrochnaya-arenda-kvartira-kiev-vladimira-ivasyuka-prospekt-34239870.html,53 304 грн,3 кімнати,105 м²,,
domria,https://dom.ria.com/uk/realty-dolgosrochnaya-arenda-kvartira-kiev-pankovschina-jilyanskaya-ulitsa-33693824.html,133 260 грн,2 кімнати,140 м²,Голосіївський,
domria,https://dom.ria.com/uk/realty-dolgosrochnaya-arenda-kvartira-kiev-chernaya-gora-andreya-verhoglyada-dragomirova-ulitsa-34238402.html,66 630 грн,4 кімнати,159 м²,Печерський,
domria,https://dom.ria.com/uk/realty-dolgosrochnaya-arenda-kvartira-kiev-tsentr-bogdana-hmelnitskogo-ulitsa-34239106.html,66 630 грн,4 кімнати,133.6 м²,Шевченківський,
domria,https://dom.ria.com/uk/realty-dolgosrochnaya-arenda-kvartira-kiev-prichalnaya-ulitsa-34238419.html,53 304 грн,1 кімната,56 м²,,
domria,https://dom.ria.com/uk/realty-dolgosrochnaya-arenda-kvartira-kiev-goloseevskiy-kademika-zabolonogo-lia-25829788.html,35 536 грн,3 кімнати,85.5 м²,Голосіївський,
domria,https://dom.ria.com/uk/realty-dolgosrochnaya-arenda-kvartira-kiev-radujnyy-massiv-radujnaya-ulitsa-34237820.html,8 000 грн,1 кімната,28 м²,Дніпровський,
domria,https://dom.ria.com/uk/realty-dolgosrochnaya-arenda-kvartira-kiev-goloseevskiy-zoi-butenko-sechenova-ulitsa-31984782.html,26 652 грн,2 кімнати,47 м²,Голосіївський,
domria,https://dom.ria.com/uk/realty-dolgosrochnaya-arenda-kvartira-kiev-borschagovka-semi-steshenko-timofeya-strokacha-ulitsa-34237872.html,13 000 грн,1 кімната,21 м²,Святошинський,
domria,https://dom.ria.com/uk/realty-dolgosrochnaya-arenda-kvartira-kiev-tatarka-otto-shmidta-ulitsa-34156238.html,43 000 грн,2 кімнати,63.7 м²,Шевченківський,
domria,https://dom.ria.com/uk/realty-dolgosrochnaya-arenda-kvartira-kiev-sapernoe-pole-nikolaya-mihnovskogo-drujby-narodov-bulvar-34237648.html,33 200 грн,4 кімнати,94.5 м²,Печерський,
domria,https://dom.ria.com/uk/realty-dolgosrochnaya-arenda-kvartira-kiev-yujnaya-borschagovka-koltsevaya-doroga-34238052.html,9 000 грн,1 кімната,36.6 м²,Святошинський,
domria,https://dom.ria.com/uk/realty-dolgosrochnaya-arenda-kvartira-kiev-otradnyy-vatslava-gavela-bulvar-34237999.html,8 500 грн,2 кімнати,45 м²,Солом'янський,
domria,https://dom.ria.com/uk/realty-dolgosrochnaya-arenda-kvartira-kiev-novoe-stroenie-antonovicha-gorkogo-ulitsa-34201563.html,30 000 грн,2 кімнати,57.1 м²,Голосіївський,
domria,https://dom.ria.com/uk/realty-dolgosrochnaya-arenda-kvartira-kiev-lipki-zankovetskoy-ulitsa-32911393.html,155 470 грн,2 кімнати,83 м²,Печерський,
domria,https://dom.ria.com/uk/realty-dolgosrochnaya-arenda-kvartira-kiev-troeschina-miloslavskaya-ulitsa-34228032.html,8 000 грн,1 кімната,40 м²,Деснянський,
domria,https://dom.ria.com/uk/realty-dolgosrochnaya-arenda-kvartira-kiev-sapernoe-pole-konovaltsa-evgeniya-ulitsa-34236686.html,62 188 грн,1 кімната,58.5 м²,Печерський,
domria,https://dom.ria.com/uk/realty-dolgosrochnaya-arenda-kvartira-kiev-poznyaki-zdolbunovskaya-ulitsa-34236575.html,17 000 грн,1 кімната,48.7 м²,Дарницький,
domria,https://dom.ria.com/uk/realty-dolgosrochnaya-arenda-kvartira-kiev-harkovskiy-massiv-harkovskoe-shosse-34236529.html,16 000 грн,2 кімнати,62.9 м²,Дарницький,
domria,https://dom.ria.com/uk/realty-dolgosrochnaya-arenda-kvartira-kiev-solomenskiy-vyborgskaya-ulitsa-24381438.html,14 000 грн,2 кімнати,46 м²,Солом'янський,
domria,https://dom.ria.com/uk/realty-dolgosrochnaya-arenda-kvartira-kiev-desnyanskiy-onore-de-balzaka-ulitsa-33577187.html,12 000 грн,2 кімнати,65 м²,Деснянський,
domria,https://dom.ria.com/uk/realty-dolgosrochnaya-arenda-kvartira-kiev-shevchenkovskiy-beresteyskiy-pobedy-prospekt-33445164.html,53 304 грн,1 кімната,52.7 м²,Шевченківський,
domria,https://dom.ria.com/uk/realty-dolgosrochnaya-arenda-kvartira-kiev-shulyavka-garmatnaya-ulitsa-34213346.html,28 000 грн,2 кімнати,71.7 м²,Солом'янський,
domria,https://dom.ria.com/uk/realty-dolgosrochnaya-arenda-kvartira-kiev-darnitskiy-nikolaya-hvylevogo-ulitsa-34234673.html,13 995 грн,1 кімната,52.3 м²,Дарницький,
domria,https://dom.ria.com/uk/realty-dolgosrochnaya-arenda-kvartira-kiev-poznyaki-borisa-gmyri-ulitsa-34233908.html,15 000 грн,2 кімнати,50 м²,Дарницький,
domria,https://dom.ria.com/uk/realty-dolgosrochnaya-arenda-kvartira-kiev-soldatskaya-slobodka-turgeneva-ulitsa-34234843.html,66 630 грн,2 кімнати,50 м²,Шевченківський,
domria,https://dom.ria.com/uk/realty-dolgosrochnaya-arenda-kvartira-kiev-shevchenkovskiy-sechevyh-streltsov-ulitsa-24221269.html,66 630 грн,5 кімнат,195.5 м²,Шевченківський,
domria,https://dom.ria.com/uk/realty-dolgosrochnaya-arenda-kvartira-kiev-novoe-stroenie-kazimira-malevicha-ulitsa-34234131.html,57 746 грн,2 кімнати,78.8 м²,Голосіївський,
domria,https://dom.ria.com/uk/realty-dolgosrochnaya-arenda-kvartira-kiev-podolskiy-aleksandra-olesya-ulitsa-34233267.html,30 000 грн,1 кімната,52 м²,Подільський,
domria,https://dom.ria.com/uk/realty-dolgosrochnaya-arenda-kvartira-kiev-shulyavka-beresteyskiy-pobedy-prospekt-34235075.html,48 862 грн,2 кімнати,54 м²,Шевченківський,
domria,https://dom.ria.com/uk/realty-dolgosrochnaya-arenda-kvartira-kiev-staraya-darnitsa-sivashskaya-ulitsa-34235474.html,9 999 грн,1 кімната,44.1 м²,Дніпровський,
domria,https://dom.ria.com/uk/realty-dolgosrochnaya-arenda-kvartira-kiev-nivki-salyutnaya-ulitsa-33023648.html,79 956 грн,2 кімнати,74.1 м²,Шевченківський,
domria,https://dom.ria.com/uk/realty-dolgosrochnaya-arenda-kvartira-kiev-lesnoy-massiv-lesnoy-prospekt-34231844.html,13 000 грн,2 кімнати,48 м²,Деснянський,
domria,https://dom.ria.com/uk/realty-dolgosrochnaya-arenda-kvartira-kiev-aleksandrovskaya-slobodka-34231571.html,14 000 грн,1 кімната,40 м²,Солом'янський,
domria,https://dom.ria.com/uk/realty-dolgosrochnaya-arenda-kvartira-kiev-nivki-mrii-akademika-tupoleva-ulitsa-34223984.html,8 500 грн,1 кімната,22 м²,Шевченківський,
domria,https://dom.ria.com/uk/realty-dolgosrochnaya-arenda-kvartira-kiev-solomenskiy-vatslava-gavela-bulvar-34233667.html,12 000 грн,2 кімнати,46 м²,Солом'янський,
domria,https://dom.ria.com/uk/realty-dolgosrochnaya-arenda-kvartira-kiev-obolon-vladimira-ivasyuka-prospekt-34233125.html,57 746 грн,3 кімнати,117 м²,Оболонський,
domria,https://dom.ria.com/uk/realty-dolgosrochnaya-arenda-kvartira-kiev-podol-kojemyatskaya-ulitsa-34232956.html,53 304 грн,1 кімната,50.2 м²,Подільський,
domria,https://dom.ria.com/uk/realty-dolgosrochnaya-arenda-kvartira-kiev-darnitskiy-chavdar-elizavety-ulitsa-34228318.html,13 000 грн,1 кімната,40 м²,Дарницький,
domria,https://dom.ria.com/uk/realty-dolgosrochnaya-arenda-kvartira-kiev-solomyanka-bogdanovskaya-ulitsa-34232932.html,40 000 грн,2 кімнати,70 м²,Солом'янський,
domria,https://dom.ria.com/uk/realty-dolgosrochnaya-arenda-kvartira-kiev-vishnyakovskaya-ulitsa-34233294.html,29 761 грн,3 кімнати,125 м²,,
domria,https://dom.ria.com/uk/realty-dolgosrochnaya-arenda-kvartira-kiev-chernaya-gora-andreya-verhoglyada-dragomirova-ulitsa-34232797.html,48 862 грн,1 кімната,56 м²,Печерський,
domria,https://dom.ria.com/uk/realty-dolgosrochnaya-arenda-kvartira-kiev-cherepanova-gora-predslavinskaya-ulitsa-34232881.html,43 976 грн,1 кімната,47 м²,Печерський,
domria,https://dom.ria.com/uk/realty-dolgosrochnaya-arenda-kvartira-kiev-radujnyy-massiv-radujnaya-ulitsa-34227074.html,19 000 грн,2 кімнати,64.7 м²,Дніпровський,
domria,https://dom.ria.com/uk/realty-dolgosrochnaya-arenda-kvartira-kiev-darnitskiy-prichalnaya-ulitsa-34231030.html,25 000 грн,1 кімната,45 м²,Дарницький,
domria,https://dom.ria.com/uk/realty-dolgosrochnaya-arenda-kvartira-kiev-podolskiy-tiraspolskaya-ulitsa-34228317.html,25 000 грн,1 кімната,57 м²,Подільський,
domria,https://dom.ria.com/uk/realty-dolgosrochnaya-arenda-kvartira-kiev-troeschina-todosya-osmachki-gorkogo-ulitsa-34231892.html,16 000 грн,1 кімната,45.5 м²,Деснянський,
domria,https://dom.ria.com/uk/realty-dolgosrochnaya-arenda-kvartira-kiev-demeevka-yasinovatskiy-pereulok-34231796.html,20 000 грн,1 кімната,54 м²,Голосіївський,
domria,https://dom.ria.com/uk/realty-dolgosrochnaya-arenda-kvartira-kiev-pecherskiy-bolshaya-vasilkovskaya-ulitsa-32252547.html,21 000 грн,2 кімнати,56 м²,Голосіївський,
domria,https://dom.ria.com/uk/realty-dolgosrochnaya-arenda-kvartira-kiev-poznyaki-aleksandra-koshitsa-ulitsa-34230648.html,18 000 грн,3 кімнати,71.8 м²,Дарницький,
domria,https://dom.ria.com/uk/realty-dolgosrochnaya-arenda-kvartira-kiev-dneprovskiy-nikolsko-slobodskaya-ulitsa-34230322.html,44 376 грн,4 кімнати,134.4 м²,Дніпровський,
domria,https://dom.ria.com/uk/realty-dolgosrochnaya-arenda-kvartira-kiev-troeschina-aleksandry-ekster-mariny-tsvetaevoy-ulitsa-34217899.html,17 768 грн,1 кімната,59 м²,Деснянський,
domria,https://dom.ria.com/uk/realty-dolgosrochnaya-arenda-kvartira-kiev-sapernoe-pole-konovaltsa-evgeniya-ulitsa-34229228.html,44 420 грн,2 кімнати,77.4 м²,Печерський,
domria,https://dom.ria.com/uk/realty-dolgosrochnaya-arenda-kvartira-kiev-obolon-obolonskiy-prospekt-34228299.html,57 746 грн,2 кімнати,59.6 м²,Оболонський,
domria,https://dom.ria.com/uk/realty-dolgosrochnaya-arenda-kvartira-kiev-sapernoe-pole-makkeyna-djona-ulitsa-34226688.html,111 050 грн,2 кімнати,122.3 м²,Печерський,
domria,https://dom.ria.com/uk/realty-dolgosrochnaya-arenda-kvartira-kiev-podolskiy-tiraspolskaya-ulitsa-33653545.html,20 000 грн,1 кімната,38 м²,Подільський,
domria,https://dom.ria.com/uk/realty-dolgosrochnaya-arenda-kvartira-kiev-teremki1-baev-emeov-lia-34007773.html,27 000 грн,1 кімната,36 м²,Голосіївський,
domria,https://dom.ria.com/uk/realty-dolgosrochnaya-arenda-kvartira-kiev-shulyavka-getmana-vadima-ulitsa-34228788.html,10 000 грн,1 кімната,29 м²,Солом'янський,
domria,https://dom.ria.com/uk/realty-dolgosrochnaya-arenda-kvartira-kiev-darnitskiy-sribnokilskaya-ulitsa-34206590.html,20 000 грн,2 кімнати,82 м²,Дарницький,
domria,https://dom.ria.com/uk/realty-dolgosrochnaya-arenda-kvartira-kiev-borschagovka-nikolaya-rudenko-koltsova-bulvar-34225918.html,22 000 грн,2 кімнати,76 м²,Святошинський,
domria,https://dom.ria.com/uk/realty-dolgosrochnaya-arenda-kvartira-kiev-darnitskiy-sribnokilskaya-ulitsa-34208073.html,30 000 грн,2 кімнати,82 м²,Дарницький,
domria,https://dom.ria.com/uk/realty-dolgosrochnaya-arenda-kvartira-kiev-tsentr-bulvarno-kudryavskaya-vorovskogo-ulitsa-34228748.html,62 188 грн,1 кімната,52 м²,Шевченківський,
domria,https://dom.ria.com/uk/realty-dolgosrochnaya-arenda-kvartira-kiev-tsentr-bulvarno-kudryavskaya-vorovskogo-ulitsa-34228584.html,62 188 грн,1 кімната,50 м²,Шевченківський,
domria,https://dom.ria.com/uk/realty-dolgosrochnaya-arenda-kvartira-kiev-harkovskiy-massiv-armyanskaya-ulitsa-34224623.html,22 000 грн,1 кімната,36.6 м²,Дарницький,
domria,https://dom.ria.com/uk/realty-dolgosrochnaya-arenda-kvartira-kiev-staraya-darnitsa-harkovskoe-shosse-34163154.html,16 000 грн,2 кімнати,64 м²,Дніпровський,
domria,https://dom.ria.com/uk/realty-dolgosrochnaya-arenda-kvartira-kiev-chernaya-gora-andreya-verhoglyada-dragomirova-ulitsa-34112513.html,48 862 грн,2 кімнати,52 м²,Печерський,
domria,https://dom.ria.com/uk/realty-dolgosrochnaya-arenda-kvartira-kiev-chernaya-gora-andreya-verhoglyada-dragomirova-ulitsa-34228816.html,88 840 грн,2 кімнати,90 м²,Печерський,
domria,https://dom.ria.com/uk/realty-dolgosrochnaya-arenda-kvartira-kiev-darnitskiy-osokorskaya-ulitsa-34230729.html,18 000 грн,1 кімната,33 м²,Дарницький,
domria,https://dom.ria.com/uk/realty-dolgosrochnaya-arenda-kvartira-kiev-baydy-vishnevetskogo-osipovskogo-ulitsa-34230519.html,18 000 грн,2 кімнати,60 м²,,
domria,https://dom.ria.com/uk/realty-dolgosrochnaya-arenda-kvartira-kiev-vinogradar-vsevoloda-zmienko-ulitsa-34025885.html,26 000 грн,1 кімната,43 м²,Подільський,
domria,https://dom.ria.com/uk/realty-dolgosrochnaya-arenda-kvartira-kiev-bagrinovaya-gora-raketnaya-ulitsa-34230562.html,12 000 грн,1 кімната,35 м²,Голосіївський,
domria,https://dom.ria.com/uk/realty-dolgosrochnaya-arenda-kvartira-kiev-stolichnoe-shosse-34230206.html,28 000 грн,1 кімната,46 м²,,
domria,https://dom.ria.com/uk/realty-dolgosrochnaya-arenda-kvartira-kiev-podolskiy-tiraspolskaya-ulitsa-34230135.html,20 000 грн,1 кімната,36 м²,Подільський,
domria,https://dom.ria.com/uk/realty-dolgosrochnaya-arenda-kvartira-kiev-troeschina-chervonoy-kaliny-mayakovskogo-vladimira-prospekt-34156057.html,12 500 грн,2 кімнати,51 м²,Деснянський,
domria,https://dom.ria.com/uk/realty-dolgosrochnaya-arenda-kvartira-kiev-obolon-vladimira-ivasyuka-prospekt-34173861.html,27 000 грн,3 кімнати,120 м²,Оболонський,
domria,https://dom.ria.com/uk/realty-dolgosrochnaya-arenda-kvartira-kiev-chernaya-gora-andreya-verhoglyada-dragomirova-ulitsa-34229015.html,48 862 грн,1 кімната,55 м²,Печерський,
domria,https://dom.ria.com/uk/realty-dolgosrochnaya-arenda-kvartira-kiev-kropivnitskogo-ulitsa-34219135.html,168 796 грн,3 кімнати,185 м²,Печерський,
domria,https://dom.ria.com/uk/realty-dolgosrochnaya-arenda-kvartira-kiev-troeschina-kashtanovaya-ulitsa-34227019.html,9 000 грн,1 кімната,32 м²,Деснянський,
domria,https://dom.ria.com/uk/realty-dolgosrochnaya-arenda-kvartira-kiev-obolon-geroev-dnepra-ulitsa-34228615.html,16 000 грн,2 кімнати,45.9 м²,Оболонський,
domria,https://dom.ria.com/uk/realty-dolgosrochnaya-arenda-kvartira-kiev-poznyaki-eleny-pchilki-ulitsa-34228923.html,18 000 грн,2 кімнати,67 м²,Дарницький,
domria,https://dom.ria.com/uk/realty-dolgosrochnaya-arenda-kvartira-kiev-podolskiy-ivana-vygovskogo-marshala-grechko-ulitsa-34225181.html,25 000 грн,1 кімната,41.2 м²,Подільський,
domria,https://dom.ria.com/uk/realty-dolgosrochnaya-arenda-kvartira-kiev-pankovschina-jilyanskaya-ulitsa-34227920.html,30 000 грн,1 кімната,46.3 м²,Голосіївський,
domria,https://dom.ria.com/uk/realty-dolgosrochnaya-arenda-kvartira-kiev-teremki1-bolaya-kjnaya-lia-26694128.html,22 000 грн,1 кімната,31.4 м²,Голосіївський,
domria,https://dom.ria.com/uk/realty-dolgosrochnaya-arenda-kvartira-kiev-telichka-stolichnoe-shosse-34227191.html,20 000 грн,1 кімната,39.4 м²,Голосіївський,
domria,https://dom.ria.com/uk/realty-dolgosrochnaya-arenda-kvartira-kiev-obolon-geroev-polka-azov-marshala-malinovskogo-ulitsa-34227427.html,30 000 грн,3 кімнати,94.9 м²,Оболонський,
domria,https://dom.ria.com/uk/realty-dolgosrochnaya-arenda-kvartira-kiev-troeschina-radunskaya-ulitsa-34220645.html,15 000 грн,2 кімнати,53.8 м²,Деснянський,
domria,https://dom.ria.com/uk/realty-dolgosrochnaya-arenda-kvartira-kiev-dneprovskiy-martovskaya-ulitsa-34225339.html,20 000 грн,1 кімната,30.7 м²,Дніпровський,
domria,https://dom.ria.com/uk/realty-dolgosrochnaya-arenda-kvartira-kiev-pecherskiy-vasiliya-tyutyunnika-ulitsa-33497797.html,29 000 грн,2 кімнати,60 м²,Печерський,
domria,https://dom.ria.com/uk/realty-dolgosrochnaya-arenda-kvartira-kiev-troeschina-ronalda-reygana-teodora-drayzera-ulitsa-34125190.html,13 000 грн,2 кімнати,52 м²,Деснянський,
domria,https://dom.ria.com/uk/realty-dolgosrochnaya-arenda-kvartira-kiev-nivki-magistralnaya-ulitsa-34227344.html,24 000 грн,2 кімнати,66.9 м²,Шевченківський,
domria,https://dom.ria.com/uk/realty-dolgosrochnaya-arenda-kvartira-kiev-poznyaki-truskavetskaya-ulitsa-34227222.html,37 757 грн,1 кімната,57 м²,Дарницький,
domria,https://dom.ria.com/uk/realty-dolgosrochnaya-arenda-kvartira-kiev-podol-konstantinovskaya-ulitsa-34226589.html,20 000 грн,3 кімнати,68 м²,Подільський,
domria,https://dom.ria.com/uk/realty-dolgosrochnaya-arenda-kvartira-kiev-solomyanka-mitropolita-vasiliya-lipkovskogo-uritskogo-ulitsa-34219275.html,40 000 грн,2 кімнати,68 м²,Солом'янський,
domria,https://dom.ria.com/uk/realty-dolgosrochnaya-arenda-kvartira-kiev-lesnoy-massiv-milyutenko-ulitsa-34226846.html,7 500 грн,1 кімната,35 м²,Деснянський,
domria,https://dom.ria.com/uk/realty-dolgosrochnaya-arenda-kvartira-kiev-cherepanova-gora-vasiliya-tyutyunnika-ulitsa-34226793.html,22 000 грн,1 кімната,43 м²,Печерський,
domria,https://dom.ria.com/uk/realty-dolgosrochnaya-arenda-kvartira-kiev-poznyaki-knyajiy-zaton-ulitsa-33599222.html,25 000 грн,3 кімнати,81.1 м²,Дарницький,
domria,https://dom.ria.com/uk/realty-dolgosrochnaya-arenda-kvartira-kiev-sapernoe-pole-makkeyna-djona-ulitsa-34226386.html,19 990 грн,2 кімнати,62.8 м²,Печерський,
domria,https://dom.ria.com/uk/realty-dolgosrochnaya-arenda-kvartira-kiev-belichi-nikolaya-ushakova-ulitsa-34226296.html,11 000 грн,1 кімната,32.5 м²,Святошинський,
domria,https://dom.ria.com/uk/realty-dolgosrochnaya-arenda-kvartira-kiev-sapernaya-slobodka-nauki-prospekt-34226051.html,24 990 грн,2 кімнати,72.9 м²,Голосіївський,
domria,https://dom.ria.com/uk/realty-dolgosrochnaya-arenda-kvartira-kiev-staraya-darnitsa-krasnokutskiy-pereulok-34225824.html,10 000 грн,1 кімната,38 м²,Дніпровський,
domria,https://dom.ria.com/uk/realty-dolgosrochnaya-arenda-kvartira-kiev-pechersk-ivana-mazepy-yanvarskogo-vosstaniya-ulitsa-34225786.html,888 400 грн,5 кімнат,342.8 м²,Печерський,
domria,https://dom.ria.com/uk/realty-dolgosrochnaya-arenda-kvartira-kiev-kurenevka-baltiyskiy-pereulok-34225526.html,22 500 грн,1 кімната,54.8 м²,Подільський,
domria,https://dom.ria.com/uk/realty-dolgosrochnaya-arenda-kvartira-kiev-kudryavets-observatornaya-ulitsa-34225857.html,57 746 грн,4 кімнати,200 м²,Шевченківський,
domria,https://dom.ria.com/uk/realty-dolgosrochnaya-arenda-kvartira-kiev-darnitskiy-34225881.html,12 500 грн,1 кімната,44 м²,Дарницький,
domria,https://dom.ria.com/uk/realty-dolgosrochnaya-arenda-kvartira-kiev-sapernoe-pole-pavla-zagrebelnogo-nikolaya-raevskogo-ulitsa-34225458.html,17 999 грн,2 кімнати,62 м²,Печерський,
domria,https://dom.ria.com/uk/realty-dolgosrochnaya-arenda-kvartira-kiev-darnitskiy-dneprovskaya-naberejnaya-34218959.html,35 536 грн,1 кімната,48 м²,Дарницький,
domria,https://dom.ria.com/uk/realty-dolgosrochnaya-arenda-kvartira-kiev-galagany-beresteyskiy-pobedy-prospekt-34189608.html,29 000 грн,2 кімнати,72 м²,Святошинський,
domria,https://dom.ria.com/uk/realty-dolgosrochnaya-arenda-kvartira-kiev-tsentr-predslavinskaya-ulitsa-33425007.html,45 000 грн,2 кімнати,98 м²,Печерський,
domria,https://dom.ria.com/uk/realty-dolgosrochnaya-arenda-kvartira-kiev-sapernoe-pole-makkeyna-djona-ulitsa-34225199.html,53 304 грн,1 кімната,50 м²,Печерський,
domria,https://dom.ria.com/uk/realty-dolgosrochnaya-arenda-kvartira-kiev-nivki-salyutnaya-ulitsa-34225192.html,53 304 грн,1 кімната,53 м²,Шевченківський,
domria,https://dom.ria.com/uk/realty-dolgosrochnaya-arenda-kvartira-kiev-darnitskiy-grishko-mihaila-ulitsa-34211235.html,15 000 грн,1 кімната,42 м²,Дарницький,
domria,https://dom.ria.com/uk/realty-dolgosrochnaya-arenda-kvartira-kiev-otradnyy-lyubomira-guzara-prospekt-34224658.html,16 000 грн,1 кімната,30 м²,Солом'янський,
domria,https://dom.ria.com/uk/realty-dolgosrochnaya-arenda-kvartira-kiev-novoe-stroenie-kazimira-malevicha-ulitsa-34224947.html,66 630 грн,2 кімнати,78.8 м²,Голосіївський,
domria,https://dom.ria.com/uk/realty-dolgosrochnaya-arenda-kvartira-kiev-chokolovka-svyatoslava-hrabrogo-ulitsa-34224928.html,42 199 грн,2 кімнати,60 м²,Солом'янський,
domria,https://dom.ria.com/uk/realty-dolgosrochnaya-arenda-kvartira-kiev-otradnyy-mihaila-dontsa-ulitsa-34223099.html,15 000 грн,1 кімната,46 м²,Солом'янський,
domria,https://dom.ria.com/uk/realty-dolgosrochnaya-arenda-kvartira-kiev-osokorki-sofii-rusovoy-ulitsa-33192868.html,19 500 грн,1 кімната,38.9 м²,Дарницький,
domria,https://dom.ria.com/uk/realty-dolgosrochnaya-arenda-kvartira-kiev-sotsgorod-krakovskaya-ulitsa-34223787.html,18 000 грн,1 кімната,46.2 м²,Дніпровський,
domria,https://dom.ria.com/uk/realty-dolgosrochnaya-arenda-kvartira-kiev-levoberejnyy-masiv-nikolsko-slobodskaya-ulitsa-34211222.html,22 000 грн,2 кімнати,55 м²,Дніпровський,
domria,https://dom.ria.com/uk/realty-dolgosrochnaya-arenda-kvartira-kiev-aleksandrovskaya-slobodka-lobanovskogo-krasnozvezdnyy-prospekt-34223738.html,25 000 грн,2 кімнати,84 м²,Солом'янський,
domria,https://dom.ria.com/uk/realty-dolgosrochnaya-arenda-kvartira-kiev-sotsgorod-sobornosti-prospekt-34223607.html,16 000 грн,1 кімната,32 м²,Дніпровський,
domria,https://dom.ria.com/uk/realty-dolgosrochnaya-arenda-kvartira-kiev-goloseev-mihaila-maksimovicha-ulitsa-34223487.html,35 536 грн,1 кімната,42 м²,Голосіївський,
domria,https://dom.ria.com/uk/realty-dolgosrochnaya-arenda-kvartira-kiev-yujnaya-borschagovka-akademika-koroleva-prospekt-34223508.html,14 000 грн,2 кімнати,48 м²,Святошинський,
domria,https://dom.ria.com/uk/realty-dolgosrochnaya-arenda-kvartira-kiev-chernaya-gora-andreya-verhoglyada-dragomirova-ulitsa-34223090.html,88 840 грн,3 кімнати,176.8 м²,Печерський,
domria,https://dom.ria.com/uk/realty-dolgosrochnaya-arenda-kvartira-kiev-podolskiy-vsevoloda-zmienko-ulitsa-34223387.html,31 094 грн,1 кімната,45 м²,Подільський,
domria,https://dom.ria.com/uk/realty-dolgosrochnaya-arenda-kvartira-kiev-novaya-darnitsa-nadejdy-svetlichnoy-volgo-donskiy-pereulok-34223459.html,11 000 грн,1 кімната,32 м²,Дарницький,
domria,https://dom.ria.com/uk/realty-dolgosrochnaya-arenda-kvartira-kiev-pobedy-ulitsa-34223431.html,13 000 грн,1 кімната,35 м²,,
domria,https://dom.ria.com/uk/realty-dolgosrochnaya-arenda-kvartira-kiev-poznyaki-anny-ahmatovoy-ulitsa-34221961.html,23 000 грн,3 кімнати,103 м²,Дарницький,
domria,https://dom.ria.com/uk/realty-dolgosrochnaya-arenda-kvartira-kiev-syrets-parkovo-syretskaya-ulitsa-34106994.html,53 304 грн,3 кімнати,135.4 м²,Шевченківський,
domria,https://dom.ria.com/uk/realty-dolgosrochnaya-arenda-kvartira-kiev-solomenskiy-kadetskiy-gay-ulitsa-34220518.html,15 990 грн,1 кімната,30 м²,Солом'янський,
domria,https://dom.ria.com/uk/realty-dolgosrochnaya-arenda-kvartira-kiev-lukyanovka-gertsena-ulitsa-34221371.html,18 000 грн,1 кімната,30 м²,Шевченківський,
domria,https://dom.ria.com/uk/realty-dolgosrochnaya-arenda-kvartira-kiev-aleksandrovskaya-slobodka-solomenskaya-ulitsa-34221176.html,17 000 грн,1 кімната,40 м²,Солом'янський,
domria,https://dom.ria.com/uk/realty-dolgosrochnaya-arenda-kvartira-kiev-sapernoe-pole-makkeyna-djona-ulitsa-34222440.html,73 293 грн,1 кімната,92 м²,Печерський,
domria,https://dom.ria.com/uk/realty-dolgosrochnaya-arenda-kvartira-kiev-tsentr-olesya-gonchara-ulitsa-34222096.html,53 304 грн,3 кімнати,120 м²,Шевченківський,
domria,https://dom.ria.com/uk/realty-dolgosrochnaya-arenda-kvartira-kiev-sapernoe-pole-makkeyna-djona-ulitsa-34220951.html,73 293 грн,3 кімнати,92 м²,Печерський,
domria,https://dom.ria.com/uk/realty-dolgosrochnaya-arenda-kvartira-kiev-svyatoshino-beresteyskiy-pobedy-prospekt-34208568.html,16 000 грн,3 кімнати,61 м²,Святошинський,
domria,https://dom.ria.com/uk/realty-dolgosrochnaya-arenda-kvartira-kiev-chernaya-gora-andreya-verhoglyada-dragomirova-ulitsa-34218134.html,88 840 грн,3 кімнати,107 м²,Печерський,
domria,https://dom.ria.com/uk/realty-dolgosrochnaya-arenda-kvartira-kiev-sapernoe-pole-sapernoe-pole-ulitsa-34221495.html,53 304 грн,1 кімната,47 м²,Печерський,
domria,https://dom.ria.com/uk/realty-dolgosrochnaya-arenda-kvartira-kiev-poznyaki-dneprovskaya-naberejnaya-34190494.html,25 000 грн,1 кімната,43 м²,Дарницький,
domria,https://dom.ria.com/uk/realty-dolgosrochnaya-arenda-kvartira-kiev-sapernoe-pole-predslavinskaya-ulitsa-34220651.html,53 304 грн,1 кімната,43 м²,Печерський,
domria,https://dom.ria.com/uk/realty-dolgosrochnaya-arenda-kvartira-kiev-sotsgorod-leonida-kadenyuka-yuriya-gagarina-prospekt-34220796.html,20 000 грн,3 кімнати,55.4 м²,Дніпровський,
domria,https://dom.ria.com/uk/realty-dolgosrochnaya-arenda-kvartira-kiev-solomyanka-mokraya-kudryashova-ulitsa-34220614.html,40 000 грн,3 кімнати,107.6 м²,Солом'янський,
domria,https://dom.ria.com/uk/realty-dolgosrochnaya-arenda-kvartira-kiev-shulyavka-bogdana-gavrilishina-vandy-vasilevskoy-ulitsa-34207787.html,17 000 грн,1 кімната,35 м²,Солом'янський,
domria,https://dom.ria.com/uk/realty-dolgosrochnaya-arenda-kvartira-kiev-kurenevka-kirillovskaya-ulitsa-34220052.html,6 950 грн,1 кімната,32 м²,Подільський,
domria,https://dom.ria.com/uk/realty-dolgosrochnaya-arenda-kvartira-kiev-tatarka-mirnaya-ulitsa-34219702.html,57 746 грн,3 кімнати,91 м²,Шевченківський,
domria,https://dom.ria.com/uk/realty-dolgosrochnaya-arenda-kvartira-kiev-lukyanovka-belorusskaya-ulitsa-34217870.html,44 420 грн,3 кімнати,112 м²,Шевченківський,
domria,https://dom.ria.com/uk/realty-dolgosrochnaya-arenda-kvartira-kiev-novoe-stroenie-antonovicha-gorkogo-ulitsa-34216311.html,30 206 грн,1 кімната,72 м²,Голосіївський,
domria,https://dom.ria.com/uk/realty-dolgosrochnaya-arenda-kvartira-kiev-sapernoe-pole-konovaltsa-evgeniya-ulitsa-33570845.html,29 000 грн,2 кімнати,83 м²,Печерський,
domria,https://dom.ria.com/uk/realty-dolgosrochnaya-arenda-kvartira-kiev-sapernoe-pole-makkeyna-djona-ulitsa-33515783.html,33 315 грн,3 кімнати,60 м²,Печерський,
domria,https://dom.ria.com/uk/realty-dolgosrochnaya-arenda-kvartira-kiev-darnitskiy-dneprovskaya-naberejnaya-34219606.html,26 652 грн,2 кімнати,54 м²,Дарницький,
domria,https://dom.ria.com/uk/realty-dolgosrochnaya-arenda-kvartira-kiev-mostitskiy-massiv-novomostitskaya-ulitsa-34219440.html,12 498 грн,1 кімната,24 м²,Подільський,
domria,https://dom.ria.com/uk/realty-dolgosrochnaya-arenda-kvartira-kiev-poznyaki-revutskogo-ulitsa-34216803.html,21 000 грн,1 кімната,41 м²,Дарницький,
domria,https://dom.ria.com/uk/realty-dolgosrochnaya-arenda-kvartira-kiev-levoberejnyy-masiv-evgeniya-sverstyuka-ulitsa-34219134.html,37 757 грн,3 кімнати,67.5 м²,Дніпровський,
domria,https://dom.ria.com/uk/realty-dolgosrochnaya-arenda-kvartira-kiev-rusanovka-entuziastov-ulitsa-34219084.html,18 000 грн,3 кімнати,65 м²,Дніпровський,
domria,https://dom.ria.com/uk/realty-dolgosrochnaya-arenda-kvartira-kiev-yakuba-kolasa-ulitsa-34219046.html,14 000 грн,1 кімната,52 м²,,
domria,https://dom.ria.com/uk/realty-dolgosrochnaya-arenda-kvartira-kiev-selo-troeschina-onore-de-balzaka-ulitsa-34218975.html,14 000 грн,3 кімнати,75 м²,Деснянський,
domria,https://dom.ria.com/uk/realty-dolgosrochnaya-arenda-kvartira-kiev-troeschina-chervonoy-kaliny-mayakovskogo-vladimira-prospekt-34218937.html,10 000 грн,2 кімнати,54 м²,Деснянський,
domria,https://dom.ria.com/uk/realty-dolgosrochnaya-arenda-kvartira-kiev-teremki-2-stepana-rudnitskogo-akademika-vilyamsa-ulitsa-34205217.html,45 000 грн,5 кімнат,161.4 м²,Голосіївський,
domria,https://dom.ria.com/uk/realty-dolgosrochnaya-arenda-kvartira-kiev-telichka-stolichnoe-shosse-34216289.html,35 536 грн,2 кімнати,65 м²,Голосіївський,
domria,https://dom.ria.com/uk/realty-dolgosrochnaya-arenda-kvartira-kiev-shulyavka-mashinostroitelnaya-ulitsa-34218837.html,16 500 грн,1 кімната,36 м²,Солом'янський,
domria,https://dom.ria.com/uk/realty-dolgosrochnaya-arenda-kvartira-kiev-poznyaki-knyajiy-zaton-ulitsa-34208756.html,20 000 грн,3 кімнати,100 м²,Дарницький,
domria,https://dom.ria.com/uk/realty-dolgosrochnaya-arenda-kvartira-kiev-shulyavka-beresteyskiy-pobedy-prospekt-32926481.html,111 050 грн,4 кімнати,138 м²,Солом'янський,
domria,https://dom.ria.com/uk/realty-dolgosrochnaya-arenda-kvartira-kiev-vinogradar-evropeyskogo-soyuza-pravdy-prospekt-34212550.html,18 000 грн,1 кімната,37 м²,Подільський,
domria,https://dom.ria.com/uk/realty-dolgosrochnaya-arenda-kvartira-kiev-darnitskiy-dneprovskaya-naberejnaya-34206909.html,55 525 грн,2 кімнати,72 м²,Дарницький,
domria,https://dom.ria.com/uk/realty-dolgosrochnaya-arenda-kvartira-kiev-zverinets-mihaila-boychuka-ulitsa-34212964.html,44 420 грн,2 кімнати,70 м²,Печерський,
domria,https://dom.ria.com/uk/realty-dolgosrochnaya-arenda-kvartira-kiev-novobelichi-olevskaya-ulitsa-32587463.html,13 000 грн,1 кімната,55.4 м²,Святошинський,
