source,url,price_local,currency,price_usd,bedrooms,sqm,price_per_sqm_usd,district,rooms_text_raw,sqm_text_raw,price_text_raw
olx,https://www.olx.ua/d/uk/obyavlenie/orenda-vidovo-2-kmnatno-kvartiri-m-demvska-IDYH3jj.html?search_reason=search%7Cpromoted,27000,UAH,609.93,1,,,Голосіївський,"Оренда  Видової, 2-кімнатної квартири, м. Деміївська",,"27 000 грн..css-o2j8v0{color:var(--colorsForegroundSecondary);font-weight:var(--fontWeightRegular);width:100%;text-align:right;}.css-rbevy1{font-size:var(
        --fontSizeBodyExtraSmall,
        12px
    );line-height:var(
        --lineHeightRegular,
        16px
    );color:var(--colorsForegroundSecondary);font-weight:var(--fontWeightRegular);width:100%;text-align:right;}.css-zf56ej{color:var(
        --colorsForegroundPrimary,
        #02282C
    );font-family:var(--fontFamilyPrimary, Geomanist, sans-serif);font-weight:700;-webkit-text-decoration:none;text-decoration:none;font-size:var(
        --fontSizeBodyExtraSmall,
        12px
    );line-height:var(
        --lineHeightRegular,
        16px
    );color:var(--colorsForegroundSecondary);font-weight:var(--fontWeightRegular);width:100%;text-align:right;}Договірна"
olx,https://www.olx.ua/d/uk/obyavlenie/zdam-2-h-kmnatnu-kvartiru-dashkevicha-26-yaksniy-remont-ID10rLBa.html?search_reason=search%7Cpromoted,13000,UAH,293.67,1,,,Дніпровський,"Здам 2 х кімнатну квартиру Дашкевича 26, якісний ремонт.",,13 000 грн.
olx,https://www.olx.ua/d/uk/obyavlenie/orenda-2-kmnatno-kvartiri-70m-kv-persha-zdacha-zhk-nivki-park-3hv-metro-nivki-ID10r5T4.html?search_reason=search%7Corganic,44293,UAH,1000.58,1,,,Святошинський,"Оренда 2 кімнатної квартири, 70м.кв ПЕРША ЗДАЧА ЖК «НИВКИ ПАРК» 3хв метро Нивки",,44 293.08 грн.Договірна
olx,https://www.olx.ua/d/uk/obyavlenie/persha-zdacha-gotov-doukomplektuvati-kvartiru-pd-zapit-orendarya-3k-kvartira-gmir-20-zhk-patrotika-metro-poznyaki-10-hv-pshki-ID10sHJj.html?search_reason=search%7Corganic,30000,UAH,677.70,2,,,Дарницький,Перша здача. Готові доукомплектувати квартиру під запит орендаря. 3к квартира. Гмирі 20. ЖК Патріотика метро Позняки -10 хв пішки,,30 000 грн.
olx,https://www.olx.ua/d/uk/obyavlenie/orenda-1k-kvartiri-zhk-dinastya-vul-lipkvskogo-37b-vd-vlasnika-ID10sfyz.html?search_reason=search%7Corganic,22000,UAH,496.98,0,,,Солом'янський,Оренда 1к квартири ЖК Династія вул. Липківського 37б від Власника,,22 000 грн.
olx,https://www.olx.ua/d/uk/obyavlenie/poznyaki-mshugi-1-4-zdam-prostoru-3k-kvartiru-ID10sNvn.html?search_reason=search%7Corganic,25000,UAH,564.75,2,,,Дарницький,Позняки Мішуги 1/4 Здам Простору 3к квартиру,,25 000 грн.
olx,https://www.olx.ua/d/uk/obyavlenie/zdatsya-1-kmnatna-kvartira-zhk-krishtalev-dzherela-2-ID10wH8g.html?search_reason=search%7Corganic,20000,UAH,451.80,0,,,Голосіївський,"Здається 1 кімнатна квартира, ЖК «Кришталеві джерела»-2",,20 000 грн.
olx,https://www.olx.ua/d/uk/obyavlenie/orenda-1-k-vul-yordanska-4-metro-obolon-10-hv-dream-town-ID10zrKo.html?search_reason=search%7Cpromoted,12000,UAH,271.08,0,,,Оболонський,"Оренда 1-к вул. Йорданська 4 метро Оболонь 10 хв, Dream Town",,12 000 грн.
olx,https://www.olx.ua/d/uk/obyavlenie/orenda-3k-kvartira-110kvm-zhk-mitets-konovaltsya-32b-ID10ziEY.html?search_reason=search%7Cpromoted,35434,UAH,800.45,2,110,7.28,Печерський,Оренда 3к квартира 110квм ЖК Митець Коновальця 32Б,110квм,35 434.46 грн.
olx,https://www.olx.ua/d/uk/obyavlenie/orenda-2-kmnatno-kvartiri-v-suchasnomu-budinku-m-pecherska-ID10yxJ8.html?search_reason=search%7Cpromoted,80000,UAH,1807.19,1,,,Печерський,Оренда 2 -кімнатної квартири в сучасному будинку  м.  Печерська,,80 000 грн.Договірна
olx,https://www.olx.ua/d/uk/obyavlenie/orenda-3k-k-ri-113m2-zhk-oazis-vasyuka-10a-mnska-ID10hMeR.html?search_reason=search%7Corganic,35000,UAH,790.65,2,113,7.00,Оболонський,"Оренда 3к.к-ри 113м2 ЖК Оазис, Івасюка.10а.Мінська",113м2,35 000 грн.
olx,https://www.olx.ua/d/uk/obyavlenie/sdam-3-komnatnuyu-kvartiru-vinogradar-ID10vbcq.html?search_reason=search%7Corganic,20000,UAH,451.80,2,,,Подільський,Сдам 3-комнатную квартиру Виноградарь,,20 000 грн.
olx,https://www.olx.ua/d/uk/obyavlenie/bez-koms-orenda-2k66m-grigorenka-m-poznyaki-7-hv-pshki-vdeo-ID10qTNV.html?search_reason=search%7Corganic,22000,UAH,496.98,1,66,7.53,Дарницький,"Без комісії! Оренда 2к=66м² Григоренка, м. Позняки 7 хв пішки. Є відео",66м²,22 000 грн.
olx,https://www.olx.ua/d/uk/obyavlenie/sdam-1-komnatnuyu-studiyu-voskresenka-hozyain-bez-komissii-ID10zGh5.html?search_reason=search%7Corganic,7500,UAH,169.42,0,,,Дніпровський,"Сдам 1-комнатную студию, Воскресенка, хозяин без комиссии",,7 500 грн.
olx,https://www.olx.ua/d/uk/obyavlenie/arenda-3-h-kmnatno-kvartiri-vd-vlasnika-ID10veJL.html?search_reason=search%7Corganic,57500,UAH,1298.92,2,,,Дарницький,Аренда 3-х кімнатної квартири від власника,,57 500 грн.
olx,https://www.olx.ua/d/uk/obyavlenie/dorogozhich-12-hv-bakinska-37b-orenda-odnokmnatno-ID10zpJo.html?search_reason=search%7Corganic,7500,UAH,169.42,0,,,Шевченківський,"Дорогожичі-12 хв, Бакинська 37б, оренда однокімнатної.",,7 500 грн.
olx,https://www.olx.ua/d/uk/obyavlenie/zdam-v-dovgostorokovu-orendu-3-kmnatnu-kvartiru-na-dlovy-2-b-ID10zGYx.html?search_reason=search%7Corganic,44293,UAH,1000.58,2,,,Подільський,"Здам в довгосторокову оренду 3 кімнатну квартиру на Діловій, 2-Б",,44 293.08 грн.Договірна
olx,https://www.olx.ua/d/uk/obyavlenie/vd-vlasnika-zdam-1-k-kvartiru-bez-koms-kiv-metro-darnitsya-IDYKCPP.html?search_reason=search%7Cpromoted,17500,UAH,395.32,0,,,Дніпровський,"Від власника! Здам 1-к квартиру , без комісії. Київ, метро Дарниця",,17 500 грн.
olx,https://www.olx.ua/d/uk/obyavlenie/zhk-novopecherska-vezha-pecherskiy-rayon-metro-vidubich-zvrinetska-studya-nvertor-generator-plzemniy-parkng-ukrittya-novopecherski-lipki-verhoglyada-ID10zCPz.html?search_reason=search%7Cpromoted,26575,UAH,600.33,0,,,Печерський,ЖК Новопечерська Вежа Печерський район метро Видубичі Звіринецька студія інвертор генератор пілземний паркінг укриття Новопечерськи Липки Верхогляда,,26 575.85 грн.
olx,https://www.olx.ua/d/uk/obyavlenie/orenda-4k-kvartiri-zhk-novopechersk-lipki-pechersk-IDXQEXQ.html?search_reason=search%7Cpromoted,119148,UAH,2691.54,3,,,Печерський,Оренда 4К Квартири ЖК Новопечерські Липки Печерськ,,119 148.38 грн.Договірна
olx,https://www.olx.ua/d/uk/obyavlenie/orenda-kvartiri-41m2-2-okrem-kmnati-kuhnya-studya-zhk-komfort-taun-regeneratorna-4-korp-3-ID10yqPp.html?search_reason=search%7Corganic,27119,UAH,612.62,0,41,14.94,Дніпровський,"Оренда квартири 41м2 (2 окремі кімнати + кухня-студія) ЖК Комфорт Таун, Регенераторна 4/корп. 3",41м2,27 119.82 грн.
olx,https://www.olx.ua/d/uk/obyavlenie/supervidova-stilna-2-kmnatna-kvartira-v-zhk-kardinal-pechersk-m-palats-ukrana-ID10wAz3.html?search_reason=search%7Corganic,39863,UAH,900.50,1,,,Печерський,Супервидова стильна 2-кімнатна квартира в ЖК «Кардинал» • Печерськ • м. Палац Україна,,39 863.77 грн.
olx,https://www.olx.ua/d/uk/obyavlenie/persha-zdacha-2k-kvartira-62-m-zhk-dbrova-park-bez-koms-vlasnik-ID10jUc2.html?search_reason=search%7Corganic,33000,UAH,745.47,1,62,12.02,Подільський,Перша здача! 2к квартира 62 м² ЖК Діброва Парк | без комісії | власник,62 м²,33 000 грн.
olx,https://www.olx.ua/d/uk/obyavlenie/zdam-3-h-km-kvartiru-prospekt-obolonskiy-bez-koms-ID10yWXv.html?search_reason=search%7Corganic,27000,UAH,609.93,2,,,Оболонський,Здам 3-х кім. квартиру Проспект Оболонський. БЕЗ КОМІСІЇ,,27 000 грн.
olx,https://www.olx.ua/d/uk/obyavlenie/orenda-2-kmnatna-osokorki-poznyaki-patrotika-chavdar-ID10zEiV.html?search_reason=search%7Corganic,28000,UAH,632.52,1,,,Дарницький,Оренда 2 кімнатна  Осокорки Позняки Патріотика Чавдар,,28 000 грн.
olx,https://www.olx.ua/d/uk/obyavlenie/sdam-1-komnatnuyu-kvartiru-metro-zhitomirskaya-ID10Apjk.html?search_reason=search%7Corganic,8000,UAH,180.72,0,,,Святошинський,"Сдам 1 комнатную квартиру метро ""Житомирская""",,8 000 грн.
olx,https://www.olx.ua/d/uk/obyavlenie/orenda-2k-kvartiri-zhk-obolonsky-obolonskiy-prospekt-kiv-ID10ztH4.html?search_reason=search%7Corganic,34000,UAH,768.06,1,,,Оболонський,"Оренда 2к квартири, ЖК ObolonSky, Оболонський проспект, Київ",,34 000 грн.
olx,https://www.olx.ua/d/uk/obyavlenie/zdam-bez-poserednikv-1km-kv-vrodvushku-m-akademmstechko-3hv-pshki-ID10z2CW.html?search_reason=search%7Cpromoted,22000,UAH,496.98,0,,,Святошинський,Здам без посередників 1кім.кв.євродвушку м.Академмістечко 3хв.пішки,,22 000 грн.
olx,https://www.olx.ua/d/uk/obyavlenie/sdam-1k-kvartiru-bez-komissii-i-zaloga-peredovaya-33v-IDXb4tM.html?search_reason=search%7Cpromoted,12000,UAH,271.08,0,,,Голосіївський,Сдам 1к квартиру. Без комиссии и залога. Передовая 33в,,12 000 грн.
olx,https://www.olx.ua/d/uk/obyavlenie/zdam-4-kmnatnu-kvartiru-zhk-frantsuzkiy-kvartal-om-IDZZ0OQ.html?search_reason=search%7Cpromoted,177172,UAH,4002.30,3,,,Печерський,Здам 4 кімнатну квартиру ЖК Французький квартал OM,,177 172.31 грн.
olx,https://www.olx.ua/d/uk/obyavlenie/zdam-3-k-kvartiru-zhk-demvka-golosvskiy-park-avenyu-metro-goloseevskaya-i-demeevskaya-ID10wrym.html?search_reason=search%7Corganic,39863,UAH,900.50,2,,,Голосіївський,"Здам 3-к квартиру ЖК Деміївка Голосіївський Парк Авеню, метро Голосеевская и Демеевская",,39 863.77 грн.
olx,https://www.olx.ua/d/uk/obyavlenie/orenda-mnmalstichno-1-km-kvartiri-z-vdkritim-balkonom-v-suchasnomu-zhk-respublka-ID10uBsA.html?search_reason=search%7Corganic,25000,UAH,564.75,0,,,Голосіївський,Оренда мінімалістичної 1-кім. квартири з відкритим балконом в сучасному ЖК Республіка,,25 000 грн.
olx,https://www.olx.ua/d/uk/obyavlenie/stilna-ta-komfortna-2-kmnatna-kvartira-v-suchasnomu-zhk-yaskraviy-ID10sLxp.html?search_reason=search%7Corganic,25000,UAH,564.75,1,,,Оболонський,Стильна та комфортна 2-кімнатна квартира в сучасному ЖК «ЯСКРАВИЙ»,,25 000 грн.
olx,https://www.olx.ua/d/uk/obyavlenie/sdam-1k-shevchenkvskiy-r-n-m-dorogozhich-vul-telgi-57-ID10wia5.html?search_reason=search%7Corganic,9000,UAH,203.31,0,,,Шевченківський,Сдам 1к Шевченківський р-н м Дорогожичі вул Теліги 57,,9 000 грн.
olx,https://www.olx.ua/d/uk/obyavlenie/zhk-yaskraviy-kvartira-orenda-65m2-kulzhenkv-35-ID10xec6.html?search_reason=search%7Corganic,24000,UAH,542.16,1,65,8.34,Оболонський,ЖК Яскравий квартира оренда 65м2 Кульженків 35,65м2,24 000 грн.
olx,https://www.olx.ua/d/uk/obyavlenie/orenda-2k-kvartiri-zhk-parkove-msto-kiv-bez-ID10AqwH.html?search_reason=search%7Corganic,42000,UAH,948.78,1,,,Подільський,"Оренда 2к квартири ЖК Паркове місто, Київ, без %",,42 000 грн.
olx,https://www.olx.ua/d/uk/obyavlenie/sdam-2-h-komnatnuyu-kvartiru-vozle-raduzhnogo-ozera-hozyain-ID10zFW2.html?search_reason=search%7Corganic,9000,UAH,203.31,1,,,Дніпровський,"Сдам 2-х комнатную квартиру возле Радужного озера, хозяин",,9 000 грн.
olx,https://www.olx.ua/d/uk/obyavlenie/sdam-svoyu-1k-kvartiru-zhk-slavutich-ID10zFqk.html?search_reason=search%7Corganic,30000,UAH,677.70,0,,,Дарницький,Сдам свою 1к квартиру ЖК Славутич,,30 000 грн.Договірна
olx,https://www.olx.ua/d/uk/obyavlenie/stilna-studya-na-chavdar-13-metro-osokorki-ta-poznyaki-10-hvilin-generator-ID10zGEZ.html?search_reason=search%7Cpromoted,15000,UAH,338.85,0,,,Дарницький,Стильна студія на Чавдар 13 - метро Осокорки та Позняки 10 хвилин - генератор,,15 000 грн.
olx,https://www.olx.ua/d/uk/obyavlenie/bez-koms-dizaynerska-3k-zhk-libd-persha-zdacha-golosvskiy-rayon-ID10ppyH.html?search_reason=search%7Cpromoted,53151,UAH,1200.68,2,,,Голосіївський,БЕЗ КОМІСІЇ! Дизайнерська 3к ЖК Либідь|Перша здача|Голосіївський район,,53 151.69 грн.
olx,https://www.olx.ua/d/uk/obyavlenie/orenda-2k-kvartira-podl-metro-kontraktova-ploscha-ID10wdl5.html?search_reason=search%7Corganic,30000,UAH,677.70,1,,,Подільський,"Оренда 2к квартира  Поділ, метро Контрактова площа",,30 000 грн.
olx,https://www.olx.ua/d/uk/obyavlenie/komfort-taun-berezneva-16-3-pov-stilna-1-kmnatna-ID10yIG6.html?search_reason=search%7Corganic,15000,UAH,338.85,0,,,Дніпровський,"Комфорт таун, Березнева 16, 3 пов, стильна 1 кімнатна",,15 000 грн.
olx,https://www.olx.ua/d/uk/obyavlenie/sdam1kom-kvartiru-metro-borispolskaya-harkovskaya-blizhayshee-15minut-na-marshrutke-hozyain-ID10vvjt.html?search_reason=search%7Corganic,7500,UAH,169.42,0,,,Дарницький,Сдам1ком квартиру метро бориспольская харьковская ближайшее 15минут на маршрутке  хозяин,,7 500 грн.
olx,https://www.olx.ua/d/uk/obyavlenie/orenda-2knovobudovapr-vropeyskogo-soyuzu-ID10utZl.html?search_reason=search%7Corganic,18000,UAH,406.62,1,,,Подільський,Оренда 2к(новобудова)пр.Європейського Союзу,,18 000 грн.
olx,https://www.olx.ua/d/uk/obyavlenie/orenda-2k-kvartiri-v-tsentr-kiva-ID10yqx5.html?search_reason=search%7Corganic,20000,UAH,451.80,1,,,Печерський,Оренда 2к квартири в центрі Києва,,20 000 грн.
olx,https://www.olx.ua/d/uk/obyavlenie/3-km-urlvska-36-persha-zdacha-orenda-kvartirr-metro-poznyaki-darnitskiy-rayon-ID10x7sY.html?search_reason=search%7Corganic,30000,UAH,677.70,2,,,Дарницький,3 кім Урлівська 36 перша здача оренда квартирр метро Позняки Дарницький район,,30 000 грн.
olx,https://www.olx.ua/d/uk/obyavlenie/zdacha-1-kmnatno-stud-ID10ydxT.html?search_reason=search%7Corganic,14500,UAH,327.55,0,,,Солом'янський,Здача 1 кімнатноі студіі,,14 500 грн.
olx,https://www.olx.ua/d/uk/obyavlenie/vd-vlasnika-orenda-1-kmnatno-kvartiri-10-hv-pshki-do-m-akademmstechko-ID10yGAc.html?search_reason=search%7Corganic,16000,UAH,361.44,0,,,Святошинський,ВІД ВЛАСНИКА оренда 1 кімнатної квартири 10 хв пішки до м. Академмістечко,,16 000 грн.
olx,https://www.olx.ua/d/uk/obyavlenie/zdatsya-1-kmnatna-kvartira-varshavskiy-plyus-ukrittya-generator-u-budinku-ID10zutq.html?search_reason=search%7Cpromoted,25000,UAH,564.75,0,,,Подільський,"Здається 1-кімнатна квартира Варшавський Плюс , укриття, генератор у будинку",,25 000 грн.
olx,https://www.olx.ua/d/uk/obyavlenie/zdam-v-orendu-1-kmnatnu-kvartiru-zhk-msto-kvtv-ID10AN1q.html?search_reason=search%7Cpromoted,21000,UAH,474.39,0,,,Подільський,Здам в оренду 1 кімнатну квартиру ЖК «Місто квітів»,,21 000 грн.
olx,https://www.olx.ua/d/uk/obyavlenie/zdatsya-zatishna-1-kmnatna-kvartira-na-obolon-IDZM4FA.html?search_reason=search%7Cpromoted,14500,UAH,327.55,0,,,Оболонський,Здається затишна 1 кімнатна квартира на Оболоні,,14 500 грн.
olx,https://www.olx.ua/d/uk/obyavlenie/akademmstechko-novoblich-orenda-1-kmnatna-vul-olevska-5-ID10vNcp.html?search_reason=search%7Corganic,14500,UAH,327.55,0,,,Святошинський,"Академмістечко Новобіличі Оренда 1-кімнатна вул. Олевська,5",,14 500 грн.
olx,https://www.olx.ua/d/uk/obyavlenie/zhk-52-perlina-pechersk-plaza-vul-m-boychuka-19a-1-k-kv-ID10t1MP.html?search_reason=search%7Corganic,40000,UAH,903.60,0,,,Печерський,"ЖК ""52 Перлина"" Pechersk Plaza  вул. М. Бойчука 19А, 1 к.кв.",,40 000 грн.
olx,https://www.olx.ua/d/uk/obyavlenie/1k-nova-darnitsya-sevastopolska-19-dlya-odn-lyudini-ID10uFw5.html?search_reason=search%7Corganic,8000,UAH,180.72,0,,,Дарницький,1к Нова Дарниця Севастопольська 19 для  однієї людини,,8 000 грн.
olx,https://www.olx.ua/d/uk/obyavlenie/orenda-1-kmnatno-kvartiri-p-t-akademka-glushkova-9d-metro-podrom-teremki-studya-generator-na-vse-ID10ztrX.html?search_reason=search%7Corganic,15000,UAH,338.85,0,,,Голосіївський,"Оренда 1 кімнатної квартири п-т. Академіка Глушкова 9Д метро Іподром, Теремки, студія, генератор на все",,15 000 грн.
olx,https://www.olx.ua/d/uk/obyavlenie/orenda-2k-dragomanova-2-ID10sBec.html?search_reason=search%7Corganic,22000,UAH,496.98,1,,,Дарницький,"Оренда 2к, Драгоманова 2",,22 000 грн.
olx,https://www.olx.ua/d/uk/obyavlenie/dovgostrokova-orenda-1k-kvartiri-v-zhk-avtograf-vd-vlasnika-ID10vYkl.html?search_reason=search%7Corganic,25000,UAH,564.75,0,,,Дніпровський,Довгострокова оренда 1к-квартири в ЖК Автограф від власника,,25 000 грн.
olx,https://www.olx.ua/d/uk/obyavlenie/orenda-odnokmnatno-darnitsya-vul-budvelnikv-ID10wRcR.html?search_reason=search%7Corganic,13500,UAH,304.96,0,,,Дніпровський,Оренда однокімнатної . Дарниця.Вул. Будівельників.,,13 500 грн.
olx,https://www.olx.ua/d/uk/obyavlenie/orenda-kvartira-3k-srbnoklska-14-ID10z7T2.html?search_reason=search%7Corganic,26000,UAH,587.34,2,,,Дарницький,Оренда квартира 3к Срібнокільська 14,,26 000 грн.
olx,https://www.olx.ua/d/uk/obyavlenie/orenda-2h-kmnatno-kvartiri-m-kp-IDY9QC1.html?search_reason=search%7Cpromoted,44293,UAH,1000.58,1,,,Шевченківський,"Оренда 2х кімнатної квартири, м. КПІ",,44 293.08 грн.
olx,https://www.olx.ua/d/uk/obyavlenie/3-kmnatna-kvartira-u-tsentr-pecherskiy-rayon-bulvar-les-ukranki-ID10tNTv.html?search_reason=search%7Cpromoted,62010,UAH,1400.80,2,,,Печерський,"3 кімнатна квартира у центрі. Печерський район, бульвар Лесі Українки",,62 010.31 грн.
olx,https://www.olx.ua/d/uk/obyavlenie/orenda-4k-kvartira-169m2-vul-staronavodnitska-pechersk-kiv-ID10qvRU.html?search_reason=search%7Cpromoted,57581,UAH,1300.75,3,169,7.70,Печерський,"Оренда / 4к Квартира / 169м2 / вул. Старонаводницька, Печерськ, Київ",169м2,57 581 грн.
olx,https://www.olx.ua/d/uk/obyavlenie/zdam-dizaynersku-1-k-zhk-new-york-antonovicha-74-pecherskiy-ID10wrJM.html?search_reason=search%7Corganic,53151,UAH,1200.68,0,,,Голосіївський,Здам дизайнерську 1-к ЖК New York Антоновича 74 Печерський,,53 151.69 грн.
olx,https://www.olx.ua/d/uk/obyavlenie/stilna-studya-na-chavdar-13-metro-osokorki-ta-poznyaki-10-hvilin-generator-ID10zGEZ.html?search_reason=search%7Corganic,15000,UAH,338.85,0,,,Дарницький,Стильна студія на Чавдар 13 - метро Осокорки та Позняки 10 хвилин - генератор,,15 000 грн.
olx,https://www.olx.ua/d/uk/obyavlenie/zdam-1-kmnatnu-kvartiru-na-troschin-gaz-konditsoner-bez-zaloga-ID10yfGy.html?search_reason=search%7Corganic,7800,UAH,176.20,0,,,Деснянський,"Здам 1 кімнатну квартиру на Троєщині ,газ, кондиціонер, без залога !",,7 800 грн.
olx,https://www.olx.ua/d/uk/obyavlenie/orenda-1k-kvartiri-zhk-nova-anglya-ID10wflt.html?search_reason=search%7Corganic,30000,UAH,677.70,0,,,Голосіївський,Оренда 1к квартири ЖК Нова Англія,,30 000 грн.
olx,https://www.olx.ua/d/uk/obyavlenie/orenda-dvokmnatno-kvartiri-na-pechersku-vd-vlasnika-ID10yF16.html?search_reason=search%7Corganic,39000,UAH,881.01,1,,,Печерський,Оренда двокімнатної квартири на Печерську від власника,,39 000 грн.Договірна
olx,https://www.olx.ua/d/uk/obyavlenie/orenda-2k-kvartiri-poznyaki-ID10sGVp.html?search_reason=search%7Corganic,18000,UAH,406.62,1,,,Дарницький,"Оренда 2к квартири, Позняки",,18 000 грн.
olx,https://www.olx.ua/d/uk/obyavlenie/dovgostrokova-orenda-1k-kvartiri-zhk-fayna-taun-ID10v4pV.html?search_reason=search%7Corganic,30000,UAH,677.70,0,,,Подільський,Довгострокова оренда 1к квартири ЖК Файна Таун,,30 000 грн.
olx,https://www.olx.ua/d/uk/obyavlenie/zdatsya-1-km-kvartira-vul-zabolotnogo-ID10sXtL.html?search_reason=search%7Cpromoted,15000,UAH,338.85,0,,,Голосіївський,Здається 1-кім квартира вул.Заболотного,,15 000 грн.
olx,https://www.olx.ua/d/uk/obyavlenie/zdam-chudovu-odnokmnatnu-v-novomu-budinku-blya-metro-lvoberezhna-IDZBhnA.html?search_reason=search%7Cpromoted,17000,UAH,384.03,0,,,Дніпровський,Здам чудову однокімнатну в новому будинку біля  метро Лівобережна,,17 000 грн.
olx,https://www.olx.ua/d/uk/obyavlenie/stilna-1-kmnatna-kvartira-v-zhk-unit-home-ID10yP56.html?search_reason=search%7Corganic,42000,UAH,948.78,0,,,Шевченківський,Стильна 1-кімнатна квартира в ЖК Unit Home,,42 000 грн.
olx,https://www.olx.ua/d/uk/obyavlenie/kvartira-trikmnatna-verbitskogo-11-ID10qJ5X.html?search_reason=search%7Corganic,17000,UAH,384.03,2,,,Дарницький,"Квартира трикімнатна Вербицького,  11",,17 000 грн.
olx,https://www.olx.ua/d/uk/obyavlenie/zdatsya-tri-kmnatna-kvartira-po-adres-prospekt-chervono-kalini-8-ID10sPnJ.html?search_reason=search%7Corganic,15000,UAH,338.85,2,,,Деснянський,Здається три кімнатна квартира по адресі проспект Червоної Калини 8,,15 000 грн.
olx,https://www.olx.ua/d/uk/obyavlenie/taun-haus-3-kmnatniy-svtlo-24-7-ID10x7jF.html?search_reason=search%7Cpromoted,26500,UAH,598.63,2,,,Голосіївський,Таун Хаус  3-кімнатний Світло 24/7,,"26 500 грн..css-o2j8v0{color:var(--colorsForegroundSecondary);font-weight:var(--fontWeightRegular);width:100%;text-align:right;}.css-rbevy1{font-size:var(
        --fontSizeBodyExtraSmall,
        12px
    );line-height:var(
        --lineHeightRegular,
        16px
    );color:var(--colorsForegroundSecondary);font-weight:var(--fontWeightRegular);width:100%;text-align:right;}.css-zf56ej{color:var(
        --colorsForegroundPrimary,
        #02282C
    );font-family:var(--fontFamilyPrimary, Geomanist, sans-serif);font-weight:700;-webkit-text-decoration:none;text-decoration:none;font-size:var(
        --fontSizeBodyExtraSmall,
        12px
    );line-height:var(
        --lineHeightRegular,
        16px
    );color:var(--colorsForegroundSecondary);font-weight:var(--fontWeightRegular);width:100%;text-align:right;}"
olx,https://www.olx.ua/d/uk/obyavlenie/dvokmnatna-kvartira-metro-beresteyska-5-hv-pshki-beresteyskiy-pr-remont-mebl-tehnka-ID10iGdX.html?search_reason=search%7Cpromoted,18400,UAH,415.65,1,,,Шевченківський,"Двокімнатна квартира. Метро Берестейська 5 хв. пішки, Берестейський пр, ремонт меблі техніка.",,18 400 грн.
olx,https://www.olx.ua/d/uk/obyavlenie/orenda-1-kmn-pechersk-metro-zvrinetska-ID10zs2m.html?search_reason=search%7Corganic,12000,UAH,271.08,0,,,Печерський,"Оренда 1-кімн., Печерськ,  метро Звіринецька .",,12 000 грн.Договірна
olx,https://www.olx.ua/d/uk/obyavlenie/25-persha-zdacha-2-km-kv-pr-beresteyskiy-11-zhk-manhetten-ID10qBbb.html?search_reason=search%7Corganic,33219,UAH,750.41,1,,,Шевченківський,25%перша здача 2 кім кв. пр. Берестейський 11 ЖК Манхеттен,,33 219.81 грн.
olx,https://www.olx.ua/d/uk/obyavlenie/persha-zdacha-bez-koms-1-k-kv-vrodvushka-navgator-2-bez-koms-ID10vqjU.html?search_reason=search%7Corganic,23000,UAH,519.57,0,,,Оболонський,"Перша здача! Без комісії! 1-к кв. Євродвушка. Навігатор-2, Без комісії",,23 000 грн.
olx,https://www.olx.ua/d/uk/obyavlenie/sdam-1k-podlskiy-r-n-vul-petropavlvska-bud-11-ID10xIzZ.html?search_reason=search%7Corganic,11000,UAH,248.49,0,,,Подільський,Сдам 1к Подільський р-н вул Петропавлівська буд 11,,11 000 грн.
olx,https://www.olx.ua/d/uk/obyavlenie/novaya-dizaynerskaya-3-komnatnaya-kvartira-v-zhk-komfort-taun-ID10vYcc.html?search_reason=search%7Corganic,43000,UAH,971.37,2,,,Дніпровський,Новая дизайнерская 3-комнатная квартира в ЖК Комфорт таун,,43 000 грн.
olx,https://www.olx.ua/d/uk/obyavlenie/orenda-1-k-zhk-respublka-ID10yva8.html?search_reason=search%7Corganic,39863,UAH,900.50,0,,,Голосіївський,"Оренда 1-к, жк Республіка",,39 863.77 грн.
olx,https://www.olx.ua/d/uk/obyavlenie/orenda-dvorvnevo-kvartiri-stud-z-parkomstsem-zaryadkoyu-dlya-elektromoblya-bortnich-bez-koms-12-000-grn-ms-ID10Ajtn.html?search_reason=search%7Corganic,12000,UAH,271.08,0,,,Дарницький,"Оренда дворівневої квартири-студії з паркомісцем і зарядкою для електромобіля, Бортничі, без комісії — 12 000 грн/міс",,12 000 грн.
olx,https://www.olx.ua/d/uk/obyavlenie/bez-orenda-vip-5-kmn-kvartiri-vul-zvrinetska-59-zhk-trumf-ID10vg8P.html?search_reason=search%7Corganic,146167,UAH,3301.90,4,,,Печерський,Без % Оренда vip 5-кімн квартири вул Звіринецька 59 ЖК Тріумф,,146 167.16 грн.Договірна
olx,https://www.olx.ua/d/uk/obyavlenie/orenda-bez-koms-zdam-2k-kvartiru-troschina-chervono-kalini-81-gazova-plita-8-poverh-ID10iYj7.html?search_reason=search%7Corganic,10000,UAH,225.90,1,,,Деснянський,"Оренда БЕЗ КОМІСІЇ. Здам 2к квартиру Троєщина, Червоної Калини 81. Газова плита, 8 поверх",,10 000 грн.
olx,https://www.olx.ua/d/uk/obyavlenie/bez-1k-rozdlna-zhk-frantsuzkiy-kvartal-2-vul-predslavinska-42-generator-na-lft-ID10jotO.html?search_reason=search%7Cpromoted,37649,UAH,850.49,0,,,Печерський,БЕЗ % 1к Роздільна| ЖК Французький квартал 2| вул. Предславинська 42| ГЕНЕРАТОР на ліфт є,,37 649.12 грн.
olx,https://www.olx.ua/d/uk/obyavlenie/english-orenda-3h-kmnatno-kvartiri-91m2-klubniy-budinok-zhk-exon-zeleniy-zamok-vulitsya-olegvska-3-podl-shevchenkvskiy-rayon-tsentr-msta-kiv-ID10oLY8.html?search_reason=search%7Cpromoted,57581,UAH,1300.75,2,91,14.29,Шевченківський,ENGLISH Оренда 3х кімнатної квартири 91м2 Клубний будинок ЖК «Exon / Зелений Замок» вулиця Олегівська 3 / Поділ Шевченківський район центр міста Київ,91м2,57 581 грн.Договірна
olx,https://www.olx.ua/d/uk/obyavlenie/nizkiy-etazh-arenda-3-komnatnoy-dizaynerskoy-kvartiry-v-zhk-novopecherskie-lipki-ID10yeOD.html?search_reason=search%7Corganic,110732,UAH,2501.43,2,,,Печерський,НИЗКИЙ ЭТАЖ!Аренда 3-комнатной дизайнерской квартиры в ЖК Новопечерские Липки,,110 732.70 грн.
olx,https://www.olx.ua/d/uk/obyavlenie/orenda-1-k-vul-yordanska-4-metro-obolon-10-hv-dream-town-ID10zrKo.html?search_reason=search%7Corganic,12000,UAH,271.08,0,,,Оболонський,"Оренда 1-к вул. Йорданська 4 метро Оболонь 10 хв, Dream Town",,12 000 грн.
olx,https://www.olx.ua/d/uk/obyavlenie/zdam-3-kmnatnu-kvartiru-vinogradar-ID10yZqT.html?search_reason=search%7Corganic,20000,UAH,451.80,2,,,Подільський,Здам 3- кімнатну квартиру Виноградар,,20 000 грн.Договірна
olx,https://www.olx.ua/d/uk/obyavlenie/orenda-2-h-kmnatna-kvartira-tokareva-5vuzvska-5-ID10xpyP.html?search_reason=search%7Corganic,21000,UAH,474.39,1,,,Солом'янський,Оренда 2-х кімнатна квартира Токарева 5(Вузівська 5),,21 000 грн.
olx,https://www.olx.ua/d/uk/obyavlenie/zdam-u-dovgostrokovu-orendu-2-h-kmnatnu-kvartiru-obolon-ID10zyAS.html?search_reason=search%7Corganic,15000,UAH,338.85,1,,,Оболонський,Здам у довгострокову оренду 2-х кімнатну квартиру Оболонь,,15 000 грн.
olx,https://www.olx.ua/d/uk/obyavlenie/zatishna-3-kmn-blya-lsu-pr-t-lsoviy-43-persha-zdacha-ID10vipH.html?search_reason=search%7Corganic,11000,UAH,248.49,2,,,Деснянський,"Затишна 3-кімн. БІЛЯ ЛІСУ, пр-т Лісовий,43 Перша здача",,11 000 грн.
olx,https://www.olx.ua/d/uk/obyavlenie/bez-orenda-3h-kmnatno-kvartiri-dmitrvska-75-poltavska-10-ID10AZ0z.html?search_reason=search%7Cpromoted,39863,UAH,900.50,2,,,Шевченківський,Без% Оренда 3х-кімнатної квартири Дмитрівська 75/Полтавська 10,,39 863.77 грн.
olx,https://www.olx.ua/d/uk/obyavlenie/orenda-3k-kvartiri-zhk-taryan-towers-vul-oanna-pavla-ii-12-nvertor-ID10AhEB.html?search_reason=search%7Cpromoted,161669,UAH,3652.09,2,,,Печерський,"Оренда 3к квартири, ЖК Taryan Towers, вул. Іоанна Павла II, 12. Інвертор",,161 669.73 грн.
olx,https://www.olx.ua/d/uk/obyavlenie/orenda-4-kmnatno-kvartiri-IDYtrrQ.html?search_reason=search%7Cpromoted,25000,UAH,564.75,3,,,Святошинський,Оренда 4 кімнатної квартири,,25 000 грн.
olx,https://www.olx.ua/d/uk/obyavlenie/orenda-2k-kvartiri-zhk-frantsuzkiy-kvartal-2-vd-vlasnikv-bez-ID10Ae0J.html?search_reason=search%7Corganic,75298,UAH,1700.98,1,,,Голосіївський,"Оренда 2к квартири ЖК Французький квартал 2 ,від власників без %",,75 298.23 грн.Договірна
olx,https://www.olx.ua/d/uk/obyavlenie/orenda-2-km-kvartiri-kuhnya-studya-zhk-nova-anglya-ID10vcY0.html?search_reason=search%7Corganic,32000,UAH,722.88,0,,,Голосіївський,Оренда 2 кім квартири + кухня студія ЖК Нова Англія,,32 000 грн.
olx,https://www.olx.ua/d/uk/obyavlenie/orenda-1k-kvartiri-stud-lipkvskogo-uritskogo-38-vokzalna-solomyanskiy-ID10stli.html?search_reason=search%7Corganic,21000,UAH,474.39,0,,,Солом'янський,"Оренда 1к квартири студії Липківського (Урицького), 38 Вокзальна Соломянський",,21 000 грн.
olx,https://www.olx.ua/d/uk/obyavlenie/kvartira-2-k-golosvo-vasilenko-9-blya-metro-orenda-ID10Aooc.html?search_reason=search%7Corganic,14000,UAH,316.26,1,,,Солом'янський,"Квартира 2 к  Голосієво  Василенко, 9 біля метро оренда",,14 000 грн.
olx,https://www.olx.ua/d/uk/obyavlenie/sdam-2k-pldlskiy-r-n-vul-vigovskogo-grechko-ID10vgr5.html?search_reason=search%7Corganic,11000,UAH,248.49,1,,,Подільський,Сдам 2к Плдільський р-н вул Виговського (Гречко),,11 000 грн.
olx,https://www.olx.ua/d/uk/obyavlenie/sdam-v-orendu-1-kmnatnu-kvartiru-ID10w1DT.html?search_reason=search%7Corganic,11000,UAH,248.49,0,,,Солом'янський,Сдам в оренду 1 кімнатну квартиру,,11 000 грн.
olx,https://www.olx.ua/d/uk/obyavlenie/orenda-odnokmnatno-kvartiri-blya-metro-mnska-ID10wu5e.html?search_reason=search%7Corganic,13500,UAH,304.96,0,,,Оболонський,Оренда однокімнатної квартири біля метро Мінська,,13 500 грн.
olx,https://www.olx.ua/d/uk/obyavlenie/bez-koms-orenda-1-k-50-m-z-vidom-na-park-10hv-m-chervoniy-hutr-zhk-vudstorya-generator-novobudova-ID10tg1N.html?search_reason=search%7Corganic,14499,UAH,327.53,0,50,6.55,Дарницький,Без комісії! | Оренда 1-к=  50 м² з видом на парк | 10хв. м.Червоний Хутір |  ЖК Вудсторія | Генератор  |  Новобудова!,50 м²,14 499 грн.Договірна
olx,https://www.olx.ua/d/uk/obyavlenie/sdam-1km-kvartiru-dragomanova-poznyaki-ashan-ID10xjSD.html?search_reason=search%7Corganic,17000,UAH,384.03,0,,,Дарницький,"Сдам 1км квартиру Драгоманова, Позняки, Ашан",,17 000 грн.
olx,https://www.olx.ua/d/uk/obyavlenie/orenda-2k-zamkovetska-108-zhk-lpnka-ID10AAhs.html?search_reason=search%7Cpromoted,20000,UAH,451.80,1,,,Подільський,Оренда 2К Замковецька 108 ЖК Ліпінка,,20 000 грн.
olx,https://www.olx.ua/d/uk/obyavlenie/orenda-1-kmnatno-kvartiri-ID10AXa0.html?search_reason=search%7Cpromoted,15000,UAH,338.85,0,,,Дарницький,Оренда 1-кімнатної квартири,,15 000 грн.
olx,https://www.olx.ua/d/uk/obyavlenie/orenda-2-h-kmnatno-kvartiri-na-zolotih-vorotah-IDYtILl.html?search_reason=search%7Cpromoted,53151,UAH,1200.68,1,,,Шевченківський,Оренда 2-х кімнатноі квартири на Золотих Воротах,,53 151.69 грн.Договірна
olx,https://www.olx.ua/d/uk/obyavlenie/sdam-1-komnatnu-vul-derevlyanska-21-ID10y3zI.html?search_reason=search%7Corganic,12500,UAH,282.37,0,,,Шевченківський,"Сдам 1-комнатну, вул.Деревлянска 21",,12 500 грн.Договірна
olx,https://www.olx.ua/d/uk/obyavlenie/bez-3k-kvartira-94-m2-voskresenska-18b-zhk-parkov-ozera-ID10ylcw.html?search_reason=search%7Corganic,51656,UAH,1166.91,2,94,12.41,Дніпровський,"Без %, 3к квартира, 94 м2, Воскресенська, 18Б, ЖК Паркові Озера",94 м2,51 656.81 грн.
olx,https://www.olx.ua/d/uk/obyavlenie/orenda-odnokmnatno-kvartiri-rayduzhna-3b-ID10yNjN.html?search_reason=search%7Corganic,10000,UAH,225.90,0,,,Дніпровський,Оренда однокімнатної квартири (Райдужна 3б),,10 000 грн.
olx,https://www.olx.ua/d/uk/obyavlenie/orenda-1km-kvartira-vul-mashinobudvna-36-kiev-shulyavka-ID10v3EP.html?search_reason=search%7Corganic,11000,UAH,248.49,0,,,Солом'янський,"Оренда  1кім квартира вул. Машинобудівна 36, Киев, Шулявка",,11 000 грн.
olx,https://www.olx.ua/d/uk/obyavlenie/bez-zhk-panorama-na-pechersku-orenda-3-kmn-kvartiri-konovaltsya-44a-ID10sMoH.html?search_reason=search%7Corganic,70868,UAH,1600.90,2,,,Печерський,Без % ЖК «Панорама на Печерську» оренда 3-кімн. Квартири Коновальця 44а,,70 868.92 грн.
olx,https://www.olx.ua/d/uk/obyavlenie/vul-tiraspolska-52a-zhk-msto-kvtv-1-k-37-kv-m-z-remontom-vlna-bez-koms-ID10xQYc.html?search_reason=search%7Corganic,18000,UAH,406.62,0,37,10.99,Подільський,Вул. Тираспольська 52А ЖК Місто Квітів 1-к. 37 кв.м з ремонтом Вільна. Без комісії.,37 кв.м,18 000 грн.
olx,https://www.olx.ua/d/uk/obyavlenie/orenda-stilno-1k-stud-v-zhk-nash-budinok-metro-nivki-2-hv-pshki-ID10zGse.html?search_reason=search%7Corganic,19000,UAH,429.21,0,,,Шевченківський,Оренда стильної 1к студії в ЖК “Наш Будинок” | метро Нивки — 2 хв пішки,,19 000 грн.
olx,https://www.olx.ua/d/uk/obyavlenie/orenda-2-k-kvartiri-vul-golosvska-13b-zhk-golosvo-ID10xXd1.html?search_reason=search%7Cpromoted,32000,UAH,722.88,1,,,Голосіївський,Оренда 2-к квартири вул.  Голосіївська 13Б ЖК Голосієво,,32 000 грн.
olx,https://www.olx.ua/d/uk/obyavlenie/orenda-1-kmn-45-m-kv-metro-mnska-10-hv-zdi-bez-ID10vFmy.html?search_reason=search%7Cpromoted,23000,UAH,519.57,0,,,Оболонський,"Оренда 1-кімн.45 м.кв, метро Мінська 10 хв ізди .Без %",,23 000 грн.
olx,https://www.olx.ua/d/uk/obyavlenie/orenda-1-k-zhk-respublka-ID10yva8.html?search_reason=search%7Cpromoted,39863,UAH,900.50,0,,,Голосіївський,"Оренда 1-к, жк Республіка",,39 863.77 грн.
olx,https://www.olx.ua/d/uk/obyavlenie/orenda-1-km-st-m-svyatoshino-vul-lvvska-11-zhk-svyatobor-ID10yND0.html?search_reason=search%7Corganic,20000,UAH,451.80,0,,,Святошинський,"Оренда, 1-кім, ст.м.Святошино, вул.Львівська 11, ЖК  «Святобор»",,20 000 грн.
olx,https://www.olx.ua/d/uk/obyavlenie/zhk-varshavskiy-plyus-3km-90-m2-persha-zdacha-ID10tr8I.html?search_reason=search%7Corganic,57581,UAH,1300.75,2,90,14.45,Подільський,Жк Варшавський Плюс 3кім 90 м2 Перша Здача,90 м2,57 581 грн.
olx,https://www.olx.ua/d/uk/obyavlenie/proponutsya-v-orendu-stilna-ta-atmosferna-3-kmnatna-kvartira-ID10t0bR.html?search_reason=search%7Corganic,31000,UAH,700.29,2,,,Печерський,Пропонується в оренду стильна та атмосферна 3-кімнатна квартира,,31 000 грн.
olx,https://www.olx.ua/d/uk/obyavlenie/2-kmnatna-kvartira-zhk-prestizh-holl-v-tyutyunnika-37-1-ID10qsVI.html?search_reason=search%7Corganic,44248,UAH,999.56,1,,,Печерський,"2-кімнатна квартира ЖК Престиж Холл, В. Тютюнника 37/1",,44 248.78 грн.
olx,https://www.olx.ua/d/uk/obyavlenie/zdayu-2-kmnatnu-kvartiru-rudanskogo-3-zatishna-bezpechne-mstse-ID10A7LL.html?search_reason=search%7Corganic,25000,UAH,564.75,1,,,Шевченківський,"Здаю 2 кімнатну квартиру. Руданського 3, затишна , безпечне місце.",,25 000 грн.
olx,https://www.olx.ua/d/uk/obyavlenie/zdatsya-1-kmnatna-kvartira-varshavskiy-plyus-ukrittya-generator-u-budinku-ID10zutq.html?search_reason=search%7Corganic,25000,UAH,564.75,0,,,Подільський,"Здається 1-кімнатна квартира Варшавський Плюс , укриття, генератор у будинку",,25 000 грн.
olx,https://www.olx.ua/d/uk/obyavlenie/pervaya-arenda-sdam-1k-kv-ru-s-remontom-zhk-krishtalevi-dzherela-3etazh-ID10wtpa.html?search_reason=search%7Corganic,20000,UAH,451.80,0,,,Голосіївський,Первая аренда!Сдам 1к кв-ру с ремонтом ЖК Кришталеви Джерела 3этаж,,20 000 грн.
olx,https://www.olx.ua/d/uk/obyavlenie/1-kmnatna-prostora-svtla-kvartira-z-atmosferoyu-zatishku-ta-krasivim-vidom-na-kiv-ID10zEy7.html?search_reason=search%7Corganic,26000,UAH,587.34,0,,,Оболонський,1-Кімнатна простора світла квартира з атмосферою затишку та красивим видом на Київ,,26 000 грн.
olx,https://www.olx.ua/d/uk/obyavlenie/zdam-3-k-z-kabnetom-standart-one-standard-teremki-lko-grad-ID10wspR.html?search_reason=search%7Corganic,33000,UAH,745.47,2,,,Голосіївський,Здам 3-к з кабінетом Standart One Standard Теремки Ліко Град,,33 000 грн.
olx,https://www.olx.ua/d/uk/obyavlenie/orenda-1-kmnatna-vrodvushka-vd-vlasnika-odeskiy-bulvar-m-teremki-ID10B0lO.html?search_reason=search%7Cpromoted,16000,UAH,361.44,0,,,Голосіївський,"Оренда 1 кімнатна ""Євродвушка"" Від власника Одеський Бульвар м.Теремки",,16 000 грн.
olx,https://www.olx.ua/d/uk/obyavlenie/orenda-1k-kvartira-shulyavka-viborgska-solomyanskiy-oleksi-tihogo-IDLcGgN.html?search_reason=search%7Cpromoted,11500,UAH,259.78,0,,,Солом'янський,Оренда 1к квартира Шулявка Виборгська Солом’янський Олекси Тихого,,11 500 грн.
olx,https://www.olx.ua/d/uk/obyavlenie/revutskogo-1-k-bolshaya-kvartira-metro-harkovskaya-ID10ydCc.html?search_reason=search%7Corganic,8000,UAH,180.72,0,,,Дарницький,"Ревуцкого, 1-к большая  квартира, метро Харьковская",,8 000 грн.
olx,https://www.olx.ua/d/uk/obyavlenie/orenda-2k-kvartiri-67m2-kahi-bendukdze-2-ID10yPTm.html?search_reason=search%7Corganic,44293,UAH,1000.58,1,67,14.93,Печерський,Оренда 2к квартири 67м2 Кахи Бендукідзе 2,67м2,44 293.08 грн.
olx,https://www.olx.ua/d/uk/obyavlenie/orenda-3-km-kvartiri-metro-osokorki-poznyaki-ID10tyvl.html?search_reason=search%7Corganic,22500,UAH,508.27,2,,,Дарницький,Оренда 3 кім квартири метро Осокорки Позняки,,22 500 грн.Договірна
olx,https://www.olx.ua/d/uk/obyavlenie/orenda-3k-kvartiri-pr-t-golosvskiy-metro-demvska-1hv-ID10sgjr.html?search_reason=search%7Corganic,46950,UAH,1060.60,2,,,Голосіївський,"Оренда 3к квартири, пр-т Голосіївський, метро Деміївська 1хв",,46 950.66 грн.
olx,https://www.olx.ua/d/uk/obyavlenie/chornovola-25-orenda-3-kmnatno-kvartira-v-tseglyanomu-budinku-2005-roku-blya-metro-ID10yErs.html?search_reason=search%7Corganic,44293,UAH,1000.58,2,,,Шевченківський,"Чорновола, 25. Оренда 3-кімнатної квартира в цегляному будинку 2005 року біля метро",,44 293.08 грн.
olx,https://www.olx.ua/d/uk/obyavlenie/zdam-1-kmnatnu-kvartiru-kalnishevskogo-vidova-kvartira-ID10zs7i.html?search_reason=search%7Corganic,12000,UAH,271.08,0,,,Оболонський,"Здам 1 кімнатну квартиру Калнишевского, видова квартира",,12 000 грн.
olx,https://www.olx.ua/d/uk/obyavlenie/orenda-1kmnatno-kvartiri-zhk-metropark-metro-virlitsya-borisplska-na-vul-kamyanska-ID10wDgJ.html?search_reason=search%7Corganic,15500,UAH,350.14,0,,,Дарницький,"Оренда 1кімнатної квартири ЖК МетроПарк метро Вирлиця, Бориспільська на вул.Кам'янська",,15 500 грн.
olx,https://www.olx.ua/d/uk/obyavlenie/arenda-2-k-kvartiry-zhk-novopecherskie-lipki-ul-dragomirova-pechersk-ID10vl72.html?search_reason=search%7Corganic,75298,UAH,1700.98,1,,,Печерський,"Аренда 2-к квартиры, ЖК Новопечерские Липки, ул. Драгомирова, Печерск",,75 298.23 грн.
olx,https://www.olx.ua/d/uk/obyavlenie/glushkova-9v-generator-1-kmnatna-57m2-m-podrom-ID10dzjI.html?search_reason=search%7Cpromoted,19000,UAH,429.21,0,57,7.53,Голосіївський,"Глушкова 9в, генератор, 1 кімнатна 57м2, м. Іподром",57м2,19 000 грн.
olx,https://www.olx.ua/d/uk/obyavlenie/sdam-svoyu-1k-kvartiru-zhk-dibrova-park-pervaya-sdacha-m-nivki-sirets-retrovl-ID10uRgi.html?search_reason=search%7Cpromoted,26000,UAH,587.34,0,,,Подільський,Сдам свою 1к квартиру ЖК Dibrova Park Первая Сдача м. Нивки Сирець Ретровіль,,26 000 грн.
olx,https://www.olx.ua/d/uk/obyavlenie/bez-orenda-vip-5-kmn-kvartiri-vul-zvrinetska-59-zhk-trumf-ID10vg8P.html?search_reason=search%7Cpromoted,146167,UAH,3301.90,4,,,Печерський,Без % Оренда vip 5-кімн квартири вул Звіринецька 59 ЖК Тріумф,,146 167.16 грн.Договірна
olx,https://www.olx.ua/d/uk/obyavlenie/orenda-1k-kvartiri-na-troschin-36m2-prospekt-chervono-kalini-44-10-ID10h83w.html?search_reason=search%7Corganic,8000,UAH,180.72,0,36,5.02,Деснянський,"Оренда 1к квартири на Троєщині, 36м2, проспект Червоної Калини, 44/10",36м2,8 000 грн.
olx,https://www.olx.ua/d/uk/obyavlenie/zdam-3-kmn-kv-v-zhk-parkova-vezha-vtryan-gori-vinogradar-ID10wztl.html?search_reason=search%7Corganic,32000,UAH,722.88,2,,,Подільський,Здам 3-кімн.кв. в ЖК Паркова Вежа. Вітряні гори  Виноградар,,32 000 грн.
olx,https://www.olx.ua/d/uk/obyavlenie/orenda-1-kmnatno-kvartiri-v-privatnomu-budinku-blya-mr-17-19-mreo-ID10wmRs.html?search_reason=search%7Corganic,8700,UAH,196.53,0,,,Святошинський,Оренда 1- кімнатної квартири в приватному будинку біля Мрії 17/19 (МРЕО),,8 700 грн.
olx,https://www.olx.ua/d/uk/obyavlenie/orenda-1-kmnatno-kvartiri-m-kiv-ID10vk4Q.html?search_reason=search%7Corganic,31000,UAH,700.29,0,,,Шевченківський,Оренда 1 кімнатної квартири м.Київ,,31 000 грн.
olx,https://www.olx.ua/d/uk/obyavlenie/1-kmnatna-kvartiraokrema-spalnya-v-fayna-taun-balkon-kabnet-nivki-svyatoshino-salyutna-scherbakvskogo-ID10AnZ8.html?search_reason=search%7Corganic,26575,UAH,600.33,0,,,Святошинський,1-кімнатна квартира(окрема спальня) в Файна Таун + балкон-кабінет. Нивки Святошино Салютна Щербаківського,,26 575.85 грн.
olx,https://www.olx.ua/d/uk/obyavlenie/bez-zdam-2k-60m2-pechersk-edelweiss-house-novopechervska-vezha-ID10wsVA.html?search_reason=search%7Corganic,44293,UAH,1000.58,1,60,16.68,Печерський,Без% Здам 2К 60м2 Печерськ Edelweiss House Новопечервська Вежа,60м2,44 293.08 грн.
olx,https://www.olx.ua/d/uk/obyavlenie/sdam-2k-pldlskiy-r-n-vul-vigovskogo-grechko-ID10vgr5.html?search_reason=search%7Cpromoted,11000,UAH,248.49,1,,,Подільський,Сдам 2к Плдільський р-н вул Виговського (Гречко),,11 000 грн.
olx,https://www.olx.ua/d/uk/obyavlenie/orenda-1-k-kvartiri-zhk-varshavskiy-3-44m2-bez-koms-sltlo-24-7-IDZ0DoU.html?search_reason=search%7Cpromoted,26000,UAH,587.34,0,44,13.35,Подільський,"Оренда 1-к квартири, ЖК Варшавський 3, 44м2, БЕЗ КОМІСІЇ, слітло 24/7",44м2,26 000 грн.
olx,https://www.olx.ua/d/uk/obyavlenie/zdam-1-kmnatnu-kvartiru-na-troschin-ID10wuzC.html?search_reason=search%7Corganic,10000,UAH,225.90,0,,,Деснянський,Здам 1 кімнатну квартиру на Троєщині.,,10 000 грн.
olx,https://www.olx.ua/d/uk/obyavlenie/orenda-2-k-nizhny-val-27-29-zhk-podol-prestzh-kontraktonva-ploscha-ID10sM6s.html?search_reason=search%7Corganic,31005,UAH,700.40,1,,,Шевченківський,"Оренда 2 к Нижній Вал ,27/29 ЖК Подол Престіж Контрактонва площа",,31 005.15 грн.
olx,https://www.olx.ua/d/uk/obyavlenie/orenda-2-km-kvartiri-frantsuzkiy-kvartal-2-pechersk-libdska-budinok-z-generatorom-ID10wuVF.html?search_reason=search%7Corganic,53151,UAH,1200.68,1,,,Печерський,Оренда / 2-кім Квартири / Французький квартал 2 / Печерськ / Либідська / Будинок з генератором,,53 151.69 грн.
olx,https://www.olx.ua/d/uk/obyavlenie/orenda-1-kmnatno-50m2-zhk-seven-dnprovska-naberezhna-osokorki-slavutich-ID10txnj.html?search_reason=search%7Corganic,31005,UAH,700.40,0,50,14.01,Дарницький,Оренда 1-кімнатної 50м2 ЖК Seven/Дніпровська набережна/Осокорки/Славутич,50м2,31 005.15 грн.
olx,https://www.olx.ua/d/uk/obyavlenie/persha-zdacha-svtlo-ta-mnmalstichno-1-km-42m2-v-peyzazhnomu-zhk-respublka-ID10vDzO.html?search_reason=search%7Corganic,37649,UAH,850.49,0,42,20.25,Голосіївський,Перша здача світлої та мінімалістичної 1-кім 42м2 в пейзажному ЖК Республіка,42м2,37 649.12 грн.
olx,https://www.olx.ua/d/uk/obyavlenie/orenda-2km-kvartiri-65m-zhk-park-avenyu-park-avenue-vip-prospekt-golosvskiy-58-ID10ysH0.html?search_reason=search%7Corganic,35434,UAH,800.45,1,,,Голосіївський,Оренда 2кім. квартири 65м ЖК Парк Авеню | Park Avenue Vip.  проспект Голосіївський 58,,35 434.46 грн.Договірна
olx,https://www.olx.ua/d/uk/obyavlenie/bez-2k-kvartira-65-m2-voskresenska-12b-zhk-parkov-ozera-ID10yu1C.html?search_reason=search%7Corganic,17000,UAH,384.03,1,65,5.91,Дніпровський,"Без %, 2к квартира, 65 м2, Воскресенська, 12Б, ЖК Паркові Озера",65 м2,17 000 грн.
olx,https://www.olx.ua/d/uk/obyavlenie/orenda-1-km-kv-zhk-britanskiy-kvartal-golosvskiy-ID10wnG5.html?search_reason=search%7Corganic,18000,UAH,406.62,0,,,Голосіївський,Оренда 1 кім кв ЖК Британський квартал Голосіївський,,18 000 грн.
olx,https://www.olx.ua/d/uk/obyavlenie/orenda-3-k-60m2-gerov-polku-azov-b-7-m-obolon-ID10AA51.html?search_reason=search%7Cpromoted,16000,UAH,361.44,2,60,6.02,Оболонський,"Оренда 3 к. 60м2  Героїв полку Азов  б.7,   м. Оболонь",60м2,16 000 грн.
olx,https://www.olx.ua/d/uk/obyavlenie/zdam-1-km-kv-vul-revutskogo-harkvskiy-masiv-ID10yWVJ.html?search_reason=search%7Cpromoted,10000,UAH,225.90,0,,,Дарницький,"Здам 1-кім.кв. вул.Ревуцького, Харківський масив",,10 000 грн.
olx,https://www.olx.ua/d/uk/obyavlenie/arenda-2-h-komnatnaya-kvartiry-po-ul-lyuteranskaya-13-tsentr-ID10ge4I.html?search_reason=search%7Cpromoted,44293,UAH,1000.58,1,,,Печерський,"Аренда 2-х комнатная квартиры по ул.Лютеранская 13, Центр.",,44 293.08 грн.Договірна
olx,https://www.olx.ua/d/uk/obyavlenie/orenda-3-k-kv-95-m2-vul-generala-shapovala-2-zhk-smaragdoviy-ID10vdcC.html?search_reason=search%7Corganic,44500,UAH,1005.25,2,95,10.58,Солом'янський,"Оренда 3 к кв 95 м2, вул Генерала Шаповала,2. ЖК Смарагдовий",95 м2,44 500 грн.
olx,https://www.olx.ua/d/uk/obyavlenie/orenda-stud-1-y-poverh-v-zhk-komfort-taun-prosp-sobornost-17-ID10zoiC.html?search_reason=search%7Corganic,14000,UAH,316.26,0,,,Дніпровський,"Оренда студії (1-й поверх) в ЖК Комфорт Таун, просп. Соборності, 17",,14 000 грн.
olx,https://www.olx.ua/d/uk/obyavlenie/orenda-kvartira-45m2-kmn-zhk-victory-v-metro-ID10wtQP.html?search_reason=search%7Corganic,35434,UAH,800.45,1,45,17.79,Солом'янський,Оренда Квартира 45м2 кімн ЖК Victory V Метро,45м2,35 434.46 грн.
olx,https://www.olx.ua/d/uk/obyavlenie/orenda-1-km-kvartiri-stud-v-zhk-komfort-taun-prosp-sobornost-ID10zojH.html?search_reason=search%7Corganic,13500,UAH,304.96,0,,,Дніпровський,"Оренда 1-кім квартири-студії в ЖК Комфорт Таун, просп. Соборності",,13 500 грн.
olx,https://www.olx.ua/d/uk/obyavlenie/tsentr-pechersk-2k-85m-po-konovaltsa-e-32g-ID10zsv7.html?search_reason=search%7Corganic,35390,UAH,799.46,1,,,Печерський,Центр Печерск 2к 85м по Коновальца Е. 32Г,,35 390.17 грн.
olx,https://www.olx.ua/d/uk/obyavlenie/orenda-kvartira-188m2-3kmn-zhk-novopechersk-lipki-generator-ID10wG5d.html?search_reason=search%7Corganic,155025,UAH,3502.00,2,188,18.63,Печерський,Оренда Квартира 188м2 3кімн ЖК Новопечерські Липки Генератор,188м2,155 025.77 грн.
olx,https://www.olx.ua/d/uk/obyavlenie/sdam-1-kom-kv-ul-dovzhenko-16-metro-shulyavka-15-minut-peshkom-ID10yc22.html?search_reason=search%7Corganic,10000,UAH,225.90,0,,,Шевченківський,"Сдам 1 ком кв ул Довженко 16, метро Шулявка 15 минут пешком",,10 000 грн.
olx,https://www.olx.ua/d/uk/obyavlenie/zdam-odnokmnatnu-kvartiru-v-desna-residence-s-zazimya-brovarskiy-rayon-ID10ySUw.html?search_reason=search%7Corganic,15000,UAH,338.85,0,,,Дніпровський,"Здам однокімнатну квартиру в Desna Residence  с.Зазимя,Броварський район.",,15 000 грн.
olx,https://www.olx.ua/d/uk/obyavlenie/sdam-1-kom-kv-ul-urlovskaya-21-metro-osokorki-poznyaki-trts-river-mol-ID10ycnu.html?search_reason=search%7Corganic,12500,UAH,282.37,0,,,Дарницький,"Сдам 1 ком кв ул Урловская 21, метро Осокорки, Позняки трц Ривер мол",,12 500 грн.
olx,https://www.olx.ua/d/uk/obyavlenie/zdam-2-h-kmnatnu-kvartiru-dashkevicha-26-yaksniy-remont-ID10rLBa.html?search_reason=search%7Corganic,13000,UAH,293.67,1,,,Дніпровський,"Здам 2 х кімнатну квартиру Дашкевича 26, якісний ремонт.",,13 000 грн.
olx,https://www.olx.ua/d/uk/obyavlenie/orenda-1k-kv-vul-rayduzhna-ID10B4MG.html?search_reason=search%7Cpromoted,11000,UAH,248.49,0,,,Дніпровський,Оренда 1к кв! Вул. Райдужна,,11 000 грн.
olx,https://www.olx.ua/d/uk/obyavlenie/zdam-3-k-dovgotrivalo-vul-darvna-10-ID10wRLA.html?search_reason=search%7Cpromoted,42078,UAH,950.54,2,,,Печерський,"Здам 3 к довготривало , вул . Дарвіна 10",,42 078.42 грн.
olx,https://www.olx.ua/d/uk/obyavlenie/orenda-2-kmnatno-kvartiri-v-kb-90-m2-osokorki-vul-sadova-ID10x69A.html?search_reason=search%7Corganic,79727,UAH,1801.03,1,90,20.01,Дарницький,Оренда 2-кімнатної квартири в КБ/90 м2/Осокорки/вул. Садова,90 м2,79 727.54 грн.
olx,https://www.olx.ua/d/uk/obyavlenie/orenda-2hkm-90-m-kv-poznyaki-metro-mshugi-ID10AnOo.html?search_reason=search%7Corganic,22000,UAH,496.98,1,,,Дарницький,"Оренда 2хкім 90 м кв Позняки метро,  Мішуги",,22 000 грн.
olx,https://www.olx.ua/d/uk/obyavlenie/orenda-3k-kvartira-90m-u-zhk-river-stone-3-y-poverh-vid-na-dnpro-pet-friendly-osokorki-river-moll-zhk-river-stoun-ID10sASj.html?search_reason=search%7Corganic,50937,UAH,1150.66,2,,,Дарницький,"Оренда / 3к квартира / 90м у ЖК River Stone! 3-й поверх, вид на Дніпро, pet-friendly / осокорки / ривер молл / жк ривер стоун",,50 937.04 грн.
olx,https://www.olx.ua/d/uk/obyavlenie/kopernika-3-stilna-3-kmnatna-101m2-v-tsentr-blya-metro-ID10yIuX.html?search_reason=search%7Corganic,32000,UAH,722.88,2,101,7.16,Шевченківський,"Коперника 3, стильна 3 кімнатна 101м2 в центрі біля метро",101м2,32 000 грн.
olx,https://www.olx.ua/d/uk/obyavlenie/orenda-vro-2k-59m2-park-feofanya-ID10rtls.html?search_reason=search%7Corganic,44293,UAH,1000.58,1,59,16.96,Голосіївський,Оренда Євро 2к 59м2. Парк Феофанія.,59м2,44 293.08 грн.
olx,https://www.olx.ua/d/uk/obyavlenie/zdam-3-kmn-v-zhk-bulvar-fontanv-saperne-pole-3-ID10zdO8.html?search_reason=search%7Corganic,84156,UAH,1901.08,2,,,Печерський,Здам 3 кімн в жк «бульвар фонтанів» саперне поле 3,,84 156.85 грн.
olx,https://www.olx.ua/d/uk/obyavlenie/persha-zdacha-1k-kvartiri-zhk-garmonya-metro-zhitomirska-ID10AnNk.html?search_reason=search%7Corganic,23000,UAH,519.57,0,,,Святошинський,Перша здача 1К квартири_ЖК Гармонія_метро Житомирська,,23 000 грн.
olx,https://www.olx.ua/d/uk/obyavlenie/zdatsya-1-kmn-kv-prt-v-vasyuka-4-zhk-oazis-naberezhna-ID10zvDs.html?search_reason=search%7Cpromoted,20000,UAH,451.80,0,,,Оболонський,"Здається 1 кімн.кв. прт.В.Івасюка 4, ЖК Оазис Набережна",,20 000 грн.
olx,https://www.olx.ua/d/uk/obyavlenie/orenda-3k-podl-andrvska-tserkva-horiva-4-vidova-vlasnik-IDXxpVO.html?search_reason=search%7Cpromoted,84156,UAH,1901.08,2,,,Подільський,"Оренда 3К  Поділ Андріївська церква, Хорива 4, Видова, Власник",,84 156.85 грн.
olx,https://www.olx.ua/d/uk/obyavlenie/orenda-1-k-kvartiri-42-kv-m-v-zhk-varshavskiy-ID10wzGj.html?search_reason=search%7Corganic,22000,UAH,496.98,0,42,11.83,Подільський,"Оренда 1 к квартири  42 кв.м, в ЖК Варшавський",42 кв.м,22 000 грн.
olx,https://www.olx.ua/d/uk/obyavlenie/sdam-4-h-komnatnuyu-kvartiru-harkovskiy-massiv-hozyain-ID10lPNn.html?search_reason=search%7Corganic,16000,UAH,361.44,3,,,Дарницький,"Сдам 4-х комнатную квартиру Харьковский массив, хозяин",,16 000 грн.
olx,https://www.olx.ua/d/uk/obyavlenie/dvohkmnatna-kvartira-m-demvka-zhk-west-house-ID10zbbt.html?search_reason=search%7Corganic,39863,UAH,900.50,1,,,Печерський,Двохкімнатна квартира м.Деміївка ЖК West House,,39 863.77 грн.
olx,https://www.olx.ua/d/uk/obyavlenie/1-k-kv-zhk-harkvskiy-harkvske-shose-190-metro-virlitsya-borisplska-7-hv-ID10xf39.html?search_reason=search%7Corganic,17000,UAH,384.03,0,,,Дарницький,"1 к. кв. ЖК  «Харківський» Харківське шосе 190 метро Вирлиця, Бориспільська 7 хв.",,17 000 грн.
olx,https://www.olx.ua/d/uk/obyavlenie/orenda-2-kmnatno-na-prospekt-svobodi-3b-ID10zCkQ.html?search_reason=search%7Corganic,20000,UAH,451.80,1,,,Подільський,"Оренда "" 2 кімнатної на проспекті Свободи 3Б",,20 000 грн.
olx,https://www.olx.ua/d/uk/obyavlenie/orenda-2k-kvartira-podl-grad-podol-tsentr-vozdvizhenka-generator-avtonomniy-kotelnya-parkng-ukrittya-vozdvizhenska-kontraktova-poshtova-rent-apartment-ID10wugJ.html?search_reason=search%7Corganic,53151,UAH,1200.68,1,,,Подільський,Оренда 2к квартира Поділ Град Подол ЦЕНТР Воздвиженка Генератор Автономний Котельня Паркінг Укриття Воздвиженська Контрактова Поштова Rent Apartment,,53 151.69 грн.Договірна
olx,https://www.olx.ua/d/uk/obyavlenie/orenda-3k-kvartira-obolonska-naberezhna-15-vidova-park-natalka-obolon-naberezhna-parkng-ukrittya-gaz-avtonomniy-mnska-residences-rezdens-vasyuka-ID10wtRA.html?search_reason=search%7Corganic,66439,UAH,1500.85,2,,,Оболонський,Оренда 3к квартира Оболонська набережна 15 ВИДОВА ПАРК НАТАЛКА Оболонь Набережна Паркінг Укриття Газ Автономний Мінська Residences Резіденс Івасюка,,66 439.62 грн.Договірна
olx,https://www.olx.ua/d/uk/obyavlenie/bez-koms-aktualno-orenda-1-kmnatno-kvartiri-abolmasova-7-ID10xaFB.html?search_reason=search%7Cpromoted,17500,UAH,395.32,0,,,Дніпровський,"Без комісії. АКТУАЛЬНО Оренда 1-кімнатної квартири Аболмасова, 7",,17 500 грн.
olx,https://www.olx.ua/d/uk/obyavlenie/arenda-2-komn-zhk-central-park-dzhona-makkeyna-7-ivana-kudri-frantsuzskiy-kvartal-IDYS66e.html?search_reason=search%7Cpromoted,55366,UAH,1250.71,1,,,Печерський,"Аренда 2-комн ЖК Central Park Джона Маккейна 7 — Ивана Кудри, Французский Квартал",,55 366.35 грн.
olx,https://www.olx.ua/d/uk/obyavlenie/orenda-1-kmnatno-kvartiri-p-t-akademka-glushkova-9d-metro-podrom-teremki-studya-generator-na-vse-ID10ztrX.html?search_reason=search%7Cpromoted,15000,UAH,338.85,0,,,Голосіївський,"Оренда 1 кімнатної квартири п-т. Академіка Глушкова 9Д метро Іподром, Теремки, студія, генератор на все",,15 000 грн.
olx,https://www.olx.ua/d/uk/obyavlenie/zdatsya-tri-kmnatna-kvartira-po-vulits-arhtektora-nkolava-ID10yotr.html?search_reason=search%7Corganic,15000,UAH,338.85,2,,,Деснянський,Здається три кімнатна квартира по вулиці Архітектора Ніколаєва,,15 000 грн.
olx,https://www.olx.ua/d/uk/obyavlenie/orenda-1kmn-kvartiri-golosvskiy-rn-blya-metro-park-gazova-plita-tseglyaniy-budinok-ID10wQsG.html?search_reason=search%7Corganic,12600,UAH,284.63,0,,,Голосіївський,Оренда 1кімн квартири Голосіївський рн біля метро парк газова плита цегляний будинок,,12 600 грн.Договірна
olx,https://www.olx.ua/d/uk/obyavlenie/orenda-2-kom-kvartiri-v-tsentr-78m2-maydan-nezalezhnost-vul-kostolna-9-ID10qNWd.html?search_reason=search%7Corganic,25000,UAH,564.75,1,78,7.24,Шевченківський,"Оренда 2 ком. квартири в Центрі, 78м2, Майдан Незалежності, вул. Костьольна 9",78м2,25 000 грн.
olx,https://www.olx.ua/d/uk/obyavlenie/zdam-2-kmnatu-kvartiru-ID10v5lS.html?search_reason=search%7Corganic,10000,UAH,225.90,1,,,Дніпровський,Здам 2 кімнату квартиру,,10 000 грн.
olx,https://www.olx.ua/d/uk/obyavlenie/bez-orenda-eksklyuzivno-vip-2-kmn-kvartiri-vul-saksaganskogo-31-ID10gar8.html?search_reason=search%7Corganic,155025,UAH,3502.00,1,,,Печерський,Без % Оренда ексклюзивної vip 2-кімн квартири вул Саксаганського 31,,155 025.77 грн.
olx,https://www.olx.ua/d/uk/obyavlenie/orenda-3-kmn-kvartiri-v-zhk-novopechersk-lipki-dragomirova-9-pechersk-zvrinetska-95-m2-ID10wACm.html?search_reason=search%7Corganic,83935,UAH,1896.09,2,95,19.96,Печерський,"Оренда 3-кімн квартири в ЖК Новопечерські липки, Драгомирова 9,Печерськ, Звіринецька, (95 м2)",95 м2,83 935.38 грн.
olx,https://www.olx.ua/d/uk/obyavlenie/dovgostrokova-orenda-2h-kmn-kvartiri-v-tsentr-msta-vul-kudryavska-31-33-ID10A82R.html?search_reason=search%7Corganic,17000,UAH,384.03,1,,,Шевченківський,Довгострокова оренда 2х кімн.квартири в центрі міста : вул.Кудрявська 31/33,,17 000 грн.
olx,https://www.olx.ua/d/uk/obyavlenie/bez-3k-kvartira-94-m2-voskresenska-18b-zhk-parkov-ozera-ID10ylcw.html?search_reason=search%7Cpromoted,51656,UAH,1166.91,2,94,12.41,Дніпровський,"Без %, 3к квартира, 94 м2, Воскресенська, 18Б, ЖК Паркові Озера",94 м2,51 656.81 грн.
olx,https://www.olx.ua/d/uk/obyavlenie/dragomanova13-2komnatnaya-kvartira-15minut-peshkom-metro-poznyaki-ID10zuAT.html?search_reason=search%7Corganic,15900,UAH,359.18,1,,,Дарницький,Драгоманова№13-2комнатная квартира-15минут Пешком Метро-ПОЗНЯКИ=,,15 900 грн.
olx,https://www.olx.ua/d/uk/obyavlenie/zdam-v-orendu-2-h-kmnatnu-kvartiru-na-vinogradar-prosp-svobodi-46-4-10-ID10zE3n.html?search_reason=search%7Corganic,15000,UAH,338.85,1,,,Подільський,"Здам в оренду 2-х кімнатну квартиру на Виноградарі , просп. Свободи 46. 4/10",,15 000 грн.
olx,https://www.olx.ua/d/uk/obyavlenie/vd-hazyana-2h-kmnatna-m-dorogozhichi-mozhna-z-tvarinami-ID10ip7K.html?search_reason=search%7Corganic,16000,UAH,361.44,1,,,Шевченківський,Від хазяїна 2х кімнатна м.Дорогожичи  Можна з тваринами,,16 000 грн.
olx,https://www.olx.ua/d/uk/obyavlenie/zdam-1-k-tetris-hall-pecherskiy-olympyska-frantsuzskiy-ID10wrUY.html?search_reason=search%7Corganic,53151,UAH,1200.68,0,,,Печерський,Здам 1-к Tetris Hall Печерський Олымпійська Французський,,53 151.69 грн.
olx,https://www.olx.ua/d/uk/obyavlenie/orenda-2-kmnatna-kvartira-v-suchasnomu-zhk-svitlo-park-poruch-z-pecherskom-ta-metro-vidubich-ID10wv7S.html?search_reason=search%7Corganic,33219,UAH,750.41,1,,,Голосіївський,"Оренда  2-кімнатна квартира в сучасному ЖК Svitlo Park, поруч із Печерськом та метро Видубичі",,33 219.81 грн.
olx,https://www.olx.ua/d/uk/obyavlenie/orenda-1-km-kvartiri-zhk-a52-ID10iluv.html?search_reason=search%7Corganic,28000,UAH,632.52,0,,,Шевченківський,Оренда 1 кім квартири ЖК А52,,28 000 грн.Договірна
olx,https://www.olx.ua/d/uk/obyavlenie/1-kmnatna-kvartiraokrema-spalnya-v-fayna-taun-balkon-kabnet-nivki-svyatoshino-salyutna-scherbakvskogo-ID10AnZ8.html?search_reason=search%7Cpromoted,26575,UAH,600.33,0,,,Святошинський,1-кімнатна квартира(окрема спальня) в Файна Таун + балкон-кабінет. Нивки Святошино Салютна Щербаківського,,26 575.85 грн.
olx,https://www.olx.ua/d/uk/obyavlenie/orenda-1-kmnatno-kvartiri-m-kontraktova-ploscha-podol-bez-koms-IDYzXz3.html?search_reason=search%7Cpromoted,25000,UAH,564.75,0,,,Шевченківський,"Оренда 1 кімнатної квартири , м. Контрактова площа, Подол, БЕЗ КОМІСІЇ",,25 000 грн.
olx,https://www.olx.ua/d/uk/obyavlenie/zdatsya-1-k-kvartira-bez-greyt-slavutich-dnprovska-naberezhna-ID10gy8A.html?search_reason=search%7Cpromoted,33219,UAH,750.41,0,,,Дарницький,"Здається 1-к. квартира без %, Грейт, Славутич, Дніпровська набережна",,33 219.81 грн.
olx,https://www.olx.ua/d/uk/obyavlenie/vlna-do-zaselennya-1k-kvartira-ID10vSOd.html?search_reason=search%7Corganic,15502,UAH,350.19,0,,,Дарницький,Вільна до заселення 1к.квартира,,15 502.58 грн.
olx,https://www.olx.ua/d/uk/obyavlenie/orenda-2k-kvartiri-v-zhk-venetsya-na-vul-samyla-kshki-ID10AYjB.html?search_reason=search%7Corganic,16000,UAH,361.44,1,,,Голосіївський,"Оренда 2к квартири в ЖК ""Венеція"" на вул. Самійла Кішки",,16 000 грн.Договірна
olx,https://www.olx.ua/d/uk/obyavlenie/orenda-3k-dizaynersko-kvartiri-v-zhk-bulvar-fontanv-pechersk-tsentr-kiv-ID10unLe.html?search_reason=search%7Corganic,132879,UAH,3001.73,2,,,Печерський,Оренда 3к дизайнерської квартири в ЖК Бульвар Фонтанів Печерськ Центр Київ,,132 879.23 грн.
olx,https://www.olx.ua/d/uk/obyavlenie/orenda-1k-metro-pecherska-vul-vgena-konovaltsa-36-e-bez-koms-ID10yozs.html?search_reason=search%7Corganic,30000,UAH,677.70,0,,,Печерський,"Оренда 1к, метро Печерська, вул. Євгена Коновальца 36-Е, без комісії",,30 000 грн.
olx,https://www.olx.ua/d/uk/obyavlenie/zdam-1-kmnatnu-kvartiru-zhk-parkov-ozera-metro-darnitsya-ID10ykd9.html?search_reason=search%7Corganic,15000,UAH,338.85,0,,,Дніпровський,"здам  1 кімнатну квартиру. ЖК ""Паркові Озера"". Метро Дарниця.",,15 000 грн.
olx,https://www.olx.ua/d/uk/obyavlenie/odnokmnatna-kvartira-7-hv-hodu-do-m-nivki-IDWMB0K.html?search_reason=search%7Corganic,8000,UAH,180.72,0,,,Шевченківський,Однокімнатна квартира 7 хв ходу до м.Нивки,,8 000 грн.
olx,https://www.olx.ua/d/uk/obyavlenie/arenda-3-h-kmnatno-kvartiri-poznyaki-mishugi-12-ID10Alrs.html?search_reason=search%7Corganic,28000,UAH,632.52,2,,,Дарницький,"Аренда 3-х кімнатної квартири Позняки , Мишуги 12",,28 000 грн.
olx,https://www.olx.ua/d/uk/obyavlenie/zhk-pechersky-terasa-kvartira-4k-pecherskiy-orenda-penthaus-nvertor-IDXcl2l.html?search_reason=search%7Cpromoted,265315,UAH,5993.45,3,,,Печерський,ЖК PecherSky ТЕРАСА Квартира 4К Печерський Оренда Пентхаус Інвертор,,265 315.54 грн.Договірна
olx,https://www.olx.ua/d/uk/obyavlenie/orenda-1-kmnatno-kvartiri-m-poznyaki-ID10sk9t.html?search_reason=search%7Cpromoted,15000,UAH,338.85,0,,,Дарницький,"Оренда 1-кімнатної квартири, м. Позняки",,15 000 грн.
olx,https://www.olx.ua/d/uk/obyavlenie/bez-1k-rozdlna-zhk-frantsuzkiy-kvartal-2-vul-predslavinska-42-generator-na-lft-ID10jotO.html?search_reason=search%7Corganic,37649,UAH,850.49,0,,,Печерський,БЕЗ % 1к Роздільна| ЖК Французький квартал 2| вул. Предславинська 42| ГЕНЕРАТОР на ліфт є,,37 649.12 грн.
olx,https://www.olx.ua/d/uk/obyavlenie/orenda-2k-kvartiri-zhk-frantsuzkiy-kvartal-2-vul-predslavinska-44-ID10AgSa.html?search_reason=search%7Corganic,75298,UAH,1700.98,1,,,Печерський,"Оренда 2к квартири, ЖК Французький квартал 2, вул. Предславинська, 44",,75 298.23 грн.
olx,https://www.olx.ua/d/uk/obyavlenie/sdam-1-kmnatnu-kvartiru-vul-mikoli-zakrevskogo-101v-ID10mEA4.html?search_reason=search%7Corganic,11000,UAH,248.49,0,,,Деснянський,Сдам 1 кімнатну.квартиру вул.Миколи Закревського 101В,,11 000 грн.
olx,https://www.olx.ua/d/uk/obyavlenie/sdaetsya-3-komnatnaya-kvartira-v-pecherskom-r-n-goodwine-svet-gaz-ID1077tz.html?search_reason=search%7Corganic,31000,UAH,700.29,2,,,Печерський,"Сдаётся 3-комнатная квартира в Печерском р-н, Goodwine. СВЕТ, ГАЗ!",,31 000 грн.
olx,https://www.olx.ua/d/uk/obyavlenie/obolon-gerov-polku-azov-1a-odnokmnatna-kvartira-ID10mcJT.html?search_reason=search%7Corganic,11000,UAH,248.49,0,,,Оболонський,"Оболонь. Героїв полку Азов 1а, однокімнатна квартира.",,11 000 грн.
olx,https://www.olx.ua/d/uk/obyavlenie/zatishna-1-kmnatna-kvartira-po-vul-salyutna-2-bud-21-zhk-fayna-taun-ID10n2zJ.html?search_reason=search%7Corganic,31000,UAH,700.29,0,,,Шевченківський,"Затишна 1-кімнатна квартира по вул. Салютна, 2 (буд. 21) ЖК Файна Таун",,31 000 грн.
olx,https://www.olx.ua/d/uk/obyavlenie/orenda-3k-kvartiri-vul-staronavodnitska-6b-poruch-metro-pecherska-ID10AgNm.html?search_reason=search%7Corganic,57581,UAH,1300.75,2,,,Печерський,"Оренда 3к квартири, вул. Старонаводницька, 6Б, поруч метро Печерська",,57 581 грн.
olx,https://www.olx.ua/d/uk/obyavlenie/dovgostrokova-orenda-2k-kvartiri-na-vul-glibochitska-32b-ID10vRcC.html?search_reason=search%7Cpromoted,53151,UAH,1200.68,1,,,Шевченківський,Довгострокова оренда 2к квартири на вул. Глибочицька 32Б,,53 151.69 грн.
olx,https://www.olx.ua/d/uk/obyavlenie/orenda-3k-k-ri-113m2-zhk-oazis-vasyuka-10a-mnska-ID10hMeR.html?search_reason=search%7Cpromoted,35000,UAH,790.65,2,113,7.00,Оболонський,"Оренда 3к.к-ри 113м2 ЖК Оазис, Івасюка.10а.Мінська",113м2,35 000 грн.
olx,https://www.olx.ua/d/uk/obyavlenie/orenda-stilno-1kmn-kv-zhk-park-stoun-pr-t-v-vasyuka-2d-m-kiv-ID10xT98.html?search_reason=search%7Cpromoted,28000,UAH,632.52,0,,,Оболонський,"Оренда стильної 1кімн.кв. ЖК Парк Стоун ,пр-т В.Івасюка 2Д  м.Київ",,28 000 грн.
olx,https://www.olx.ua/d/uk/obyavlenie/orenda-2-k-kvartiri-blya-m-palats-ukrana-vul-velika-vasilkvska-124a-golosvskiy-rayon-ID10i8KN.html?search_reason=search%7Corganic,25000,UAH,564.75,1,,,Голосіївський,Оренда 2-к квартири біля м. Палац Україна / вул. Велика Васильківська 124А/ Голосіївський район,,25 000 грн.
olx,https://www.olx.ua/d/uk/obyavlenie/bez-koms-aktualno-orenda-1-kmnatno-kvartiri-abolmasova-7-ID10xaFB.html?search_reason=search%7Corganic,17500,UAH,395.32,0,,,Дніпровський,"Без комісії. АКТУАЛЬНО Оренда 1-кімнатної квартири Аболмасова, 7",,17 500 грн.
olx,https://www.olx.ua/d/uk/obyavlenie/bez-orenda3km-110m2-vul-g-vorobyova-b-13-e-22-25pov-generator-chokolovka-solom-IDV8PHO.html?search_reason=search%7Corganic,25000,UAH,564.75,2,110,5.13,Солом'янський,БЕЗ%ОРЕНДА3кім.110м2 вул.Г.Воробйова б.13-Е 22/25пов. ГЕНЕРАТОР ЧОКОЛОВКА Солом,110м2,25 000 грн.
olx,https://www.olx.ua/d/uk/obyavlenie/orenda-1kmn-kvartiri-na-pechersku-zhk-novopechersk-lipki-dragomirova-16-6poverh-z-lodzhyu-ID10wCxe.html?search_reason=search%7Corganic,39863,UAH,900.50,0,,,Печерський,"Оренда 1кімн квартири на Печерську, ЖК Новопечерські Липки, Драгомирова 16, 6поверх, з лоджією",,39 863.77 грн.
olx,https://www.olx.ua/d/uk/obyavlenie/orenda-2-k-kvartiri-46-kv-m-vul-vana-mkolaychuka-15-1-bereznyaki-ID10n1M8.html?search_reason=search%7Corganic,12500,UAH,282.37,1,46,6.14,Дніпровський,"Оренда 2 к квартири 46 кв.м,вул.Івана Міколайчука,15/1,Березняки",46 кв.м,12 500 грн.
olx,https://www.olx.ua/d/uk/obyavlenie/orenda-1-kmnatno-kvartiri-zhk-novopechersk-lipki-dragomirova-14-pechersk-zvrinetska-ID10wAg3.html?search_reason=search%7Corganic,35434,UAH,800.45,0,,,Печерський,"Оренда 1-кімнатної квартири ЖК Новопечерські Липки, Драгомирова 14,Печерськ, Звіринецька",,35 434.46 грн.
olx,https://www.olx.ua/d/uk/obyavlenie/orenda-2-k-kvartiri-na-vul-zhilyanska-ID10AYse.html?search_reason=search%7Corganic,14000,UAH,316.26,1,,,Шевченківський,Оренда 2-к квартири на вул. Жилянська,,14 000 грн.Договірна
olx,https://www.olx.ua/d/uk/obyavlenie/zdam-1-kmnatnu-kvartiru-na-chavdar-ID10z5Uz.html?search_reason=search%7Corganic,17000,UAH,384.03,0,,,Дарницький,Здам 1 кімнатну квартиру на Чавдар,,17 000 грн.Договірна
olx,https://www.olx.ua/d/uk/obyavlenie/orenda-3kmn-kvartiri-na-pechersku-zhk-novopechersk-lipki-verhoglyada-16-ID10wzRw.html?search_reason=search%7Corganic,88586,UAH,2001.15,2,,,Печерський,"Оренда 3кімн квартири на Печерську,ЖК Новопечерські Липки,Верхогляда 16",,88 586.16 грн.
olx,https://www.olx.ua/d/uk/obyavlenie/orenda-kvartira-194m2-4kmn-zhk-novopechersk-lipki-generator-ID10wx4Y.html?search_reason=search%7Corganic,212606,UAH,4802.75,3,194,24.76,Печерський,Оренда Квартира 194м2 4кімн ЖК Новопечерські Липки Генератор,194м2,212 606.77 грн.
olx,https://www.olx.ua/d/uk/obyavlenie/orenda-2-k-kvartiri-bez-koms-vul-peremishilska-10-vinogradar-ID10i9lG.html?search_reason=search%7Corganic,13000,UAH,293.67,1,,,Подільський,"Оренда 2-к квартири БЕЗ КОМІСІЇ, вул. Перемишильська 10, ""Виноградар""",,13 000 грн.
olx,https://www.olx.ua/d/uk/obyavlenie/orenda-3kmn-kvartiri-zhk-novopechersk-lipki-pechersk-ID10wC2A.html?search_reason=search%7Corganic,159455,UAH,3602.08,2,,,Печерський,"Оренда 3кімн квартири ЖК Новопечерські Липки,Печерськ",,159 455.08 грн.
olx,https://www.olx.ua/d/uk/obyavlenie/orenda-1k-kvartiri-zhk-tetris-hall-vul-fedorova-2a-olmpyska-ID10AgGH.html?search_reason=search%7Corganic,75298,UAH,1700.98,0,,,Печерський,"Оренда 1к квартири, ЖК Tetris Hall, вул. Федорова, 2а, Олімпійська",,75 298.23 грн.
olx,https://www.olx.ua/d/uk/obyavlenie/orenda-1-k-kvartiri-zhk-varshavskiy-3-44m2-bez-koms-sltlo-24-7-IDZ0DoU.html?search_reason=search%7Corganic,26000,UAH,587.34,0,44,13.35,Подільський,"Оренда 1-к квартири, ЖК Варшавський 3, 44м2, БЕЗ КОМІСІЇ, слітло 24/7",44м2,26 000 грн.
olx,https://www.olx.ua/d/uk/obyavlenie/orenda-kvartira-206m2-3kmn-zhk-andersen-vul-schovih-strltsv-ID10wxXW.html?search_reason=search%7Corganic,79727,UAH,1801.03,2,206,8.74,Шевченківський,Оренда Квартира 206м2 3кімн ЖК Андерсен вул Січових Стрільців,206м2,79 727.54 грн.
olx,https://www.olx.ua/d/uk/obyavlenie/bez-koms-orenda-2-km-kuhnya-studya-zhk-rvra-gaz-2-poverh-ID10gROQ.html?search_reason=search%7Corganic,35000,UAH,790.65,0,,,Дарницький,БЕЗ комісії. Оренда 2 км + кухня студія. ЖК Рів'єра. ГАЗ. 2 поверх,,35 000 грн.
olx,https://www.olx.ua/d/uk/obyavlenie/orenda-kvratira-48m2-1kmn-zhk-greenville-pechersk-ID10wFMd.html?search_reason=search%7Corganic,53151,UAH,1200.68,0,48,25.01,Печерський,Оренда Квратира 48м2 1кімн ЖК Greenville Печерськ,48м2,53 151.69 грн.
olx,https://www.olx.ua/d/uk/obyavlenie/orenda-4k-kvartiri-163m2-demvska-golosvskiy-ID10yiQA.html?search_reason=search%7Corganic,70868,UAH,1600.90,3,163,9.82,Голосіївський,Оренда 4к квартири 163м2 Деміївська Голосіївський,163м2,70 868.92 грн.
olx,https://www.olx.ua/d/uk/obyavlenie/tokareva-5-vuzvska-dovgostrokovo-2kmnati-ID10iDwg.html?search_reason=search%7Cpromoted,22000,UAH,496.98,1,,,Солом'янський,"Токарева 5  (Вузівська), довгостроково, 2кімнати",,22 000 грн.
olx,https://www.olx.ua/d/uk/obyavlenie/english-orenda-3h-kmnatno-kvartiri-91m2-klubniy-budinok-zhk-exon-zeleniy-zamok-vulitsya-olegvska-3-podl-shevchenkvskiy-rayon-tsentr-msta-kiv-ID10oLY8.html?search_reason=search%7Corganic,57581,UAH,1300.75,2,91,14.29,Шевченківський,ENGLISH Оренда 3х кімнатної квартири 91м2 Клубний будинок ЖК «Exon / Зелений Замок» вулиця Олегівська 3 / Поділ Шевченківський район центр міста Київ,91м2,57 581 грн.Договірна
olx,https://www.olx.ua/d/uk/obyavlenie/orenda-3k-kvartiri-103m2-zhk-novopechersk-lipki-pechersk-tsentr-zvrenetska-ID10yhVL.html?search_reason=search%7Corganic,110732,UAH,2501.43,2,103,24.29,Печерський,Оренда 3к квартири 103м2 жк Новопечерскі Липки печерськ Центр звіренецька,103м2,110 732.70 грн.
olx,https://www.olx.ua/d/uk/obyavlenie/orenda-2-k-kv-persha-zdacha-zhk-bulvar-fontanv-pechersk-ID10wxFM.html?search_reason=search%7Corganic,44293,UAH,1000.58,1,,,Печерський,"Оренда 2-к кв.‼️Перша здача ЖК Бульвар Фонтанів, Печерськ",,44 293.08 грн.Договірна
olx,https://www.olx.ua/d/uk/obyavlenie/orenda-4-kmnatno-kvartri-159m2-zhk-novopecherskiy-dvr-pechersk-tsentr-ID10yjde.html?search_reason=search%7Corganic,97444,UAH,2201.25,3,159,13.84,Печерський,Оренда 4-кімнатної квартри 159м2 Жк Новопечерський двір Печерськ Центр,159м2,97 444.77 грн.
olx,https://www.olx.ua/d/uk/obyavlenie/bez-zdam-3-k-zhk-demvka-goloseevskiy-demvska-16-park-avenue-ID10wuS1.html?search_reason=search%7Corganic,53151,UAH,1200.68,2,,,Голосіївський,Без% Здам 3-к ЖК Деміївка Голосеевский Деміївська 16 Park Avenue,,53 151.69 грн.
olx,https://www.olx.ua/d/uk/obyavlenie/sdam-2-h-komnatnuyu-kvartiru-novostroy-gradinskaya-ID10ml9Y.html?search_reason=search%7Corganic,18000,UAH,406.62,1,,,Деснянський,Сдам 2- х комнатную квартиру новострой Градинская,,18 000 грн.
olx,https://www.olx.ua/d/uk/obyavlenie/orenda-kvartira-4kmn-167m2-bulvar-golosvskiy-30b-m-demvska-ID10yhyC.html?search_reason=search%7Corganic,70868,UAH,1600.90,3,167,9.59,Голосіївський,Оренда Квартира 4кімн 167м2 бульвар Голосіївський 30Б м Деміівська,167м2,70 868.92 грн.
olx,https://www.olx.ua/d/uk/obyavlenie/orenda-prostoro-3-kk-na-obolon-komfort-ta-prestizhna-lokatsya-blya-dnpra-ID10yiJx.html?search_reason=search%7Corganic,37649,UAH,850.49,2,,,Оболонський,Оренда просторої 3 кк на Оболоні комфорт та престижна локація біля Дніпра,,37 649.12 грн.Договірна
olx,https://www.olx.ua/d/uk/obyavlenie/generator-orenda-1-km-kvartiri-45-m2-v-zhk-svtlo-park-IDYraaW.html?search_reason=search%7Cpromoted,21000,UAH,474.39,0,45,10.54,Голосіївський,Є ГЕНЕРАТОР оренда 1-кім квартири 45 м2 в ЖК Світло Парк,45 м2,21 000 грн.
olx,https://www.olx.ua/d/uk/obyavlenie/bez-orenda-1k-kvartiri-v-tsentr-yaroslavv-val-21-20-metro-zolot-vorota-ID108dPF.html?search_reason=search%7Corganic,44293,UAH,1000.58,0,,,Шевченківський,"Без % Оренда 1к квартири в Центрі, Ярославів Вал 21/20, метро Золоті Ворота",,44 293.08 грн.
olx,https://www.olx.ua/d/uk/obyavlenie/orenda-2-km-vidovo-kvartiri-sherwood-solomyanskiy-avtonomne-opalennya-generator-na-budinok-ID10ww89.html?search_reason=search%7Corganic,53151,UAH,1200.68,1,,,Солом'янський,Оренда 2-кім видової Квартири / Sherwood / Солом'янський / Автономне опалення / Є Генератор на будинок,,53 151.69 грн.
olx,https://www.olx.ua/d/uk/obyavlenie/troeschina-kotoraya-tebe-i-ne-snilas-2k-s-vidom-na-million-IDYrbNL.html?search_reason=search%7Corganic,12000,UAH,271.08,1,,,Деснянський,"Троещина, которая тебе и не снилась. 2к с видом на миллион!",,12 000 грн.Договірна
olx,https://www.olx.ua/d/uk/obyavlenie/arenda-prostornoy-3kom-bulvar-verhovnogo-soveta-14-b-metro-darnitsa-ID10Aqxo.html?search_reason=search%7Corganic,22000,UAH,496.98,2,,,Дніпровський,"Аренда просторной 3ком. Бульвар Верховного Совета, 14-Б (метро Дарница)",,22 000 грн.
olx,https://www.olx.ua/d/uk/obyavlenie/zdam-1k-zh-k-kahovskiy-m-lvoberezhna-15-hv-pshki-ID10fpwS.html?search_reason=search%7Corganic,15000,UAH,338.85,0,,,Дніпровський,Здам 1к.Ж/К Каховський м.Лівобережна-15 хв.пішки,,15 000 грн.
olx,https://www.olx.ua/d/uk/obyavlenie/orenda-3-kmnatno-kvartiri-92-m2-v-zhk-central-park-vul-vana-kudr-pechersk-ID10wsIw.html?search_reason=search%7Corganic,73083,UAH,1650.94,2,92,17.94,Печерський,"Оренда 3-кімнатної квартири 92 м2 в ЖК «Central Park», вул. Івана Кудрі/Печерськ",92 м2,73 083.58 грн.
olx,https://www.olx.ua/d/uk/obyavlenie/orenda-3k-kvartiri-zhk-delmar-vul-andrya-verhoglyada-4b-ID10Ah6g.html?search_reason=search%7Corganic,79727,UAH,1801.03,2,,,Печерський,"Оренда 3к квартири, ЖК Delmar, вул. Андрія Верхогляда, 4б",,79 727.54 грн.
olx,https://www.olx.ua/d/uk/obyavlenie/orenda-2-k-kvartiri-bez-koms-vul-peremishilska-10-vinogradar-ID10i9lG.html?search_reason=search%7Corganic,13000,UAH,293.67,1,,,Подільський,"Оренда 2-к квартири БЕЗ КОМІСІЇ, вул. Перемишильська 10, ""Виноградар""",,13 000 грн.
olx,https://www.olx.ua/d/uk/obyavlenie/orenda-1-kmnatno-50m2-zhk-seven-dnprovska-naberezhna-osokorki-slavutich-ID10txnj.html?search_reason=search%7Cpromoted,31005,UAH,700.40,0,50,14.01,Дарницький,Оренда 1-кімнатної 50м2 ЖК Seven/Дніпровська набережна/Осокорки/Славутич,50м2,31 005.15 грн.
olx,https://www.olx.ua/d/uk/obyavlenie/1-k-kvartira-varshavskiy-m-r-ID10msj1.html?search_reason=search%7Cpromoted,31005,UAH,700.40,0,,,Подільський,1-к квартира Варшавський м-р,,31 005.15 грн.
olx,https://www.olx.ua/d/uk/obyavlenie/orenda-3-kmnatno-kvartiri-120-m2-v-tsentr-kiva-hreschatik-pasazh-centre-of-kyiv-ID10wrf3.html?search_reason=search%7Cpromoted,132879,UAH,3001.73,2,120,25.01,Печерський,Оренда 3-кімнатної квартири 120 м2 в центрі Києва/Хрещатик/Пасаж/Centre of Kyiv,120 м2,132 879.23 грн.
olx,https://www.olx.ua/d/uk/obyavlenie/orenda-premalno-4-kmnatno-kvartiri-185-m2-v-tsentr-kiva-bessarabka-vul-kropivnitskogo-ID10wqRH.html?search_reason=search%7Corganic,168313,UAH,3802.18,3,185,20.55,Печерський,Оренда преміальної 4-кімнатної квартири 185 м2 в центрі Києва/Бессарабка/вул. Кропивницького,185 м2,168 313.70 грн.
olx,https://www.olx.ua/d/uk/obyavlenie/orenda-2-kmnatno-kvartiri-77m2-zhk-white-lines-golosvskiy-rayon-demvka-ID10wrox.html?search_reason=search%7Corganic,84156,UAH,1901.08,1,77,24.69,Голосіївський,Оренда 2-кімнатної квартири 77м2 ЖК White Lines /Голосіївський район/Деміївка,77м2,84 156.85 грн.
olx,https://www.olx.ua/d/uk/obyavlenie/sdam-bolshuyu-sovremennuyu-1-k-kvartiru-na-oboloni-metro-geroev-dnepra-ID10B3Pg.html?search_reason=search%7Corganic,15000,UAH,338.85,0,,,Оболонський,"сдам большую современную 1-к.квартиру на Оболони, метро Героев Днепра",,15 000 грн.
olx,https://www.olx.ua/d/uk/obyavlenie/bez-generator-orenda-3k-kvartiri-v-tsentr-130m2-les-ukranki-23a-pecherska-ID10fBzV.html?search_reason=search%7Corganic,42078,UAH,950.54,2,130,7.31,Печерський,"Без %, ГЕНЕРАТОР Оренда 3к квартири в Центрі, 130м2, Лесі Українки 23а Печерська",130м2,42 078.42 грн.
olx,https://www.olx.ua/d/uk/obyavlenie/orenda-2-kmnatno-kvartiri-v-tsentr-kiva-vul-prorzna-6-hreschatik-parkomstse-ID10zS5a.html?search_reason=search%7Corganic,35000,UAH,790.65,1,,,Шевченківський,"Оренда 2-кімнатної квартири в центрі Києва, вул. Прорізна, 6 (Хрещатик) є паркомісце",,35 000 грн.
olx,https://www.olx.ua/d/uk/obyavlenie/zdatsya-dvohkmnatna-kvartira-vd-gospodarya-kiv-IDXCXBe.html?search_reason=search%7Corganic,12000,UAH,271.08,1,,,Шевченківський,Здається двохкімнатна квартира від господаря (Київ),,12 000 грн.Договірна
olx,https://www.olx.ua/d/uk/obyavlenie/orenda-kvartira-65m2-1kmn-klubniy-budinok-turgenev-shevchenkvskiy-rayon-parkng-nvertor-generator-ID10wsLu.html?search_reason=search%7Corganic,84156,UAH,1901.08,0,65,29.25,Шевченківський,Оренда Квартира 65м2 1кімн Клубний будинок Turgenev Шевченківський район Паркінг Інвертор Генератор,65м2,84 156.85 грн.
olx,https://www.olx.ua/d/uk/obyavlenie/dovgotrivala-orenda-3k-tsentr-metro-olmpyska-vroremont-bez-IDYYHlt.html?search_reason=search%7Cpromoted,35434,UAH,800.45,2,,,Голосіївський,"Довготривала оренда 3к Центр, метро Олімпійська, Євроремонт БЕЗ%%%",,35 434.46 грн.
olx,https://www.olx.ua/d/uk/obyavlenie/zdam-3k-kvartiru-v-zhk-msto-kvtv-tiraspolska-60-ID10kd97.html?search_reason=search%7Cpromoted,30000,UAH,677.70,2,,,Шевченківський,"Здам 3к квартиру в ЖК Місто квітів, Тираспольска 60",,30 000 грн.
olx,https://www.olx.ua/d/uk/obyavlenie/zatishna-studya-zhk-patrotika-ID1064L1.html?search_reason=search%7Corganic,13999,UAH,316.24,0,,,Дарницький,Затишна студія  ЖК Патріотика,,13 999 грн.
olx,https://www.olx.ua/d/uk/obyavlenie/bez-orenda-2-k-kv-poryadzhk-britanskiy-golosvskiy-teremki-trts-respublka-ID1004EY.html?search_reason=search%7Corganic,20000,UAH,451.80,1,,,Голосіївський,Без % Оренда 2 к кв порядЖК Британський Голосіївський. Теремки ТРЦ Республіка,,20 000 грн.
olx,https://www.olx.ua/d/uk/obyavlenie/zdatsya-v-orendu-prostora-ta-svtla-3-kmnatna-kvartira-130m-v-zhk-novopechersk-lipki-ID10y8YQ.html?search_reason=search%7Corganic,75298,UAH,1700.98,2,,,Печерський,Здається в оренду простора та світла 3-кімнатна квартира 130м  в ЖК «Новопечерські Липки».,,75 298.23 грн.
olx,https://www.olx.ua/d/uk/obyavlenie/orenda-1-k-kv-persha-zdacha-zhk-frantsuzkiy-kvartal-2-pechersk-ID10wyKj.html?search_reason=search%7Corganic,53151,UAH,1200.68,0,,,Печерський,"Оренда 1-к кв.‼️Перша здача, ЖК Французький квартал 2, Печерськ",,53 151.69 грн.
olx,https://www.olx.ua/d/uk/obyavlenie/orenda-2-km-kvartiri-zhk-38-zhemchuzhina-zhk-38-perlina-vlasnik-IDZZ0J3.html?search_reason=search%7Corganic,30000,UAH,677.70,1,,,Печерський,"Оренда 2-кім. квартири ЖК «38 Жемчужина» / ЖК ""38 Перлина"". Власник",,30 000 грн.Договірна
olx,https://www.olx.ua/d/uk/obyavlenie/dvokmnatna-kvartira-metro-shulyavska-vul-akademka-yangelya-2a-ID10AHZQ.html?search_reason=search%7Corganic,15000,UAH,338.85,1,,,Шевченківський,"Двокімнатна квартира,метро Шулявська,вул. Академіка Янгеля 2А",,15 000 грн.
olx,https://www.olx.ua/d/uk/obyavlenie/3-kmnatna-kvartira-klasichniy-remont-nvertor-m-sirets-panoramniy-vid-bez-ID102nI0.html?search_reason=search%7Corganic,29000,UAH,655.11,2,,,Шевченківський,"3-кімнатна квартира, класичний ремонт, ІНВЕРТОР, м. Сирець панорамний вид без%",,29 000 грн.
olx,https://www.olx.ua/d/uk/obyavlenie/zdam-1-ku-vul-oresta-levitskogo-kurchatova-14-bez-koms-ID10wgt3.html?search_reason=search%7Cpromoted,9200,UAH,207.83,0,,,Деснянський,"Здам 1-ку, вул. Ореста Левицького (Курчатова) 14. Без комісії.",,9 200 грн.
olx,https://www.olx.ua/d/uk/obyavlenie/zhk-novopecherska-vezha-pecherskiy-rayon-metro-vidubich-zvrinetska-studya-nvertor-generator-plzemniy-parkng-ukrittya-novopecherski-lipki-verhoglyada-ID10zCPz.html?search_reason=search%7Corganic,26575,UAH,600.33,0,,,Печерський,ЖК Новопечерська Вежа Печерський район метро Видубичі Звіринецька студія інвертор генератор пілземний паркінг укриття Новопечерськи Липки Верхогляда,,26 575.85 грн.
olx,https://www.olx.ua/d/uk/obyavlenie/orenda-3k-kvartiri-zhk-taryan-towers-vul-oanna-pavla-ii-12-nvertor-ID10AhEB.html?search_reason=search%7Corganic,161669,UAH,3652.09,2,,,Печерський,"Оренда 3к квартири, ЖК Taryan Towers, вул. Іоанна Павла II, 12. Інвертор",,161 669.73 грн.
olx,https://www.olx.ua/d/uk/obyavlenie/orenda-odnokmnatno-kvartiri-g-kochura-6-ID10mgW8.html?search_reason=search%7Corganic,12500,UAH,282.37,0,,,Солом'янський,"Оренда однокімнатної квартири,Г.Кочура,6",,12 500 грн.
olx,https://www.olx.ua/d/uk/obyavlenie/orenda-3k-kvartiri-bez-koms-na-pechersku-IDYBi4F.html?search_reason=search%7Corganic,25500,UAH,576.04,2,,,Печерський,Оренда 3к квартири без комісії на Печерську,,25 500 грн.Договірна
olx,https://www.olx.ua/d/uk/obyavlenie/orenda-2k-kvartiri-svyatoshinskiy-akademka-korolova-2a-zupinka-dzyubi-IDZAqyS.html?search_reason=search%7Corganic,13500,UAH,304.96,1,,,Святошинський,Оренда 2к квартири Святошинський  Академіка Корольова 2А зупинка Дзюби,,13 500 грн.Договірна
olx,https://www.olx.ua/d/uk/obyavlenie/bez-zdam-3-km-kvartiru-vul-parkovo-siretska-4-v-ID10lal4.html?search_reason=search%7Corganic,35434,UAH,800.45,2,,,Шевченківський,без% здам 3 кім квартиру вул. Парково -Сирецька 4 в,,35 434.46 грн.
olx,https://www.olx.ua/d/uk/obyavlenie/glushkova-9v-generator-1-kmnatna-57m2-m-podrom-ID10dzjI.html?search_reason=search%7Corganic,19000,UAH,429.21,0,57,7.53,Голосіївський,"Глушкова 9в, генератор, 1 кімнатна 57м2, м. Іподром",57м2,19 000 грн.
olx,https://www.olx.ua/d/uk/obyavlenie/orenda-2-km-kvartiri-kuhnya-studya-zhk-nova-anglya-ID10vcY0.html?search_reason=search%7Cpromoted,32000,UAH,722.88,0,,,Голосіївський,Оренда 2 кім квартири + кухня студія ЖК Нова Англія,,32 000 грн.
olx,https://www.olx.ua/d/uk/obyavlenie/orenda-dvorvnevo-kvartiri-stud-z-parkomstsem-zaryadkoyu-dlya-elektromoblya-bortnich-bez-koms-12-000-grn-ms-ID10Ajtn.html?search_reason=search%7Cpromoted,12000,UAH,271.08,0,,,Дарницький,"Оренда дворівневої квартири-студії з паркомісцем і зарядкою для електромобіля, Бортничі, без комісії — 12 000 грн/міс",,12 000 грн.
olx,https://www.olx.ua/d/uk/obyavlenie/orenda-1-k-kvartiri-v-zhk-medoviy-na-vul-kadetskiy-gay-ID10kkSp.html?search_reason=search%7Corganic,16000,UAH,361.44,0,,,Солом'янський,"Оренда 1-к квартири в ЖК ""Медовий"" на вул. Кадетський Гай",,16 000 грн.Договірна
olx,https://www.olx.ua/d/uk/obyavlenie/nova-3-k-kvartira-v-zhk-noviy-avtograf-vul-romana-mstislavicha-knyazya-zhmachenko-bud-22-vid-na-park-bez-koms-ID10k1dd.html?search_reason=search%7Corganic,38000,UAH,858.42,2,,,Дніпровський,"Нова 3-к квартира в ЖК Новий Автограф, вул. Романа Мстиславича Князя (Жмаченко) буд. 22. Вид на парк! Без комісії.",,38 000 грн.
olx,https://www.olx.ua/d/uk/obyavlenie/vlasnik-orenda-4-k-kvartiri-vul-tverska-2-z-garazhem-na-2-mashini-IDZIHs5.html?search_reason=search%7Corganic,53151,UAH,1200.68,3,,,Печерський,"Власник! Оренда 4 к квартири вул. Тверська, 2 з гаражем на 2 машини.",,53 151.69 грн.
olx,https://www.olx.ua/d/uk/obyavlenie/zdam-3-km-kartiru-vul-ahmatovo-35-metro-poznyaki-IDW1HM5.html?search_reason=search%7Corganic,20000,UAH,451.80,2,,,Дарницький,Здам 3 кім картиру вул Ахматової 35 метро Позняки.,,20 000 грн.
olx,https://www.olx.ua/d/uk/obyavlenie/orenda-2k-kvartiri-blya-metro-obolon-mnska-poruch-obolonska-naberezhna-vasyuka-27a-ID10AuyA.html?search_reason=search%7Corganic,18000,UAH,406.62,1,,,Оболонський,"Оренда 2к квартири біля метро Оболонь, Мінська, поруч Оболонська Набережна, Івасюка 27а",,18 000 грн.
olx,https://www.olx.ua/d/uk/obyavlenie/3-kmnatna-1-poverh-1-hv-metro-nivki-vul-bezruchko-marka-ID10gUGo.html?search_reason=search%7Corganic,35434,UAH,800.45,2,,,Шевченківський,"3 кімнатна 1 поверх 1 хв метро Нивки вул. Безручко Марка ,",,35 434.46 грн.
olx,https://www.olx.ua/d/uk/obyavlenie/zdam-chudovu-odnokmnatnu-v-novomu-budinku-blya-metro-lvoberezhna-IDZBhnA.html?search_reason=search%7Corganic,17000,UAH,384.03,0,,,Дніпровський,Здам чудову однокімнатну в новому будинку біля  метро Лівобережна,,17 000 грн.
olx,https://www.olx.ua/d/uk/obyavlenie/orenda-1-kmnatno-kvartiri-po-vul-miloslavska-vd-vlasnika-ID10mqm5.html?search_reason=search%7Corganic,10000,UAH,225.90,0,,,Деснянський,Оренда 1-кімнатної квартири по вул.Милославська від власника,,10 000 грн.Договірна
olx,https://www.olx.ua/d/uk/obyavlenie/orenda-3-km-kvartiri-82-m2-v-zhk-komfort-taun-vul-berezneva-12-IDZCuGv.html?search_reason=search%7Cpromoted,34000,UAH,768.06,2,82,9.37,Дніпровський,"Оренда 3-кім квартири 82 м2 в ЖК Комфорт Таун, вул. Березнева, 12",82 м2,34 000 грн.
olx,https://www.olx.ua/d/uk/obyavlenie/dovgostrokova-orenda-2-kmnatno-kvartiri-vul-revanska-1-IDYXTmR.html?search_reason=search%7Cpromoted,14500,UAH,327.55,1,,,Солом'янський,"Довгострокова оренда 2 кімнатної квартири, вул. Єреванська 1.",,14 500 грн.
olx,https://www.olx.ua/d/uk/obyavlenie/arenda-3-k-kvartiri-beresteyskiy-crystal-park-tower-invertor-generator-ID10fThK.html?search_reason=search%7Corganic,124020,UAH,2801.60,2,,,Шевченківський,Аренда 3-к квартири | Берестейский |  Crystal Park Tower | ИНВЕРТОР| Генератор,,124 020.62 грн.Договірна
olx,https://www.olx.ua/d/uk/obyavlenie/zdam-1k-kvartiru-vul-zodchih-26b-borschagvka-IDYwGXQ.html?search_reason=search%7Corganic,10000,UAH,225.90,0,,,Святошинський,"Здам 1к квартиру вул.Зодчих-26Б, Борщагівка",,10 000 грн.
olx,https://www.olx.ua/d/uk/obyavlenie/orenda-4-kmnatnogo-penthausu-v-zhk-bulvar-fontanv-saperne-pole-3-ID10iDd0.html?search_reason=search%7Corganic,287905,UAH,6503.75,3,,,Печерський,Оренда 4-кімнатного пентхаусу в ЖК Бульвар Фонтанів - Саперне Поле 3,,287 905.01 грн.
olx,https://www.olx.ua/d/uk/obyavlenie/sdam-3k-kvartiru-vladelets-IDEdbbH.html?search_reason=search%7Corganic,22146,UAH,500.28,2,,,Дарницький,"Сдам 3к квартиру, владелец.",,22 146.54 грн.
olx,https://www.olx.ua/d/uk/obyavlenie/bez-koms-zdam-1-kmnatnu-kvartiru-po-vul-radchenko-IDYFr2A.html?search_reason=search%7Corganic,12000,UAH,271.08,0,,,Солом'янський,БЕЗ КОМІСІЇ !!! Здам 1-кімнатну квартиру по вул. Радченко,,12 000 грн.
olx,https://www.olx.ua/d/uk/obyavlenie/orenda-2-k-kv-80kv-mkiv-vul-oleksandri-ekster-9-vlasnik-IDY3xDF.html?search_reason=search%7Corganic,17000,UAH,384.03,1,80,4.80,Деснянський,"Оренда 2-к кв. (80кв.м)Київ,вул.Олександри Екстер, 9 (ВЛАСНИК)",80кв.м,17 000 грн.
olx,https://www.olx.ua/d/uk/obyavlenie/orenda-1-k-kv-gradinska-20-troschina-trts-rayon-IDZR0B5.html?search_reason=search%7Corganic,11000,UAH,248.49,0,,,Деснянський,"Оренда 1 к. кв., Градинска 20, Троєщина, ТРЦ РАЙОН",,11 000 грн.
olx,https://www.olx.ua/d/uk/obyavlenie/zdam-3-km-kartiru-vul-ahmatovo-35-metro-poznyaki-IDW1HM5.html?search_reason=search%7Cpromoted,20000,UAH,451.80,2,,,Дарницький,Здам 3 кім картиру вул Ахматової 35 метро Позняки.,,20 000 грн.
olx,https://www.olx.ua/d/uk/obyavlenie/orenda-2k-kvartiri-v-zhk-trinity-pechersk-64-m-dizaynerskiy-remont-ID10jSxy.html?search_reason=search%7Cpromoted,88586,UAH,2001.15,1,64,31.27,Печерський,Оренда 2к квартири в ЖК Trinity Печерськ 64 м² - дизайнерський ремонт,64 м²,88 586.16 грн.
olx,https://www.olx.ua/d/uk/obyavlenie/zdam-odnokmnatnu-navproti-retrovlya-vropeyskogo-soyuzu-88-b-IDZAEzJ.html?search_reason=search%7Corganic,11000,UAH,248.49,0,,,Подільський,"Здам однокімнатну навпроти Ретровіля, Європейського Союзу, 88-Б",,11 000 грн.
olx,https://www.olx.ua/d/uk/obyavlenie/orenda-1-k-kvartiri-poznyaki-pr-t-p-grigorenka-3b-IDXZWBJ.html?search_reason=search%7Corganic,12000,UAH,271.08,0,,,Дарницький,"Оренда 1-к квартири, Позняки, пр-т П.Григоренка 3Б",,12 000 грн.
olx,https://www.olx.ua/d/uk/obyavlenie/orenda-1-kmnatno-kvartiri-v-zhk-varshavskiy-vropeyskogo-soyuzu-45a-odnokmnatna-ID10degO.html?search_reason=search%7Corganic,18000,UAH,406.62,0,,,Подільський,Оренда 1-кімнатної квартири в ЖК Варшавський  Європейського Союзу 45а однокімнатна,,18 000 грн.
olx,https://www.olx.ua/d/uk/obyavlenie/sdam-3-kmnatnu-kvartiru-po-vul-revutskogo-19-1-IDYE1W3.html?search_reason=search%7Corganic,18000,UAH,406.62,2,,,Дарницький,Сдам 3-кімнатну квартиру по вул. Ревуцького 19/1,,18 000 грн.Договірна
olx,https://www.olx.ua/d/uk/obyavlenie/3-h-kmnatna-kvartira-arenda-m-poznyaki-dovgostrokovo-ID10h3Q8.html?search_reason=search%7Corganic,43900,UAH,991.70,2,,,Дарницький,3-х кімнатна квартира аренда. М.Позняки (довгостроково),,43 900 грн.Договірна
olx,https://www.olx.ua/d/uk/obyavlenie/sdam-1-kom-kv-ul-alma-atinskaya-109-a-dvrz-dneprovskiy-rayon-IDZiWwj.html?search_reason=search%7Corganic,9000,UAH,203.31,0,,,Дніпровський,"Сдам 1 ком кв ул Алма- Атинская 109-а, ДВРЗ, Днепровский район",,9 000 грн.
olx,https://www.olx.ua/d/uk/obyavlenie/orenda-4-kmnatno-kvartiri-bez-koms-ID10dSWV.html?search_reason=search%7Corganic,48722,UAH,1100.63,3,,,Солом'янський,Оренда 4 кімнатної квартири . Без Комісії,,48 722.39 грн.
olx,https://www.olx.ua/d/uk/obyavlenie/orenda-odnokmnatno-kvartiri-desnyanskiy-bratislavska-ID10cxfy.html?search_reason=search%7Corganic,12000,UAH,271.08,0,,,Деснянський,Оренда однокімнатної квартири Деснянський Братиславська.,,12 000 грн.Договірна
olx,https://www.olx.ua/d/uk/obyavlenie/orenda-odnokmnatno-kvartiri-blya-metro-mnska-ID10wu5e.html?search_reason=search%7Cpromoted,13500,UAH,304.96,0,,,Оболонський,Оренда однокімнатної квартири біля метро Мінська,,13 500 грн.
olx,https://www.olx.ua/d/uk/obyavlenie/bez-koms-zdam-1-kmnatnu-kvartiru-po-vul-radchenko-IDYFr2A.html?search_reason=search%7Cpromoted,12000,UAH,271.08,0,,,Солом'янський,БЕЗ КОМІСІЇ !!! Здам 1-кімнатну квартиру по вул. Радченко,,12 000 грн.
olx,https://www.olx.ua/d/uk/obyavlenie/1-kmnatna-kvartira-zhk-varshavskiy-orenda-ID10B6gQ.html?search_reason=search%7Corganic,18500,UAH,417.91,0,,,Подільський,"1 кімнатна квартира ЖК Варшавський, Оренда",,18 500 грн.
olx,https://www.olx.ua/d/uk/obyavlenie/kvartira-studi-dvuh-etazhnaya-vozle-m-beresteyskaya-ID10mLE9.html?search_reason=search%7Corganic,16000,UAH,361.44,0,,,Шевченківський,Квартира студи двух этажная возле м Берестейская,,16 000 грн.
olx,https://www.olx.ua/d/uk/obyavlenie/zdatsya-1-kmnatna-kvartira-blya-metro-vlasnik-IDYKTW7.html?search_reason=search%7Corganic,13000,UAH,293.67,0,,,Подільський,Здається 1-кімнатна квартира біля метро. Власник,,13 000 грн.
olx,https://www.olx.ua/d/uk/obyavlenie/bez-teplo-svtlo-svo-orenda-1k-kvartiri-vozdvizhenka-46m2-goncharna-3-IDZG31C.html?search_reason=search%7Corganic,53151,UAH,1200.68,0,46,26.10,Подільський,Без % ТЕПЛО СВІТЛО СВОЇ оренда 1к квартири Воздвиженка 46м2 Гончарна 3,46м2,53 151.69 грн.
olx,https://www.olx.ua/d/uk/obyavlenie/poznyaki-vul-urlvska-36-orenda-3h-kmnatno-kvartiri-ID102Tag.html?search_reason=search%7Corganic,21000,UAH,474.39,2,,,Дарницький,"Позняки , вул .Урлівська 36 , оренда 3х кімнатної квартири .",,21 000 грн.
olx,https://www.olx.ua/d/uk/obyavlenie/orenda-1-kmnatno-kvartiri-v-zhk-krster-grad-IDZRDz3.html?search_reason=search%7Corganic,13000,UAH,293.67,0,,,Подільський,Оренда 1-кімнатної квартири в ЖК «Крістер Град»,,13 000 грн.
olx,https://www.olx.ua/d/uk/obyavlenie/orenda-1k-kvartiri-54m2-dragomanova-4a-ID107SRD.html?search_reason=search%7Corganic,22000,UAH,496.98,0,54,9.20,Дарницький,"Оренда 1к квартири, 54м2, Драгоманова 4а",54м2,22 000 грн.
olx,https://www.olx.ua/d/uk/obyavlenie/zdam-3-h-kmnatnu-kvartiru-ID105v1e.html?search_reason=search%7Corganic,13000,UAH,293.67,2,,,Деснянський,Здам 3-х кімнатну квартиру,,13 000 грн.
olx,https://www.olx.ua/d/uk/obyavlenie/orenda-svtlo-2k-kuhnya-vtalnya-zhk-nova-anglya-metro-vasilkvska-IDVpeRO.html?search_reason=search%7Cpromoted,43000,UAH,971.37,1,,,Голосіївський,Оренда світлої 2к+ кухня+вітальня! ЖК Нова Англія! метро Васильківська,,43 000 грн.Договірна
olx,https://www.olx.ua/d/uk/obyavlenie/orenda-1k-kvartiri-zhk-dinastya-vul-lipkvskogo-37b-vd-vlasnika-ID10sfyz.html?search_reason=search%7Cpromoted,22000,UAH,496.98,0,,,Солом'янський,Оренда 1к квартири ЖК Династія вул. Липківського 37б від Власника,,22 000 грн.
olx,https://www.olx.ua/d/uk/obyavlenie/1-k-kvartira-varshavskiy-m-r-ID10msj1.html?search_reason=search%7Corganic,31005,UAH,700.40,0,,,Подільський,1-к квартира Варшавський м-р,,31 005.15 грн.
olx,https://www.olx.ua/d/uk/obyavlenie/orenda-2-h-kmnatnu-golosvskiy-rayon-ID108rvI.html?search_reason=search%7Corganic,20000,UAH,451.80,1,,,Голосіївський,Оренда 2-х кімнатну Голосіївський район,,20 000 грн.
olx,https://www.olx.ua/d/uk/obyavlenie/zdatsya-odnokmnatna-zhk-oranzhst-14000grn-IDZiDSW.html?search_reason=search%7Corganic,14000,UAH,316.26,0,,,Голосіївський,Здається однокімнатна ЖК ОранжСіті 14000грн.,,14 000 грн.
olx,https://www.olx.ua/d/uk/obyavlenie/orenda-2k-kvartira-61m2-novopechersk-lipki-pechersk-verhoglyada-dragomirova-15b-generator-ID10guiU.html?search_reason=search%7Corganic,88586,UAH,2001.15,1,61,32.81,Печерський,Оренда 2к квартира 61м2 Новопечерські Липки Печерськ Верхогляда Драгомирова 15б Генератор,61м2,88 586.16 грн.
olx,https://www.olx.ua/d/uk/obyavlenie/vid-na-dnpro-vidova-3-kmnatna-2-okrem-spaln-v-zhk-river-stone-rver-stoun-river-stoun-ID10ztjC.html?search_reason=search%7Corganic,97444,UAH,2201.25,2,,,Дарницький,ВИД на Дніпро !  Видова 3-кімнатна (2 окремі спальні)  в ЖК RIVER STONE  Рівер Стоун Ривер Стоун,,97 444.77 грн.Договірна
olx,https://www.olx.ua/d/uk/obyavlenie/orenda-1-k-kvartiri-zhk-manhattan-city-32-poverh-52-m-ID10gC27.html?search_reason=search%7Corganic,38000,UAH,858.42,0,52,16.51,Шевченківський,"Оренда 1-к квартири, ЖК Manhattan City, 32 поверх, 52 м²",52 м²,38 000 грн.
olx,https://www.olx.ua/d/uk/obyavlenie/sdam-v-dolgosrochnuyu-arendu-3-kom-kv-v-sovmin-dome-ryadom-s-metro-darn-IDYSkPV.html?search_reason=search%7Corganic,20000,UAH,451.80,2,,,Дніпровський,Сдам в долгосрочную аренду 3 ком кв. в совмин доме рядом с метро Дарн.,,20 000 грн.
olx,https://www.olx.ua/d/uk/obyavlenie/zdam-1-kmnatnu-kvartiru-m-zhitomirska-zhk-vktorya-vlasnik-bez-koms-ID10uoBN.html?search_reason=search%7Cpromoted,23000,UAH,519.57,0,,,Святошинський,"Здам 1-кімнатну квартиру м.Житомирська, ЖК Вікторія, власник, без комісії",,23 000 грн.
olx,https://www.olx.ua/d/uk/obyavlenie/orenda-3h-km-kvartiri-rusanvka-ID10zDO5.html?search_reason=search%7Corganic,18000,UAH,406.62,2,,,Дніпровський,Оренда 3х кім квартири Русанівка,,18 000 грн.
olx,https://www.olx.ua/d/uk/obyavlenie/1-kmnatna-kvartira-v-zhk-metropolya-ID10AX3C.html?search_reason=search%7Corganic,14500,UAH,327.55,0,,,Дарницький,1-кімнатна квартира в ЖК Метрополія,,14 500 грн.
olx,https://www.olx.ua/d/uk/obyavlenie/orenda-2k-kvartiri-zhk-manhattan-city-per-beresteyskiy-11-k1-ID10kXe8.html?search_reason=search%7Corganic,57581,UAH,1300.75,1,,,Шевченківський,"Оренда 2к квартири, ЖК Manhattan city, пер. Берестейський, 11 к1",,57 581 грн.
olx,https://www.olx.ua/d/uk/obyavlenie/m-darnitsa-m-chernigovskaya-ul-boychenka-8-sdam-uyutnuyu-2k-kvartiru-IDWVOmc.html?search_reason=search%7Corganic,14500,UAH,327.55,1,,,Дніпровський,"м.Дарница, м.Черниговская, ул.Бойченка 8 - сдам уютную 2к квартиру",,14 500 грн.
olx,https://www.olx.ua/d/uk/obyavlenie/orenda-1-k-kvartiri-v-bikvnya-metro-lsova-ID10jjHZ.html?search_reason=search%7Corganic,8000,UAH,180.72,0,,,Дніпровський,Оренда 1 к квартири в Биківня метро Лісова,,8 000 грн.
olx,https://www.olx.ua/d/uk/obyavlenie/bez-tyutyunnika-vasilya-16-pecherskiy-proponuyu-v-orendu-prostortru-trikmnatnu-kvartiru-120-kv-m-ID10wyD1.html?search_reason=search%7Corganic,48722,UAH,1100.63,2,120,9.17,Печерський,"Без % Тютюнника Василя, 16. Печерський Пропоную в оренду простортру трикімнатну квартиру, 120 кв.м",120 кв.м,48 722.39 грн.
olx,https://www.olx.ua/d/uk/obyavlenie/arenda-1k-gaz-m-harkovskaya-ul-harkvske-shose-176-b-IDQoMGr.html?search_reason=search%7Corganic,10000,UAH,225.90,0,,,Дарницький,Аренда 1к газ м Харьковская ул Харьківске шосе 176 Б,,10 000 грн.
olx,https://www.olx.ua/d/uk/obyavlenie/hazyan-bez-koms-arenda-1komnatnoy-kvartiri-zhk-lsova-kazka-IDYJSRB.html?search_reason=search%7Cpromoted,16500,UAH,372.73,0,,,Деснянський,Хазяїн без комісії Аренда 1комнатной квартири жк лісова казка,,16 500 грн.
olx,https://www.olx.ua/d/uk/obyavlenie/orenda-odnokmnatno-darnitsya-vul-budvelnikv-ID10wRcR.html?search_reason=search%7Cpromoted,13500,UAH,304.96,0,,,Дніпровський,Оренда однокімнатної . Дарниця.Вул. Будівельників.,,13 500 грн.
olx,https://www.olx.ua/d/uk/obyavlenie/arenda-1-k-kvartiry-v-istoricheskom-tsentre-kieva-lvovskaya-pl-hozyain-IDNuWAJ.html?search_reason=search%7Corganic,15000,UAH,338.85,0,,,Шевченківський,Аренда 1-к квартиры в историческом центре Киева.Львовская пл. хозяин,,15 000 грн.
olx,https://www.olx.ua/d/uk/obyavlenie/orenda-1-k-kvartiri-na-vul-vishgorodska-ID10AEZv.html?search_reason=search%7Corganic,13000,UAH,293.67,0,,,Оболонський,Оренда 1-к квартири на вул. Вишгородська,,13 000 грн.
olx,https://www.olx.ua/d/uk/obyavlenie/zdatsya-1-kmnatna-kvartira-v-zhk-komfort-taun-ID10ACS3.html?search_reason=search%7Corganic,13500,UAH,304.96,0,,,Дніпровський,Здається 1-кімнатна квартира в ЖК Комфорт таун,,13 500 грн.
olx,https://www.olx.ua/d/uk/obyavlenie/bez-koms-zhk-nova-anglya-vulitsya-mihayla-maksimovicha-trutenka-26-v-budinok-brayton-kuhnya-studiya-komnata-IDVlvfn.html?search_reason=search%7Corganic,31005,UAH,700.40,0,,,Голосіївський,Без комісії ЖК Нова Англія вулиця Михайла Максимовича (Трутенка) 26-В (Будинок «Брайтон») кухня студия + комната,,31 005.15 грн.
olx,https://www.olx.ua/d/uk/obyavlenie/orenda-2k-kvartiri-na-pechersku-IDYTaaX.html?search_reason=search%7Corganic,20000,UAH,451.80,1,,,Печерський,Оренда 2к квартири на Печерську,,20 000 грн.
olx,https://www.olx.ua/d/uk/obyavlenie/generator-orenda-1-km-kvartiri-46-m2-v-zhk-svtlo-park-svitlo-park-ID10ojVx.html?search_reason=search%7Corganic,20000,UAH,451.80,0,46,9.82,Голосіївський,Є ГЕНЕРАТОР оренда 1-кім квартири 46 м2 в ЖК Світло Парк Svitlo Park,46 м2,20 000 грн.
olx,https://www.olx.ua/d/uk/obyavlenie/orenda-3-km-kvartiri-82-m2-v-zhk-komfort-taun-vul-berezneva-12-IDZCuGv.html?search_reason=search%7Corganic,34000,UAH,768.06,2,82,9.37,Дніпровський,"Оренда 3-кім квартири 82 м2 в ЖК Комфорт Таун, вул. Березнева, 12",82 м2,34 000 грн.
olx,https://www.olx.ua/d/uk/obyavlenie/bez-orenda-3h-kmnatno-kvartiri-dmitrvska-75-poltavska-10-ID10AZ0z.html?search_reason=search%7Corganic,39863,UAH,900.50,2,,,Шевченківський,Без% Оренда 3х-кімнатної квартири Дмитрівська 75/Полтавська 10,,39 863.77 грн.
olx,https://www.olx.ua/d/uk/obyavlenie/orenda-4-kmnatno-kvartiri-IDYtrrQ.html?search_reason=search%7Corganic,25000,UAH,564.75,3,,,Святошинський,Оренда 4 кімнатної квартири,,25 000 грн.
olx,https://www.olx.ua/d/uk/obyavlenie/orenda-dizaynersko-3k-kvartiri-88m2-zhk-venetsya-samyla-kshki-10-1-ID109NFX.html?search_reason=search%7Corganic,90399,UAH,2042.11,2,88,23.21,Голосіївський,"Оренда Дизайнерської 3к квартири 88м2 ЖК Венеція, Самійла Кішки 10/1",88м2,90 399.41 грн.Договірна
olx,https://www.olx.ua/d/uk/obyavlenie/orenda-2k-kvartiri-na-gnata-yuri-18a-bez-ID10B2Gy.html?search_reason=search%7Corganic,15000,UAH,338.85,1,,,Святошинський,Оренда 2к квартири на Гната Юри 18А. Без %.,,15 000 грн.
olx,https://www.olx.ua/d/uk/obyavlenie/orenda-vidovo-2-kmnatno-kvartiri-zhk-grand-obolon-24-poverh-ID104xSN.html?search_reason=search%7Corganic,31005,UAH,700.40,1,,,Оболонський,Оренда видової 2-кімнатної квартири  ЖК Гранд  Оболонь  24 поверх,,31 005.15 грн.
olx,https://www.olx.ua/d/uk/obyavlenie/zdam-dvohkmnatnu-kvartiru-v-orendu-blya-metro-cherngvska-15000-grn-IDZ6Anu.html?search_reason=search%7Corganic,13000,UAH,293.67,1,,,Деснянський,Здам двохкімнатну квартиру в оренду біля метро Чернігівська 15000 грн,,13 000 грн.
olx,https://www.olx.ua/d/uk/obyavlenie/orenda-stilna-1k-vrodvushka-blya-metro-poznyaki-vul-krushelnitsko-15-b-IDZe2ZS.html?search_reason=search%7Corganic,20000,UAH,451.80,0,,,Дарницький,"Оренда, Стильна 1к євродвушка біля метро  Позняки  вул. Крушельницької 15-Б",,20 000 грн.Договірна
olx,https://www.olx.ua/d/uk/obyavlenie/orenda-1-k-kv-persha-zdacha-zhk-frantsuzkiy-kvartral-2-pechersk-ID10wye5.html?search_reason=search%7Corganic,44293,UAH,1000.58,0,,,Печерський,"Оренда 1-к кв.‼️Перша здача, ЖК Французький квартрал 2, Печерськ",,44 293.08 грн.
olx,https://www.olx.ua/d/uk/obyavlenie/zdam-1-kmn-kvartiru-obolonskiy-r-n-vul-polyarna-3-ID10AWez.html?search_reason=search%7Corganic,6700,UAH,151.35,0,,,Оболонський,"Здам 1 кімн. квартиру. Оболонський р-н, вул. Полярна 3",,6 700 грн.
olx,https://www.olx.ua/d/uk/obyavlenie/orenda-3k-kvartiri-zhk-tetris-hall-vul-fedorova-pechersk-ID10AkEK.html?search_reason=search%7Corganic,168313,UAH,3802.18,2,,,Печерський,"Оренда 3к квартири, ЖК Tetris Hall, вул. Федорова, Печерськ",,168 313.70 грн.
olx,https://www.olx.ua/d/uk/obyavlenie/orenda-1-km-kvartiri-z-balkonom-v-zhk-komfort-taun-regeneratorna-IDZ65ql.html?search_reason=search%7Corganic,18000,UAH,406.62,0,,,Дніпровський,"Оренда 1-кім квартири з балконом в ЖК Комфорт Таун, Регенераторна",,18 000 грн.
olx,https://www.olx.ua/d/uk/obyavlenie/generator-orenda-1-km-kvartiri-45-m2-v-zhk-svtlo-park-IDYraaW.html?search_reason=search%7Corganic,21000,UAH,474.39,0,45,10.54,Голосіївський,Є ГЕНЕРАТОР оренда 1-кім квартири 45 м2 в ЖК Світло Парк,45 м2,21 000 грн.
olx,https://www.olx.ua/d/uk/obyavlenie/zdatsya-1-kmnatna-kvartira-novopechersk-lipki-vul-kahi-bendukdze-2-IDXkkiF.html?search_reason=search%7Corganic,32000,UAH,722.88,0,,,Печерський,"Здається 1-кімнатна квартира, Новопечерські Липки, вул Кахи Бендукідзе 2",,32 000 грн.
olx,https://www.olx.ua/d/uk/obyavlenie/zdam-v-orendu-odnokmnatnu-kvartiru-ID10ztXl.html?search_reason=search%7Corganic,15000,UAH,338.85,0,,,Святошинський,Здам в оренду однокімнатну квартиру,,15 000 грн.
olx,https://www.olx.ua/d/uk/obyavlenie/orenda-2-komn-kv-ri-kiv-golosvskiy-r-n-vul-saksaganskogo-26-IDXP9qQ.html?search_reason=search%7Corganic,27000,UAH,609.93,1,,,Печерський,"Оренда 2 комн.Кв-ри Київ, Голосіївський р-н, вул. Саксаганського, 26",,27 000 грн.Договірна
olx,https://www.olx.ua/d/uk/obyavlenie/sdam-2-h-komnatnuyu-kvartiru-vozle-raduzhnogo-ozera-hozyain-ID10zFW2.html?search_reason=search%7Cpromoted,9000,UAH,203.31,1,,,Дніпровський,"Сдам 2-х комнатную квартиру возле Радужного озера, хозяин",,9 000 грн.
olx,https://www.olx.ua/d/uk/obyavlenie/orenda-novo-dizaynersko-4-k-zhk-novopechersk-lipki-3-spaln-125m2-dv-garderobn-noviy-budnok-verhoglyada-ID10llPy.html?search_reason=search%7Corganic,177172,UAH,4002.30,3,125,32.02,Печерський,Оренда Нової дизайнерської 4-к ЖК Новопечерські Липки 3 спальні 125м2  Дві гардеробні Новий будінок Верхогляда,125м2,177 172.31 грн.Договірна
olx,https://www.olx.ua/d/uk/obyavlenie/arenda-2-h-komnatnoy-kvartiry-troeschina-desnyanskiy-r-n-ul-gradinskaya-5-IDY7zxq.html?search_reason=search%7Corganic,12500,UAH,282.37,1,,,Деснянський,Аренда 2-х комнатной квартиры Троещина Деснянский р-н ул. Градинская 5,,12 500 грн.
olx,https://www.olx.ua/d/uk/obyavlenie/orenda-1-k-kvartiri-na-vul-vahtanga-kkabdze-IDZMMbT.html?search_reason=search%7Corganic,10000,UAH,225.90,0,,,Святошинський,Оренда 1-к квартири на вул. Вахтанга Кікабідзе,,10 000 грн.
olx,https://www.olx.ua/d/uk/obyavlenie/orenda-1-k-kvartiri-45m2-v-zhk-frantsuzkiy-kvartal-vul-tyutyunnika-51-IDZEWYl.html?search_reason=search%7Corganic,34000,UAH,768.06,0,45,17.07,Печерський,"Оренда 1-к квартири, 45м2, в ЖК Французький квартал, вул. Тютюнника 51",45м2,34 000 грн.
olx,https://www.olx.ua/d/uk/obyavlenie/3k-dnprovska-naberezhna-26a-novus-vidova-metro-osokorki-3hv-IDY4Xl6.html?search_reason=search%7Corganic,37649,UAH,850.49,2,,,Дарницький,"3к, Дніпровська набережна 26а, Новус, видова, метро Осокорки 3хв",,37 649.12 грн.
olx,https://www.olx.ua/d/uk/obyavlenie/orenda-1-k-kvartiri-na-prosp-akademka-glushkova-ID10AF9d.html?search_reason=search%7Corganic,14000,UAH,316.26,0,,,Голосіївський,Оренда 1-к квартири на просп. Академіка Глушкова,,14 000 грн.
olx,https://www.olx.ua/d/uk/obyavlenie/zdam-1-km-kv-poryad-zhk-britanskiy-golosvskiy-teremki-respublka-IDXZanY.html?search_reason=search%7Corganic,16000,UAH,361.44,0,,,Голосіївський,"Здам 1 кім кв.Поряд ЖК Британський,Голосіївський,Теремки,Республіка,",,16 000 грн.
olx,https://www.olx.ua/d/uk/obyavlenie/orenda-2-kmnatno-kvartiri-v-zhk-jack-house-les-ukranki-bul-7v-ID103NGR.html?search_reason=search%7Corganic,70868,UAH,1600.90,1,,,Печерський,"Оренда 2-кімнатної квартири в ЖК ""Jack House"" (Лесі Українки бул., 7в)",,70 868.92 грн.
olx,https://www.olx.ua/d/uk/obyavlenie/orenda-3-kmnatno-kvartiri-vul-leyptsizka-3-ID10pXXn.html?search_reason=search%7Cpromoted,27000,UAH,609.93,2,,,Печерський,"Оренда 3-кімнатної квартири • вул. Лейпцизька, 3",,27 000 грн.
olx,https://www.olx.ua/d/uk/obyavlenie/persha-orenda-4k-apartamenti-zhk-31-poznyaki-IDZ7XqC.html?search_reason=search%7Cpromoted,119591,UAH,2701.55,3,,,Дарницький,Перша Оренда 4К апартаменти ЖК 31 Позняки,,119 591.31 грн.
olx,https://www.olx.ua/d/uk/obyavlenie/zdam-1-kmnatnu-na-bulvar-les-ukranki-7b-9-27-noviy-eltniy-budinok-ID10l09c.html?search_reason=search%7Corganic,18000,UAH,406.62,0,,,Печерський,"Здам 1 кімнатну на бульварі Лесі Українки 7Б, 9/27, новий елітний будинок.",,18 000 грн.
olx,https://www.olx.ua/d/uk/obyavlenie/pr-beresteyskiy-91-metro-2-kmnati-ID10jXtz.html?search_reason=search%7Corganic,16000,UAH,361.44,1,,,Святошинський,"Пр. Берестейський 91 , метро, 2 кімнати",,16 000 грн.
olx,https://www.olx.ua/d/uk/obyavlenie/rayduzhniy-orenda-odnokmnatno-kvartiri-na-vul-rayduzhna-45-IDZxXMR.html?search_reason=search%7Corganic,10500,UAH,237.19,0,,,Дніпровський,"Райдужний. Оренда однокімнатної квартири на вул. Райдужна, 45.",,10 500 грн.
olx,https://www.olx.ua/d/uk/obyavlenie/orenda-2-kmn-gerov-polku-azov-27-b-obolon-ID10AV1z.html?search_reason=search%7Corganic,18000,UAH,406.62,1,,,Оболонський,Оренда 2 кімн  Героїв полку « Азов « 27 б Оболонь,,18 000 грн.
olx,https://www.olx.ua/d/uk/obyavlenie/arenda-2-h-kmnatno-kvartiri-kiv-vul-donetska-57a-IDYLA4p.html?search_reason=search%7Corganic,12000,UAH,271.08,1,,,Солом'янський,Аренда 2-х кімнатної квартири Київ вул. Донецька 57а,,12 000 грн.Договірна
olx,https://www.olx.ua/d/uk/obyavlenie/zdam-3-k-kvartiru-zhk-demvka-golosvskiy-park-avenyu-metro-goloseevskaya-i-demeevskaya-ID10wrym.html?search_reason=search%7Cpromoted,39863,UAH,900.50,2,,,Голосіївський,"Здам 3-к квартиру ЖК Деміївка Голосіївський Парк Авеню, метро Голосеевская и Демеевская",,39 863.77 грн.
olx,https://www.olx.ua/d/uk/obyavlenie/2-k-sumzhna-st-spartak-z-1-06-IDXtA0D.html?search_reason=search%7Corganic,17200,UAH,388.55,1,,,Подільський,"2-к суміжна, ст. Спартак з 1.06",,17 200 грн.
olx,https://www.olx.ua/d/uk/obyavlenie/orenda-2k-kvartira-novopolova-zhk-family-friends-solomyanskiy-kardach-IDZO9Xd.html?search_reason=search%7Corganic,20000,UAH,451.80,1,,,Солом'янський,Оренда 2к квартира Новопольова ЖК Family & Friends Соломʼянський Кардачі,,20 000 грн.
olx,https://www.olx.ua/d/uk/obyavlenie/patrarha-mstislava-skripnika-40-zdam-2k-kvartiru-zhd-vokzal-ultramarin-ID10zth9.html?search_reason=search%7Corganic,33000,UAH,745.47,1,,,Солом'янський,"Патріарха Мстислава Скрипника 40 Здам 2к квартиру ЖД ""Вокзал"" Ультрамарин",,33 000 грн.
olx,https://www.olx.ua/d/uk/obyavlenie/tsentr-orenda-3h-kmnatna-bloruska3-metro-IDPpxsf.html?search_reason=search%7Corganic,26000,UAH,587.34,2,,,Шевченківський,"‼️Центр!‼️Оренда,3х кімнатна,Білоруська3,метро",,26 000 грн.Договірна
olx,https://www.olx.ua/d/uk/obyavlenie/orenda-kvartiri-kuhnya-studya-spalnya-danchenka-28b-zhk-novomostitsko-zamkovetskiy-podlskiy-rayon-IDNbUsH.html?search_reason=search%7Corganic,16000,UAH,361.44,0,,,Подільський,Оренда квартири кухня-студія і спальня Данченка 28б ЖК Новомостицько-Замковецький Подільський район,,16 000 грн.
olx,https://www.olx.ua/d/uk/obyavlenie/persha-orenda-2k-50m2-white-lines-golosvskiy-goloseevskiy-ID10b7tr.html?search_reason=search%7Corganic,39863,UAH,900.50,1,50,18.01,Голосіївський,Перша оренда 2к 50м2 White Lines Голосіївський Голосеевский,50м2,39 863.77 грн.
olx,https://www.olx.ua/d/uk/obyavlenie/arenda-2-komn-m-olimpiyskaya-ul-bolshaya-vasilkovskaya-80-invertor-na-6-kvt-IDYL8mi.html?search_reason=search%7Corganic,81897,UAH,1850.05,1,,,Печерський,Аренда 2-комн. м. Олимпийская ул. Большая Васильковская 80 (инвертор на 6 кВт),,81 897.90 грн.
olx,https://www.olx.ua/d/uk/obyavlenie/orenda-1k-kvartira-60m2-darvna-1-avtorskiy-remont-lipki-ID104F0e.html?search_reason=search%7Corganic,103313,UAH,2333.83,0,60,38.90,Печерський,Оренда 1к квартира 60м2 Дарвіна 1 авторський ремонт Липки,60м2,103 313.62 грн.
olx,https://www.olx.ua/d/uk/obyavlenie/zdam3-kmnatnu-kvartiru-na-danchenka-1-ID10AFJf.html?search_reason=search%7Cpromoted,30000,UAH,677.70,2,,,Печерський,Здам3 кімнатну квартиру на Данченка 1,,30 000 грн.
olx,https://www.olx.ua/d/uk/obyavlenie/zdatsya-odnokmnatna-kvartira-vul-dontsya-2-b-ID10B6F0.html?search_reason=search%7Cpromoted,18000,UAH,406.62,0,,,Солом'янський,Здається однокімнатна  квартира. Вул.Донця 2-Б,,18 000 грн.
olx,https://www.olx.ua/d/uk/obyavlenie/orenda-2k-kvartiri-zhk-zeleniy-ostrv-skorskogo1-IDZRHiv.html?search_reason=search%7Corganic,34500,UAH,779.35,1,,,Шевченківський,Оренда 2к Квартири ЖК Зелений Острів (Сікорського1),,34 500 грн.
olx,https://www.olx.ua/d/uk/obyavlenie/zdatsya-1-kmnatna-kvartira-v-zhk-time-ID10Alxq.html?search_reason=search%7Corganic,17000,UAH,384.03,0,,,Солом'янський,Здається 1-кімнатна квартира в ЖК Time,,17 000 грн.
olx,https://www.olx.ua/d/uk/obyavlenie/orenda-2-kmnatno-kvartiri-na-vul-dzhona-makkeyna-37-ID10AXxb.html?search_reason=search%7Corganic,22000,UAH,496.98,1,,,Печерський,"Оренда 2-кімнатної квартири на вул.Джона Маккейна,37",,22 000 грн.
olx,https://www.olx.ua/d/uk/obyavlenie/orenda-3-h-kmnatno-kvartiri-na-poznyakah-IDYRaon.html?search_reason=search%7Corganic,22000,UAH,496.98,2,,,Дарницький,Оренда 3-х кімнатної квартири на Позняках,,22 000 грн.
olx,https://www.olx.ua/d/uk/obyavlenie/dovgostrokova-orenda-odnokmnatno-kvartiri-v-golosvo-ID10B5ip.html?search_reason=search%7Corganic,8500,UAH,192.01,0,,,Голосіївський,Довгострокова оренда однокімнатної квартири в Голосіїво,,8 500 грн.
olx,https://www.olx.ua/d/uk/obyavlenie/sdam-2-k-kvartiru-pochatok-troschini-ID10ATCN.html?search_reason=search%7Corganic,8000,UAH,180.72,1,,,Деснянський,Сдам 2 к квартиру Початок Троєщини,,8 000 грн.
olx,https://www.olx.ua/d/uk/obyavlenie/zatishna-3-kmn-blya-lsu-pr-t-lsoviy-43-persha-zdacha-ID10vipH.html?search_reason=search%7Cpromoted,11000,UAH,248.49,2,,,Деснянський,"Затишна 3-кімн. БІЛЯ ЛІСУ, пр-т Лісовий,43 Перша здача",,11 000 грн.
olx,https://www.olx.ua/d/uk/obyavlenie/orenda-2-k-kvartiri-na-vul-ronalda-reygana-IDZNyNW.html?search_reason=search%7Corganic,15000,UAH,338.85,1,,,Деснянський,Оренда 2-к квартири на вул. Рональда Рейгана,,15 000 грн.Договірна
olx,https://www.olx.ua/d/uk/obyavlenie/zdatsya-2-kmnatna-kvartira-ID10Ax7N.html?search_reason=search%7Corganic,16000,UAH,361.44,1,,,Голосіївський,Здається 2-кімнатна квартира,,16 000 грн.
olx,https://www.olx.ua/d/uk/obyavlenie/zdatsya-v-dovgostrokovu-arendu-dvokmnatna-kvartira-zhk-perfect-town-vd-vlasnika-IDZQ8mD.html?search_reason=search%7Corganic,48722,UAH,1100.63,1,,,Голосіївський,Здається в довгострокову аренду двокімнатна квартира.  ЖК Perfect Town. !!!!Від власника !!!!,,48 722.39 грн.
olx,https://www.olx.ua/d/uk/obyavlenie/orenda-1-kmnatna-vrodvushka-vd-vlasnika-odeskiy-bulvar-m-teremki-ID10B0lO.html?search_reason=search%7Corganic,16000,UAH,361.44,0,,,Голосіївський,"Оренда 1 кімнатна ""Євродвушка"" Від власника Одеський Бульвар м.Теремки",,16 000 грн.
olx,https://www.olx.ua/d/uk/obyavlenie/orenda-vidovo-3-kmn-kvartiri-zhk-kozatskiy-nau-shulyavka-vul-garmatna-budinok-blya-parku-orlyatko-IDY78Js.html?search_reason=search%7Corganic,35434,UAH,800.45,2,,,Шевченківський,"Оренда видової 3-кімн. квартири ЖК «Козацький»  НАУ, Шулявка, вул. Гарматна, будинок біля парку «Орлятко»",,35 434.46 грн.
olx,https://www.olx.ua/d/uk/obyavlenie/arenda-kvartiry-2-k-kvartiry-dzhona-makkeyna-frantsuzskiy-kvartal-2-ID10aghk.html?search_reason=search%7Corganic,53151,UAH,1200.68,1,,,Печерський,Аренда квартиры 2-к квартиры | Джона Маккейна | Французский квартал 2,,53 151.69 грн.Договірна
olx,https://www.olx.ua/d/uk/obyavlenie/orenda-dovgostrokova-3-kmnatno-vlasno-kvartiri-ID10nedt.html?search_reason=search%7Corganic,18000,UAH,406.62,2,,,Дарницький,Оренда довгострокова 3 кімнатної власної квартири,,18 000 грн.
olx,https://www.olx.ua/d/uk/obyavlenie/2k-kvartira-zhk-sosnoviy-br-olevska-5-ID10kvrr.html?search_reason=search%7Corganic,15000,UAH,338.85,1,,,Святошинський,"2к квартира ЖК Сосновий бір,Олевська,5",,15 000 грн.
olx,https://www.olx.ua/d/uk/obyavlenie/tsentr-pechersk-2k-85m-po-konovaltsa-e-32g-ID10zsv7.html?search_reason=search%7Cpromoted,35390,UAH,799.46,1,,,Печерський,Центр Печерск 2к 85м по Коновальца Е. 32Г,,35 390.17 грн.
olx,https://www.olx.ua/d/uk/obyavlenie/orenda-1-kmnatno-kvartiri-vul-tulchinska-3-ID10zOeU.html?search_reason=search%7Cpromoted,16000,UAH,361.44,0,,,Шевченківський,Оренда 1-кімнатної квартири вул. Тульчинська 3,,16 000 грн.
olx,https://www.olx.ua/d/uk/obyavlenie/orenda-2-k-kvartiri-bez-koms-vul-peremishilska-10-vinogradar-ID10i9lG.html?search_reason=search%7Cpromoted,13000,UAH,293.67,1,,,Подільський,"Оренда 2-к квартири БЕЗ КОМІСІЇ, вул. Перемишильська 10, ""Виноградар""",,13 000 грн.
olx,https://www.olx.ua/d/uk/obyavlenie/zdatsya-studya-v-zhk-elyseum-ID10Al10.html?search_reason=search%7Corganic,12500,UAH,282.37,0,,,Шевченківський,Здається студія в ЖК Elyseum,,12 500 грн.
olx,https://www.olx.ua/d/uk/obyavlenie/zdatsya-zatishna-ta-svtla-3-h-kmnatna-kvartira-IDViyHw.html?search_reason=search%7Corganic,27000,UAH,609.93,2,,,Печерський,Здається затишна та світла 3-х кімнатна квартира,,27 000 грн.
olx,https://www.olx.ua/d/uk/obyavlenie/dontsya-2b-generator-1-kmnatna-blya-parku-ID10B4F0.html?search_reason=search%7Corganic,16000,UAH,361.44,0,,,Солом'янський,"Донця 2б, є генератор, 1 кімнатна біля парку",,16 000 грн.
olx,https://www.olx.ua/d/uk/obyavlenie/orenda-2-k-kvartiri-u-m-kiv-vul-mihayla-maksimovicha-zhk-4-sezoni-IDZJN4m.html?search_reason=search%7Corganic,30000,UAH,677.70,1,,,Голосіївський,"оренда  2 к квартири у м. Київ, вул. Михайла Максимовича ЖК 4 сезони",,30 000 грн.
olx,https://www.olx.ua/d/uk/obyavlenie/bez-koms-orenda-1k-metro-cherngvska-darnitsya-dnprovskiy-vul-almatinska-54-ID10nJL7.html?search_reason=search%7Cpromoted,10000,UAH,225.90,0,,,Дніпровський,"Без комісії Оренда 1к, метро Чернігівська, Дарниця, Дніпровський, вул. Алматинська 54",,10 000 грн.
olx,https://www.olx.ua/d/uk/obyavlenie/suchasna-4k-m-pecherska-pshki-vul-knyazv-ostrozkih-41-8-pecherskiy-r-n-IDVleYs.html?search_reason=search%7Cpromoted,20000,UAH,451.80,3,,,Печерський,Сучасна 4к м.Печерська пішки вул.Князів Острозьких 41/8 Печерський р-н,,20 000 грн.
olx,https://www.olx.ua/d/uk/obyavlenie/orenda-2-h-kmnatna-kvartira-zhk-deya-vd-vlasnika-IDXvxWT.html?search_reason=search%7Corganic,14000,UAH,316.26,1,,,Дарницький,Оренда 2-х кімнатна квартира ЖК Ідея від власника,,14 000 грн.
olx,https://www.olx.ua/d/uk/obyavlenie/orenda-kvartiri-stud-v-zhk-komfort-taun-prosp-sobornost-17-IDYPGOX.html?search_reason=search%7Corganic,14500,UAH,327.55,0,,,Дніпровський,"Оренда квартири-студії в ЖК «Комфорт Таун», просп. Соборності, 17.",,14 500 грн.
olx,https://www.olx.ua/d/uk/obyavlenie/orenda-3k-podl-andrvska-tserkva-horiva-4-vidova-vlasnik-IDXxpVO.html?search_reason=search%7Corganic,84156,UAH,1901.08,2,,,Подільський,"Оренда 3К  Поділ Андріївська церква, Хорива 4, Видова, Власник",,84 156.85 грн.
olx,https://www.olx.ua/d/uk/obyavlenie/zdatsya-2-kmnatna-kvartira-na-vul-danila-scherbakvskogo-49g-ID10AFaH.html?search_reason=search%7Corganic,15000,UAH,338.85,1,,,Шевченківський,"Здається 2-кімнатна квартира на вул.Данила Щербаківського,49Г",,15 000 грн.
olx,https://www.olx.ua/d/uk/obyavlenie/mansardna-2-km-kvatira-89-m2-v-zhk-komfort-taun-sobornost-17-IDPtNG9.html?search_reason=search%7Corganic,37000,UAH,835.83,1,89,9.39,Дніпровський,"Мансардна 2-кім кватира 89 м2 в ЖК Комфорт Таун, Соборності 17",89 м2,37 000 грн.
olx,https://www.olx.ua/d/uk/obyavlenie/orenda-2-kmn-vlasnik-pecherskiy-zagrebelnogo-m-zvrinetska-IDX2LXz.html?search_reason=search%7Corganic,22000,UAH,496.98,1,,,Печерський,"Оренда 2- кімн. власник, Печерський , Загребельного, м. Звіринецька",,22 000 грн.Договірна
olx,https://www.olx.ua/d/uk/obyavlenie/kvartira-studya-z-vroremontom-blya-metro-klovska-ta-aresenalna-ID10AZlW.html?search_reason=search%7Cpromoted,19000,UAH,429.21,0,,,Печерський,Квартира студія з євроремонтом біля метро Кловська та Аресенальна!,,19 000 грн.Договірна
olx,https://www.olx.ua/d/uk/obyavlenie/generator-arenda-2k-kvartiry-85m-zhk-golden-park-ul-parkovo-syretskaya-4v-IDZOayk.html?search_reason=search%7Corganic,31005,UAH,700.40,1,,,Шевченківський,ГЕНЕРАТОР Аренда 2к квартиры 85м ЖК Golden Park ул Парково Сырецкая 4в,,31 005.15 грн.
olx,https://www.olx.ua/d/uk/obyavlenie/orenda-odnokmnatna-kvartira-ID10AWHx.html?search_reason=search%7Corganic,15000,UAH,338.85,0,,,Дарницький,Оренда однокімнатна квартира,,15 000 грн.
olx,https://www.olx.ua/d/uk/obyavlenie/m-pecherska-bulvar-les-ukranki-studya-spalnya-boyler-zavzhdi-svtlo-ID10koGd.html?search_reason=search%7Corganic,22000,UAH,496.98,0,,,Печерський,"М. Печерська, бульвар Лесі Українки Студія.Спальня.Бойлер.Завжди є світло",,22 000 грн.
olx,https://www.olx.ua/d/uk/obyavlenie/orenda-1-km-kv-50kv-m-pd-ofs-metro-zolot-vorota-unversitet-IDXTSMz.html?search_reason=search%7Corganic,30000,UAH,677.70,0,50,13.55,Шевченківський,"Оренда 1-кім кв. 50кв.м. під офіс   метро  Золоті Ворота, Університет",50кв.м,30 000 грн.
olx,https://www.olx.ua/d/uk/obyavlenie/orenda-4-kmnatno-kvartiri-kiv-vul-zdanovsko-zhk-lkograd-vlasnik-IDV53aJ.html?search_reason=search%7Corganic,30000,UAH,677.70,3,,,Голосіївський,"Оренда 4-кімнатної квартири Київ, вул. Здановської ЖК Лікоград власник",,30 000 грн.
olx,https://www.olx.ua/d/uk/obyavlenie/orenda-1k-kvartiri-v-zhk-il-patio-na-vul-rayduzhna-ID10AYnF.html?search_reason=search%7Corganic,16000,UAH,361.44,0,,,Дніпровський,"Оренда 1к квартири в ЖК ""IL Patio"" на вул. Райдужна",,16 000 грн.Договірна
olx,https://www.olx.ua/d/uk/obyavlenie/orenda-3k-kvartiri-zhk-richmond-parkomstse-bez-koms-IDYDxJ3.html?search_reason=search%7Corganic,66439,UAH,1500.85,2,,,Печерський,Оренда 3к квартири ЖК Richmond + паркомісце! Без комісії!!,,66 439.62 грн.Договірна
olx,https://www.olx.ua/d/uk/obyavlenie/sdam-2-kmnatnu-kvartiru-IDVlS52.html?search_reason=search%7Corganic,44293,UAH,1000.58,1,,,Подільський,Сдам 2- кімнатну квартиру,,44 293.08 грн.
olx,https://www.olx.ua/d/uk/obyavlenie/1-k-kvartira-zhk-gogolvska-47-z-terassoyu-shevchenkvskiy-tsentr-ID10z1N5.html?search_reason=search%7Cpromoted,26000,UAH,587.34,0,,,Шевченківський,1 к Квартира ЖК Гоголівська 47 з терассою Шевченківський центр,,26 000 грн.
olx,https://www.olx.ua/d/uk/obyavlenie/zhk-miloslavich-zakrevskogo-97-a-orenda-1-k-bez-meblv-vlasnik-generator-ID10coU6.html?search_reason=search%7Cpromoted,8500,UAH,192.01,0,,,Деснянський,"ЖК Милославичі, Закревського 97-А, оренда 1-к. Без меблів. Власник. Генератор",,8 500 грн.
olx,https://www.olx.ua/d/uk/obyavlenie/orenda-kvartiri-kuhnya-studya-ta-okremo-kmnata-zakritiy-dvr-parkovkoyu-vul-raketna-24b-golosvskiy-rn-IDY2RqY.html?search_reason=search%7Corganic,15500,UAH,350.14,0,,,Голосіївський,"Оренда квартири, кухня студія та окремо кімната,  закритий двір і парковкою вул.Ракетна 24б, Голосіївський рн",,15 500 грн.
olx,https://www.olx.ua/d/uk/obyavlenie/orenda-svtlo-2k-kuhnya-vtalnya-zhk-nova-anglya-metro-vasilkvska-IDVpeRO.html?search_reason=search%7Corganic,43000,UAH,971.37,1,,,Голосіївський,Оренда світлої 2к+ кухня+вітальня! ЖК Нова Англія! метро Васильківська,,43 000 грн.Договірна
olx,https://www.olx.ua/d/uk/obyavlenie/orenda-1k-kvartira-v-zhk-bulvar-fontanv-5-poverh-nvertor-IDY6sWS.html?search_reason=search%7Corganic,48722,UAH,1100.63,0,,,Печерський,Оренда 1к квартира в ЖК Бульвар Фонтанів 5 поверх є Інвертор,,48 722.39 грн.
olx,https://www.olx.ua/d/uk/obyavlenie/vlasnik-orenda-2k-zhk-manhetten-shevchenkivskiy-vlasnik-zhd-vokzal-IDYJNy7.html?search_reason=search%7Corganic,37649,UAH,850.49,1,,,Шевченківський,Власник Оренда 2к жк Манхеттен Шевченкiвский Власник жд вокзал,,37 649.12 грн.
olx,https://www.olx.ua/d/uk/obyavlenie/orenda-vd-vlasnika-2-k-kvartiri-borisa-gmir-16-ID10AII3.html?search_reason=search%7Corganic,18000,UAH,406.62,1,,,Дарницький,"Оренда від власника 2-к  квартири, Бориса Гмирі 16",,18 000 грн.
olx,https://www.olx.ua/d/uk/obyavlenie/dovgostrokova-orenda-odnokmnatno-kvartiri-zhk-yaskraviy-vd-gospodarya-ID10AONB.html?search_reason=search%7Corganic,15000,UAH,338.85,0,,,Оболонський,"Довгострокова оренда однокімнатної квартири ЖК""Яскравий"" від господаря",,15 000 грн.
olx,https://www.olx.ua/d/uk/obyavlenie/zdatsya-zatishna-1-kmnatna-kvartira-na-obolon-IDZM4FA.html?search_reason=search%7Corganic,14500,UAH,327.55,0,,,Оболонський,Здається затишна 1 кімнатна квартира на Оболоні,,14 500 грн.
olx,https://www.olx.ua/d/uk/obyavlenie/orenda-1k-yu-zdanovsko-36-metro-7-hv-generator-ID10AZS9.html?search_reason=search%7Corganic,16990,UAH,383.80,0,,,Голосіївський,Оренда 1К. Ю. Здановскої 36 . Метро 7 хв. Генератор.,,16 990 грн.
olx,https://www.olx.ua/d/uk/obyavlenie/orenda-1-k-kvartiri-na-prosp-volodimira-vasyuka-ID10AF4J.html?search_reason=search%7Corganic,11000,UAH,248.49,0,,,Оболонський,Оренда 1-к квартири на просп. Володимира Івасюка,,11 000 грн.
olx,https://www.olx.ua/d/uk/obyavlenie/zdam-svoyu-odnokmnatnu-kvartiru-na-urlovska-17-ID10628R.html?search_reason=search%7Corganic,15000,UAH,338.85,0,,,Дарницький,Здам свою  однокімнатну квартиру на Урловска 17,,15 000 грн.
olx,https://www.olx.ua/d/uk/obyavlenie/arenda-3-h-komn-prosp-lyubomira-guzara-46-b-kosmonavta-komarova-IDYOEde.html?search_reason=search%7Cpromoted,30000,UAH,677.70,2,,,Солом'янський,Аренда 3-х комн просп. Любомира Гузара 46-б (Космонавта Комарова),,30 000 грн.Договірна
olx,https://www.olx.ua/d/uk/obyavlenie/odnokmnatna-kvartira-nivki-park-beresteyskiy-pr-kt-67-ID1032Q8.html?search_reason=search%7Cpromoted,25000,UAH,564.75,0,,,Святошинський,"Однокімнатна квартира (Нивки Парк, Берестейський пр-кт 67)",,25 000 грн.
olx,https://www.olx.ua/d/uk/obyavlenie/krascha-zhk-novopechersk-lipki-60m2-2-kmnatna-dragomirova-16-ID10y9bK.html?search_reason=search%7Corganic,62010,UAH,1400.80,1,60,23.35,Печерський,Краща ЖК Новопечерскі Липки 60м2 2 кімнатна Драгомирова 16,60м2,62 010.31 грн.Договірна
olx,https://www.olx.ua/d/uk/obyavlenie/sdam-2-komn-kvartiru-vozle-metro-dvorets-ukraina-ID10AVcT.html?search_reason=search%7Corganic,18000,UAH,406.62,1,,,Печерський,Сдам 2 комн квартиру возле метро Дворец  Украина,,18 000 грн.
olx,https://www.olx.ua/d/uk/obyavlenie/nova-dizaynerska-3k-v-elt-zhk-royal-tower-saksaganskogo-37k-bez-IDYvpBh.html?search_reason=search%7Corganic,101874,UAH,2301.33,2,,,Печерський,"Нова дизайнерська 3к в еліт ЖК «Royal Tower», Саксаганського 37К,БЕЗ %",,101 874.08 грн.
olx,https://www.olx.ua/d/uk/obyavlenie/bez-koms-orenda-4km-kvartiri-174-m-garazh-u-podarunok-tsentr-shevchenkvskiy-rayon-m-lukyanvska-pdzemniy-parkng-IDZP6qb.html?search_reason=search%7Corganic,88586,UAH,2001.15,3,174,11.50,Шевченківський,"Без комісії. Оренда 4кім квартири 174 м² Гараж у подарунок, Центр Шевченківський район м Лук'янівська, підземний паркінг",174 м²,88 586.16 грн.Договірна
olx,https://www.olx.ua/d/uk/obyavlenie/bez-1-k-na-lubensky-14-zhk-l14-home-in-pechersk-pechersk-IDYTGVs.html?search_reason=search%7Corganic,24361,UAH,550.31,0,,,Печерський,"Без % 1 к. на Лубенській 14, ЖК L14. Home in Pechersk, Печерськ",,24 361.19 грн.
olx,https://www.olx.ua/d/uk/obyavlenie/orenda-1k-vul-olzhicha-19-28-shevchenkvskiy-rayon-metro-dorogozhich-ID10AReM.html?search_reason=search%7Corganic,10500,UAH,237.19,0,,,Шевченківський,"Оренда 1к, вул. Ольжича 19/28, Шевченківський район, метро Дорогожичі",,10 500 грн.
olx,https://www.olx.ua/d/uk/obyavlenie/orenda-1-kmnatno-kvartiri-v-zhk-miloslavich-ID10AAQQ.html?search_reason=search%7Corganic,10000,UAH,225.90,0,,,Деснянський,Оренда 1-кімнатної квартири в ЖК Милославичі,,10 000 грн.
olx,https://www.olx.ua/d/uk/obyavlenie/zdam-zatishnu-3-kmnatnu-kvartiru-ID10Aunw.html?search_reason=search%7Cpromoted,20000,UAH,451.80,2,,,Дарницький,Здам затишну 3 Кімнатну Квартиру,,20 000 грн.
olx,https://www.olx.ua/d/uk/obyavlenie/persha-zdacha-1k-kvartiri-zhk-garmonya-metro-zhitomirska-ID10AnNk.html?search_reason=search%7Cpromoted,23000,UAH,519.57,0,,,Святошинський,Перша здача 1К квартири_ЖК Гармонія_метро Житомирська,,23 000 грн.
olx,https://www.olx.ua/d/uk/obyavlenie/zdam-2k-kv-metro-dorogozhich-5-hv-pshki-ID10Ak85.html?search_reason=search%7Corganic,9000,UAH,203.31,1,,,Шевченківський,"Здам 2к кв, метро Дорогожичі 5 хв пішки!",,9 000 грн.
olx,https://www.olx.ua/d/uk/obyavlenie/arenda-3-k-kvartiry-respublika-respublika-tadeya-rilskogo-generator-IDZX1oi.html?search_reason=search%7Corganic,79727,UAH,1801.03,2,,,Голосіївський,Аренда 3-к квартиры | Республика | Respublika | Тадея Рильського | Генератор,,79 727.54 грн.Договірна
olx,https://www.olx.ua/d/uk/obyavlenie/bez-3-k-kv-v-zhk-diamond-hill-vul-vana-mazepi-11b-daymond-hll-IDZL20E.html?search_reason=search%7Corganic,243611,UAH,5503.15,2,,,Печерський,"Без %. 3-к.кв в ЖК Diamond Hill, вул. Івана Мазепи 11Б,  Даймонд хілл",,243 611.93 грн.
olx,https://www.olx.ua/d/uk/obyavlenie/sdam-studiyu-5-min-peshkom-metro-teremki-bez-rieltorskih-IDYqd1s.html?search_reason=search%7Corganic,10000,UAH,225.90,0,,,Голосіївський,Сдам студию 5 мин пешком метро Теремки. Без риелторских!,,10 000 грн.
olx,https://www.olx.ua/d/uk/obyavlenie/orenda-4-kmn-kvartiri-v-zhk-novopechersk-lipki-dragomirova-generator-IDYT2Sx.html?search_reason=search%7Corganic,177172,UAH,4002.30,3,,,Печерський,Оренда 4-кімн. квартири в ЖК Новопечерські Липки Драгомирова ГЕНЕРАТОР,,177 172.31 грн.
olx,https://www.olx.ua/d/uk/obyavlenie/orenda-2-h-kmnatna-kvartira-pr-t-vd-vlasnikachervono-kalinii-ID10BaY5.html?search_reason=search%7Corganic,13000,UAH,293.67,1,,,Деснянський,"Оренда 2-х кімнатна квартира, пр-т , від власникаЧервоної Калинии",,13 000 грн.
olx,https://www.olx.ua/d/uk/obyavlenie/orenda-2k-kvartiri-svyatoshinskiy-rn-10-hv-do-metro-IDYrqs6.html?search_reason=search%7Corganic,14000,UAH,316.26,1,,,Святошинський,Оренда 2к квартири Святошинський рн 10 хв до метро,,14 000 грн.
olx,https://www.olx.ua/d/uk/obyavlenie/zdam-2-k-kvartiru-na-palladna-metro-akademmstechko-1-hvilina-ID10Bboy.html?search_reason=search%7Corganic,18000,UAH,406.62,1,,,Святошинський,Здам 2-к квартиру на Палладіна!метро Академмістечко 1 хвилина!,,18 000 грн.
olx,https://www.olx.ua/d/uk/obyavlenie/vd-vlasnika-zaryadna-stantsya-poznyaki-orenda-studya-40-m2-ID10Aq9I.html?search_reason=search%7Corganic,20000,UAH,451.80,0,40,11.29,Дарницький,ВІД ВЛАСНИКА  є ЗАРЯДНА СТАНЦІЯ Позняки Оренда студія  40 м2,40 м2,20 000 грн.
olx,https://www.olx.ua/d/uk/obyavlenie/bez-koms-vro-2k-z-posudomiykoyu-zhk-dinastya-vid-na-park-vul-vasilya-lipkvskogo-37-v-ID10dcTl.html?search_reason=search%7Corganic,24000,UAH,542.16,1,,,Солом'янський,"БЕЗ КОМІСІЇ! Євро-2к з посудомийкою | ЖК Династія | Вид на парк | вул. Василя Липківського, 37-в",,24 000 грн.
olx,https://www.olx.ua/d/uk/obyavlenie/zdam-1-k-metro-libdska-metro-zvrinetska-pshki-IDXoZW4.html?search_reason=search%7Corganic,10000,UAH,225.90,0,,,Печерський,"Здам 1-к. Метро Либідська, метро Звіринецька - пішки",,10 000 грн.
olx,https://www.olx.ua/d/uk/obyavlenie/orenda-3k-110m-zhk-tetris-holl-IDZxh4E.html?search_reason=search%7Corganic,132879,UAH,3001.73,2,,,Печерський,Оренда 3к 110м ЖК Тетрис холл,,132 879.23 грн.
olx,https://www.olx.ua/d/uk/obyavlenie/mansardna-2-km-kvatira-89-m2-v-zhk-komfort-taun-sobornost-17-IDPtNG9.html?search_reason=search%7Cpromoted,37000,UAH,835.83,1,89,9.39,Дніпровський,"Мансардна 2-кім кватира 89 м2 в ЖК Комфорт Таун, Соборності 17",89 м2,37 000 грн.
olx,https://www.olx.ua/d/uk/obyavlenie/zdatsya-1-k-kv-zhk-navgator-prov-baltyskiy-3-ID10AkEA.html?search_reason=search%7Cpromoted,17500,UAH,395.32,0,,,Оболонський,"Здається 1-к. кв. ЖК Навігатор, пров. Балтійський, 3",,17 500 грн.
olx,https://www.olx.ua/d/uk/obyavlenie/vlasnik-bez-komsy-orenda-1k-kvartira-pecherskiy-lipki-vinogradniy-provulok-6-ID10gtqa.html?search_reason=search%7Cpromoted,15500,UAH,350.14,0,,,Печерський,"Власник. Без комісій. Оренда 1к квартира Печерський. Липки. Виноградний провулок, 6",,15 500 грн.
olx,https://www.olx.ua/d/uk/obyavlenie/zdam-2k-obolon-m-mnska-pshki-7hv-gaz-ID10Ajvl.html?search_reason=search%7Corganic,18000,UAH,406.62,1,,,Оболонський,"Здам 2к, Оболонь, м.Мінська пішки 7хв, ГАЗ",,18 000 грн.
olx,https://www.olx.ua/d/uk/obyavlenie/orenda-2k-kvartiri-zhk-dzhek-haus-les-ukranki-bul-7v-bez-koms-IDZZwXh.html?search_reason=search%7Corganic,79727,UAH,1801.03,1,,,Печерський,"Оренда 2к квартири, ЖК Джек Хаус, Лесі Українки бул., 7В Без комісії",,79 727.54 грн.
olx,https://www.olx.ua/d/uk/obyavlenie/zdatsya-v-orendu-odnokmnatna-kvartira-vd-vlasnika-blya-m-demvska-ID10f7QX.html?search_reason=search%7Corganic,12500,UAH,282.37,0,,,Голосіївський,Здається в оренду однокімнатна квартира від власника біля м.Деміївська,,12 500 грн.
olx,https://www.olx.ua/d/uk/obyavlenie/zatishna-1-kmnatna-kvartira-na-troschin-miloslavska-17a-36-kv-m-gazova-plita-velikiy-tepliy-balkon-bez-koms-vd-gospodarya-IDZWMlZ.html?search_reason=search%7Corganic,9000,UAH,203.31,0,36,5.65,Деснянський,"Затишна 1-кімнатна квартира на Троєщині, Милославська 17А, 36 кв. м., Газова плита Великий теплий балкон Без комісії Від господаря",36 кв. м,9 000 грн.
olx,https://www.olx.ua/d/uk/obyavlenie/arenda-kvartiry-ul-ivasyuka-park-natalka-4-komnaty-160-m2-IDZ2WEy.html?search_reason=search%7Corganic,53151,UAH,1200.68,3,160,7.50,Оболонський,Аренда квартиры / ул. Ивасюка / Парк Наталка / 4 комнаты / 160 м2,160 м2,53 151.69 грн.Договірна
olx,https://www.olx.ua/d/uk/obyavlenie/dvokmnatna-metro-gaz-ID10B1k5.html?search_reason=search%7Corganic,17000,UAH,384.03,1,,,Оболонський,Двокімнатна. Метро. Газ.,,17 000 грн.
olx,https://www.olx.ua/d/uk/obyavlenie/zdam-2-kmnatnu-kvartiru-pr-vul-umanska-park-suputnik-gaz-ID10y4g6.html?search_reason=search%7Corganic,21000,UAH,474.39,1,,,Солом'янський,Здам 2 кімнатну квартиру пр вул Уманська Парк «Супутник». Газ,,21 000 грн.
olx,https://www.olx.ua/d/uk/obyavlenie/dovgostrokova-orenda-1k-kvartiri-v-zhk-avtograf-vd-vlasnika-ID10vYkl.html?search_reason=search%7Cpromoted,25000,UAH,564.75,0,,,Дніпровський,Довгострокова оренда 1к-квартири в ЖК Автограф від власника,,25 000 грн.
olx,https://www.olx.ua/d/uk/obyavlenie/bez-koms-2-k-kvartira-z-evroremontom-v-tsentr-na-bankovy-72-m-kv-IDZykRN.html?search_reason=search%7Cpromoted,39863,UAH,900.50,1,,,Печерський,Без комісії! 2-к квартира з евроремонтом в центрі на Банковій. 72 м.кв,,39 863.77 грн.Договірна
olx,https://www.olx.ua/d/uk/obyavlenie/orenda-2k-kvartiri-v-zhk-trinity-pechersk-64-m-dizaynerskiy-remont-ID10jSxy.html?search_reason=search%7Corganic,88586,UAH,2001.15,1,64,31.27,Печерський,Оренда 2к квартири в ЖК Trinity Печерськ 64 м² - дизайнерський ремонт,64 м²,88 586.16 грн.
olx,https://www.olx.ua/d/uk/obyavlenie/orenda-3-k-60m2-gerov-polku-azov-b-7-m-obolon-ID10AA51.html?search_reason=search%7Corganic,16000,UAH,361.44,2,60,6.02,Оболонський,"Оренда 3 к. 60м2  Героїв полку Азов  б.7,   м. Оболонь",60м2,16 000 грн.
olx,https://www.olx.ua/d/uk/obyavlenie/orenda-2-kmnatnao-kvartiri-metro-poznyaki-roztashovana-IDZjorb.html?search_reason=search%7Corganic,16500,UAH,372.73,1,,,Дарницький,"Оренда  2-кімнатнаої квартири, метро Позняки!
Розташована",,16 500 грн.
olx,https://www.olx.ua/d/uk/obyavlenie/vlasnik-bez-koms-3-h-kmn-119-kv-m-sevastopolska-pl-IDYudOK.html?search_reason=search%7Corganic,35000,UAH,790.65,2,119,6.64,Солом'янський,Власник.Без комісії.3 -х кімн 119 кв м Севастопольска пл,119 кв м,35 000 грн.
olx,https://www.olx.ua/d/uk/obyavlenie/termnovo-zdam-odnokmnatnu-kvartiru-ID10Au7g.html?search_reason=search%7Corganic,5500,UAH,124.24,0,,,Дніпровський,Терміново здам однокімнатну квартиру!,,5 500 грн.
olx,https://www.olx.ua/d/uk/obyavlenie/aktualno-zdatsya-svtla-dvokmnatna-kvartira-solomyanskiy-r-n-IDZXWXm.html?search_reason=search%7Corganic,18000,UAH,406.62,1,,,Солом'янський,Актуально!Здається світла двокімнатна квартира. Солом'янський р-н,,18 000 грн.Договірна
olx,https://www.olx.ua/d/uk/obyavlenie/orenda-3-kmnatno-kvartiri-poznyaki-grigorenka-metro-bez-koms-ID10cmdt.html?search_reason=search%7Corganic,23000,UAH,519.57,2,,,Дарницький,Оренда 3 кімнатної квартири Позняки Григоренка метро Без комісії,,23 000 грн.
olx,https://www.olx.ua/d/uk/obyavlenie/arenda-3-h-kmnatno-kvartiri-poznyaki-mishugi-12-ID10Alrs.html?search_reason=search%7Cpromoted,28000,UAH,632.52,2,,,Дарницький,"Аренда 3-х кімнатної квартири Позняки , Мишуги 12",,28 000 грн.
olx,https://www.olx.ua/d/uk/obyavlenie/persha-zdacha-bez-koms-1-k-kv-vrodvushka-navgator-2-bez-koms-ID10vqjU.html?search_reason=search%7Cpromoted,23000,UAH,519.57,0,,,Оболонський,"Перша здача! Без комісії! 1-к кв. Євродвушка. Навігатор-2, Без комісії",,23 000 грн.
olx,https://www.olx.ua/d/uk/obyavlenie/zdatsya-2-k-kvartira-na-pr-vasyuka-2g-ID10dtz4.html?search_reason=search%7Corganic,30000,UAH,677.70,1,,,Оболонський,"Здається 2-к квартира на пр.Івасюка,2Г",,30 000 грн.
olx,https://www.olx.ua/d/uk/obyavlenie/orenda-2-kom-kv-na-vul-m-kotelnikova-25-ID10y3lk.html?search_reason=search%7Corganic,14000,UAH,316.26,1,,,Святошинський,Оренда 2 ком.кв. на вул.М.Котельникова 25,,14 000 грн.
olx,https://www.olx.ua/d/uk/obyavlenie/orenda-2k-45-m2-prospekt-vropeyskogo-soyuzu-80-a-gongazde-vinogradar-ID10BaRa.html?search_reason=search%7Corganic,11000,UAH,248.49,1,45,5.52,Подільський,Оренда 2к.45 м2 проспект Європейського союзу 80 А  Гонгазде Виноградар,45 м2,11 000 грн.
olx,https://www.olx.ua/d/uk/obyavlenie/zdam-2-kmn-kvartiru-po-vul-malevicha-83-tsentr-palats-ukrana-ID10Anub.html?search_reason=search%7Corganic,27000,UAH,609.93,1,,,Печерський,"Здам 2 кімн. квартиру по вул.Малевича, 83 центр Палац Україна",,27 000 грн.
olx,https://www.olx.ua/d/uk/obyavlenie/arenda-1-k-kvartiry-fedorova-tetris-hall-tetris-holl-ID10fr2q.html?search_reason=search%7Corganic,101874,UAH,2301.33,0,,,Печерський,Аренда 1-к квартиры | Федорова | Tetris Hall | Тетрис Холл,,101 874.08 грн.Договірна
olx,https://www.olx.ua/d/uk/obyavlenie/zdam-1-kmnatnu-novu-kvartiru-ID10p6w9.html?search_reason=search%7Corganic,26500,UAH,598.63,0,,,Подільський,Здам 1-кімнатну нову квартиру,,26 500 грн.
olx,https://www.olx.ua/d/uk/obyavlenie/zdam-2-kmnatnu-kvartiru-v-obolonskomu-rayon-v-7-hv-vd-metro-IDZRoXi.html?search_reason=search%7Corganic,23000,UAH,519.57,1,,,Оболонський,Здам 2-кімнатну квартиру в Оболонському районі в 7 хв від метро,,23 000 грн.
olx,https://www.olx.ua/d/uk/obyavlenie/arenda-2-h-kmnatno-kvartiri-zverinetska-ID10pJZS.html?search_reason=search%7Corganic,23000,UAH,519.57,1,,,Печерський,Аренда 2 х кімнатної квартири Зверинецька,,23 000 грн.Договірна
olx,https://www.olx.ua/d/uk/obyavlenie/orenda-1-kmnatno-kvartiri-na-vdradnomu-ID10AI93.html?search_reason=search%7Corganic,12000,UAH,271.08,0,,,Солом'янський,Оренда 1 - кімнатної квартири на Відрадному.,,12 000 грн.
olx,https://www.olx.ua/d/uk/obyavlenie/sdayu-dve-studii-dlya-1-2-chelovek-3-min-peshkom-metro-vyrlitsa-bez-rieltora-IDXk0ru.html?search_reason=search%7Cpromoted,9000,UAH,203.31,0,,,Дарницький,Сдаю две студии для 1-2 человек 3 мин пешком метро Вырлица Без риелтора!,,9 000 грн.
olx,https://www.olx.ua/d/uk/obyavlenie/zdam-3-h-km-kvartiru-prospekt-obolonskiy-bez-koms-ID10yWXv.html?search_reason=search%7Cpromoted,27000,UAH,609.93,2,,,Оболонський,Здам 3-х кім. квартиру Проспект Оболонський. БЕЗ КОМІСІЇ,,27 000 грн.
olx,https://www.olx.ua/d/uk/obyavlenie/orenda-dvokmnatno-kvartiri-v-zhk-metropols-IDZS1S1.html?search_reason=search%7Corganic,39863,UAH,900.50,1,,,Голосіївський,Оренда двокімнатної квартири в ЖК Метрополіс,,39 863.77 грн.
olx,https://www.olx.ua/d/uk/obyavlenie/3k-ul-dneprovskaya-nab-7-rusanovka-bereznyaki-vid-na-dnepr-ID10AHsw.html?search_reason=search%7Corganic,12000,UAH,271.08,2,,,Дніпровський,"3к. ул. Днепровская наб. 7 Русановка, Березняки. Вид на Днепр",,12 000 грн.
olx,https://www.olx.ua/d/uk/obyavlenie/persha-zdacha-orenda-1k-kvartiri-zhk-prichal-8-glba-babcha-8-g-osokorki-poznyaki-avtonomniy-budinok-ID10ovDH.html?search_reason=search%7Corganic,23000,UAH,519.57,0,,,Дарницький,Перша здача! Оренда 1к квартири ЖК Причал 8 Гліба Бабіча 8 Г  Осокорки Позняки Автономний будинок,,23 000 грн.
olx,https://www.olx.ua/d/uk/obyavlenie/zdam-dovgostrokovo-1-kmnatnu-kvartiru-IDXytNz.html?search_reason=search%7Corganic,20000,UAH,451.80,0,,,Солом'янський,Здам довгостроково 1 кімнатну квартиру,,20 000 грн.Договірна
olx,https://www.olx.ua/d/uk/obyavlenie/4-kmnati-u-nevelikomu-metrazh-podlskiy-r-n-vul-kirilvska-115-1-IDUPpuc.html?search_reason=search%7Corganic,15000,UAH,338.85,3,,,Подільський,"4 кімнати у невеликому метражі, Подільский р-н, Вул. Кирилівська 115/1",,15 000 грн.Договірна
olx,https://www.olx.ua/d/uk/obyavlenie/v-budinku-ukrittya-orenda-2-h-kmn-kvartiri-na-revutskogo-IDYkWSi.html?search_reason=search%7Corganic,28790,UAH,650.36,1,,,Дарницький,"В будинку є укриття! Оренда 2-х кімн квартири на Ревуцького,",,28 790.50 грн.
olx,https://www.olx.ua/d/uk/obyavlenie/zdam-v-orendu-2-kmnatnu-kvartiru-vulitsya-zaporozhtsya-8-IDYX7Cm.html?search_reason=search%7Cpromoted,10000,UAH,225.90,1,,,Дніпровський,Здам в оренду 2 кімнатну квартиру вулиця Запорожця 8,,10 000 грн.Договірна
olx,https://www.olx.ua/d/uk/obyavlenie/2-kmnati-maksimovicha-7a-metro-vasilkvska-ID10q5Jr.html?search_reason=search%7Cpromoted,21000,UAH,474.39,1,,,Голосіївський,"2 кімнати Максимовича, 7А | метро Васильківська.",,21 000 грн.
olx,https://www.olx.ua/d/uk/obyavlenie/aktualnoarenda-bolshoy-3-kom-kvartiry-v-darnitskom-rayone-IDZ0w7s.html?search_reason=search%7Corganic,13000,UAH,293.67,2,,,Дарницький,(Актуально)аренда большой 3-ком квартиры в Дарницком районе,,13 000 грн.
olx,https://www.olx.ua/d/uk/obyavlenie/sdam-v-arendu-3k-kvartiru-v-zhk-lipinka-sobstvennik-6-etazh-gaz-ID10ACDl.html?search_reason=search%7Corganic,37000,UAH,835.83,2,,,Подільський,Сдам в аренду 3к квартиру в ЖК Липинка. СОБСТВЕННИК  6 этаж. Газ.,,37 000 грн.
olx,https://www.olx.ua/d/uk/obyavlenie/arenda-2-h-kmnatno-kvardiri-v-zhk-po-prospektu-sobornost-30a-bez-koms-ID10oeLb.html?search_reason=search%7Corganic,28000,UAH,632.52,1,,,Дніпровський,Аренда 2-х кімнатної квардири в ЖК по проспекту соборності 30а.Без Комісії%,,28 000 грн.
olx,https://www.olx.ua/d/uk/obyavlenie/orenda-2h-k-kv-kiv-dnprovskiy-rayon-11000grn-vul-rayduzhna-IDYRXjJ.html?search_reason=search%7Corganic,11000,UAH,248.49,1,,,Дніпровський,"Оренда 2х к.кв. Київ,Дніпровський район  11000грн. вул.Райдужна,",,11 000 грн.
olx,https://www.olx.ua/d/uk/obyavlenie/orenda-4k-155m2-novopechersk-lipki-verhoglyada-dragomirova-17-IDZXqot.html?search_reason=search%7Corganic,199318,UAH,4502.58,3,155,29.05,Печерський,Оренда 4к 155м2 Новопечерські Липки Верхогляда Драгомирова 17,155м2,199 318.85 грн.
olx,https://www.olx.ua/d/uk/obyavlenie/orenda-kvartira-vul-urlvska-kiv-160m2-4-kmnatna-IDYYTig.html?search_reason=search%7Corganic,53151,UAH,1200.68,3,160,7.50,Дарницький,"Оренда / Квартира / вул. Урлівська, Київ 160м2, 4-кімнатна",160м2,53 151.69 грн.
olx,https://www.olx.ua/d/uk/obyavlenie/nova-dizaynerska-3k-v-elt-zhk-royal-tower-saksaganskogo-37k-bez-IDYvpBh.html?search_reason=search%7Cpromoted,101874,UAH,2301.33,2,,,Печерський,"Нова дизайнерська 3к в еліт ЖК «Royal Tower», Саксаганського 37К,БЕЗ %",,101 874.08 грн.
olx,https://www.olx.ua/d/uk/obyavlenie/kostyantinvska-4-kmnatna-2-rvneva-kvartira-IDZZhuq.html?search_reason=search%7Cpromoted,45000,UAH,1016.55,3,,,Шевченківський,Костянтинівська 4-кімнатна 2-рівнева квартира,,45 000 грн.Договірна
olx,https://www.olx.ua/d/uk/obyavlenie/orenda-stilno-prostoro-1-kmnatno-kvartiri-40m2-v-zhk-52-perlina-pechersk-plaza-vul-boychuka-17-m-zvrinetska-7hv-pshki-pecherskiy-rayon-ID10o1f0.html?search_reason=search%7Corganic,35434,UAH,800.45,0,40,20.01,Печерський,"Оренда стильної просторої 1-кімнатної квартири 40м2 в ЖК ""52 Перлина""/ Pechersk Plaza, вул. Бойчука 17 | м. Звіринецька - 7хв пішки | Печерський район",40м2,35 434.46 грн.
olx,https://www.olx.ua/d/uk/obyavlenie/zdayu-v-orendu-1-k-kvartiru-zhk-suchasniy-kvartal-prosp-guzara-15-IDZuKrE.html?search_reason=search%7Corganic,19500,UAH,440.50,0,,,Солом'янський,Здаю в оренду 1 к квартиру ЖК Сучасний Квартал -просп Гузара 15,,19 500 грн.
olx,https://www.olx.ua/d/uk/obyavlenie/zdam-trikmnatnu-kvartiru-vul-zhulya-verna-IDZTKkl.html?search_reason=search%7Corganic,14000,UAH,316.26,2,,,Святошинський,"Здам трикімнатну квартиру, вул Жуля Верна",,14 000 грн.
olx,https://www.olx.ua/d/uk/obyavlenie/zdam-bez-odnokmnatnu-kvartiru-u-zhk-sun-francisco-m-nivki-ID10AThc.html?search_reason=search%7Corganic,28000,UAH,632.52,0,,,Шевченківський,"Здам БЕЗ %  однокімнатну квартиру  у  ЖК Sun Francisco, м. Нивки",,28 000 грн.
olx,https://www.olx.ua/d/uk/obyavlenie/2k-vul-dnprovska-naberezhna-14-zhk-river-stone-osokorki-IDZDLiS.html?search_reason=search%7Corganic,44293,UAH,1000.58,1,,,Дарницький,"2к, вул. Дніпровська Набережна 14, ЖК River Stone, Осокорки",,44 293.08 грн.
olx,https://www.olx.ua/d/uk/obyavlenie/dovgostrokova-orenda-4-h-kmnatno-kvartiri-metro-zhitomirska-ID10pCUC.html?search_reason=search%7Corganic,25000,UAH,564.75,3,,,Святошинський,Довгострокова оренда 4-х кімнатної квартири метро Житомирська,,25 000 грн.
olx,https://www.olx.ua/d/uk/obyavlenie/1k-zhk-park-avenyu-golosvskiy-tsentr-remont-metro-tsentr-ID10ySGh.html?search_reason=search%7Cpromoted,44293,UAH,1000.58,0,,,Голосіївський,1к ЖК Парк Авеню Голосіївський ЦЕНТР ремонт метро Центр,,44 293.08 грн.
olx,https://www.olx.ua/d/uk/obyavlenie/vlasnik-zdayu-1-kmnatnu-kvartiru-na-bativy-gor-tihiy-rayon-ID10B15L.html?search_reason=search%7Cpromoted,10000,UAH,225.90,0,,,Солом'янський,"Власник здаю 1-кімнатну квартиру на Батиєвій горі, тихий район",,10 000 грн.
olx,https://www.olx.ua/d/uk/obyavlenie/golosvskiy-prospekt-15-metro-demvska-3-kmnati-ID10plyN.html?search_reason=search%7Corganic,20000,UAH,451.80,2,,,Голосіївський,"Голосіївський проспект 15, метро Деміївська, 3 кімнати",,20 000 грн.
olx,https://www.olx.ua/d/uk/obyavlenie/odnokmnatna-kvartira-studiya-vlasnik-ID10AVbg.html?search_reason=search%7Corganic,9000,UAH,203.31,0,,,Дніпровський,Однокімнатна квартира студия власник,,9 000 грн.
olx,https://www.olx.ua/d/uk/obyavlenie/zdam-kvartiru-studyu-u-zhk-smart-haus-IDZn4je.html?search_reason=search%7Corganic,12000,UAH,271.08,0,,,Шевченківський,Здам квартиру-студію у ЖК Смарт Хаус,,12 000 грн.
olx,https://www.olx.ua/d/uk/obyavlenie/orenda-3-kmnatno-kvartiri-125m2-v-zhk-busov-hill-vul-buslvska-IDZKaN4.html?search_reason=search%7Corganic,143952,UAH,3251.86,2,125,26.01,Печерський,Оренда 3 кімнатної квартири 125м2 в ЖК «Busov Hill» - вул. Буслівська,125м2,143 952.50 грн.
olx,https://www.olx.ua/d/uk/obyavlenie/orenda-3k-kvartiri-prospekt-lobanovskogo-5a-bez-ID10B1Oi.html?search_reason=search%7Corganic,20000,UAH,451.80,2,,,Солом'янський,"Оренда 3к квартири, проспект Лобановського 5А. Без %.",,20 000 грн.
olx,https://www.olx.ua/d/uk/obyavlenie/sdam-1k-kvartiru-bez-komissii-i-zaloga-peredovaya-33v-IDXb4tM.html?search_reason=search%7Corganic,12000,UAH,271.08,0,,,Голосіївський,Сдам 1к квартиру. Без комиссии и залога. Передовая 33в,,12 000 грн.
olx,https://www.olx.ua/d/uk/obyavlenie/1-k-kv-orenda-solomenskiy-r-y-post-volinska-karavaevi-dachi-sevastopolskaya-ploscha-zhulyani-IDZjlTq.html?search_reason=search%7Corganic,7999,UAH,180.70,0,,,Солом'янський,"1-к.кв Оренда,Соломенский р-й, Пост- Волинська, Караваеви Дачи,  Севастопольская площа, Жуляни",,7 999 грн.
olx,https://www.olx.ua/d/uk/obyavlenie/3-komnatnaya-kvartira-kreschatik-tsentr-kieva-vladelets-IDXiBwD.html?search_reason=search%7Corganic,39863,UAH,900.50,2,,,Печерський,3 комнатная Квартира Крещатик центр киева Владелец,,39 863.77 грн.
olx,https://www.olx.ua/d/uk/obyavlenie/arenda-2-kmnatno-kvartiri-z-vro-remontom-dvrz-ID10B0Kc.html?search_reason=search%7Corganic,13000,UAH,293.67,1,,,Дніпровський,Аренда 2 кімнатної квартири з євро ремонтом ДВРЗ,,13 000 грн.
olx,https://www.olx.ua/d/uk/obyavlenie/proponuyu-orendu-2-kmnatno-kvartiri-na-leva-lukyanenka-1-ID10BaAb.html?search_reason=search%7Corganic,15000,UAH,338.85,1,,,Оболонський,"Пропоную оренду 2 кімнатної квартири на Лева  Лук'яненка,1",,15 000 грн.Договірна
olx,https://www.olx.ua/d/uk/obyavlenie/zdatsya-1k-vul-polovetska-16b-ID10AGfo.html?search_reason=search%7Corganic,11000,UAH,248.49,0,,,Шевченківський,Здається 1к. Вул. Половецька 16Б,,11 000 грн.
olx,https://www.olx.ua/d/uk/obyavlenie/orenda-2-kmn-kvartiri-blya-metro-vulitsya-teremkvska-17-ID10B65X.html?search_reason=search%7Corganic,10000,UAH,225.90,1,,,Голосіївський,Оренда 2 кімн. квартири біля метро вулиця Теремківська 17,,10 000 грн.
olx,https://www.olx.ua/d/uk/obyavlenie/pechersk-metro-zvrinetska-5-hv-pshki-zdam-1k-kvartiru-ID10AJ9U.html?search_reason=search%7Corganic,16000,UAH,361.44,0,,,Печерський,"Печерськ метро ""Звіринецька"" 5 хв пішки Здам 1к квартиру",,16 000 грн.
olx,https://www.olx.ua/d/uk/obyavlenie/vidova-kvartira-studo-harkvske-shosse-19-zhk-mega-st-generator-ID10B0Ys.html?search_reason=search%7Corganic,9000,UAH,203.31,0,,,Дарницький,"Видова квартира-студіо, Харківське шоссе 19, ЖК Мега Сіті, є генератор",,9 000 грн.
olx,https://www.olx.ua/d/uk/obyavlenie/orenda-stilno-stud-v-zhk-nova-anglya-persha-zdacha-ID10o5UW.html?search_reason=search%7Corganic,27000,UAH,609.93,0,,,Солом'янський,Оренда стильної студії в ЖК «Нова Англія» (Перша здача!),,27 000 грн.
olx,https://www.olx.ua/d/uk/obyavlenie/orenda-2-kmnatna-kvartira-zhk-siretsk-sadi-ID10AZ0H.html?search_reason=search%7Corganic,24000,UAH,542.16,1,,,Подільський,Оренда 2 кімнатна квартира ЖК Сирецькі сади,,24 000 грн.
olx,https://www.olx.ua/d/uk/obyavlenie/kvartira-v-dovgostrokovu-orendu-petra-grigorenka-22-20-1-kmnatna-kvartira-poznyaki-vlasnik-ID10AmIz.html?search_reason=search%7Corganic,16000,UAH,361.44,0,,,Дарницький,"Квартира в довгострокову оренду Петра Григоренка 22/20, 1-кімнатна квартира Позняки. Власник",,16 000 грн.
olx,https://www.olx.ua/d/uk/obyavlenie/orenda-1k-kvartiri-zhk-lkograd-persha-zdacha-maksimovicha-ID10izwi.html?search_reason=search%7Cpromoted,26575,UAH,600.33,0,,,Голосіївський,Оренда 1к квартири ЖК Лікоград/Перша здача/Максимовича,,26 575.85 грн.
olx,https://www.olx.ua/d/uk/obyavlenie/orenda-kvartiri-stud-novopechersk-lpki-dragomrovaa-verhoglyada9-IDUFmlG.html?search_reason=search%7Corganic,59795,UAH,1350.76,0,,,Печерський,Оренда квартири-студії Новопечерські Ліпки Драгомірова(А. Верхогляда)9,,59 795.66 грн.
olx,https://www.olx.ua/d/uk/obyavlenie/zdam-1-k-zhk-frantsuzkiy-kvartal-metro-palats-ukrana-10-hvilin-pshk-IDOuUwt.html?search_reason=search%7Corganic,30000,UAH,677.70,0,,,Печерський,Здам 1-к. ЖК Французький квартал. Метро Палац Україна - 10 хвилин пішк,,30 000 грн.
olx,https://www.olx.ua/d/uk/obyavlenie/2-h-kmn-kv-zhk-kolomiyskiy-6-m-vasilkvska-ID10zVRP.html?search_reason=search%7Corganic,25000,UAH,564.75,1,,,Голосіївський,2-х кімн.кв ЖК Коломийський 6.м.Васильківська,,25 000 грн.
olx,https://www.olx.ua/d/uk/obyavlenie/zdam-1-kmn-zhk-varshavskiy-zavzhdi-svtlo-ID10AWoE.html?search_reason=search%7Corganic,24000,UAH,542.16,0,,,Подільський,здам 1 кімн ЖК Варшавський !!! Завжди є світло !!!,,24 000 грн.
olx,https://www.olx.ua/d/uk/obyavlenie/orenda-3-km-kvartiri-na-podol-ID10AGgr.html?search_reason=search%7Corganic,35000,UAH,790.65,2,,,Подільський,Оренда 3 кім. квартири на Подолі,,35 000 грн.Договірна
olx,https://www.olx.ua/d/uk/obyavlenie/aktualnaya-arenda-kvartiry-s-kuhney-studiya-v-zhk-varshavskiy-plyus-IDZeVym.html?search_reason=search%7Corganic,19500,UAH,440.50,0,,,Подільський,Актуальная аренда квартиры с кухней студия в ЖК Варшавский плюс,,19 500 грн.Договірна
olx,https://www.olx.ua/d/uk/obyavlenie/orenda-2k-kv-metro-poznyaki-knyazhiy-zaton-9-ID10B6uT.html?search_reason=search%7Corganic,15000,UAH,338.85,1,,,Дарницький,"Оренда 2к.кв. метро Позняки, Княжий Затон 9",,15 000 грн.
olx,https://www.olx.ua/d/uk/obyavlenie/orenda-2kmn-polteh-pr-beresteyskiy-vokzalna-vul-starokivska-9-kvartira-ID108022.html?search_reason=search%7Corganic,18000,UAH,406.62,1,,,Шевченківський,Оренда 2кімн Політех пр Берестейський Вокзальна вул Старокиївська 9 квартира,,18 000 грн.
olx,https://www.olx.ua/d/uk/obyavlenie/orenda-1k-kvartira-v-zhk-bulvar-fontanv-5-poverh-nvertor-IDY6sWS.html?search_reason=search%7Cpromoted,48722,UAH,1100.63,0,,,Печерський,Оренда 1к квартира в ЖК Бульвар Фонтанів 5 поверх є Інвертор,,48 722.39 грн.
olx,https://www.olx.ua/d/uk/obyavlenie/orenda-3k-kvartiri-prospekt-lobanovskogo-5a-bez-ID10B1Oi.html?search_reason=search%7Cpromoted,20000,UAH,451.80,2,,,Солом'янський,"Оренда 3к квартири, проспект Лобановського 5А. Без %.",,20 000 грн.
olx,https://www.olx.ua/d/uk/obyavlenie/zdam-1-kmnatnu-na-bulvar-les-ukranki-7b-9-27-noviy-eltniy-budinok-ID10l09c.html?search_reason=search%7Cpromoted,18000,UAH,406.62,0,,,Печерський,"Здам 1 кімнатну на бульварі Лесі Українки 7Б, 9/27, новий елітний будинок.",,18 000 грн.
olx,https://www.olx.ua/d/uk/obyavlenie/orenda-stilno-trikmnatno-kvartiri-v-zhk-skyline-ID10fKkm.html?search_reason=search%7Corganic,75298,UAH,1700.98,2,,,Печерський,Оренда стильної трикімнатної  квартири в ЖК SkyLine,,75 298.23 грн.
olx,https://www.olx.ua/d/uk/obyavlenie/zdam-1-kmn-kvartiru-vul-s-danchenka-28b-kiv-ID10zjx9.html?search_reason=search%7Corganic,16500,UAH,372.73,0,,,Подільський,"Здам 1-кімн квартиру, вул. С. Данченка, 28Б, Київ",,16 500 грн.
olx,https://www.olx.ua/d/uk/obyavlenie/orenda-2-kmnatno-kvartiri-96-m2-tsentr-predslavinska-vlasna-kotelnya-ID10AYOD.html?search_reason=search%7Corganic,44293,UAH,1000.58,1,96,10.42,Печерський,Оренда 2 кімнатної Квартири 96 м2 Центр Предславинська Власна котельня,96 м2,44 293.08 грн.
olx,https://www.olx.ua/d/uk/obyavlenie/zhk-gertsen-park-orenda-1k-kvartiri-poruch-metro-dorogozhich-park-IDYH6F6.html?search_reason=search%7Corganic,20000,UAH,451.80,0,,,Шевченківський,"ЖК Герцен Парк, Оренда 1к квартири! Поруч метро Дорогожичі, парк!",,20 000 грн.
olx,https://www.olx.ua/d/uk/obyavlenie/orenda-2-kmnatno-kvartiri-lukyanvka-bez-reltorv-komsy-ID10B4gU.html?search_reason=search%7Corganic,16000,UAH,361.44,1,,,Шевченківський,Оренда 2 кімнатної квартири. Лукʼянівка. Без ріелторів і комісій.,,16 000 грн.
olx,https://www.olx.ua/d/uk/obyavlenie/zdam-1-kmnatnu-kvartiru-v-zhk-siretsk-sadi-IDV3ttA.html?search_reason=search%7Corganic,19000,UAH,429.21,0,,,Подільський,"Здам  1-кімнатну квартиру в ЖК ""СИРЕЦЬКІ САДИ""",,19 000 грн.
olx,https://www.olx.ua/d/uk/obyavlenie/zdam-u-dovgostrokovu-orendu-2-h-kmnatnu-kvartiru-obolon-ID10zyAS.html?search_reason=search%7Cpromoted,15000,UAH,338.85,1,,,Оболонський,Здам у довгострокову оренду 2-х кімнатну квартиру Оболонь,,15 000 грн.
olx,https://www.olx.ua/d/uk/obyavlenie/bez-koms-orenda-2h-kmnatno-kvartiri-65m2-zhk-royal-tower-vulitsya-saksaganskogo-37k-golosvskiy-rayon-tsentr-msta-kiv-ID10gAWH.html?search_reason=search%7Cpromoted,48722,UAH,1100.63,1,65,16.93,Голосіївський,"Без комісії % Оренда 2х кімнатної квартири 65м2 ЖК ""Royal Tower"" вулиця Саксаганського 37К Голосіївський район центр міста Київ",65м2,48 722.39 грн.Договірна
olx,https://www.olx.ua/d/uk/obyavlenie/orenda-3k-kapnst-beresteyskiy-pr-t-m-shulyavska-7hv-pshki-ID10uWjw.html?search_reason=search%7Corganic,15000,UAH,338.85,2,,,Шевченківський,Оренда 3к.Капніст/Берестейський пр-т  м  Шулявська 7хв. пішки,,15 000 грн.Договірна
olx,https://www.olx.ua/d/uk/obyavlenie/orenda-1-k-metro-golosvska-vul-golosvska-39-IDZ94gL.html?search_reason=search%7Corganic,16000,UAH,361.44,0,,,Голосіївський,Оренда 1-к метро Голосіївська вул Голосіївська 39,,16 000 грн.
olx,https://www.olx.ua/d/uk/obyavlenie/vidovaya-3k-kvartira-s-avtorskim-remontom-IDZpsGy.html?search_reason=search%7Corganic,199318,UAH,4502.58,2,,,Печерський,Видовая 3к квартира с Авторским ремонтом,,199 318.85 грн.Договірна
olx,https://www.olx.ua/d/uk/obyavlenie/zdatsya-odnokmnatna-kvartira-bez-koms-vd-vlasnika-IDZK6DW.html?search_reason=search%7Corganic,11000,UAH,248.49,0,,,Солом'янський,Здається однокімнатна квартира без комісії від власника.,,11 000 грн.
olx,https://www.olx.ua/d/uk/obyavlenie/dovgostrokova-orenda-1-k-kvartiri-ID109rNH.html?search_reason=search%7Corganic,9000,UAH,203.31,0,,,Дніпровський,Довгострокова оренда 1-к квартири,,9 000 грн.
olx,https://www.olx.ua/d/uk/obyavlenie/sdam-2-h-kom-kv-svyatoshinskiy-r-n-geroev-kosmosa-19v-IDZheQc.html?search_reason=search%7Corganic,13000,UAH,293.67,1,,,Святошинський,"Сдам 2-х ком. кв, Святошинский р-н, Героев Космоса 19в",,13 000 грн.
olx,https://www.olx.ua/d/uk/obyavlenie/bez-3k-kv-tsentr-tsum-maydan-ID105IsZ.html?search_reason=search%7Corganic,62010,UAH,1400.80,2,,,Печерський,Без% 3к.кв Центр | ЦУМ | Майдан,,62 010.31 грн.
olx,https://www.olx.ua/d/uk/obyavlenie/orenda-1k-kvartiri-vul-kalnishevskogo-14-vlasnik-ID10B5TX.html?search_reason=search%7Corganic,18000,UAH,406.62,0,,,Оболонський,Оренда 1к квартири вул. Калнишевського 14. Власник.,,18 000 грн.
olx,https://www.olx.ua/d/uk/obyavlenie/orenda-3-h-kmnatno-kvartiri-na-poznyakah-IDYRaon.html?search_reason=search%7Cpromoted,22000,UAH,496.98,2,,,Дарницький,Оренда 3-х кімнатної квартири на Позняках,,22 000 грн.
olx,https://www.olx.ua/d/uk/obyavlenie/2k-kv-trostyanetska-harkvska-darnitskiy-rayon-ID10zdkE.html?search_reason=search%7Cpromoted,17000,UAH,384.03,1,,,Дарницький,2к кв/ тростянецька/харьківська / дарницький район,,17 000 грн.
olx,https://www.olx.ua/d/uk/obyavlenie/orenda-3-h-kmnatno-kvartiri-po-vul-dankevicha-10-ID10AIRr.html?search_reason=search%7Corganic,25000,UAH,564.75,2,,,Деснянський,"Оренда 3-х кімнатної квартири по вул.Данкевича, 10",,25 000 грн.
olx,https://www.olx.ua/d/uk/obyavlenie/orenda-2-k-kv-ri-zhk-parklend-opalennya-gaz-m-vasilkvska-golosvo-ID10dPF3.html?search_reason=search%7Corganic,25000,UAH,564.75,1,,,Голосіївський,Оренда 2-к кв-ри. жк ПАРКЛЕНД. ОПАЛЕННЯ ГАЗ. м. Васильківська. Голосієво,,25 000 грн.
olx,https://www.olx.ua/d/uk/obyavlenie/zdam-2-kmnatnu-kvartiru-za-adresoyu-vul-degtyarvska-28-shevchenkvskiy-rayon-ID10ASFC.html?search_reason=search%7Corganic,14000,UAH,316.26,1,,,Шевченківський,"Здам 2-кімнатну квартиру за адресою: вул. Дегтярівська, 28, Шевченківський район.",,14 000 грн.
olx,https://www.olx.ua/d/uk/obyavlenie/orenda-2-kmnatno-kvartiri-vul-dragomanova-12a-ID10B2A6.html?search_reason=search%7Corganic,16000,UAH,361.44,1,,,Дарницький,"Оренда  2- кімнатної квартири, вул. Драгоманова, 12а",,16 000 грн.
olx,https://www.olx.ua/d/uk/obyavlenie/bez-3-kmn-v-tsentr-dmitrvska-66a-123m2-pdzemniy-parkng-IDZZxAT.html?search_reason=search%7Corganic,53151,UAH,1200.68,2,123,9.76,Шевченківський,"Без %, 3-кімн. в центрі !Дмитрівська 66а (123м2) підземний паркінг!",123м2,53 151.69 грн.
olx,https://www.olx.ua/d/uk/obyavlenie/sdam-1-k-kvartiru-s-vidom-na-ozero-pr-t-tychiny-20-metro-levoberezhnaya-IDZA7bW.html?search_reason=search%7Corganic,18000,UAH,406.62,0,,,Дніпровський,"Сдам 1 к.квартиру с видом на ОЗЕРО, пр-т Тычины 20, метро Левобережная",,18 000 грн.
olx,https://www.olx.ua/d/uk/obyavlenie/arenda-1-komnatnoy-v-komfort-taune-ID10owEF.html?search_reason=search%7Corganic,31005,UAH,700.40,0,,,Дніпровський,Аренда 1 комнатной в Комфорт Тауне,,31 005.15 грн.Договірна
olx,https://www.olx.ua/d/uk/obyavlenie/bez-komissii-arenda-4k-kvartiry-v-zhk-novopecherskie-lipki-3y-etazh-generator-est-v-dome-ID10zazl.html?search_reason=search%7Cpromoted,119369,UAH,2696.54,3,,,Печерський,Без комиссии.  Аренда 4к квартиры в ЖК Новопечерские Липки  3й этаж генератор есть в доме,,119 369.85 грн.Договірна
olx,https://www.olx.ua/d/uk/obyavlenie/orenda-1-k-vul-lobanovskogo-6-zh-zhk-chervonozoryaniy-solomyanskiy-r-n-sevastopolska-pl-ID10BbDN.html?search_reason=search%7Corganic,22000,UAH,496.98,0,,,Солом'янський,"Оренда 1-к вул. Лобановського 6-ж  ЖК Червонозоряний, Соломʼянський р-н Севастопольська пл.",,22 000 грн.
olx,https://www.olx.ua/d/uk/obyavlenie/dovgostrokova-orenda-2-kmnatno-kvartiri-ID10AI0b.html?search_reason=search%7Corganic,11500,UAH,259.78,1,,,Святошинський,Довгострокова оренда 2 кімнатної квартири,,11 500 грн.
olx,https://www.olx.ua/d/uk/obyavlenie/zhk-shdna-bramaorenda-1-kmnatno-kvartiri-IDZsrNj.html?search_reason=search%7Corganic,15000,UAH,338.85,0,,,Дарницький,ЖК «Східна Брама»Оренда 1-кімнатної квартири,,15 000 грн.
olx,https://www.olx.ua/d/uk/obyavlenie/hozyain-1-k-kvartira-m-lukyanovskaya-dorogozhichi-ilenko-85-lukyanovka-ID10AS2B.html?search_reason=search%7Corganic,13000,UAH,293.67,0,,,Шевченківський,"Хозяин 1-к квартира  М. Лукьяновская, Дорогожичи Ильенко 85 Лукьяновка",,13 000 грн.
olx,https://www.olx.ua/d/uk/obyavlenie/orenda-1k-kvartiri-trts-retroville-ID10AK3u.html?search_reason=search%7Corganic,9000,UAH,203.31,0,,,Подільський,Оренда 1к квартири ТРЦ Retroville,,9 000 грн.
olx,https://www.olx.ua/d/uk/obyavlenie/orenda-1-k-kv-gradinska-20-troschina-trts-rayon-IDZR0B5.html?search_reason=search%7Cpromoted,11000,UAH,248.49,0,,,Деснянський,"Оренда 1 к. кв., Градинска 20, Троєщина, ТРЦ РАЙОН",,11 000 грн.
olx,https://www.olx.ua/d/uk/obyavlenie/zdatsya-2-kmnatna-kvartira-na-vinogradar-ID10AZt8.html?search_reason=search%7Corganic,15000,UAH,338.85,1,,,Подільський,Здається 2-кімнатна квартира на Виноградарі,,15 000 грн.
olx,https://www.olx.ua/d/uk/obyavlenie/horolska-1a-prostora-suchasna-1k-boyler-generator-m-cherngvska-15hv-ID10B3y7.html?search_reason=search%7Corganic,10000,UAH,225.90,0,,,Дніпровський,"Хорольська 1А, простора сучасна 1к, бойлер, генератор .м Чернігівська 15хв",,10 000 грн.
olx,https://www.olx.ua/d/uk/obyavlenie/zdam-v-orendu-kvartiru-3-h-kmnatna-ID10AnzL.html?search_reason=search%7Corganic,11000,UAH,248.49,2,,,Солом'янський,Здам в оренду квартиру 3-х кімнатна,,11 000 грн.
olx,https://www.olx.ua/d/uk/obyavlenie/orenda-avtonomna-2k-kvartira-obolonsky-obolon-natalka-park-pr-obolonskiy-mnska-residences-smart-plaza-generator-vidova-ecoflow-vasyuka-lipki-ID10oEaD.html?search_reason=search%7Corganic,39863,UAH,900.50,1,,,Оболонський,Оренда АВТОНОМНА 2к квартира ObolonSky Оболонь Наталка парк пр Оболонський Мінська Residences Smart Plaza Генератор Видова EcoFlow Івасюка Липки,,39 863.77 грн.Договірна
olx,https://www.olx.ua/d/uk/obyavlenie/orenda-odnokmnatno-kvartiri-ID10ovFh.html?search_reason=search%7Corganic,8000,UAH,180.72,0,,,Подільський,Оренда однокімнатної квартири,,8 000 грн.
olx,https://www.olx.ua/d/uk/obyavlenie/orenda-dvokmnatno-kvartiri-pr-mikoli-bazhana-14-darnitskiy-rayon-IDYL83y.html?search_reason=search%7Corganic,16000,UAH,361.44,1,,,Дарницький,"Оренда двокімнатної квартири, пр. Миколи Бажана, 14, Дарницький район",,16 000 грн.
olx,https://www.olx.ua/d/uk/obyavlenie/orenda-2-km-kv-bortnich-ID10AYvS.html?search_reason=search%7Corganic,11000,UAH,248.49,1,,,Дарницький,Оренда 2-кім. кв. Бортничі,,11 000 грн.
olx,https://www.olx.ua/d/uk/obyavlenie/orenda-3-k-kv-95-m2-vul-generala-shapovala-2-zhk-smaragdoviy-ID10vdcC.html?search_reason=search%7Cpromoted,44500,UAH,1005.25,2,95,10.58,Солом'янський,"Оренда 3 к кв 95 м2, вул Генерала Шаповала,2. ЖК Смарагдовий",95 м2,44 500 грн.
olx,https://www.olx.ua/d/uk/obyavlenie/zdatsya-prostora-2-kmnatna-kvartira-90-m2-metro-slavutich-ID10BbFQ.html?search_reason=search%7Corganic,52000,UAH,1174.68,1,90,13.05,Печерський,"Здається простора 2-кімнатна квартира , 90 м2, метро Славутич",90 м2,52 000 грн.
olx,https://www.olx.ua/d/uk/obyavlenie/sdam-1k-kv-mebel-tehnika-borschagovka-m-svyatoshin-akademgorodok-IDYdWFU.html?search_reason=search%7Corganic,7000,UAH,158.13,0,,,Святошинський,"сдам 1к.кв., мебель, техника, Борщаговка, м.Святошин, Академгородок",,7 000 грн.
olx,https://www.olx.ua/d/uk/obyavlenie/orenda-4-kmn-260m-tsentr-kiva-kropivnitskogo-10-besarabka-IDYM0Fk.html?search_reason=search%7Corganic,110732,UAH,2501.43,3,260,9.62,Печерський,"Оренда 4-кімн  260м² центр Києва, Кропивницького 10, Бесарабка",260м²,110 732.70 грн.
olx,https://www.olx.ua/d/uk/obyavlenie/orenda-novo-3-k-kv-90m2-zhk-novopechersk-lipki-dragomirova-17v-IDZ3D2F.html?search_reason=search%7Corganic,106303,UAH,2401.38,2,90,26.68,Печерський,"Оренда нової 3-к кв. 90м2 - ЖК-Новопечерські Липки - Драгомирова , 17В",90м2,106 303.39 грн.
olx,https://www.olx.ua/d/uk/obyavlenie/zdatsya-v-orendu-1-kmnatna-kvartira-v-zhk-parkland-ID10BbNM.html?search_reason=search%7Corganic,19000,UAH,429.21,0,,,Голосіївський,"Здається в оренду 1-кімнатна квартира, в ЖК ParkLand",,19 000 грн.
olx,https://www.olx.ua/d/uk/obyavlenie/zdatsya-1-kmnatna-kvartira-v-zhk-varshavskiy-ID10AVNz.html?search_reason=search%7Corganic,15000,UAH,338.85,0,,,Подільський,Здається 1-кімнатна квартира в ЖК Варшавський,,15 000 грн.
olx,https://www.olx.ua/d/uk/obyavlenie/orenda-1-kmnatno-kvartiri-metro-poznyaki-ID10BbqT.html?search_reason=search%7Corganic,18000,UAH,406.62,0,,,Дарницький,Оренда 1 кімнатної квартири Метро Позняки,,18 000 грн.
olx,https://www.olx.ua/d/uk/obyavlenie/chornovola-25-orenda-3-kmnatno-kvartira-v-tseglyanomu-budinku-2005-roku-blya-metro-ID10yErs.html?search_reason=search%7Cpromoted,44293,UAH,1000.58,2,,,Шевченківський,"Чорновола, 25. Оренда 3-кімнатної квартира в цегляному будинку 2005 року біля метро",,44 293.08 грн.
olx,https://www.olx.ua/d/uk/obyavlenie/orenda-1k-kvartiri-na-troschin-36m2-prospekt-chervono-kalini-44-10-ID10h83w.html?search_reason=search%7Cpromoted,8000,UAH,180.72,0,36,5.02,Деснянський,"Оренда 1к квартири на Троєщині, 36м2, проспект Червоної Калини, 44/10",36м2,8 000 грн.
olx,https://www.olx.ua/d/uk/obyavlenie/sdam-2-kmnatnu-kvartiru-IDVlS52.html?search_reason=search%7Cpromoted,44293,UAH,1000.58,1,,,Подільський,Сдам 2- кімнатну квартиру,,44 293.08 грн.
olx,https://www.olx.ua/d/uk/obyavlenie/zdatsya-2-kmnatna-kvartira-na-pr-nauki-42-1-k3-ID10AZag.html?search_reason=search%7Corganic,15500,UAH,350.14,1,,,Голосіївський,"Здається 2-кімнатна квартира на пр.Науки,42/1 к3",,15 500 грн.
olx,https://www.olx.ua/d/uk/obyavlenie/vlasnik-5-k-penthaus-z-terasoyu-zhk-parkove-msto-vishgorodska-45-IDZtOm5.html?search_reason=search%7Corganic,57581,UAH,1300.75,4,,,Оболонський,Власник.5 к. Пентхаус з терасою ЖК «Паркове місто» Вишгородська 45,,57 581 грн.
olx,https://www.olx.ua/d/uk/obyavlenie/zdam-1-k-lsoviy-prospekt-21-ID10B6yi.html?search_reason=search%7Corganic,8700,UAH,196.53,0,,,Дніпровський,здам 1-к ЛІсовий проспект 21,,8 700 грн.Договірна
olx,https://www.olx.ua/d/uk/obyavlenie/dovgostrokova-orenda-1k-kvartiri-vul-svyatoshinska-reltorv-proshu-ne-turbuvati-ID10B5as.html?search_reason=search%7Corganic,16000,UAH,361.44,0,,,Святошинський,"Довгострокова оренда 1к квартири, вул. Святошинська, ріелторів прошу не турбувати",,16 000 грн.
olx,https://www.olx.ua/d/uk/obyavlenie/orenda-chudoao-1k-kv-v-zhk-galaktika-ID10AFYE.html?search_reason=search%7Corganic,23245,UAH,525.10,0,,,Дніпровський,Оренда чудоаої 1к.кв. в ЖК Галактика!,,23 245.56 грн.
olx,https://www.olx.ua/d/uk/obyavlenie/zdam-1k-kvartira-obolon-bogatirska-10-metro-gerov-dnpra-9h-pshki-IDZeMiF.html?search_reason=search%7Corganic,12900,UAH,291.41,0,,,Оболонський,"Здам 1к квартира Оболонь, Богатирська 10, метро героїв Дніпра 9х пішки",,12 900 грн.
olx,https://www.olx.ua/d/uk/obyavlenie/orenda-1k-kvartiri-na-vul-ronalda-reygana-ID10AYRQ.html?search_reason=search%7Corganic,10000,UAH,225.90,0,,,Деснянський,Оренда 1к квартири на вул. Рональда Рейгана,,10 000 грн.
olx,https://www.olx.ua/d/uk/obyavlenie/orenda-1k-smart-kv-metro-slavutich-osokorki-4-hv-pshki-ID10B6MO.html?search_reason=search%7Corganic,9000,UAH,203.31,0,,,Дарницький,Оренда 1к.смарт кв. Метро Славутич Осокорки 4 хв.пішки,,9 000 грн.
olx,https://www.olx.ua/d/uk/obyavlenie/orenda-vlasnik-2-h-km-kvartira-panorama-na-pechersku-ID10fhfw.html?search_reason=search%7Cpromoted,37649,UAH,850.49,1,,,Печерський,Оренда!!! Власник!!! 2 х кім. квартира «Панорама на Печерську»,,37 649.12 грн.Договірна
olx,https://www.olx.ua/d/uk/obyavlenie/aktualna-1k-zhk-frantsuzskiy-kvartal-2-pechersk-vlasnik-ID10pfmR.html?search_reason=search%7Cpromoted,44293,UAH,1000.58,0,,,Печерський,"Актуальна, 1к ЖК «Французский квартал 2», Печерськ, власник.",,44 293.08 грн.
olx,https://www.olx.ua/d/uk/obyavlenie/orenda-stud-1-y-poverh-v-zhk-komfort-taun-prosp-sobornost-17-ID10zoiC.html?search_reason=search%7Cpromoted,14000,UAH,316.26,0,,,Дніпровський,"Оренда студії (1-й поверх) в ЖК Комфорт Таун, просп. Соборності, 17",,14 000 грн.
olx,https://www.olx.ua/d/uk/obyavlenie/1-k-kvartira-v-tsentr-ahmatdit-povtroflotskiy-ID10AThD.html?search_reason=search%7Corganic,14200,UAH,320.78,0,,,Шевченківський,"1- к Квартира в Центрі: Ахматдит, Повітрофлотський.",,14 200 грн.
olx,https://www.olx.ua/d/uk/obyavlenie/bez-2-km-harkvskiy-masiv-vul-olynika-stepana-17-mebl-tehnka-IDYEdMe.html?search_reason=search%7Corganic,18000,UAH,406.62,1,,,Дарницький,"Без% 2-кім Харківський масив, вул. Олійника Степана,17 меблі, техніка",,18 000 грн.
olx,https://www.olx.ua/d/uk/obyavlenie/zdam-1-kmnatnu-kvartiru-na-vinogradar-ID10ALPA.html?search_reason=search%7Corganic,15000,UAH,338.85,0,,,Подільський,Здам 1 кімнатну квартиру на Виноградарі,,15 000 грн.
olx,https://www.olx.ua/d/uk/obyavlenie/orenda-odnokmnatno-kvartiri-golosvsky-rayon-ID10Av92.html?search_reason=search%7Corganic,25000,UAH,564.75,0,,,Голосіївський,оренда однокімнатної квартири Голосіївській район,,25 000 грн.Договірна
olx,https://www.olx.ua/d/uk/obyavlenie/orenda-2-kmnatno-kvartiri-vul-saperno-slobdska-22-ID10p2p1.html?search_reason=search%7Corganic,25000,UAH,564.75,1,,,Голосіївський,"Оренда 2 кімнатної квартири, вул. Саперно-Слобідська, 22",,25 000 грн.
olx,https://www.olx.ua/d/uk/obyavlenie/dizaynerska-2k-kvartira-zhk-libd-blya-ocean-plaza-metro-libdska-ta-olmpyska-vulitsya-malevicha-89-ID10AlNB.html?search_reason=search%7Corganic,46507,UAH,1050.59,1,,,Печерський,ДИЗАЙНЕРСЬКА 2к квартира ЖК Либідь біля Ocean Plaza метро Либідська та Олімпійська вулиця Малевича 89,,46 507.73 грн.Договірна
olx,https://www.olx.ua/d/uk/obyavlenie/zhk-time-orenda-2h-kmn-vul-v-lipkvskogo-38-generator-IDYsAYz.html?search_reason=search%7Corganic,39863,UAH,900.50,1,,,Солом'янський,"ЖК TIMЕ Оренда 2х кімн вул.В.Липківського, 38, генератор.",,39 863.77 грн.
olx,https://www.olx.ua/d/uk/obyavlenie/orenda-5k-zhk-busov-hill-pechersk-ID10BbSm.html?search_reason=search%7Corganic,168313,UAH,3802.18,4,,,Печерський,Оренда 5К ЖК Busov Hill Печерськ,,168 313.70 грн.Договірна
olx,https://www.olx.ua/d/uk/obyavlenie/orenda-kvartiri-kuhnya-studya-ta-okremo-kmnata-zakritiy-dvr-parkovkoyu-vul-raketna-24b-golosvskiy-rn-IDY2RqY.html?search_reason=search%7Cpromoted,15500,UAH,350.14,0,,,Голосіївський,"Оренда квартири, кухня студія та окремо кімната,  закритий двір і парковкою вул.Ракетна 24б, Голосіївський рн",,15 500 грн.
olx,https://www.olx.ua/d/uk/obyavlenie/orenda-2-kmnatno-kvartiri-po-vul-horolska-1-a-dnprovskiy-rayon-IDZY6eS.html?search_reason=search%7Corganic,13000,UAH,293.67,1,,,Дніпровський,"Оренда 2-кімнатної квартири по вул. Хорольська 1-А,Дніпровський район",,13 000 грн.
olx,https://www.olx.ua/d/uk/obyavlenie/sdayu-kvartiru-1k-na-vul-maksimovicha-golosvskiy-ID10B2fB.html?search_reason=search%7Corganic,19000,UAH,429.21,0,,,Солом'янський,Сдаю квартиру 1к на вул. Максимовича Голосіівський,,19 000 грн.
olx,https://www.olx.ua/d/uk/obyavlenie/orenda-2kmnatno-m-vokzalna-zhk-smaragdoviy-IDZRnLa.html?search_reason=search%7Corganic,29500,UAH,666.40,1,,,Солом'янський,"Оренда 2кімнатної,м.Вокзальна,ЖК Смарагдовий",,29 500 грн.
olx,https://www.olx.ua/d/uk/obyavlenie/orenda-1k-kvartiri-na-prosp-mikoli-bazhana-ID10AYX9.html?search_reason=search%7Corganic,11000,UAH,248.49,0,,,Дарницький,Оренда 1к квартири на просп. Миколи Бажана,,11 000 грн.
olx,https://www.olx.ua/d/uk/obyavlenie/kvartira-1k-tlki-doya-dvchini-metro-virlitsya-5hv-vul-kamyanska-127-vlasnik-IDYqoEB.html?search_reason=search%7Corganic,15000,UAH,338.85,0,,,Дарницький,"Квартира 1к , тільки доя дівчини,  метро Вирлиця 5хв, вул Камянська 127 власник",,15 000 грн.
olx,https://www.olx.ua/d/uk/obyavlenie/orenda-stilno-3-h-kmnatno-kvartiri-z-panoramnim-vidom-vul-mihayla-dontsya-2-a-ID10uQGG.html?search_reason=search%7Cpromoted,44293,UAH,1000.58,2,,,Солом'янський,"Оренда стильної 3-х кімнатної квартири з панорамним видом — вул. Михайла Донця, 2-А",,44 293.08 грн.
olx,https://www.olx.ua/d/uk/obyavlenie/arenda-1k-kvartiry-ul-konovaltsa-pechersk-zhk-panorama-na-pecherske-IDYau0W.html?search_reason=search%7Cpromoted,39863,UAH,900.50,0,,,Печерський,"Аренда 1к квартиры, ул. Коновальца , Печерск, ЖК Панорама на Печерске",,39 863.77 грн.
olx,https://www.olx.ua/d/uk/obyavlenie/zdam-1-kmn-kvartiru-vul-s-danchenka-28b-kiv-ID10zjx9.html?search_reason=search%7Cpromoted,16500,UAH,372.73,0,,,Подільський,"Здам 1-кімн квартиру, вул. С. Данченка, 28Б, Київ",,16 500 грн.
olx,https://www.olx.ua/d/uk/obyavlenie/zdam-2-k-kvartiru-51-kv-m-pr-t-glushkova-9-g-3-poverh-metro-podrom-ID10AQWI.html?search_reason=search%7Corganic,22000,UAH,496.98,1,51,9.74,Голосіївський,"Здам 2-к квартиру 51 кв.м. Пр-т Глушкова 9-Г, 3 поверх, метро Іподром",51 кв.м,22 000 грн.
olx,https://www.olx.ua/d/uk/obyavlenie/bez-zdam-1k-kvartiru-z-meblyami-ta-tehnkoyu-vul-rayduzhna-13-v-ID10Bb8Y.html?search_reason=search%7Corganic,12999,UAH,293.65,0,,,Дніпровський,Без %‼️Здам 1к.квартиру з меблями та технікою.вул.Райдужна 13-В,,12 999 грн.
olx,https://www.olx.ua/d/uk/obyavlenie/zdam-1-kmnatnu-na-prosp-vropeyskogo-soyuzupravdi-3-ID10AFtt.html?search_reason=search%7Corganic,6700,UAH,151.35,0,,,Подільський,"Здам 1-кімнатну на просп. Європейського Союзу(Правди), 3",,6 700 грн.
olx,https://www.olx.ua/d/uk/obyavlenie/sdam-1-k-m-svyatoshino-vul-svyatoshinska-6-beresteyskiy-prosp-nivki-IDXusd5.html?search_reason=search%7Corganic,15000,UAH,338.85,0,,,Святошинський,"Сдам 1 к. м. Святошино, вул. Святошинська, 6 Берестейський просп Нивки",,15 000 грн.Договірна
olx,https://www.olx.ua/d/uk/obyavlenie/kahovska-62-kvartira-studya-hozyain-ID10AV9w.html?search_reason=search%7Corganic,15500,UAH,350.14,0,,,Дніпровський,"Каховська 62, квартира-студія , хозяин",,15 500 грн.
olx,https://www.olx.ua/d/uk/obyavlenie/naykrascha-3-kmn-kvartira-v-novomu-budinku-zhk-rvra-metro-slavutich-ID10AVJa.html?search_reason=search%7Corganic,48722,UAH,1100.63,2,,,Дарницький,Найкраща /3 кімн/квартира в новому будинку ЖК Рів'єра метро Славутич,,48 722.39 грн.Договірна
olx,https://www.olx.ua/d/uk/obyavlenie/orenda-avtonomna-3k-kvartira-natalka-obolon-yordanska-pochayna-vasyuka-oazis-generator-nvertor-ukrittya-lipki-petrvka-stalngrada-park-residences-ID10oDJm.html?search_reason=search%7Corganic,66439,UAH,1500.85,2,,,Оболонський,Оренда АВТОНОМНА 3к квартира Наталка Оболонь Йорданська Почайна Івасюка Оазис Генератор Інвертор Укриття Липки Петрівка Сталінграда Парк Residences,,66 439.62 грн.Договірна
olx,https://www.olx.ua/d/uk/obyavlenie/zdam-1-kmn-kvartiru-kiv-ID10bmTW.html?search_reason=search%7Cpromoted,8000,UAH,180.72,0,,,Святошинський,здам 1-кімн. квартиру Київ,,8 000 грн.
olx,https://www.olx.ua/d/uk/obyavlenie/persha-orenda-1-kmnatno-kvartiri-zhk-varshavskiy-2-vulitsya-oleksandra-olesya-9a-varshavskiy-kvartal-trts-retrovl-metro-nivki-sirets-ID10xk6k.html?search_reason=search%7Cpromoted,26000,UAH,587.34,0,,,Подільський,"Перша Оренда 1-кімнатної квартири ЖК Варшавський-2, вулиця Олександра Олеся, 9А, Варшавський Квартал ТРЦ Ретровіль метро Нивки Сирець",,26 000 грн.Договірна
olx,https://www.olx.ua/d/uk/obyavlenie/pisati-na-mesendzheri-orenda-1k-metro-klovska-5-hv-3-poverh-plita-gazova-IDYCtjk.html?search_reason=search%7Corganic,22000,UAH,496.98,0,,,Печерський,Писати на месенджери Оренда 1к метро Кловська 5 хв 3 поверх плита газова,,22 000 грн.Договірна
olx,https://www.olx.ua/d/uk/obyavlenie/zdam-1-kmnatnu-kvartiru-vul-zdolbunvska-3-metro-osokorki-7-hvilin-ID10AWJy.html?search_reason=search%7Corganic,11000,UAH,248.49,0,,,Дарницький,Здам 1 кімнатну квартиру вул. Здолбунівська 3 метро Осокорки 7 хвилин,,11 000 грн.
olx,https://www.olx.ua/d/uk/obyavlenie/orenda-1-k-kvartiri-zhk-bogatirskiy-ID10AYVU.html?search_reason=search%7Corganic,18000,UAH,406.62,0,,,Оболонський,Оренда 1 к квартири ЖК Богатирський,,18 000 грн.
olx,https://www.olx.ua/d/uk/obyavlenie/saksaganskogo-vul-45-orenda-2-kmn-bez-komssynih-ID10ozmA.html?search_reason=search%7Corganic,31005,UAH,700.40,1,,,Печерський,"Саксаганського вул. 45, оренда 2-кімн. Без коміссійних!",,31 005.15 грн.
olx,https://www.olx.ua/d/uk/obyavlenie/orenda-3k-kvartiri-u-kiv-les-ukranki-bul-7a-bez-koms-IDUtayf.html?search_reason=search%7Corganic,70868,UAH,1600.90,2,,,Печерський,"Оренда 3к квартири у Києві, Лесі Українки бул., 7А Без комісії",,70 868.92 грн.
olx,https://www.olx.ua/d/uk/obyavlenie/orenda-1k-kvartiri-vul-bereznyakvska-bereznyaki-pr-t-p-tichini-ID10B22H.html?search_reason=search%7Corganic,10000,UAH,225.90,0,,,Дніпровський,"Оренда 1к квартири вул. Березняківська , Березняки, пр-т П. Тичини",,10 000 грн.
olx,https://www.olx.ua/d/uk/obyavlenie/vlasnik-zdayu-1-kmnatnu-kvartiru-na-bativy-gor-tihiy-rayon-ID10B15L.html?search_reason=search%7Corganic,10000,UAH,225.90,0,,,Солом'янський,"Власник здаю 1-кімнатну квартиру на Батиєвій горі, тихий район",,10 000 грн.
olx,https://www.olx.ua/d/uk/obyavlenie/orenda-3k-kvartiri-vul-staronavodnitska-6b-poruch-metro-pecherska-ID10AgNm.html?search_reason=search%7Cpromoted,57581,UAH,1300.75,2,,,Печерський,"Оренда 3к квартири, вул. Старонаводницька, 6Б, поруч метро Печерська",,57 581 грн.
olx,https://www.olx.ua/d/uk/obyavlenie/sdam-1k-podlskiy-r-n-vul-petropavlvska-bud-11-ID10xIzZ.html?search_reason=search%7Cpromoted,11000,UAH,248.49,0,,,Подільський,Сдам 1к Подільський р-н вул Петропавлівська буд 11,,11 000 грн.
olx,https://www.olx.ua/d/uk/obyavlenie/zdam-dvokmnatnu-kvartiru-m-akademmstechko-vul-dobrohotova-ID10uU1y.html?search_reason=search%7Corganic,20000,UAH,451.80,1,,,Святошинський,"Здам двокімнатну квартиру,  М. "" Академмістечко "", вул. Доброхотова",,20 000 грн.
olx,https://www.olx.ua/d/uk/obyavlenie/orenda-persha-zdacha-3k-zhk-rver-stoun-truskavetska-osokorki-river-stone-ID10bI8U.html?search_reason=search%7Corganic,93015,UAH,2101.20,2,,,Дарницький,Оренда Перша Здача 3к ЖК Рівер Стоун Трускавецька Осокорки River Stone,,93 015.46 грн.
olx,https://www.olx.ua/d/uk/obyavlenie/orenda-4h-km-m-palats-ukrani-libdska-vul-kovpaka-17-pechersk-IDYtaI8.html?search_reason=search%7Corganic,53151,UAH,1200.68,3,,,Печерський,"Оренда 4х кім. м. Палац України  Либідська вул. Ковпака 17, Печерськ",,53 151.69 грн.
olx,https://www.olx.ua/d/uk/obyavlenie/orenda-1k-kvartiri-vlasnik-darnitsya-harkvske-prazka-sobornost-ID10AA4f.html?search_reason=search%7Corganic,13000,UAH,293.67,0,,,Дніпровський,Оренда 1к квартири власник дарниця харківське празька соборності,,13 000 грн.
olx,https://www.olx.ua/d/uk/obyavlenie/zdam-1-kmn-kvartiru-vul-dzhohara-dudaeva-2-solomyanskiy-rayon-IDZ0CQr.html?search_reason=search%7Corganic,10000,UAH,225.90,0,,,Солом'янський,"Здам 1 кімн. квартиру,  вул. Джохара Дудаева 2, Солом'янський район.",,10 000 грн.
olx,https://www.olx.ua/d/uk/obyavlenie/zdatsya-kvartira-studya-na-prosp-sobornost-v-zhk-komfort-taun-ID10AFHf.html?search_reason=search%7Corganic,13000,UAH,293.67,0,,,Дніпровський,"Здається квартира-студія на просп. Соборності, в ЖК ""Комфорт Таун""",,13 000 грн.
olx,https://www.olx.ua/d/uk/obyavlenie/zdam-1-k-kvartiru-sholom-aleyhema-ID10oXOD.html?search_reason=search%7Corganic,11000,UAH,248.49,0,,,Деснянський,Здам 1 к квартиру Шолом-Алейхема,,11 000 грн.
olx,https://www.olx.ua/d/uk/obyavlenie/orenda-1k-kvartiri-nova-darnitsya-zhk-novodarnitskiy-IDZ6Cmb.html?search_reason=search%7Corganic,16000,UAH,361.44,0,,,Дарницький,"Оренда 1к квартири Нова Дарниця, жк Новодарницький",,16 000 грн.
olx,https://www.olx.ua/d/uk/obyavlenie/orenda-3h-kmn-kvartiri-78m2-vul-bloruska-9-shevchenkvskiy-r-n-IDZVKWa.html?search_reason=search%7Corganic,22000,UAH,496.98,2,78,6.37,Шевченківський,Оренда 3х кімн квартири 78м2 вул Білоруська 9 Шевченківський р-н,78м2,22 000 грн.
olx,https://www.olx.ua/d/uk/obyavlenie/orenda-3k-kvartiri-zhk-novopechersk-lipki-vul-verhoglyada-pechersk-IDZYo9s.html?search_reason=search%7Corganic,97444,UAH,2201.25,2,,,Печерський,Оренда 3к квартири ЖК Новопечерські Липки вул. Верхогляда Печерськ,,97 444.77 грн.
olx,https://www.olx.ua/d/uk/obyavlenie/orenda-1k-kvartiri-simirenka-svyatoshinskiy-rayon-ID10AZsy.html?search_reason=search%7Corganic,15000,UAH,338.85,0,,,Святошинський,Оренда 1к.квартири Симиренка Святошинський район,,15 000 грн.
olx,https://www.olx.ua/d/uk/obyavlenie/orenda-4k-kvartiri-v-kiv-rininska-vul-5-24-bez-koms-IDYP34Z.html?search_reason=search%7Corganic,88586,UAH,2001.15,3,,,Шевченківський,"Оренда 4к квартири в Києві, Ірининська вул., 5/24 Без комісії",,88 586.16 грн.
olx,https://www.olx.ua/d/uk/obyavlenie/orenda-3-h-kmn-kvartiri-zhk-malaht-solomyanka-poruch-zhk-kvartet-ID10qDWF.html?search_reason=search%7Cpromoted,70868,UAH,1600.90,2,,,Солом'янський,"Оренда 3-х кімн. квартири ЖК Малахіт, Солом'янка, поруч ЖК Квартет",,70 868.92 грн.Договірна
olx,https://www.olx.ua/d/uk/obyavlenie/zdatsya-v-orendu-1-kmnatna-kvartira-v-zhk-teremki-ID10BasC.html?search_reason=search%7Corganic,20000,UAH,451.80,0,,,Голосіївський,Здається в оренду 1-кімнатна квартира в ЖК Теремки,,20 000 грн.
olx,https://www.olx.ua/d/uk/obyavlenie/sdam-2-komn-kvartiru-ot-hozyaina-voskresenkapr-shuhevicha-22a-ID10AMLR.html?search_reason=search%7Corganic,17000,UAH,384.03,1,,,Дарницький,Сдам 2 комн. квартиру от хозяина (Воскресенка)пр Шухевича 22А,,17 000 грн.
olx,https://www.olx.ua/d/uk/obyavlenie/sdam-odnokmnatnu-kvartiru-vul-mlyutenka-ID10AX2O.html?search_reason=search%7Corganic,9000,UAH,203.31,0,,,Дніпровський,Сдам однокімнатну квартиру вул Мілютенка,,9 000 грн.
olx,https://www.olx.ua/d/uk/obyavlenie/orenda-2-km-kvartiri-karavavi-dach-metro-shulyavska-sevastopolska-ploscha-ID10Azw2.html?search_reason=search%7Corganic,20000,UAH,451.80,1,,,Солом'янський,"Оренда 2 кім. квартири Караваєвi Дачі, метро Шулявська, Севастопольська площа",,20 000 грн.
olx,https://www.olx.ua/d/uk/obyavlenie/bez-gaz-1k-vishgorodska-4a-kurenvka-vinogradar-obolon-ID10B9UQ.html?search_reason=search%7Corganic,13000,UAH,293.67,0,,,Оболонський,"Без% Газ 1к Вишгородська, 4а Куренівка Виноградар Оболонь",,13 000 грн.
olx,https://www.olx.ua/d/uk/obyavlenie/zdatsya-v-orendu-1-kvartira-studya-smart-ID10B9dw.html?search_reason=search%7Corganic,13000,UAH,293.67,0,,,Печерський,"Здається в оренду 1 квартира (студія, смарт)",,13 000 грн.
olx,https://www.olx.ua/d/uk/obyavlenie/orenda-4-km-tn-kvartiri-dragomirova-15b-z-2-parkomstsyami-pechersk-IDXVwL6.html?search_reason=search%7Corganic,150596,UAH,3401.95,3,,,Печерський,"Оренда 4-кім-тн квартири Драгомирова, 15Б з 2 паркомісцями Печерськ",,150 596.47 грн.
olx,https://www.olx.ua/d/uk/obyavlenie/termnovo-v-orendu-vd-vlasnika-2-kmn-kv-komfortna-y-prostora-v-bud-z-rezervnim-zhivlennyam-ta-pdzemnim-parkngom-zhk-4-sezona-bud-3d-kv-340-ID10AYEj.html?search_reason=search%7Corganic,31005,UAH,700.40,1,,,Голосіївський,"Терміново в оренду від власника 2-кімн. кв комфортна й простора в буд з резервним живленням та підземним паркінгом, ЖК 4 сезона, буд 3Д, кв. 340",,31 005.15 грн.Договірна
olx,https://www.olx.ua/d/uk/obyavlenie/orenda-2-kmnatno-kvartiri-46m2-vul-degtyarvska-43-1-shkvchenkvskiy-r-n-bez-koms-ID10xUOr.html?search_reason=search%7Corganic,20000,UAH,451.80,1,46,9.82,Шевченківський,"Оренда 2-кімнатної квартири 46м2, вул. Дегтярівська 43/1 Шквченківський р-н. Без комісії",46м2,20 000 грн.Договірна
olx,https://www.olx.ua/d/uk/obyavlenie/zdatsya-odnokmnatna-kvartira-vul-dontsya-2-b-ID10B6F0.html?search_reason=search%7Corganic,18000,UAH,406.62,0,,,Солом'янський,Здається однокімнатна  квартира. Вул.Донця 2-Б,,18 000 грн.
olx,https://www.olx.ua/d/uk/obyavlenie/orenda-1k-vul-kadetskiy-gay-solomyanskiy-rayon-metro-vokzalna-ID10AMwl.html?search_reason=search%7Corganic,15500,UAH,350.14,0,,,Солом'янський,"Оренда 1к, вул. Кадетський Гай, Солом‘янський район, метро Вокзальна",,15 500 грн.
olx,https://www.olx.ua/d/uk/obyavlenie/persha-zdacha-stilna-2-k-kvartira-v-zhk-l-kvartal-v-gavela-6-7a-m-beresteyska-ID10w6Ik.html?search_reason=search%7Corganic,30000,UAH,677.70,1,,,Солом'янський,Перша здача! Стильна 2-к квартира в ЖК L-Kvartal  В. Гавела 6/7а  М.Берестейська,,30 000 грн.
olx,https://www.olx.ua/d/uk/obyavlenie/orenda-prostoro-1-kmnatno-kvartiri-blya-metro-akademmstechko-ID10AI8W.html?search_reason=search%7Corganic,18000,UAH,406.62,0,,,Святошинський,Оренда просторої 1-кімнатної квартири біля метро «Академмістечко»,,18 000 грн.
olx,https://www.olx.ua/d/uk/obyavlenie/orenda-1-kmnatno-kvartiri-1-9-pov-30-m-persha-zdacha-ID10Ap5R.html?search_reason=search%7Corganic,16500,UAH,372.73,0,30,12.42,Оболонський,"Оренда 1-кімнатної квартири, 1/9 пов., 30 м² ПЕРША ЗДАЧА!",30 м²,16 500 грн.
olx,https://www.olx.ua/d/uk/obyavlenie/orenda-odnokmnatno-kvartiri-z-nevelichkoyu-saunoyu-za-adresoyu-harkvske-shosse-182-ID10AVyz.html?search_reason=search%7Corganic,16000,UAH,361.44,0,,,Дарницький,Оренда однокімнатної квартири з невеличкою сауною за адресою: Харківське шоссе 182,,16 000 грн.
olx,https://www.olx.ua/d/uk/obyavlenie/odnokmnatna-kvartira-zakrevskogo-49-ID10AC1b.html?search_reason=search%7Corganic,7000,UAH,158.13,0,,,Деснянський,"Однокімнатна квартира, Закревського,49",,7 000 грн.
olx,https://www.olx.ua/d/uk/obyavlenie/pvdenna-borschagvka-3kmn-kvartira-korolova-IDZZcvs.html?search_reason=search%7Corganic,12500,UAH,282.37,2,,,Святошинський,"Південна Борщагівка,  3кімн квартира Корольова",,12 500 грн.
olx,https://www.olx.ua/d/uk/obyavlenie/zdatsya-odnokmnatna-kvartira-v-zhk-sofya-nova-IDZrNxn.html?search_reason=search%7Corganic,18000,UAH,406.62,0,,,Солом'янський,Здається однокімнатна квартира в ЖК Софія нова,,18 000 грн.
olx,https://www.olx.ua/d/uk/obyavlenie/kvartira-studya-z-vroremontom-blya-metro-klovska-ta-aresenalna-ID10AZlW.html?search_reason=search%7Corganic,19000,UAH,429.21,0,,,Печерський,Квартира студія з євроремонтом біля метро Кловська та Аресенальна!,,19 000 грн.Договірна
olx,https://www.olx.ua/d/uk/obyavlenie/bez-zhilyanska-59-zadatsya-2h-km-kv-zhk-diplomat-hol-IDXzmJG.html?search_reason=search%7Corganic,35000,UAH,790.65,1,,,Голосіївський,Без% Жилянська 59  Задається 2х кім кв ЖК «Дипломат Хол»,,35 000 грн.
olx,https://www.olx.ua/d/uk/obyavlenie/persha-zdacha-orenda-2-kmnatno-kvartiri-54m2-po-vul-makkeyna-22-pecherskiy-rayon-m-zvrinetska-frantsuzkiy-kvartal-ocean-plaza-tvarini-ID10Ak8S.html?search_reason=search%7Corganic,38742,UAH,875.18,1,54,16.21,Печерський,"Перша здача | Оренда 2-кімнатної квартири (54м2) по вул. Маккейна 22, Печерський район | м. Звіринецька, Французький Квартал, Ocean Plaza | Тварини",54м2,38 742.61 грн.
olx,https://www.olx.ua/d/uk/obyavlenie/orenda-3k-kvartiri-110m2-v-zhk-tetris-hall-vulitsya-fedorova-2a-baseyn-terasa-pechersk-kiv-diskont-vdeo-ID10cUYA.html?search_reason=search%7Corganic,132879,UAH,3001.73,2,110,27.29,Печерський,Оренда 3к Квартири 110м2 в ЖК Tetris Hall вулиця Федорова 2А Басейн Тераса Печерськ Київ ДИСКОНТ ВІДЕО,110м2,132 879.23 грн.
olx,https://www.olx.ua/d/uk/obyavlenie/zdam-1-k-kvartiru-na-lesya-kurbasa-kolbrs-r-k-dnpro-ID10B2zf.html?search_reason=search%7Corganic,12000,UAH,271.08,0,,,Святошинський,Здам 1-к квартиру на Леся Курбаса!Колібріс!р-к Дніпро!,,12 000 грн.
olx,https://www.olx.ua/d/uk/obyavlenie/zdatsya-3k-vd-vlasnika-ID10B3Jn.html?search_reason=search%7Corganic,700,UAH,15.81,2,,,Шевченківський,Здається 3к від власника,,700 грн.
olx,https://www.olx.ua/d/uk/obyavlenie/orenda-1-kmnatnoy-kvartiri-u-darnitskomu-r-n-IDZXW7G.html?search_reason=search%7Corganic,14000,UAH,316.26,0,,,Дарницький,Оренда 1-кімнатной квартири у Дарницькому р-н,,14 000 грн.Договірна
olx,https://www.olx.ua/d/uk/obyavlenie/bez-orenda-1k-50-m2-zhk-galaktka-metro-lvoberezhna-ID10AZjj.html?search_reason=search%7Corganic,22000,UAH,496.98,0,50,9.94,Дніпровський,БЕЗ % Оренда 1к 50 м2 ЖК Галактіка метро Лівобережна,50 м2,22 000 грн.Договірна
olx,https://www.olx.ua/d/uk/obyavlenie/zdam-v-dovgostrokovu-orendu-odnokmnatnu-kvartiru-ID10Akmb.html?search_reason=search%7Corganic,14000,UAH,316.26,0,,,Оболонський,Здам в довгострокову оренду однокімнатну квартиру,,14 000 грн.
olx,https://www.olx.ua/d/uk/obyavlenie/orenda-3-km-kvartiri-z-terasoyu-v-zhk-komfort-taun-berezneva-12-ID10vDss.html?search_reason=search%7Cpromoted,38000,UAH,858.42,2,,,Дніпровський,"Оренда 3-кім квартири з терасою в ЖК Комфорт Таун, Березнева, 12",,38 000 грн.
olx,https://www.olx.ua/d/uk/obyavlenie/sdam-2-h-komnatnuyu-kvartiru-novostroy-gradinskaya-ID10ml9Y.html?search_reason=search%7Cpromoted,18000,UAH,406.62,1,,,Деснянський,Сдам 2- х комнатную квартиру новострой Градинская,,18 000 грн.
olx,https://www.olx.ua/d/uk/obyavlenie/zdam-1-kmn-m-akademmstechko-prov-priladniy-4-ID10awEr.html?search_reason=search%7Corganic,6000,UAH,135.54,0,,,Святошинський,Здам 1 кімн м Академмістечко пров Приладний 4,,6 000 грн.
olx,https://www.olx.ua/d/uk/obyavlenie/orena-3-h-kmnatno-kvartiri-na-poznyakah-ID10B90U.html?search_reason=search%7Corganic,20000,UAH,451.80,2,,,Дарницький,Орена 3-х кімнатноі квартири на Позняках,,20 000 грн.
olx,https://www.olx.ua/d/uk/obyavlenie/orenda-stilna-vrodvokmnatna-v-stalnts-na-pechersku-ID10AVDW.html?search_reason=search%7Corganic,45000,UAH,1016.55,1,,,Печерський,ОРЕНДА: Стильна євродвокімнатна в сталінці на Печерську!,,45 000 грн.
olx,https://www.olx.ua/d/uk/obyavlenie/zdam-2-kmnatnu-kvartiru-b-r-verhovno-radi-ID10x8Kx.html?search_reason=search%7Cpromoted,9000,UAH,203.31,1,,,Дніпровський,Здам 2 кімнатну квартиру б-р Верховної Ради,,9 000 грн.
olx,https://www.olx.ua/d/uk/obyavlenie/orenda-2-k-kvartiri-v-15hv-blya-metro-demvska-ID10AkT5.html?search_reason=search%7Corganic,20000,UAH,451.80,1,,,Голосіївський,Оренда 2 к.квартири в 15хв.біля метро Деміївська,,20 000 грн.
olx,https://www.olx.ua/d/uk/obyavlenie/2-kmnatna-kvartira-metro-poltehnchniy-nstitut-ID10B4xV.html?search_reason=search%7Corganic,17000,UAH,384.03,1,,,Шевченківський,2 кімнатна квартира метро Політехнічний Інститут,,17 000 грн.
olx,https://www.olx.ua/d/uk/obyavlenie/orenda-1-k-kvartiri-vul-privokzalna-ID10B0Ld.html?search_reason=search%7Corganic,11000,UAH,248.49,0,,,Дарницький,Оренда 1-к квартири вул. Привокзальна,,11 000 грн.
olx,https://www.olx.ua/d/uk/obyavlenie/orenda-2k-kv-vul-bratislavska-4-ID10AwAr.html?search_reason=search%7Corganic,10000,UAH,225.90,1,,,Дніпровський,"Оренда 2к.кв , вул. Братиславська 4",,10 000 грн.
olx,https://www.olx.ua/d/uk/obyavlenie/orenda-1-kmnatno-kvartiri-53-m-u-triiinity-7-poverh-persha-zdacha-velikiy-garderob-IDZH0m7.html?search_reason=search%7Corganic,93015,UAH,2101.20,0,53,39.65,Печерський,Оренда 1-кімнатної квартири 53 м² у TRIIINITY  7 поверх перша здача великий гардероб,53 м²,93 015.46 грн.
olx,https://www.olx.ua/d/uk/obyavlenie/arenda-4k-zhk-busov-hill-pechersk-IDLNt3V.html?search_reason=search%7Corganic,101874,UAH,2301.33,3,,,Печерський,Аренда 4к ЖК Busov Hill Печерск,,101 874.08 грн.
olx,https://www.olx.ua/d/uk/obyavlenie/orenda-2h-km-kvartiri-v-zhk-frantsuzkiy-kvartal-2-ID10sjL7.html?search_reason=search%7Corganic,59795,UAH,1350.76,1,,,Печерський,Оренда 2х кім  квартири в жк Французький квартал 2,,59 795.66 грн.Договірна
olx,https://www.olx.ua/d/uk/obyavlenie/orenda-1-km-kvartira-vul-mr-akademka-tupolva-5g-ID10AmfX.html?search_reason=search%7Corganic,14500,UAH,327.55,0,,,Святошинський,Оренда 1-кім. квартира вул. Мрії (Академіка Туполєва) 5Г,,14 500 грн.Договірна
olx,https://www.olx.ua/d/uk/obyavlenie/orenda-2-k-kvartiri-na-solomyants-ID10xH6P.html?search_reason=search%7Corganic,17000,UAH,384.03,1,,,Солом'янський,Оренда 2-к квартири на Солом'янці,,17 000 грн.
olx,https://www.olx.ua/d/uk/obyavlenie/orenda-2h-km-81-m2-dragomanova-31-b-metro-poznyaki-5hv-vlasnik-IDZ4hGX.html?search_reason=search%7Cpromoted,27000,UAH,609.93,1,81,7.53,Дарницький,Оренда 2х-кім 81 м2  Драгоманова 31-Б. метро Позняки 5хв. Власник!,81 м2,27 000 грн.
olx,https://www.olx.ua/d/uk/obyavlenie/bez-arenda-3-h-komnatnoy-kvartiry-v-zhk-new-york-concept-house-ul-antonovicha-74-ID10jdXz.html?search_reason=search%7Cpromoted,50000,UAH,1129.50,2,,,Голосіївський,"Без%Аренда 3-х комнатной квартиры в ЖК New York Concept House, ул.Антоновича 74",,50 000 грн.Договірна
olx,https://www.olx.ua/d/uk/obyavlenie/novopechersk-lipki-orenda-4k-pechersk-ID10et73.html?search_reason=search%7Cpromoted,128007,UAH,2891.67,3,,,Печерський,Новопечерські Липки Оренда 4К Печерськ,,128 007 грн.Договірна
olx,https://www.olx.ua/d/uk/obyavlenie/arenda-kvartiri-stud-zhk-harkvskiy-IDZCEIP.html?search_reason=search%7Corganic,16000,UAH,361.44,0,,,Дарницький,Аренда квартири-студіі ЖК Харьківський,,16 000 грн.
olx,https://www.olx.ua/d/uk/obyavlenie/zdayu-1-kmnatnu-kvartiru-na-vulits-mr-7b-2-poverh-gaz-ID10ADjG.html?search_reason=search%7Corganic,8000,UAH,180.72,0,,,Святошинський,"Здаю 1 кімнатну квартиру на вулиці Мрії 7б, 2 поверх, газ",,8 000 грн.
olx,https://www.olx.ua/d/uk/obyavlenie/kvartira-dlya-sm-orenda-4-k-na-pechersku-les-ukranki-2-tts-gulver-ta-bts-parus-klovska-palats-sportu-ID10h2VC.html?search_reason=search%7Corganic,27000,UAH,609.93,3,,,Печерський,"КВАРТИРА ДЛЯ СІМ'Ї! Оренда 4-к на Печерську, Лесі Українки 2, ТЦ Гулівер та БЦ Парус. Кловська, Палац спорту",,27 000 грн.
olx,https://www.olx.ua/d/uk/obyavlenie/termnovo-sdayu-1k-litvinenka-volgelmut-5-ID10B7NO.html?search_reason=search%7Corganic,12000,UAH,271.08,0,,,Святошинський,Терміново сдаю 1к Литвиненка-Вольгельмут 5,,12 000 грн.Договірна
olx,https://www.olx.ua/d/uk/obyavlenie/zdatsya-2-kmnatna-kvartira-na-vul-srbnoklsky-1-ID10AAAJ.html?search_reason=search%7Corganic,16000,UAH,361.44,1,,,Дарницький,"Здається 2-кімнатна квартира на вул.Срібнокільській,1",,16 000 грн.
olx,https://www.olx.ua/d/uk/obyavlenie/zdam-3-k-kvartiru-ofs-kuhnya-studya-2-kmnati-vul-boychuka-12-ID10AOdW.html?search_reason=search%7Corganic,26000,UAH,587.34,0,,,Печерський,"Здам 3-к квартиру / офіс (кухня-студія + 2 кімнати), вул. Бойчука, 12",,26 000 грн.
olx,https://www.olx.ua/d/uk/obyavlenie/budinok-medikv-persha-orenda-3k-peyzazhka-zolot-vorota-IDZRKXs.html?search_reason=search%7Corganic,232455,UAH,5251.14,2,,,Шевченківський,Будинок медиків Перша оренда 3к Пейзажка Золоті ворота,,232 455.63 грн.
olx,https://www.olx.ua/d/uk/obyavlenie/odnokmnatna-kvartira-3-hv-vd-stants-pecherska-ID10uTvg.html?search_reason=search%7Corganic,18000,UAH,406.62,0,,,Печерський,Однокімнатна квартира 3 хв від станції Печерська,,18 000 грн.Договірна
olx,https://www.olx.ua/d/uk/obyavlenie/zdam-1-k-metro-zolot-vorota-metro-unversitet-7-hvilin-pshki-IDVNcXn.html?search_reason=search%7Cpromoted,24000,UAH,542.16,0,,,Шевченківський,"Здам 1-к. Метро Золоті Ворота, метро Університет - 7 хвилин пішки",,24 000 грн.
olx,https://www.olx.ua/d/uk/obyavlenie/generator-arenda-2k-kvartiry-85m-zhk-golden-park-ul-parkovo-syretskaya-4v-IDZOayk.html?search_reason=search%7Cpromoted,31005,UAH,700.40,1,,,Шевченківський,ГЕНЕРАТОР Аренда 2к квартиры 85м ЖК Golden Park ул Парково Сырецкая 4в,,31 005.15 грн.
olx,https://www.olx.ua/d/uk/obyavlenie/bez-generator-1k-studya-36m2-zhk-olympic-park-metro-3-hvilini-IDZUICf.html?search_reason=search%7Cpromoted,16000,UAH,361.44,0,36,10.04,Дарницький,БЕЗ% Є ГЕНЕРАТОР! 1к студія 36м2 ЖК Olympic Park Метро 3 Хвилини,36м2,16 000 грн.
olx,https://www.olx.ua/d/uk/obyavlenie/zdam-1-kmnatnu-kvartiru-ID10nW8s.html?search_reason=search%7Corganic,8500,UAH,192.01,0,,,Дніпровський,Здам 1 кімнатну квартиру,,8 500 грн.
olx,https://www.olx.ua/d/uk/obyavlenie/vlasnik-zdam-1-k-kvartiru-na-prosp-lesya-kurbasa-10g-kolbrs-ID10ATwY.html?search_reason=search%7Corganic,11000,UAH,248.49,0,,,Святошинський,"ВЛАСНИК! Здам 1-к квартиру на просп. Леся Курбаса, 10Г, Колібріс",,11 000 грн.
olx,https://www.olx.ua/d/uk/obyavlenie/1-kmnatna-kvartira-zhk-varshavskiy-ID10B7ij.html?search_reason=search%7Corganic,24000,UAH,542.16,0,,,Подільський,1 кімнатна квартира ЖК Варшавський,,24 000 грн.
olx,https://www.olx.ua/d/uk/obyavlenie/sdam-2k-kvartiru-ID10B7HV.html?search_reason=search%7Corganic,14999,UAH,338.83,1,,,Солом'янський,Сдам 2к квартиру,,14 999 грн.
olx,https://www.olx.ua/d/uk/obyavlenie/bez-koms-prostora-3-k-kvartira-75-m-na-podol-ID10AYMT.html?search_reason=search%7Corganic,30960,UAH,699.38,2,75,9.33,Шевченківський,Без комісії! Простора 3-к квартира 75 м² на Подолі,75 м²,30 960.86 грн.
olx,https://www.olx.ua/d/uk/obyavlenie/orenda-3k-kvartiri-zhk-ribalskiy-ID10v377.html?search_reason=search%7Cpromoted,62010,UAH,1400.80,2,,,Подільський,Оренда 3к квартири ЖК Рибальский,,62 010.31 грн.
olx,https://www.olx.ua/d/uk/obyavlenie/orenda-prostoro-1-kmnatno-kvartiri-blya-metro-poznyaki-vul-dragomanova-ID10B0Tl.html?search_reason=search%7Corganic,16000,UAH,361.44,0,,,Дарницький,"Оренда просторої 1-кімнатної квартири біля метро «Позняки”, вул. Драгоманова",,16 000 грн.
olx,https://www.olx.ua/d/uk/obyavlenie/zdam-2-kom-kv-oleksandra-koshitsya-vul-10-21-ID10AyIP.html?search_reason=search%7Corganic,16500,UAH,372.73,1,,,Дарницький,"Здам 2 ком.кв.Олександра Кошиця вул., 10/21",,16 500 грн.
olx,https://www.olx.ua/d/uk/obyavlenie/gradinska-1-orenda-2-k-kvartiri-troschina-ID10B4ac.html?search_reason=search%7Corganic,14999,UAH,338.83,1,,,Деснянський,"Градинська 1, оренда 2-к квартири, Троєщина",,14 999 грн.
olx,https://www.olx.ua/d/uk/obyavlenie/orenda-1-k-kvartiriv-zhk-malaht-vul-bogdanvska-ID10AxJw.html?search_reason=search%7Corganic,22000,UAH,496.98,0,,,Солом'янський,"Оренда 1 к.квартирив жк Малахіт,вул.Богданівська !",,22 000 грн.
olx,https://www.olx.ua/d/uk/obyavlenie/poznyaki-orenda-odnokmnatno-kvartiri-na-vul-chavdar-38-zhk-patriotika-ID10B859.html?search_reason=search%7Corganic,12000,UAH,271.08,0,,,Дарницький,"Позняки. Оренда однокімнатної квартири на вул.Чавдар 38. ЖК"" Патриотика"".",,12 000 грн.
olx,https://www.olx.ua/d/uk/obyavlenie/gospodar-sdam-trikmnatnu-vul-budvelnikv-ID10B6bD.html?search_reason=search%7Corganic,17000,UAH,384.03,2,,,Дніпровський,"Господар, сдам трикімнатну вул. Будівельників",,17 000 грн.
olx,https://www.olx.ua/d/uk/obyavlenie/orenda-absolyutno-novo-avtonomno-5kmnatno-kvartiri-zhk-novopechersk-lipki-verhoglyada-dragomirova-pechersk-kiv-ID10xWsI.html?search_reason=search%7Corganic,531516,UAH,12006.91,4,,,Печерський,"Оренда абсолютно нової автономної 5кімнатної квартири ЖК Новопечерські Липки Верхогляда Драгомирова, Печерськ, Київ",,531 516.94 грн.
olx,https://www.olx.ua/d/uk/obyavlenie/zhk-31-persha-orenda-3k-110m-dragomanova-ID10B9qi.html?search_reason=search%7Corganic,101874,UAH,2301.33,2,,,Дарницький,ЖК 31 Перша оренда 3К 110м Драгоманова,,101 874.08 грн.Договірна
olx,https://www.olx.ua/d/uk/obyavlenie/suchasna-dvokmnatna-kvartira-poryad-z-metro-IDZAimW.html?search_reason=search%7Corganic,18000,UAH,406.62,1,,,Святошинський,"Сучасна, двокімнатна квартира поряд з метро",,18 000 грн.
olx,https://www.olx.ua/d/uk/obyavlenie/sdaetsya-1-komnata-kvartira-ID10b5a0.html?search_reason=search%7Corganic,6500,UAH,146.83,0,,,Деснянський,Сдаётся 1 комната квартира,,6 500 грн.
olx,https://www.olx.ua/d/uk/obyavlenie/orenda-1-kmnatno-kvartiri-vlasnik-bez-koms-metro-kp-ID10AITm.html?search_reason=search%7Corganic,21000,UAH,474.39,0,,,Шевченківський,Оренда 1 кімнатної квартири. Власник. Без Комісії. Метро КПІ,,21 000 грн.
olx,https://www.olx.ua/d/uk/obyavlenie/vlasnik-orenda-2k-kvartiri-zhk-zeleniy-ostrv-ID10z6VV.html?search_reason=search%7Corganic,28411,UAH,641.80,1,,,Шевченківський,ВЛАСНИК Оренда 2к квартири ЖК Зелений острів,,28 411.24 грн.
olx,https://www.olx.ua/d/uk/obyavlenie/bez-orenda-2k-vul-yaroslavv-val-21-metro-zolot-vorota-tsentr-ID10oK3F.html?search_reason=search%7Corganic,53151,UAH,1200.68,1,,,Шевченківський,"Без % Оренда 2К, вул. Ярославів Вал 21, метро ""Золоті Ворота"", Центр",,53 151.69 грн.
olx,https://www.olx.ua/d/uk/obyavlenie/vlasnik-dovgostrokova-oreda-2h-kmnatno-kvartiri-57-m2-mnskiy-masiv-vishgorodska-56-2-ID10zCmF.html?search_reason=search%7Corganic,17000,UAH,384.03,1,57,6.74,Оболонський,"Власник , довгострокова ореда 2х кімнатної квартири 57 м2 , Мінський масив Вишгородська 56/2",57 м2,17 000 грн.
olx,https://www.olx.ua/d/uk/obyavlenie/orenda-2k-kvartiri-na-gnata-yuri-18a-bez-ID10B2Gy.html?search_reason=search%7Cpromoted,15000,UAH,338.85,1,,,Святошинський,Оренда 2к квартири на Гната Юри 18А. Без %.,,15 000 грн.
olx,https://www.olx.ua/d/uk/obyavlenie/zdam-poryadnim-orendaryam-na-trivaliy-termn-odnokmnatnu-kvartiru-ID10B2Q5.html?search_reason=search%7Corganic,15000,UAH,338.85,0,,,Голосіївський,Здам порядним орендарям на тривалий термін однокімнатну квартиру,,15 000 грн.
olx,https://www.olx.ua/d/uk/obyavlenie/orenda-1k-kvartiri-50-kv-m-bez-koms-ID10AFSL.html?search_reason=search%7Corganic,35434,UAH,800.45,0,50,16.01,Шевченківський,Оренда 1к квартири 50 кв.м. Без комісії..,50 кв.м,35 434.46 грн.
olx,https://www.olx.ua/d/uk/obyavlenie/zdatsya-3h-kmnatna-kvartira-za-adresoyu-vul-andrya-verhoglyada-mihayla-dragomirova-6b-ID10AnXZ.html?search_reason=search%7Corganic,48000,UAH,1084.32,2,,,Печерський,Здається 3х кімнатна квартира за адресою вул. Андрія Верхогляда (Михайла Драгомирова) 6Б,,48 000 грн.
olx,https://www.olx.ua/d/uk/obyavlenie/vpershe-zdatsya-dvokmnatna-kvartira-z-suchasnim-remontom-meblyami-ta-pobutovoyu-tehnkoyu-blya-m-vasilkvska-ID10AEAb.html?search_reason=search%7Corganic,17000,UAH,384.03,1,,,Солом'янський,"Вперше здається двокімнатна квартира з сучасним ремонтом , меблями та побутовою технікою біля м. Васильківська!",,17 000 грн.
olx,https://www.olx.ua/d/uk/obyavlenie/orenda-2k-kvartiri-v-zhk-bulvar-fontanv-pechersk-tsentr-ID10uKZR.html?search_reason=search%7Corganic,66439,UAH,1500.85,1,,,Печерський,Оренда 2к квартири в ЖК Бульвар Фонтанів Печерськ/Центр,,66 439.62 грн.
olx,https://www.olx.ua/d/uk/obyavlenie/zdam-v-dovgostrokovu-orendu-1-k-kvartiru-v-zhk-krster-grad-IDZz4bk.html?search_reason=search%7Corganic,20000,UAH,451.80,0,,,Подільський,Здам в довгострокову оренду 1 к. квартиру в ЖК Крістер Град,,20 000 грн.
olx,https://www.olx.ua/d/uk/obyavlenie/1k-kvartira-na-knyazya-romana-mstislavicha-8-m-darnitsa-ID10AB3F.html?search_reason=search%7Corganic,12000,UAH,271.08,0,,,Дніпровський,"1К квартира на Князя Романа Мстиславича,8 м. Дарница",,12 000 грн.
olx,https://www.olx.ua/d/uk/obyavlenie/orenda-bez-komss-3k-v-chornovola-20-850-ID10ohK0.html?search_reason=search%7Corganic,33219,UAH,750.41,2,,,Шевченківський,"Оренда БЕЗ КОМІССІЇ  3к , В.Чорновола 20. 850$",,33 219.81 грн.Договірна
olx,https://www.olx.ua/d/uk/obyavlenie/1-kmnatna-kvartira-v-chudovomu-stan-10-hvilin-do-metro-darnitsya-ID10B4BR.html?search_reason=search%7Corganic,8500,UAH,192.01,0,,,Дніпровський,1-кімнатна квартира в чудовому стані – 10 хвилин до метро Дарниця!,,8 500 грн.
olx,https://www.olx.ua/d/uk/obyavlenie/orenda-1-kmn-kvartiri-v-zhk-evrika-st-m-podrom-ID10An5K.html?search_reason=search%7Corganic,15000,UAH,338.85,0,,,Голосіївський,"Оренда 1-кімн квартири в ЖК «Еврика», ст. М «Іподром»",,15 000 грн.
olx,https://www.olx.ua/d/uk/obyavlenie/orenda-1k-kvartiri-zhk-msto-kvtv-ID10AAe1.html?search_reason=search%7Corganic,16000,UAH,361.44,0,,,Шевченківський,Оренда 1к квартири ЖК Місто квітів.,,16 000 грн.
olx,https://www.olx.ua/d/uk/obyavlenie/orenda-stud-32-m2-komfort-taun-na-vul-berezneva-16-ID10yjLN.html?search_reason=search%7Corganic,17000,UAH,384.03,0,32,12.00,Дніпровський,Оренда студії 32 м2 Комфорт Таун на вул. Березнева 16,32 м2,17 000 грн.
olx,https://www.olx.ua/d/uk/obyavlenie/sdam-1-komn-kv-metro-harkovskaya-bratstva-tarasvtsv-12-37-ID101sFZ.html?search_reason=search%7Corganic,17000,UAH,384.03,0,,,Дарницький,"Сдам 1 комн.кв. метро Харьковская, Братства Тарасівців 12/37",,17 000 грн.
olx,https://www.olx.ua/d/uk/obyavlenie/orenda-2-kmn-dmitrvska-69-tsentr-ID10AWKi.html?search_reason=search%7Corganic,40000,UAH,903.60,1,,,Шевченківський,Оренда 2 кімн Дмитрівська  69 Центр,,40 000 грн.
olx,https://www.olx.ua/d/uk/obyavlenie/zdatsya-odnokmnatna-zhk-oranzhst-14000grn-IDZiDSW.html?search_reason=search%7Cpromoted,14000,UAH,316.26,0,,,Голосіївський,Здається однокімнатна ЖК ОранжСіті 14000грн.,,14 000 грн.
olx,https://www.olx.ua/d/uk/obyavlenie/orenda-2-k-kvartiri-blya-m-palats-ukrana-vul-velika-vasilkvska-124a-golosvskiy-rayon-ID10i8KN.html?search_reason=search%7Cpromoted,25000,UAH,564.75,1,,,Голосіївський,Оренда 2-к квартири біля м. Палац Україна / вул. Велика Васильківська 124А/ Голосіївський район,,25 000 грн.
olx,https://www.olx.ua/d/uk/obyavlenie/orenda-2k-kvartiri-zhk-nova-anglya-london-maksimovicha-ID10AmS8.html?search_reason=search%7Corganic,27000,UAH,609.93,1,,,Голосіївський,Оренда 2к квартири ЖК Нова Англія Лондон Максимовича,,27 000 грн.
olx,https://www.olx.ua/d/uk/obyavlenie/orenda-2k-kvartiri-vul-olevska-9-noviy-budinok-generator-metro-akademmstechko-ID10AD0D.html?search_reason=search%7Corganic,18000,UAH,406.62,1,,,Святошинський,"Оренда 2к квартири, вул. Олевська, 9. Новий будинок. Є генератор! Метро Академмістечко",,18 000 грн.Договірна
olx,https://www.olx.ua/d/uk/obyavlenie/orenda-1k-kvartiri-na-vul-miloslavska-ID10AYOu.html?search_reason=search%7Corganic,10000,UAH,225.90,0,,,Деснянський,Оренда 1к квартири на вул. Милославська,,10 000 грн.
olx,https://www.olx.ua/d/uk/obyavlenie/orenda-1k-kv-vul-rayduzhna-ID10B4MG.html?search_reason=search%7Corganic,11000,UAH,248.49,0,,,Дніпровський,Оренда 1к кв! Вул. Райдужна,,11 000 грн.
olx,https://www.olx.ua/d/uk/obyavlenie/orenda-1k-kvartiri-v-zhk-olympic-park-svtlo-zavzhdi-ID10ASyt.html?search_reason=search%7Corganic,16000,UAH,361.44,0,,,Дарницький,ОРЕНДА 1к квартири в ЖК Olympic Park (світло є завжди),,16 000 грн.
olx,https://www.olx.ua/d/uk/obyavlenie/1-kmnatna-kvartira-metro-obolon-ID10yDUE.html?search_reason=search%7Corganic,14000,UAH,316.26,0,,,Оболонський,1 кімнатна квартира метро Оболонь,,14 000 грн.
olx,https://www.olx.ua/d/uk/obyavlenie/arenda-1kmn-kv-vul-boychuka-13-metro-zvrinetska-7hv-pshk-ID10B4JC.html?search_reason=search%7Cpromoted,20000,UAH,451.80,0,,,Печерський,"Аренда 1кімн.кв.вул.Бойчука 13,метро Звіринецька 7хв.пішкі",,20 000 грн.
olx,https://www.olx.ua/d/uk/obyavlenie/zdam-v-orendu-vro2k-kv-z-garnim-remontom-ta-meblyami-zhk-parkov-ozera-ID10vm65.html?search_reason=search%7Corganic,21000,UAH,474.39,1,,,Дніпровський,"Здам в оренду євро2к кв з гарним ремонтом та меблями, ЖК «Паркові озера»",,21 000 грн.Договірна
olx,https://www.olx.ua/d/uk/obyavlenie/orenda-1-km-kvartiri-55-m2-v-zhk-tsentral-park-vul-d-makkeyna-7-IDRVCcM.html?search_reason=search%7Corganic,34000,UAH,768.06,0,55,13.96,Печерський,"Оренда 1-кім квартири 55 м2 в ЖК Централ Парк, вул. Д. Маккейна 7",55 м2,34 000 грн.
olx,https://www.olx.ua/d/uk/obyavlenie/orenda-4k-kvartiri-140m2-v-zhk-novopechersk-lipki-pechersk-ID10iJkd.html?search_reason=search%7Corganic,110732,UAH,2501.43,3,140,17.87,Печерський,Оренда 4к квартири 140м2 в ЖК Новопечерські Липки Печерськ,140м2,110 732.70 грн.
olx,https://www.olx.ua/d/uk/obyavlenie/chudova-tsna-zatishna-1-k-kvartira-zhk-novopechersk-lipki-novopecherskie-lipki-ID10h3JC.html?search_reason=search%7Corganic,39863,UAH,900.50,0,,,Печерський,Чудова ціна! Затишна 1-к квартира ЖК Новопечерські липки Новопечерские липки,,39 863.77 грн.
olx,https://www.olx.ua/d/uk/obyavlenie/zdam-3k-kvartiru-pr-v-mayakovskogo-5-troschna-pochatok-ID10uYMM.html?search_reason=search%7Corganic,17000,UAH,384.03,2,,,Деснянський,"Здам 3к квартиру пр.В.Маяковського-5,Троєщіна початок",,17 000 грн.
olx,https://www.olx.ua/d/uk/obyavlenie/orenda-2-kmnatno-kvartiri-68-7m2-vul-generala-grekova-2-zhk-varshavskiy-2-podlskiy-r-n-bez-koms-ID10xMl3.html?search_reason=search%7Corganic,39863,UAH,900.50,1,68.7,13.11,Подільський,"Оренда 2-кімнатної квартири 68.7м2, вул. Генерала Грекова 2, ЖК Варшавський 2 Подільський р-н. Без комісії",68.7м2,39 863.77 грн.Договірна
olx,https://www.olx.ua/d/uk/obyavlenie/zdayu-svoyu-1-km-kvartiru-bul-gavela-lepse-nau-medmstechko-sda-IDYPRpH.html?search_reason=search%7Corganic,7500,UAH,169.42,0,,,Солом'янський,"Здаю свою 1 кім.квартиру бул.Гавела (Лепсе), НАУ, медмістечко, Ісіда",,7 500 грн.
olx,https://www.olx.ua/d/uk/obyavlenie/bez-koms-orenda-dizaynersko-kvartiri-106m2-zhk-skyline-2-kmnati-kuhnya-vtalnya-vul-konovaltsya-generator-ID10AjFU.html?search_reason=search%7Corganic,132879,UAH,3001.73,1,106,28.32,Печерський,Без комісії | Оренда дизайнерьскої квартири 106м2 | ЖК Skyline | 2 кімнати + кухня-вітальня | вул. Коновальця | Генератор,106м2,132 879.23 грн.
olx,https://www.olx.ua/d/uk/obyavlenie/persha-zdacha-2k-kvartira-62-m-zhk-dbrova-park-bez-koms-vlasnik-ID10jUc2.html?search_reason=search%7Cpromoted,33000,UAH,745.47,1,62,12.02,Подільський,Перша здача! 2к квартира 62 м² ЖК Діброва Парк | без комісії | власник,62 м²,33 000 грн.
olx,https://www.olx.ua/d/uk/obyavlenie/bez-koms-arenda-5k-kvartiri-v-zhk-busov-hill-busov-hll-noviy-remon-IDXpOVX.html?search_reason=search%7Cpromoted,167870,UAH,3792.17,4,,,Печерський,Без комісії. Аренда 5к квартири в ЖК Busov Hill Бусов Хілл новий ремон,,167 870.77 грн.Договірна
olx,https://www.olx.ua/d/uk/obyavlenie/chudova-1k-metro-poznyaki-5-hv-ID10AFS4.html?search_reason=search%7Corganic,12000,UAH,271.08,0,,,Дарницький,Чудова 1к метро Позняки 5 хв,,12 000 грн.
olx,https://www.olx.ua/d/uk/obyavlenie/orenda-stilno-dvokmnatno-kvartiri-v-tsentr-kiva-besarabka-krutiy-uzvz-ID10g9fK.html?search_reason=search%7Corganic,44293,UAH,1000.58,1,,,Печерський,Оренда стильної двокімнатної квартири в центрі Київа Бесарабка Крутий узвіз,,44 293.08 грн.Договірна
olx,https://www.olx.ua/d/uk/obyavlenie/orenda-1-k-45m2-v-zhk-frantsuzkiy-kvartal-vul-tyutyunnika-51-1a-ID102D6c.html?search_reason=search%7Corganic,34000,UAH,768.06,0,45,17.07,Печерський,"Оренда 1-к, 45м2, в ЖК Французький квартал, вул. Тютюнника 51/1А",45м2,34 000 грн.
olx,https://www.olx.ua/d/uk/obyavlenie/orenda-3k-pechersk-perlina-52-kadorr-ID10B95Z.html?search_reason=search%7Corganic,88143,UAH,1991.14,2,,,Печерський,Оренда 3К Печерськ Перлина 52 Kadorr,,88 143.23 грн.Договірна
olx,https://www.olx.ua/d/uk/obyavlenie/vlasnik-zdam-v-orendu-2-h-kmnatnu-kvartiru-ID10Awng.html?search_reason=search%7Corganic,12000,UAH,271.08,1,,,Подільський,Власник.Здам в оренду 2 -х кімнатну квартиру,,12 000 грн.
olx,https://www.olx.ua/d/uk/obyavlenie/harkvske-shose-2-k-horoshiy-stan-ID10AnEN.html?search_reason=search%7Corganic,16000,UAH,361.44,1,,,Дарницький,"Харківське шосе, 2-к, хороший стан",,16 000 грн.
olx,https://www.olx.ua/d/uk/obyavlenie/zdam-v-orendu-2-k-kvartiru-vul-getmana-1-m-shulyavska-IDZx3AM.html?search_reason=search%7Corganic,22000,UAH,496.98,1,,,Шевченківський,"Здам в оренду 2-к квартиру вул. Гетьмана 1, м. Шулявська",,22 000 грн.
olx,https://www.olx.ua/d/uk/obyavlenie/orenda-2-k-kv-gnata-yuri-11-svyatoshinskiy-r-n-ID10zbQU.html?search_reason=search%7Cpromoted,14000,UAH,316.26,1,,,Святошинський,оренда 2 к. кв. Гната Юри 11 Святошинський р-н,,14 000 грн.
olx,https://www.olx.ua/d/uk/obyavlenie/zhk-siretsk-sadi-2-kmnatna-kvartira-z-dizaynerskim-remontom-zhk-varshavskiy-ID104feI.html?search_reason=search%7Corganic,26999,UAH,609.91,1,,,Шевченківський,"ЖК Сирецькі Сади | 2-кімнатна квартира з дизайнерським ремонтом, ЖК Варшавський",,26 999 грн.
olx,https://www.olx.ua/d/uk/obyavlenie/orenda-zhk-elegant-1k44m2-zhilyanska-118-tsentr-metro-unversitet-vokzalna-ID10y5SO.html?search_reason=search%7Corganic,23032,UAH,520.29,0,44,11.82,Шевченківський,"Оренда‼️ ЖК Елегант 1к=44м2 Жилянська 118 Центр метро Університет, Вокзальна",44м2,23 032.40 грн.
olx,https://www.olx.ua/d/uk/obyavlenie/orenda-1k-kvartira-shulyavka-viborgska-solomyanskiy-oleksi-tihogo-IDLcGgN.html?search_reason=search%7Corganic,11500,UAH,259.78,0,,,Солом'янський,Оренда 1к квартира Шулявка Виборгська Солом’янський Олекси Тихого,,11 500 грн.
olx,https://www.olx.ua/d/uk/obyavlenie/orenda-1k-kvartiri-vul-polska-24-IDZk6Er.html?search_reason=search%7Corganic,9000,UAH,203.31,0,,,Дарницький,Оренда 1К квартири вул. Поліська 24,,9 000 грн.
olx,https://www.olx.ua/d/uk/obyavlenie/bereznyaki-2k-buchmi-garniy-stan-ohayna-ID10xKsT.html?search_reason=search%7Corganic,15000,UAH,338.85,1,,,Дніпровський,"Березняки, 2к, Бучми, гарний стан, охайна",,15 000 грн.
olx,https://www.olx.ua/d/uk/obyavlenie/1kmn-kvartira-vul-denisa-rachnskogo-kolishnya-kombnatna-25-zhk-sadoviy-ID10B0PD.html?search_reason=search%7Corganic,17000,UAH,384.03,0,,,Дніпровський,"1кімн квартира  вул. Дениса Рачінського (колишня Комбінатна), 25 ЖК «Садовий»",,17 000 грн.Договірна
olx,https://www.olx.ua/d/uk/obyavlenie/vidova-kvartira-studya-dragomanova-2b-dom-z-generatorom-IDVFQw1.html?search_reason=search%7Corganic,22000,UAH,496.98,0,,,Дарницький,Видова квартира студія Драгоманова 2б (дом з генератором),,22 000 грн.
olx,https://www.olx.ua/d/uk/obyavlenie/3-kmnatna-kvartira-klasichniy-remont-nvertor-m-sirets-panoramniy-vid-bez-ID102nI0.html?search_reason=search%7Cpromoted,29000,UAH,655.11,2,,,Шевченківський,"3-кімнатна квартира, класичний ремонт, ІНВЕРТОР, м. Сирець панорамний вид без%",,29 000 грн.
olx,https://www.olx.ua/d/uk/obyavlenie/bez-nova-1-k-zhk-shevchenkvskiy-zlatoustvska-25-tsentr-pl-peremogi-ID10xf7S.html?search_reason=search%7Corganic,44293,UAH,1000.58,0,,,Шевченківський,"БЕЗ %% Нова 1-к ЖК Шевченківський, Златоустівська 25 Центр, пл.Перемоги",,44 293.08 грн.
olx,https://www.olx.ua/d/uk/obyavlenie/shulyavka-trikmnatna-na-dovzhenka-ID10aTcf.html?search_reason=search%7Corganic,15000,UAH,338.85,2,,,Шевченківський,"Шулявка, трикімнатна на Довженка",,15 000 грн.
olx,https://www.olx.ua/d/uk/obyavlenie/orenda-2-kmnatno-kvartiri-knyazhiy-zaton-21-zhk-korona-m-osokorki-IDZAvLX.html?search_reason=search%7Corganic,18000,UAH,406.62,1,,,Дарницький,"Оренда 2 кімнатної квартири Княжий Затон 21, ЖК Корона, м. Осокорки",,18 000 грн.
olx,https://www.olx.ua/d/uk/obyavlenie/2-km-kvartira-studo-ID10qM8A.html?search_reason=search%7Corganic,22000,UAH,496.98,0,,,Шевченківський,2-кім квартира СТУДІО,,22 000 грн.
olx,https://www.olx.ua/d/uk/obyavlenie/orenda-v-zhk-royal-tower-orenda-1-kmn-tsentr-olmpyskiy-saksaganskogo-volodimirska-ID10fOTD.html?search_reason=search%7Corganic,59795,UAH,1350.76,0,,,Голосіївський,Оренда в ЖК Royal Tower оренда 1 кімн. Центр Олімпійський Саксаганського Володимирська,,59 795.66 грн.Договірна
olx,https://www.olx.ua/d/uk/obyavlenie/orenda-3-k-kvartira-96-m-v-zhk-novopechersk-lipki-generator-ekoflou-ID10ADac.html?search_reason=search%7Corganic,81942,UAH,1851.06,2,96,19.28,Печерський,Оренда 3-к квартира 96 м² в ЖК Новопечерські Липки | Генератор | Екофлоу,96 м²,81 942.19 грн.
olx,https://www.olx.ua/d/uk/obyavlenie/orenda-2-k-kvartiri-zhk-jack-house-generator-v-kvartir-bez-IDZ2f6P.html?search_reason=search%7Corganic,70868,UAH,1600.90,1,,,Печерський,"Оренда 2-к квартири ЖК Jack House, генератор в квартирі, без %",,70 868.92 грн.
olx,https://www.olx.ua/d/uk/obyavlenie/orenda-2knovobudovapr-vropeyskogo-soyuzu-ID10utZl.html?search_reason=search%7Cpromoted,18000,UAH,406.62,1,,,Подільський,Оренда 2к(новобудова)пр.Європейського Союзу,,18 000 грн.
olx,https://www.olx.ua/d/uk/obyavlenie/orenda-2-kmnatno-kvartiri-v-kb-90-m2-osokorki-vul-sadova-ID10x69A.html?search_reason=search%7Cpromoted,79727,UAH,1801.03,1,90,20.01,Дарницький,Оренда 2-кімнатної квартири в КБ/90 м2/Осокорки/вул. Садова,90 м2,79 727.54 грн.
olx,https://www.olx.ua/d/uk/obyavlenie/orenda-1k-kv-zhk-manheten-st-tsentr-beresteyskiy-11-metro-11-IDZ5uUm.html?search_reason=search%7Corganic,37649,UAH,850.49,0,,,Шевченківський,"Оренда 1к. кв, ЖК Манхетен сіті, Центр, Берестейський 11, Метро 11",,37 649.12 грн.
olx,https://www.olx.ua/d/uk/obyavlenie/orenda-3-k-kvartira-z-dizaynerskim-remontom-ID10AVZ7.html?search_reason=search%7Corganic,30000,UAH,677.70,2,,,Святошинський,Оренда 3-к квартира з дизайнерським ремонтом.,,30 000 грн.
olx,https://www.olx.ua/d/uk/obyavlenie/zhk-poetichniy-zdolbunvska-13-orenda-1-k-kvartiri-poznyaki-generator-ID10B8NY.html?search_reason=search%7Corganic,16999,UAH,384.01,0,,,Дарницький,"ЖК Поетичний, Здолбунівська 13, оренда 1-к квартири, Позняки, Генератор",,16 999 грн.
olx,https://www.olx.ua/d/uk/obyavlenie/orenda-2-h-kmnatno-kvartiri-67m2-vul-salyutna-1-b-blya-parku-metro-nivki-ID10AlDi.html?search_reason=search%7Corganic,24000,UAH,542.16,1,67,8.09,Шевченківський,"Оренда 2 х кімнатної квартири 67м2 вул.Салютна 1-Б біля парку ,метро Нивки",67м2,24 000 грн.
olx,https://www.olx.ua/d/uk/obyavlenie/svtlo-zavzhdi-2k-studya-42m2-zhk-suchasniy-kvartal-guzara-11-ID10AlT1.html?search_reason=search%7Corganic,23000,UAH,519.57,0,42,12.37,Солом'янський,СВІТЛО ЗАВЖДИ! 2к студія 42м2 ЖК Сучасний Квартал Гузара 11,42м2,23 000 грн.
olx,https://www.olx.ua/d/uk/obyavlenie/orenda-vidovo-1-kmnatno-kvartiri-v-zhk-henesi-house-IDZr1FY.html?search_reason=search%7Corganic,19000,UAH,429.21,0,,,Дарницький,Оренда  видової 1-кімнатної  квартири в ЖК Henesi House,,19 000 грн.
olx,https://www.olx.ua/d/uk/obyavlenie/zdacha-v-orendu-3-k-kvartiri-tsentr-poznyakv-ID10AVzP.html?search_reason=search%7Corganic,18000,UAH,406.62,2,,,Дарницький,"Здача в оренду 3-к квартири, центр Позняків",,18 000 грн.Договірна
olx,https://www.olx.ua/d/uk/obyavlenie/zdam-1-km-kv-vul-revutskogo-harkvskiy-masiv-ID10yWVJ.html?search_reason=search%7Corganic,10000,UAH,225.90,0,,,Дарницький,"Здам 1-кім.кв. вул.Ревуцького, Харківський масив",,10 000 грн.
olx,https://www.olx.ua/d/uk/obyavlenie/orenda-1k-studo-m-kiv-metro-vasilkvska-IDXRjZK.html?search_reason=search%7Cpromoted,18079,UAH,408.40,0,,,Голосіївський,"Оренда 1к ""студіо"", м. Київ, метро Васильківська",,18 079.88 грн.
olx,https://www.olx.ua/d/uk/obyavlenie/zdam-1k-45-kv-m-gasheka-20-blya-darnitsko-plosch-do-metro-darnitsya-cherngvska-lvoberezhna-10-15hv-ID10qXaZ.html?search_reason=search%7Cpromoted,11500,UAH,259.78,0,45,5.77,Дніпровський,"Здам 1к 45 кв.м Гашека 20, біля Дарницької площі. До метро Дарниця,Чернігівська, Лівобережна-10-15хв",45 кв.м,11 500 грн.
olx,https://www.olx.ua/d/uk/obyavlenie/3-km-kvartiri-vul-sevastopolska-17-metro-15-hv-ID10B1cK.html?search_reason=search%7Corganic,15000,UAH,338.85,2,,,Дарницький,"3- кім. квартири , вул. Севастопольська 17, метро 15 хв",,15 000 грн.
olx,https://www.olx.ua/d/uk/obyavlenie/arenda-2-h-komnatnaya-kvartiry-po-ul-lyuteranskaya-13-tsentr-ID10ge4I.html?search_reason=search%7Corganic,44293,UAH,1000.58,1,,,Печерський,"Аренда 2-х комнатная квартиры по ул.Лютеранская 13, Центр.",,44 293.08 грн.Договірна
olx,https://www.olx.ua/d/uk/obyavlenie/orenda-2-k-kvartira-47-m-z-terasoyu-generator-zhk-central-park-libdska-ID10AQo4.html?search_reason=search%7Corganic,44293,UAH,1000.58,1,47,21.29,Печерський,Оренда 2-к квартира 47 м² з терасою | Генератор | ЖК Central Park | Либідська,47 м²,44 293.08 грн.
olx,https://www.olx.ua/d/uk/obyavlenie/orenda-1k-m-cherngvska-vul-popravki-dnprovskiy-r-n-generator-ID10Al8x.html?search_reason=search%7Corganic,17000,UAH,384.03,0,,,Дніпровський,"Оренда 1к м. Чернігівська, вул. Поправки, Дніпровський р-н, Генератор",,17 000 грн.
olx,https://www.olx.ua/d/uk/obyavlenie/orenda-4-kmnatna-kvartira-140-m2-park-sovki-3-hv-kiv-vul-chizhevskogo-2b-ID10B7Pl.html?search_reason=search%7Corganic,28000,UAH,632.52,3,140,4.52,Святошинський,Оренда 4 кімнатна квартира 140 м2 парк Совки 3 хв Київ вул Чижевського 2Б,140 м2,28 000 грн.Договірна
olx,https://www.olx.ua/d/uk/obyavlenie/orenda-1-k-obolonskiy-rayon-metro-obolon-prov-baltyskiy-5-ID10AYYL.html?search_reason=search%7Corganic,15900,UAH,359.18,0,,,Оболонський,"Оренда 1-к, Оболонський район, метро Оболонь, пров. Балтійський 5",,15 900 грн.
olx,https://www.olx.ua/d/uk/obyavlenie/zdam-1-kmnatna-kvartira-studya-vulitsya-primska-26-zhk-odeskiy-bulvar-metro-teremki-ID10wp9i.html?search_reason=search%7Corganic,10500,UAH,237.19,0,,,Голосіївський,"Здам 1 кімнатна квартира студія вулиця Приміська 26, ЖК Одеський бульвар, метро Теремки",,10 500 грн.
olx,https://www.olx.ua/d/uk/obyavlenie/orenda-3k-kvartiri-zhk-novopechersk-lipki-vul-andrya-verhoglyada-9-IDZh2MB.html?search_reason=search%7Corganic,110732,UAH,2501.43,2,,,Печерський,"Оренда 3к квартири, ЖК Новопечерські Липки, вул. Андрія Верхогляда, 9",,110 732.70 грн.
olx,https://www.olx.ua/d/uk/obyavlenie/orenda-1k-vul-revanska-31-solomyanskiy-rayon-metro-shulyavska-ID10AR0I.html?search_reason=search%7Corganic,14900,UAH,336.59,0,,,Солом'янський,"Оренда 1к, вул. Єреванська 31, Солом‘янський район, метро Шулявська",,14 900 грн.
olx,https://www.olx.ua/d/uk/obyavlenie/vlasnik-dovgostr-arenda-2-km-kv-metro-gerov-dnpra-ID10wSnb.html?search_reason=search%7Corganic,23000,UAH,519.57,1,,,Оболонський,Власник ! Довгостр. Аренда 2-кім. Кв. Метро Героів Дніпра,,23 000 грн.
olx,https://www.olx.ua/d/uk/obyavlenie/1-kmnatna-obolon-vul-ordanska-7-ID10AULn.html?search_reason=search%7Corganic,14000,UAH,316.26,0,,,Оболонський,1-кімнатна. Оболонь. вул. Іорданська 7,,14 000 грн.
olx,https://www.olx.ua/d/uk/obyavlenie/bez-koms-orenda-2k-50m2-antonovicha-44-zhk-shicago-golosvskiy-ID109KM3.html?search_reason=search%7Corganic,44293,UAH,1000.58,1,50,20.01,Голосіївський,"Без комісії Оренда 2к, 50м2, Антоновича 44, ЖК Сhicago, Голосіївський",50м2,44 293.08 грн.
olx,https://www.olx.ua/d/uk/obyavlenie/zdatsya-1-kmnatna-kvartira-vd-vlasnika-2-hv-do-m-lvoberezhna-pslya-remontu-ortopedichne-lzhko-vsya-tehnka-ID10ATRN.html?search_reason=search%7Corganic,20000,UAH,451.80,0,,,Дніпровський,Здається 1-кімнатна квартира від власника • 2 хв до м. Лівобережна • після ремонту • ортопедичне ліжко • вся техніка,,20 000 грн.
olx,https://www.olx.ua/d/uk/obyavlenie/zdam-2-kmnatnu-kvartiru-vul-turchina-9-shevchenkvskiy-rayon-nivki-ID10xmp9.html?search_reason=search%7Corganic,17000,UAH,384.03,1,,,Шевченківський,"Здам 2-кімнатну квартиру вул.Турчина, 9, Шевченківський район, Нивки",,17 000 грн.
olx,https://www.olx.ua/d/uk/obyavlenie/vlasnik-bez-koms-dvokmnatna-na-shulyavts-ID10B8Cc.html?search_reason=search%7Corganic,25000,UAH,564.75,1,,,Солом'янський,Власник Без Комісії! Двокімнатна на Шулявці,,25 000 грн.
olx,https://www.olx.ua/d/uk/obyavlenie/zdam-2-kmnatnu-kvartiru-obolonskiy-rayon-obolon-vul-prirchna-27-IDZAqci.html?search_reason=search%7Corganic,11500,UAH,259.78,1,,,Оболонський,Здам 2-кімнатну квартиру Оболонський район Оболонь вул.Прирічна 27,,11 500 грн.
olx,https://www.olx.ua/d/uk/obyavlenie/vlasnik-dovgostrokova-oreda-2h-kmnatno-kvartiri-57-m2-mnskiy-masiv-vishgorodska-56-2-ID10zCmF.html?search_reason=search%7Cpromoted,17000,UAH,384.03,1,57,6.74,Оболонський,"Власник , довгострокова ореда 2х кімнатної квартири 57 м2 , Мінський масив Вишгородська 56/2",57 м2,17 000 грн.
olx,https://www.olx.ua/d/uk/obyavlenie/taun-haus-3-kmnatniy-svtlo-24-7-ID10x7jF.html?search_reason=search%7Corganic,26500,UAH,598.63,2,,,Голосіївський,Таун Хаус  3-кімнатний Світло 24/7,,26 500 грн.
olx,https://www.olx.ua/d/uk/obyavlenie/zdatsya-v-orendu-2-kmnatna-kvartira-vul-revanska-28-a-ID10B7io.html?search_reason=search%7Corganic,19000,UAH,429.21,1,,,Солом'янський,"Здається в оренду 2-кімнатна квартира, вул. Єреванська, 28-А",,19 000 грн.
olx,https://www.olx.ua/d/uk/obyavlenie/orenda-stud-zhk-molodst-m-rpn-ID10AvzO.html?search_reason=search%7Corganic,14000,UAH,316.26,0,,,Шевченківський,Оренда студії ЖК  Молодість м. ІРПІНЬ,,14 000 грн.
olx,https://www.olx.ua/d/uk/obyavlenie/orenda-3-h-km-dnprovskiy-r-kiv-alma-atinska-109a-ID10B0gm.html?search_reason=search%7Corganic,10000,UAH,225.90,2,,,Дніпровський,"Оренда 3 -х кім. Дніпровський р. Киів, Алма-Атинська 109А",,10 000 грн.
olx,https://www.olx.ua/d/uk/obyavlenie/vpershe-dvokmnatnu-zdayu-kvartiru-na-pechersku-ID10B46V.html?search_reason=search%7Corganic,27000,UAH,609.93,1,,,Печерський,Вперше двокімнатну здаю квартиру на Печерську!,,27 000 грн.Договірна
olx,https://www.olx.ua/d/uk/obyavlenie/zhk-novopecherskie-lipki-98m2-3-kmnatna-dragomirova-17-pechersk-tsentr-ID10Aszg.html?search_reason=search%7Corganic,110732,UAH,2501.43,2,98,25.52,Печерський,ЖК Новопечерские Липки 98м2 3 кімнатна Драгомирова 17 Печерск Центр,98м2,110 732.70 грн.Договірна
olx,https://www.olx.ua/d/uk/obyavlenie/orenda-2-k-kvartiri-vul-golosvska-13b-zhk-golosvo-ID10xXd1.html?search_reason=search%7Corganic,32000,UAH,722.88,1,,,Голосіївський,Оренда 2-к квартири вул.  Голосіївська 13Б ЖК Голосієво,,32 000 грн.
olx,https://www.olx.ua/d/uk/obyavlenie/orenda-2-kmnatna-tepla-svtla-kvartira-kiv-darnitska-ploscha-metro-cherngvska-darnitsya-lvoberezhna-gaz-ID10AqxU.html?search_reason=search%7Corganic,11900,UAH,268.82,1,,,Дніпровський,"Оренда 2 кімнатна тепла світла квартира Київ Дарницька площа Метро Чернігівська, Дарниця, Лівобережна Газ",,11 900 грн.Договірна
olx,https://www.olx.ua/d/uk/obyavlenie/kvartira-2-km-svitlo-park-svtlo-park-dizaynerskiy-remont-dovgostrokova-orenda-IDYXly1.html?search_reason=search%7Cpromoted,33000,UAH,745.47,1,,,Голосіївський,Квартира 2-кім  Svitlo Park Світло парк | Дизайнерський ремонт |Довгострокова оренда,,33 000 грн.
olx,https://www.olx.ua/d/uk/obyavlenie/zdam-2-kmn-vinogradar-prt-gongadze-ID10Alnz.html?search_reason=search%7Corganic,12000,UAH,271.08,1,,,Подільський,здам 2 кімн. Виноградарь. прт. Гонгадзе,,12 000 грн.
olx,https://www.olx.ua/d/uk/obyavlenie/zdam-1k-kvartiru-pr-grigorenka-5-bez-ID10xMEP.html?search_reason=search%7Corganic,14000,UAH,316.26,0,,,Дарницький,"Здам 1к.квартиру пр,Григоренка-5-Без%",,14 000 грн.
olx,https://www.olx.ua/d/uk/obyavlenie/zdam-1-kmnatnu-studo-na-rusanvts-ID10y1XX.html?search_reason=search%7Corganic,13500,UAH,304.96,0,,,Дніпровський,Здам  1 кімнатну студіо на Русанівці,,13 500 грн.
olx,https://www.olx.ua/d/uk/obyavlenie/zatishna-tsentr-orenda-1k-kvartiri-25m-poruch-metro-lukyanvska-kp-ID10AjZd.html?search_reason=search%7Corganic,12500,UAH,282.37,0,,,Шевченківський,ЗАТИШНА! ЦЕНТР! Оренда 1к квартири 25м поруч метро Лукʼянівська і КПІ,,12 500 грн.
olx,https://www.olx.ua/d/uk/obyavlenie/vlasnik-bez-koms-orenda-prostoro-2-kmnatno-kvartiri-75-m-blya-metro-vasilkvska-velik-kmnati-kuhnya-mozhna-z-tvarinami-19-000-grn-ID10AVnR.html?search_reason=search%7Corganic,19000,UAH,429.21,1,75,5.72,Голосіївський,"власник , без комісіі!Оренда просторої 2-кімнатної квартири 75 м² біля метро Васильківська | Великі кімнати, кухня. .можна з тваринами.  19 000 грн",75 м²,19 000 грн.
olx,https://www.olx.ua/d/uk/obyavlenie/orenda-2-kmnatno-kvartiri-stud-74m2-zhk-vdpochinok-lsova-zona-metro-svyatoshin-ID10AYmk.html?search_reason=search%7Corganic,35434,UAH,800.45,0,74,10.82,Святошинський,Оренда 2 кімнатної квартири студії 74м2 ЖК Відпочинок лісова зона Метро Святошин,74м2,35 434.46 грн.Договірна
olx,https://www.olx.ua/d/uk/obyavlenie/orenda-1-kmnatno-kvartiri-m-kontraktova-ploscha-podol-bez-koms-IDYzXz3.html?search_reason=search%7Corganic,25000,UAH,564.75,0,,,Шевченківський,"Оренда 1 кімнатної квартири , м. Контрактова площа, Подол, БЕЗ КОМІСІЇ",,25 000 грн.
olx,https://www.olx.ua/d/uk/obyavlenie/orenda-2k-zhk-shevchenkvskiy-zolotoustvska-25-unversitet-generator-IDYURGJ.html?search_reason=search%7Corganic,48722,UAH,1100.63,1,,,Шевченківський,Оренда 2к ЖК Шевченківський Золотоустівська 25 Університет  ГЕНЕРАТОР,,48 722.39 грн.
olx,https://www.olx.ua/d/uk/obyavlenie/orenda-novo-3-k-kvartiri-v-eltnomu-zhk-bulvar-fontanv-vul-saperne-pole-5-ID10B5vd.html?search_reason=search%7Corganic,221465,UAH,5002.88,2,,,Печерський,"Оренда нової 3-к квартири в елітному Жк Бульвар фонтанів, вул.Саперне поле,5",,221 465.39 грн.Договірна
olx,https://www.olx.ua/d/uk/obyavlenie/zdam-v-dovgostrokovu-orendu-1-k-kvartiru-v-zhk-krster-grad-IDZz4bk.html?search_reason=search%7Cpromoted,20000,UAH,451.80,0,,,Подільський,Здам в довгострокову оренду 1 к. квартиру в ЖК Крістер Град,,20 000 грн.
olx,https://www.olx.ua/d/uk/obyavlenie/odnokmnatna-chista-kvartira-metro-darnitsya-pshki-ID10zhIn.html?search_reason=search%7Cpromoted,11000,UAH,248.49,0,,,Дніпровський,"Однокімнатна чиста квартира, метро ""Дарниця"" пішки",,11 000 грн.
olx,https://www.olx.ua/d/uk/obyavlenie/m-darnitsa-m-chernigovskaya-ul-boychenka-8-sdam-uyutnuyu-2k-kvartiru-IDWVOmc.html?search_reason=search%7Cpromoted,14500,UAH,327.55,1,,,Дніпровський,"м.Дарница, м.Черниговская, ул.Бойченка 8 - сдам уютную 2к квартиру",,14 500 грн.
olx,https://www.olx.ua/d/uk/obyavlenie/orenda-1-kmnatno-vd-vlasnika-IDYFYnG.html?search_reason=search%7Corganic,13500,UAH,304.96,0,,,Шевченківський,Оренда 1 кімнатної від власника,,13 500 грн.
olx,https://www.olx.ua/d/uk/obyavlenie/orenda-suchasna-1k-kvartira-z-vidom-na-fontani-41m2-zhk-nova-anglya-ID10xAw9.html?search_reason=search%7Corganic,28000,UAH,632.52,0,41,15.43,Голосіївський,"Оренда сучасна 1к квартира з видом на фонтани 41м2, ЖК Нова Англія",41м2,28 000 грн.
olx,https://www.olx.ua/d/uk/obyavlenie/arenda-1-k-kvartiry-darnitskiy-rayon-zhk-lego-haus-2-etazh-IDVeEJJ.html?search_reason=search%7Corganic,12500,UAH,282.37,0,,,Дніпровський,"Аренда 1-к. квартиры Дарницкий район , ЖК Лего Хаус, 2 этаж.",,12 500 грн.
olx,https://www.olx.ua/d/uk/obyavlenie/orenda-2k-dizaynersko-kvartiri-v-zhk-novopechersk-lipki-90m2-pechersk-tsentr-ID10uMzW.html?search_reason=search%7Corganic,132879,UAH,3001.73,1,90,33.35,Печерський,Оренда 2к дизайнерської квартири в ЖК Новопечерські Липки/90м2/Печерськ/Центр,90м2,132 879.23 грн.
olx,https://www.olx.ua/d/uk/obyavlenie/orenda-1-k-kvartiri-zhk-kirilvskiy-gay-ID10AT3M.html?search_reason=search%7Corganic,22000,UAH,496.98,0,,,Шевченківський,"Оренда 1 к. квартири, ЖК Кирилівський Гай",,22 000 грн.
olx,https://www.olx.ua/d/uk/obyavlenie/orenda-3k-kvartiri-zhk-ribalskiy-ID10sdS9.html?search_reason=search%7Corganic,62010,UAH,1400.80,2,,,Печерський,Оренда 3к квартири ЖК Рибальський,,62 010.31 грн.
olx,https://www.olx.ua/d/uk/obyavlenie/podl-1-k-30m2-svzhiy-remont-boyler-sma-gaz-wi-fi-metro-15hv-pshki-ID10tfK7.html?search_reason=search%7Corganic,8498,UAH,191.97,0,30,6.40,Подільський,"Поділ.1-к.30м2.Свіжий ремонт бойлер сма газ wi-fi.Метро,15хв пішки",30м2,8 498 грн.
olx,https://www.olx.ua/d/uk/obyavlenie/orenda-1k-kvartiri-vul-nivska-4g-zhk-gloria-park-st-m-nivki-ID10AA24.html?search_reason=search%7Corganic,19500,UAH,440.50,0,,,Святошинський,"Оренда 1к квартири, вул. Нивська, 4г ЖК Gloria Park, ст.м. Нивки",,19 500 грн.
olx,https://www.olx.ua/d/uk/obyavlenie/orenda-1k-zhk-varshavskiy-plyus-persha-zdacha-vlasnik-aktualno-ID10usVV.html?search_reason=search%7Cpromoted,28000,UAH,632.52,0,,,Подільський,"Оренда 1к, ЖК Варшавський Плюс. Перша здача, власник! АКТУАЛЬНО!",,28 000 грн.
olx,https://www.olx.ua/d/uk/obyavlenie/orenda-trikmnatno-kvartiri-135-m2-v-zhk-novopechersk-lipki-verhoglyada-12-dragomirova-ID10yGN8.html?search_reason=search%7Cpromoted,88586,UAH,2001.15,2,135,14.82,Печерський,Оренда трикімнатної квартири (135 м2) в ЖК Новопечерські Липки - Верхогляда 12 Драгомирова,135 м2,88 586.16 грн.
olx,https://www.olx.ua/d/uk/obyavlenie/3-kmnatna-kvartira-105-m-z-povnoyu-avtonomnstyu-15-y-poverh-z-panoramoyu-poruch-3-parki-shevchenkvskiy-rayon-kiv-ID10ARxR.html?search_reason=search%7Corganic,46491,UAH,1050.23,2,105,10.00,Шевченківський,"3-кімнатна квартира 105 м² з повною автономністю — 15-й поверх з панорамою, поруч 3 парки. Шевченківський район, Київ.",105 м²,46 491.13 грн.
olx,https://www.olx.ua/d/uk/obyavlenie/vlasnik-bez-koms-zdam-svoyu-1-kmnatnu-kvartiru-45-kv-m-z-yaksnim-remontom-metro-obolon-5-hvilin-hodbi-iordanska-11d-ID10APHO.html?search_reason=search%7Corganic,22000,UAH,496.98,0,45,11.04,Оболонський,"ВЛАСНИК, без комісії , здам СВОЮ 1-кімнатну квартиру 45 кв.м. з якісним ремонтом– метро Оболонь – 5 хвилин ходьби Иорданська 11Д",45 кв.м,22 000 грн.
olx,https://www.olx.ua/d/uk/obyavlenie/zdam-1-km-troschina-prt-chervono-kalini-ID10Al0m.html?search_reason=search%7Corganic,7800,UAH,176.20,0,,,Деснянський,здам 1 кім.Троєщина. прт. Червоної калини,,7 800 грн.
olx,https://www.olx.ua/d/uk/obyavlenie/orenda-2k-zhk-slavutich-zarchna-2k3-80m-dizaynerska-pdzemniy-parkng-IDZXeUG.html?search_reason=search%7Corganic,44293,UAH,1000.58,1,,,Дарницький,"Оренда 2k-ЖК Славутич Зарічна 2к3, 80m Дизайнерська, Підземний паркінг",,44 293.08 грн.
olx,https://www.olx.ua/d/uk/obyavlenie/dovgostrokova-orenda-2k-kvartira-zhk-libd-ID10u4PX.html?search_reason=search%7Corganic,37649,UAH,850.49,1,,,Печерський,Довгострокова оренда • 2К квартира • ЖК Либідь,,37 649.12 грн.
olx,https://www.olx.ua/d/uk/obyavlenie/zhk-nova-anglya-maksimovicha-26b-orenda-1k-kvartiri-generator-ID10B4bw.html?search_reason=search%7Corganic,21000,UAH,474.39,0,,,Голосіївський,"ЖК Нова Англія, Максимовича 26Б, оренда 1к квартири, є генератор!",,21 000 грн.
olx,https://www.olx.ua/d/uk/obyavlenie/1-kmnatna-kvartira-zhk-dbrova-park-vul-rodini-krsterv-2a-ID10AoEZ.html?search_reason=search%7Corganic,25000,UAH,564.75,0,,,Подільський,"1-кімнатна квартира ЖК Діброва парк, вул. Родини Крістерів 2а",,25 000 грн.
olx,https://www.olx.ua/d/uk/obyavlenie/2k-zagalna-55m2-v-stalnts-palats-sportu-pl-ukranski-gerov-ID10AjpT.html?search_reason=search%7Corganic,20000,UAH,451.80,1,55,8.21,Печерський,2к загальна 55м2 в сталінці Палац Спорту пл. Українськиї Героїв,55м2,20 000 грн.
olx,https://www.olx.ua/d/uk/obyavlenie/bez-2k-kvartira-65-m2-voskresenska-12v-zhk-parkov-ozera-ID10v7ej.html?search_reason=search%7Cpromoted,28000,UAH,632.52,1,65,9.73,Дніпровський,"Без %, 2к квартира, 65 м2, Воскресенська, 12В, ЖК Паркові Озера",65 м2,28 000 грн.
olx,https://www.olx.ua/d/uk/obyavlenie/vd-vlasnika-bez-dovgostrokova-orenda-1k-kvartiri-zhk-harkvskiy-ID10rPG1.html?search_reason=search%7Cpromoted,18000,UAH,406.62,0,,,Дарницький,"Від власника, без %, довгострокова оренда 1к квартири  ЖК «Харківський»",,18 000 грн.
olx,https://www.olx.ua/d/uk/obyavlenie/orenda-2-h-kmnatna-kvartira-zhk-deya-vd-vlasnika-IDXvxWT.html?search_reason=search%7Cpromoted,14000,UAH,316.26,1,,,Дарницький,Оренда 2-х кімнатна квартира ЖК Ідея від власника,,14 000 грн.
olx,https://www.olx.ua/d/uk/obyavlenie/sdam-1-kom-kvartiru-obolonskiy-rayon-ul-litovskiy-prospekt-8a-ID10AriC.html?search_reason=search%7Corganic,10000,UAH,225.90,0,,,Оболонський,Сдам 1-ком квартиру. Оболонский район.Ул. Литовский проспект 8а,,10 000 грн.
olx,https://www.olx.ua/d/uk/obyavlenie/orenda-2k-kvartira-bereznyaki-dnprovska-naberezhna-ID10oRMt.html?search_reason=search%7Corganic,18500,UAH,417.91,1,,,Дніпровський,Оренда 2к. Квартира /Березняки /Дніпровська набережна,,18 500 грн.
olx,https://www.olx.ua/d/uk/obyavlenie/bereznyakvska-36-v-zatishna-studya-gaz-m-lvoberezhna-15hv-o-telbn-ID10AkVO.html?search_reason=search%7Corganic,11999,UAH,271.06,0,,,Дніпровський,"Березняківська 36-В, затишна студія, є газ, м Лівобережна 15хв, о Тельбін",,11 999 грн.
olx,https://www.olx.ua/d/uk/obyavlenie/sdam-2h-komnatnuyu-kvartiru-s-evroremontom-m-pecherskaya-ID10Ax4W.html?search_reason=search%7Corganic,15000,UAH,338.85,1,,,Печерський,"Сдам 2х комнатную квартиру с евроремонтом,м.печерская",,15 000 грн.
olx,https://www.olx.ua/d/uk/obyavlenie/nvertor-orenda-3-kmnatno-kvartiri-109m2-v-zhk-novopechersk-lipki-vul-verhoglyada-15-b-pechersk-pet-friendly-mstse-v-parkngu-lipki-ID10ATS1.html?search_reason=search%7Corganic,154981,UAH,3501.01,2,109,32.12,Печерський,"ІНВЕРТОР! Оренда 3-кімнатної квартири (109м2) в ЖК ""Новопечерські Липки"", вул. Верхогляда 15-Б, Печерськ | Pet-friendly | Місце в паркінгу | Липки",109м2,154 981.48 грн.
olx,https://www.olx.ua/d/uk/obyavlenie/persha-zdacha-4k-kvartira-z-pryamim-vidom-na-fontani-zhk-bulvar-fontanv-saperne-pole-5-ID10B3Rq.html?search_reason=search%7Corganic,221465,UAH,5002.88,3,,,Печерський,"Перша здача! 4к квартира з прямим видом на фонтани, ЖК Бульвар Фонтанів, Саперне Поле 5",,221 465.39 грн.Договірна
olx,https://www.olx.ua/d/uk/obyavlenie/orenda-suchasno-3-kmn-kvartiri-zhk-manheten-persha-zdacha-bez-koms-ID106zo0.html?search_reason=search%7Cpromoted,81942,UAH,1851.06,2,,,Шевченківський,"Оренда Сучасної 3-кімн квартири ЖК Манхетен, перша здача, без комісії!",,81 942.19 грн.
olx,https://www.olx.ua/d/uk/obyavlenie/orenda-3k-kvartiri-zhk-novopechersk-lipki-verhoglyada-11-dragomirova-IDZe4bl.html?search_reason=search%7Cpromoted,106303,UAH,2401.38,2,,,Печерський,"Оренда 3к квартири ЖК Новопечерські Липки Верхогляда, 11 Драгомирова",,106 303.39 грн.
olx,https://www.olx.ua/d/uk/obyavlenie/termnovo-orenda-1-k-miloslavska-12-ID10AAc0.html?search_reason=search%7Corganic,8000,UAH,180.72,0,,,Дарницький,"Терміново оренда 1-к Милославська, 12",,8 000 грн.
olx,https://www.olx.ua/d/uk/obyavlenie/zdam-v-orendu-dvokmnatnu-kvartiru-ID10AQ33.html?search_reason=search%7Corganic,16000,UAH,361.44,1,,,Шевченківський,Здам в оренду двокімнатну квартиру,,16 000 грн.
olx,https://www.olx.ua/d/uk/obyavlenie/zdam-3-kmnatnu-kvartiru-zhk-komfort-taun-vul-regeneratorna-4-bud-7-ID10dKeW.html?search_reason=search%7Corganic,27500,UAH,621.22,2,,,Дніпровський,Здам 3 кімнатну квартиру ЖК Комфорт таун вул. Регенераторна 4 буд. 7,,27 500 грн.
olx,https://www.olx.ua/d/uk/obyavlenie/orenda-1-km-metro-akademmstechko-ID10AP61.html?search_reason=search%7Corganic,13000,UAH,293.67,0,,,Святошинський,Оренда 1 кім метро Академмістечко,,13 000 грн.Договірна
olx,https://www.olx.ua/d/uk/obyavlenie/bez-koms-orenda-1-k-zhk-new-york-olmpyska-IDZOtgn.html?search_reason=search%7Corganic,36159,UAH,816.83,0,,,Голосіївський,Без комісії ! Оренда 1-к ЖК New York Олімпійська,,36 159.77 грн.
olx,https://www.olx.ua/d/uk/obyavlenie/orenda-4k-kvartiri-les-ukranki-7a-185m2-poruch-bts-parus-IDZW7U4.html?search_reason=search%7Corganic,110732,UAH,2501.43,3,185,13.52,Печерський,"Оренда 4к квартири, Лесі Українки 7а, 185м2, поруч БЦ Парус",185м2,110 732.70 грн.
olx,https://www.olx.ua/d/uk/obyavlenie/zdam-kvaritru-zhk-dbrova-park-1-kmnat-47-m2-mozhna-z-malenkoyu-tvarinkoyu-vlasnik-IDYujtS.html?search_reason=search%7Cpromoted,30119,UAH,680.39,0,47,14.48,Подільський,Здам кваритру. ЖК Діброва Парк: 1 кімнат (47 м2). Можна з маленькою тваринкою. Власник,47 м2,30 119.29 грн.
olx,https://www.olx.ua/d/uk/obyavlenie/bez-koms-vd-vlasnika-bez-poserednikv-2-kmn-kvartira-m-shulyavska-kp-kneu-nau-IDYFG2Q.html?search_reason=search%7Cpromoted,14900,UAH,336.59,1,,,Шевченківський,"Без комісії від власника. Без посередників. 2-кімн. квартира м. Шулявська. КПІ,КНЕУ,НАУ",,14 900 грн.
olx,https://www.olx.ua/d/uk/obyavlenie/2-km-kvartira-60m2-v-samomu-storichnomu-tsentr-kiva-za-adresoyu-antonovicha-17b-z-chervnya-ID10AX7Z.html?search_reason=search%7Corganic,48722,UAH,1100.63,1,60,18.34,Печерський,2-кім квартира 60м2 в самому історичному центрі Києва за адресою Антоновича 17Б з червня.,60м2,48 722.39 грн.
olx,https://www.olx.ua/d/uk/obyavlenie/gerov-dnpra-32a-orenda-1-k-kvartiri-gerov-dnpra-2-hv-gaz-ID10AqUD.html?search_reason=search%7Corganic,14500,UAH,327.55,0,,,Оболонський,"Героїв Дніпра 32а, оренда 1-к квартири, Героїв Дніпра 2 хв, ГАЗ!",,14 500 грн.
olx,https://www.olx.ua/d/uk/obyavlenie/orenda-1-k-kvartiri-vul-miloslavska-31b-desnyanskiy-r-n-ID10B5Iv.html?search_reason=search%7Corganic,12000,UAH,271.08,0,,,Деснянський,"Оренда 1-к квартири вул. Милославська, 31Б (Деснянський р-н)",,12 000 грн.
olx,https://www.olx.ua/d/uk/obyavlenie/orenda-1-kmnatno-kvartiri-ID10AXa0.html?search_reason=search%7Corganic,15000,UAH,338.85,0,,,Дарницький,Оренда 1-кімнатної квартири,,15 000 грн.
olx,https://www.olx.ua/d/uk/obyavlenie/orenda-stud-40m2-zhk-delmar-delmar-vul-verhoglyada-4b-pechersk-ID109K1U.html?search_reason=search%7Corganic,35434,UAH,800.45,0,40,20.01,Печерський,"Оренда студії 40м2, ЖК Delmar Дельмар, вул. Верхогляда 4б, Печерськ",40м2,35 434.46 грн.
olx,https://www.olx.ua/d/uk/obyavlenie/orenda-prostoro-4k-kvartiri-140m2-v-zhk-na-pechersku-zvrenetska-ID10AmDS.html?search_reason=search%7Corganic,88586,UAH,2001.15,3,140,14.29,Печерський,Оренда просторої 4к квартири 140м2 в ЖК на Печерську Звіренецька,140м2,88 586.16 грн.
olx,https://www.olx.ua/d/uk/obyavlenie/orenda-2k-kvartiri-90m2-novopechersk-lipki-verhoglyada-dragomirova-15-pechersk-ID10AxFp.html?search_reason=search%7Corganic,93015,UAH,2101.20,1,90,23.35,Печерський,Оренда 2к квартири 90м2 Новопечерські Липки Верхогляда Драгомирова 15 Печерськ,90м2,93 015.46 грн.
olx,https://www.olx.ua/d/uk/obyavlenie/orenda-3-kmnatna-kvartira-vul-miklsko-slobdska-IDZMRAN.html?search_reason=search%7Cpromoted,27000,UAH,609.93,2,,,Дніпровський,Оренда 3-кімнатна квартира вул Микільсько-Слобідська,,27 000 грн.
olx,https://www.olx.ua/d/uk/obyavlenie/orenda-3-km-kvartiru-zhk-slavutich-1-metro-slavutich-osokorki-poznyaki-darnitskiy-r-n-ID10i3TE.html?search_reason=search%7Cpromoted,39863,UAH,900.50,2,,,Дарницький,"Оренда 3-кім квартиру ЖК Славутич 1, метро Славутич, Осокорки, Позняки, Дарницький р-н",,39 863.77 грн.
olx,https://www.olx.ua/d/uk/obyavlenie/bez-koms-vd-vlasnika-1-km-patrotika-rezervne-zhivlennya-IDZXOCx.html?search_reason=search%7Corganic,13500,UAH,304.96,0,,,Дарницький,"Без комісії, від власника, 1 кім, Патріотика, є резервне живлення",,13 500 грн.
olx,https://www.olx.ua/d/uk/obyavlenie/persha-zdacha-prostoro-4k-kvartiri-142m2-v-zhk-novopechersk-lipki-vul-verhoglyada-19b-nizkiy-poverh-avtorskiy-remont-ID10B1nk.html?search_reason=search%7Corganic,221465,UAH,5002.88,3,142,35.23,Печерський,"Перша здача просторої 4к квартири 142м2 в ЖК Новопечерські Липки - вул., Верхогляда, 19Б - низький поверх, авторський ремонт",142м2,221 465.39 грн.
olx,https://www.olx.ua/d/uk/obyavlenie/zdam3-kmnatnu-kvartiru-na-danchenka-1-ID10AFJf.html?search_reason=search%7Corganic,30000,UAH,677.70,2,,,Печерський,Здам3 кімнатну квартиру на Данченка 1,,30 000 грн.
olx,https://www.olx.ua/d/uk/obyavlenie/zdatsya-1-km-kvartira-vul-zabolotnogo-ID10sXtL.html?search_reason=search%7Corganic,15000,UAH,338.85,0,,,Голосіївський,Здається 1-кім квартира вул.Заболотного,,15 000 грн.
olx,https://www.olx.ua/d/uk/obyavlenie/magistralnaya-1-k-pustaya-kvartira-studio-posle-stroiteley-metro-syrets-ID10AoWM.html?search_reason=search%7Corganic,3200,UAH,72.29,0,,,Шевченківський,"Магистральная, 1-к пустая квартира-студио после строителей, метро Сырец",,3 200 грн.
olx,https://www.olx.ua/d/uk/obyavlenie/1-kmnatna-kvartira-zhk-dbrova-persha-zdacha-vd-vlasnika-dizaynerskiy-remont-vinogradar-nekrasova-ID10AyIl.html?search_reason=search%7Corganic,31005,UAH,700.40,0,,,Подільський,"1-кімнатна квартира, ЖК Діброва, Перша здача від власника, Дизайнерський ремонт, Виноградар, Некрасова",,31 005.15 грн.
olx,https://www.olx.ua/d/uk/obyavlenie/arenda-2k-kvartiry-60m2-zhk-leyptsigskaya-ul-leyptsigskaya-13a-pechersk-ID10od8U.html?search_reason=search%7Corganic,66439,UAH,1500.85,1,60,25.01,Печерський,"Аренда 2к квартиры 60м2, ЖК Лейпцигская, ул. Лейпцигская, 13а, Печерск",60м2,66 439.62 грн.
olx,https://www.olx.ua/d/uk/obyavlenie/persha-orenda-3k-kvartiri-150m-zhk-parus-llenka-yurya-18b-ID10AtKo.html?search_reason=search%7Corganic,110732,UAH,2501.43,2,,,Шевченківський,Перша оренда 3К квартири 150м ЖК Парус Ілленка Юрія 18Б,,110 732.70 грн.
domria,https://dom.ria.com/uk/realty-dolgosrochnaya-arenda-kvartira-kiev-nivki-marka-bezruchko-babushkina-ulitsa-33854321.html,22210,UAH,501.72,2,74,6.78,Шевченківський,3 кімнати,74 м²,22 210 грн
domria,https://dom.ria.com/uk/realty-dolgosrochnaya-arenda-kvartira-kiev-darnitskiy-borispolskaya-ulitsa-33683279.html,8000,UAH,180.72,0,27,6.69,Дарницький,1 кімната,27 м²,8 000 грн
domria,https://dom.ria.com/uk/realty-dolgosrochnaya-arenda-kvartira-kiev-goloseev-ujgorodskiy-pereulok-33469160.html,53304,UAH,1204.13,0,48.3,24.93,Голосіївський,1 кімната,48.3 м²,53 304 грн
domria,https://dom.ria.com/uk/realty-dolgosrochnaya-arenda-kvartira-kiev-harkovskiy-massiv-harkovskoe-shosse-34273761.html,19000,UAH,429.21,1,55,7.80,Дарницький,2 кімнати,55 м²,19 000 грн
domria,https://dom.ria.com/uk/realty-dolgosrochnaya-arenda-kvartira-kiev-julyany-mihaila-maksimovicha-ulitsa-34053243.html,26652,UAH,602.07,0,50,12.04,Солом'янський,1 кімната,50 м²,26 652 грн
domria,https://dom.ria.com/uk/realty-dolgosrochnaya-arenda-kvartira-kiev-bykovnya-radistov-ulitsa-33743630.html,22000,UAH,496.98,0,42.5,11.69,Деснянський,1 кімната,42.5 м²,22 000 грн
domria,https://dom.ria.com/uk/realty-dolgosrochnaya-arenda-kvartira-kiev-shulyavka-oleksy-tihogo-vyborgskaya-ulitsa-33412518.html,14900,UAH,336.59,1,55,6.12,Солом'янський,2 кімнати,55 м²,14 900 грн
domria,https://dom.ria.com/uk/realty-dolgosrochnaya-arenda-kvartira-kiev-chernaya-gora-andreya-verhoglyada-dragomirova-ulitsa-33572210.html,88840,UAH,2006.89,1,100,20.07,Печерський,2 кімнати,100 м²,88 840 грн
domria,https://dom.ria.com/uk/realty-dolgosrochnaya-arenda-kvartira-kiev-galagany-beresteyskiy-pobedy-prospekt-34278860.html,31000,UAH,700.29,0,45,15.56,Святошинський,1 кімната,45 м²,31 000 грн
domria,https://dom.ria.com/uk/realty-dolgosrochnaya-arenda-kvartira-kiev-levoberejnyy-masiv-nikolsko-slobodskaya-ulitsa-34082099.html,18000,UAH,406.62,0,60,6.78,Дніпровський,1 кімната,60 м²,18 000 грн
domria,https://dom.ria.com/uk/realty-dolgosrochnaya-arenda-kvartira-kiev-staraya-darnitsa-harkovskoe-shosse-32774246.html,21000,UAH,474.39,3,96,4.94,Дніпровський,4 кімнати,96 м²,21 000 грн
domria,https://dom.ria.com/uk/realty-dolgosrochnaya-arenda-kvartira-kiev-teremki-2-vasiliya-kasiyana-ulitsa-34320707.html,25000,UAH,564.75,2,68.7,8.22,Голосіївський,3 кімнати,68.7 м²,25 000 грн
domria,https://dom.ria.com/uk/realty-dolgosrochnaya-arenda-kvartira-kiev-bortnichi-tupikovyy-3-y-pereulok-34318318.html,12000,UAH,271.08,0,27,10.04,Дарницький,1 кімната,27 м²,12 000 грн
domria,https://dom.ria.com/uk/realty-dolgosrochnaya-arenda-kvartira-kiev-novoe-stroenie-saksaganskogo-ulitsa-34147599.html,48862,UAH,1103.79,0,56.8,19.43,Голосіївський,1 кімната,56.8 м²,48 862 грн
domria,https://dom.ria.com/uk/realty-dolgosrochnaya-arenda-kvartira-kiev-podolskiy-viktora-nekrasova-severo-syretskaya-ulitsa-34310875.html,32000,UAH,722.88,1,70,10.33,Подільський,2 кімнати,70 м²,32 000 грн
domria,https://dom.ria.com/uk/realty-dolgosrochnaya-arenda-kvartira-kiev-obolon-iordanskaya-ulitsa-34298094.html,26000,UAH,587.34,0,52.1,11.27,Оболонський,1 кімната,52.1 м²,26 000 грн
domria,https://dom.ria.com/uk/realty-dolgosrochnaya-arenda-kvartira-kiev-podolskiy-ivana-vygovskogo-marshala-grechko-ulitsa-34266370.html,28000,UAH,632.52,0,44,14.38,Подільський,1 кімната,44 м²,28 000 грн
domria,https://dom.ria.com/uk/realty-dolgosrochnaya-arenda-kvartira-kiev-akademgorodok-svyatoshinskaya-ploschad-33427755.html,26000,UAH,587.34,2,81,7.25,Святошинський,3 кімнати,81 м²,26 000 грн
domria,https://dom.ria.com/uk/realty-dolgosrochnaya-arenda-kvartira-kiev-podol-yurkovskaya-ulitsa-34220598.html,26500,UAH,598.63,0,30,19.95,Подільський,1 кімната,30 м²,26 500 грн
domria,https://dom.ria.com/uk/realty-dolgosrochnaya-arenda-kvartira-kiev-solomyanka-mitropolita-vasiliya-lipkovskogo-uritskogo-ulitsa-33947291.html,25975,UAH,586.77,1,52,11.28,Солом'янський,2 кімнати,52 м²,25 975 грн
domria,https://dom.ria.com/uk/realty-dolgosrochnaya-arenda-kvartira-kiev-chokolovka-vozdushnyh-sil-vozduhoflotskiy-prospekt-34123432.html,19000,UAH,429.21,1,47,9.13,Солом'янський,2 кімнати,47 м²,19 000 грн
domria,https://dom.ria.com/uk/realty-dolgosrochnaya-arenda-kvartira-kiev-borschagovka-lesya-kurbasa-50-letiya-oktyabrya-prospekt-33319385.html,25000,UAH,564.75,3,124,4.55,Святошинський,4 кімнати,124 м²,25 000 грн
domria,https://dom.ria.com/uk/realty-dolgosrochnaya-arenda-kvartira-kiev-shevchenkovskiy-beresteyskiy-pobedy-prospekt-32584259.html,48862,UAH,1103.79,1,54,20.44,Шевченківський,2 кімнати,54 м²,48 862 грн
domria,https://dom.ria.com/uk/realty-dolgosrochnaya-arenda-kvartira-kiev-solomyanka-mitropolita-vasiliya-lipkovskogo-uritskogo-ulitsa-34248398.html,22000,UAH,496.98,0,52,9.56,Солом'янський,1 кімната,52 м²,22 000 грн
domria,https://dom.ria.com/uk/realty-dolgosrochnaya-arenda-kvartira-kiev-novobelichi-klavdievskaya-ulitsa-32817536.html,17000,UAH,384.03,0,40.5,9.48,Святошинський,1 кімната,40.5 м²,17 000 грн
domria,https://dom.ria.com/uk/realty-dolgosrochnaya-arenda-kvartira-kiev-otradnyy-lyubomira-guzara-prospekt-34322168.html,19000,UAH,429.21,0,38,11.29,Солом'янський,1 кімната,38 м²,19 000 грн
domria,https://dom.ria.com/uk/realty-dolgosrochnaya-arenda-kvartira-kiev-staryy-kiev-sofievskaya-ulitsa-34289443.html,55000,UAH,1242.45,1,55,22.59,Шевченківський,2 кімнати,55 м²,55 000 грн
domria,https://dom.ria.com/uk/realty-dolgosrochnaya-arenda-kvartira-kiev-novoe-stroenie-bolshaya-vasilkovskaya-ulitsa-34288708.html,33315,UAH,752.58,0,40.1,18.77,Голосіївський,1 кімната,40.1 м²,33 315 грн
domria,https://dom.ria.com/uk/realty-dolgosrochnaya-arenda-kvartira-kiev-levoberejnyy-masiv-nikolsko-slobodskaya-ulitsa-34199997.html,32000,UAH,722.88,3,124.6,5.80,Дніпровський,4 кімнати,124.6 м²,32 000 грн
domria,https://dom.ria.com/uk/realty-dolgosrochnaya-arenda-kvartira-kiev-yujnaya-borschagovka-akademika-koroleva-prospekt-34249177.html,15000,UAH,338.85,0,35,9.68,Святошинський,1 кімната,35 м²,15 000 грн
domria,https://dom.ria.com/uk/realty-dolgosrochnaya-arenda-kvartira-kiev-troeschina-chervonoy-kaliny-mayakovskogo-vladimira-prospekt-34109417.html,13995,UAH,316.15,1,58,5.45,Деснянський,2 кімнати,58 м²,13 995 грн
domria,https://dom.ria.com/uk/realty-dolgosrochnaya-arenda-kvartira-kiev-dneprovskiy-yaroslava-gasheka-bulvar-34028583.html,13000,UAH,293.67,0,42,6.99,Дніпровський,1 кімната,42 м²,13 000 грн
domria,https://dom.ria.com/uk/realty-dolgosrochnaya-arenda-kvartira-kiev-levoberejnyy-masiv-yaroslava-gasheka-bulvar-33646618.html,13000,UAH,293.67,0,43,6.83,Дніпровський,1 кімната,43 м²,13 000 грн
domria,https://dom.ria.com/uk/realty-dolgosrochnaya-arenda-kvartira-kiev-lipki-lyuteranskaya-ulitsa-33870226.html,44420,UAH,1003.44,1,67.3,14.91,Печерський,2 кімнати,67.3 м²,44 420 грн
domria,https://dom.ria.com/uk/realty-dolgosrochnaya-arenda-kvartira-kiev-pecherskiy-dragomirova-ulitsa-34323086.html,199890,UAH,4515.50,2,123.6,36.53,Печерський,3 кімнати,123.6 м²,199 890 грн
domria,https://dom.ria.com/uk/realty-dolgosrochnaya-arenda-kvartira-kiev-pecherskiy-dragomirova-ulitsa-34323089.html,199890,UAH,4515.50,2,124.2,36.36,Печерський,3 кімнати,124.2 м²,199 890 грн
domria,https://dom.ria.com/uk/realty-dolgosrochnaya-arenda-kvartira-kiev-pecherskiy-dragomirova-ulitsa-34323066.html,235426,UAH,5318.26,2,124.1,42.85,Печерський,3 кімнати,124.1 м²,235 426 грн
domria,https://dom.ria.com/uk/realty-dolgosrochnaya-arenda-kvartira-kiev-pecherskiy-dragomirova-ulitsa-34323073.html,133260,UAH,3010.33,2,124.8,24.12,Печерський,3 кімнати,124.8 м²,133 260 грн
domria,https://dom.ria.com/uk/realty-dolgosrochnaya-arenda-kvartira-kiev-pecherskiy-dragomirova-ulitsa-34323070.html,111050,UAH,2508.61,1,82.6,30.37,Печерський,2 кімнати,82.6 м²,111 050 грн
domria,https://dom.ria.com/uk/realty-dolgosrochnaya-arenda-kvartira-kiev-pecherskiy-dragomirova-ulitsa-34323051.html,88840,UAH,2006.89,0,60.6,33.12,Печерський,1 кімната,60.6 м²,88 840 грн
domria,https://dom.ria.com/uk/realty-dolgosrochnaya-arenda-kvartira-kiev-pecherskiy-dragomirova-ulitsa-34323052.html,79956,UAH,1806.20,2,109.5,16.49,Печерський,3 кімнати,109.5 м²,79 956 грн
domria,https://dom.ria.com/uk/realty-dolgosrochnaya-arenda-kvartira-kiev-pecherskiy-dragomirova-ulitsa-34323039.html,71072,UAH,1605.51,0,55,29.19,Печерський,1 кімната,55 м²,71 072 грн
domria,https://dom.ria.com/uk/realty-dolgosrochnaya-arenda-kvartira-kiev-osokorki-borisa-gmyri-ulitsa-34313059.html,16500,UAH,372.73,0,38,9.81,Дарницький,1 кімната,38 м²,16 500 грн
domria,https://dom.ria.com/uk/realty-dolgosrochnaya-arenda-kvartira-kiev-pecherskiy-dragomirova-ulitsa-34323028.html,106608,UAH,2408.27,0,50.7,47.50,Печерський,1 кімната,50.7 м²,106 608 грн
domria,https://dom.ria.com/uk/realty-dolgosrochnaya-arenda-kvartira-kiev-pecherskiy-dragomirova-ulitsa-34323019.html,84398,UAH,1906.54,2,112.9,16.89,Печерський,3 кімнати,112.9 м²,84 398 грн
domria,https://dom.ria.com/uk/realty-dolgosrochnaya-arenda-kvartira-kiev-troeschina-konstantina-dankevicha-ulitsa-34322031.html,14000,UAH,316.26,0,60,5.27,Деснянський,1 кімната,60 м²,14 000 грн
domria,https://dom.ria.com/uk/realty-dolgosrochnaya-arenda-kvartira-kiev-pecherskiy-dragomirova-ulitsa-34323007.html,133260,UAH,3010.33,3,143.2,21.02,Печерський,4 кімнати,143.2 м²,133 260 грн
domria,https://dom.ria.com/uk/realty-dolgosrochnaya-arenda-kvartira-kiev-pecherskiy-dragomirova-ulitsa-34322994.html,310940,UAH,7024.11,0,47.8,146.95,Печерський,1 кімната,47.8 м²,310 940 грн
domria,https://dom.ria.com/uk/realty-dolgosrochnaya-arenda-kvartira-kiev-shulyavka-beresteyskiy-pobedy-prospekt-34322611.html,17000,UAH,384.03,1,54.3,7.07,Солом'янський,2 кімнати,54.3 м²,17 000 грн
domria,https://dom.ria.com/uk/realty-dolgosrochnaya-arenda-kvartira-kiev-pecherskiy-dragomirova-ulitsa-34322990.html,88840,UAH,2006.89,0,60,33.45,Печерський,1 кімната,60 м²,88 840 грн
domria,https://dom.ria.com/uk/realty-dolgosrochnaya-arenda-kvartira-kiev-solomyanka-mitropolita-vasiliya-lipkovskogo-uritskogo-ulitsa-34322738.html,46641,UAH,1053.62,0,50.9,20.70,Солом'янський,1 кімната,50.9 м²,46 641 грн
domria,https://dom.ria.com/uk/realty-dolgosrochnaya-arenda-kvartira-kiev-sotsgorod-tampere-ulitsa-34322584.html,11000,UAH,248.49,0,22.7,10.95,Дніпровський,1 кімната,22.7 м²,11 000 грн
domria,https://dom.ria.com/uk/realty-dolgosrochnaya-arenda-kvartira-kiev-poznyaki-sribnokilskaya-ulitsa-34305146.html,39978,UAH,903.10,1,104,8.68,Дарницький,2 кімнати,104 м²,39 978 грн
domria,https://dom.ria.com/uk/realty-dolgosrochnaya-arenda-kvartira-kiev-kurenevka-tulchinskaya-ulitsa-33632299.html,11500,UAH,259.78,0,32,8.12,Подільський,1 кімната,32 м²,11 500 грн
domria,https://dom.ria.com/uk/realty-dolgosrochnaya-arenda-kvartira-kiev-novoe-stroenie-antonovicha-gorkogo-ulitsa-32908376.html,57746,UAH,1304.48,1,50,26.09,Голосіївський,2 кімнати,50 м²,57 746 грн
domria,https://dom.ria.com/uk/realty-dolgosrochnaya-arenda-kvartira-kiev-podolskiy-polkovoy-pereulok-34321253.html,13000,UAH,293.67,0,30,9.79,Подільський,1 кімната,30 м²,13 000 грн
domria,https://dom.ria.com/uk/realty-dolgosrochnaya-arenda-kvartira-kiev-tatarka-tatarskaya-ulitsa-33729897.html,17000,UAH,384.03,2,70,5.49,Шевченківський,3 кімнати,70 м²,17 000 грн
domria,https://dom.ria.com/uk/realty-dolgosrochnaya-arenda-kvartira-kiev-voskresenka-nikolaya-kibalchicha-ulitsa-33503732.html,10500,UAH,237.19,0,35,6.78,Дніпровський,1 кімната,35 м²,10 500 грн
domria,https://dom.ria.com/uk/realty-dolgosrochnaya-arenda-kvartira-kiev-staraya-darnitsa-harkovskoe-shosse-34321629.html,13000,UAH,293.67,0,27,10.88,Дніпровський,1 кімната,27 м²,13 000 грн
domria,https://dom.ria.com/uk/realty-dolgosrochnaya-arenda-kvartira-kiev-otradnyy-metrostroevskaya-ulitsa-34272480.html,12000,UAH,271.08,1,37.2,7.29,Солом'янський,2 кімнати,37.2 м²,12 000 грн
domria,https://dom.ria.com/uk/realty-dolgosrochnaya-arenda-kvartira-kiev-voskresenka-voskresenskiy-perova-prospekt-34322567.html,13000,UAH,293.67,1,45.3,6.48,Дніпровський,2 кімнати,45.3 м²,13 000 грн
domria,https://dom.ria.com/uk/realty-dolgosrochnaya-arenda-kvartira-kiev-teremki-2-akademika-glushkova-prospekt-34322226.html,15000,UAH,338.85,0,42,8.07,Голосіївський,1 кімната,42 м²,15 000 грн
domria,https://dom.ria.com/uk/realty-dolgosrochnaya-arenda-kvartira-kiev-andreya-verhoglyada-dragomirova-ulitsa-34322513.html,45000,UAH,1016.55,1,70,14.52,,2 кімнати,70 м²,45 000 грн
domria,https://dom.ria.com/uk/realty-dolgosrochnaya-arenda-kvartira-kiev-chernaya-gora-andreya-verhoglyada-dragomirova-ulitsa-34322505.html,102166,UAH,2307.92,0,59.3,38.92,Печерський,1 кімната,59.3 м²,102 166 грн
domria,https://dom.ria.com/uk/realty-dolgosrochnaya-arenda-kvartira-kiev-solomenskiy-bratev-zerovyh-ulitsa-34322471.html,19000,UAH,429.21,1,64,6.71,Солом'янський,2 кімнати,64 м²,19 000 грн
domria,https://dom.ria.com/uk/realty-dolgosrochnaya-arenda-kvartira-kiev-troeschina-serja-lifarya-aleksandra-saburova-ulitsa-34322386.html,8000,UAH,180.72,0,39,4.63,Деснянський,1 кімната,39 м²,8 000 грн
domria,https://dom.ria.com/uk/realty-dolgosrochnaya-arenda-kvartira-kiev-evropeyskogo-soyuza-pravdy-prospekt-34322493.html,10000,UAH,225.90,0,35,6.45,,1 кімната,35 м²,10 000 грн
domria,https://dom.ria.com/uk/realty-dolgosrochnaya-arenda-kvartira-kiev-teremki-2-lyatoshinskogo-ulitsa-34322481.html,20000,UAH,451.80,1,65,6.95,Голосіївський,2 кімнати,65 м²,20 000 грн
domria,https://dom.ria.com/uk/realty-dolgosrochnaya-arenda-kvartira-kiev-tatarka-34307165.html,26000,UAH,587.34,1,51,11.52,Шевченківський,2 кімнати,51 м²,26 000 грн
domria,https://dom.ria.com/uk/realty-dolgosrochnaya-arenda-kvartira-kiev-zverinets-mihaila-boychuka-ulitsa-34322429.html,20000,UAH,451.80,0,28.7,15.74,Печерський,1 кімната,28.7 м²,20 000 грн
domria,https://dom.ria.com/uk/realty-dolgosrochnaya-arenda-kvartira-kiev-chokolovka-svyatoslava-hrabrogo-ulitsa-34322403.html,29000,UAH,655.11,1,82,7.99,Солом'янський,2 кімнати,82 м²,29 000 грн
domria,https://dom.ria.com/uk/realty-dolgosrochnaya-arenda-kvartira-kiev-obolon-bogatyrskaya-ulitsa-34322340.html,18000,UAH,406.62,0,35.2,11.55,Оболонський,1 кімната,35.2 м²,18 000 грн
domria,https://dom.ria.com/uk/realty-dolgosrochnaya-arenda-kvartira-kiev-solomenskiy-vadeykaya-lia-26517982.html,11999,UAH,271.06,0,25,10.84,Солом'янський,1 кімната,25 м²,11 999 грн
domria,https://dom.ria.com/uk/realty-dolgosrochnaya-arenda-kvartira-kiev-harkovskiy-massiv-kamenskaya-ulitsa-34273840.html,15500,UAH,350.14,0,37,9.46,Дарницький,1 кімната,37 м²,15 500 грн
domria,https://dom.ria.com/uk/realty-dolgosrochnaya-arenda-kvartira-kiev-severno-brovarskiy-masiv-andreya-malyshko-ulitsa-34299772.html,13000,UAH,293.67,0,42,6.99,Дніпровський,1 кімната,42 м²,13 000 грн
domria,https://dom.ria.com/uk/realty-dolgosrochnaya-arenda-kvartira-kiev-solomenskiy-svyatoslava-hrabrogo-ulitsa-34321564.html,22500,UAH,508.27,0,38,13.38,Голосіївський,1 кімната,38 м²,22 500 грн
domria,https://dom.ria.com/uk/realty-dolgosrochnaya-arenda-kvartira-kiev-otradnyy-garmatnaya-ulitsa-34230879.html,25500,UAH,576.04,1,77,7.48,Солом'янський,2 кімнати,77 м²,25 500 грн
domria,https://dom.ria.com/uk/realty-dolgosrochnaya-arenda-kvartira-kiev-obolon-aleksandra-arhipenko-ulitsa-34295783.html,16000,UAH,361.44,0,33,10.95,Оболонський,1 кімната,33 м²,16 000 грн
domria,https://dom.ria.com/uk/realty-dolgosrochnaya-arenda-kvartira-kiev-troeschina-chervonoy-kaliny-mayakovskogo-vladimira-prospekt-34275327.html,12800,UAH,289.15,1,50.5,5.73,Деснянський,2 кімнати,50.5 м²,12 800 грн
domria,https://dom.ria.com/uk/realty-dolgosrochnaya-arenda-kvartira-kiev-svyatoshinskiy-akademika-efremova-ulitsa-33347594.html,25000,UAH,564.75,3,85.3,6.62,Святошинський,4 кімнати,85.3 м²,25 000 грн
domria,https://dom.ria.com/uk/realty-dolgosrochnaya-arenda-kvartira-kiev-cherepanova-gora-predslavinskaya-ulitsa-34321911.html,71072,UAH,1605.51,0,56.2,28.57,Печерський,1 кімната,56.2 м²,71 072 грн
domria,https://dom.ria.com/uk/realty-dolgosrochnaya-arenda-kvartira-kiev-solomenskiy-umanskaya-ulitsa-34294366.html,21000,UAH,474.39,1,65,7.30,Солом'янський,2 кімнати,65 м²,21 000 грн
domria,https://dom.ria.com/uk/realty-dolgosrochnaya-arenda-kvartira-kiev-pervomayskiy-massiv-generala-gennadiya-vorobeva-ulitsa-34321403.html,17000,UAH,384.03,1,45,8.53,Солом'янський,2 кімнати,45 м²,17 000 грн
domria,https://dom.ria.com/uk/realty-dolgosrochnaya-arenda-kvartira-kiev-berkovets-berkovetskaya-ulitsa-33890755.html,17000,UAH,384.03,0,38,10.11,Подільський,1 кімната,38 м²,17 000 грн
domria,https://dom.ria.com/uk/realty-dolgosrochnaya-arenda-kvartira-kiev-obolon-obolonskiy-prospekt-34321676.html,44420,UAH,1003.44,1,80,12.54,Оболонський,2 кімнати,80 м²,44 420 грн
domria,https://dom.ria.com/uk/realty-dolgosrochnaya-arenda-kvartira-kiev-osokorki-revutskogo-ulitsa-34319052.html,10000,UAH,225.90,0,44,5.13,Дарницький,1 кімната,44 м²,10 000 грн
domria,https://dom.ria.com/uk/realty-dolgosrochnaya-arenda-kvartira-kiev-darnitskiy-solomii-krushelnitskoy-ulitsa-34248069.html,15000,UAH,338.85,0,45,7.53,Дарницький,1 кімната,45 м²,15 000 грн
domria,https://dom.ria.com/uk/realty-dolgosrochnaya-arenda-kvartira-kiev-otradnyy-akademika-shalimova-geroev-sevastopolya-ulitsa-34252678.html,31094,UAH,702.41,1,76,9.24,Солом'янський,2 кімнати,76 м²,31 094 грн
domria,https://dom.ria.com/uk/realty-dolgosrochnaya-arenda-kvartira-kiev-otradnyy-akademika-beletskogo-ulitsa-34320948.html,12000,UAH,271.08,0,33,8.21,Солом'янський,1 кімната,33 м²,12 000 грн
domria,https://dom.ria.com/uk/realty-dolgosrochnaya-arenda-kvartira-kiev-troeschina-leonida-bykova-bulvar-33742355.html,12000,UAH,271.08,0,39.5,6.86,Деснянський,1 кімната,39.5 м²,12 000 грн
domria,https://dom.ria.com/uk/realty-dolgosrochnaya-arenda-kvartira-kiev-harkovskiy-massiv-arhitektora-verbitskogo-ulitsa-34295367.html,13000,UAH,293.67,0,35,8.39,Дарницький,1 кімната,35 м²,13 000 грн
domria,https://dom.ria.com/uk/realty-dolgosrochnaya-arenda-kvartira-kiev-obolon-obolonskiy-prospekt-34305635.html,30000,UAH,677.70,1,77,8.80,Оболонський,2 кімнати,77 м²,30 000 грн
domria,https://dom.ria.com/uk/realty-dolgosrochnaya-arenda-kvartira-kiev-demeevka-demeevskaya-ulitsa-34318843.html,59967,UAH,1354.65,0,60,22.58,Голосіївський,1 кімната,60 м²,59 967 грн
domria,https://dom.ria.com/uk/realty-dolgosrochnaya-arenda-kvartira-kiev-borschagovka-grigorovicha-barskogo-ulitsa-33678163.html,15000,UAH,338.85,2,72,4.71,Святошинський,3 кімнати,72 м²,15 000 грн
domria,https://dom.ria.com/uk/realty-dolgosrochnaya-arenda-kvartira-kiev-staraya-darnitsa-harkovskoe-shosse-34320783.html,13000,UAH,293.67,0,50,5.87,Дніпровський,1 кімната,50 м²,13 000 грн
domria,https://dom.ria.com/uk/realty-dolgosrochnaya-arenda-kvartira-kiev-dneprovskiy-evgeniya-sverstyuka-ulitsa-34279832.html,35000,UAH,790.65,1,68,11.63,Дніпровський,2 кімнати,68 м²,35 000 грн
domria,https://dom.ria.com/uk/realty-dolgosrochnaya-arenda-kvartira-kiev-goloseevskiy-getmanskaya-maykopskaya-ulitsa-33885631.html,16000,UAH,361.44,0,32,11.29,Голосіївський,1 кімната,32 м²,16 000 грн
domria,https://dom.ria.com/uk/realty-dolgosrochnaya-arenda-kvartira-kiev-shulyavka-oleksy-tihogo-vyborgskaya-ulitsa-34315209.html,6500,UAH,146.83,0,20,7.34,Солом'янський,1 кімната,20 м²,6 500 грн
domria,https://dom.ria.com/uk/realty-dolgosrochnaya-arenda-kvartira-kiev-teremki-1-teremkovskaya-ulitsa-34321072.html,33000,UAH,745.47,0,39.2,19.02,Голосіївський,1 кімната,39.2 м²,33 000 грн
domria,https://dom.ria.com/uk/realty-dolgosrochnaya-arenda-kvartira-kiev-desnyanskiy-sholom-aleyhema-ulitsa-34319715.html,9000,UAH,203.31,0,26,7.82,Деснянський,1 кімната,26 м²,9 000 грн
domria,https://dom.ria.com/uk/realty-dolgosrochnaya-arenda-kvartira-kiev-selo-troeschina-liskovskaya-ulitsa-34321032.html,12000,UAH,271.08,0,37,7.33,Деснянський,1 кімната,37 м²,12 000 грн
domria,https://dom.ria.com/uk/realty-dolgosrochnaya-arenda-kvartira-kiev-voskresenka-alishera-navoi-prospekt-34300878.html,20000,UAH,451.80,1,53,8.52,Дніпровський,2 кімнати,53 м²,20 000 грн
domria,https://dom.ria.com/uk/realty-dolgosrochnaya-arenda-kvartira-kiev-pervomayskiy-massiv-chokolovskiy-bulvar-32931752.html,15000,UAH,338.85,1,46,7.37,Солом'янський,2 кімнати,46 м²,15 000 грн
domria,https://dom.ria.com/uk/realty-dolgosrochnaya-arenda-kvartira-kiev-dneprovskiy-nikolsko-slobodskaya-ulitsa-34320964.html,28000,UAH,632.52,0,41.6,15.20,Дніпровський,1 кімната,41.6 м²,28 000 грн
domria,https://dom.ria.com/uk/realty-dolgosrochnaya-arenda-kvartira-kiev-poznyaki-dragomanova-ulitsa-34320589.html,12000,UAH,271.08,1,74,3.66,Дарницький,2 кімнати,74 м²,12 000 грн
domria,https://dom.ria.com/uk/realty-dolgosrochnaya-arenda-kvartira-kiev-chernaya-gora-andreya-verhoglyada-dragomirova-ulitsa-34213436.html,75514,UAH,1705.86,2,117,14.58,Печерський,3 кімнати,117 м²,75 514 грн
domria,https://dom.ria.com/uk/realty-dolgosrochnaya-arenda-kvartira-kiev-bereznyaki-yuriya-shumskogo-ulitsa-34320922.html,15000,UAH,338.85,2,61.8,5.48,Дніпровський,3 кімнати,61.8 м²,15 000 грн
domria,https://dom.ria.com/uk/realty-dolgosrochnaya-arenda-kvartira-kiev-podol-vozdvijenskaya-ulitsa-34320832.html,11990,UAH,270.85,0,30,9.03,Подільський,1 кімната,30 м²,11 990 грн
domria,https://dom.ria.com/uk/realty-dolgosrochnaya-arenda-kvartira-kiev-darnitskiy-dneprovskaya-naberejnaya-34299416.html,57746,UAH,1304.48,1,93,14.03,Дарницький,2 кімнати,93 м²,57 746 грн
domria,https://dom.ria.com/uk/realty-dolgosrochnaya-arenda-kvartira-kiev-osokorki-petra-grigorenko-prospekt-34319697.html,15000,UAH,338.85,0,44,7.70,Дарницький,1 кімната,44 м²,15 000 грн
domria,https://dom.ria.com/uk/realty-dolgosrochnaya-arenda-kvartira-kiev-podol-vozdvijenskaya-ulitsa-34320805.html,18000,UAH,406.62,1,35,11.62,Подільський,2 кімнати,35 м²,18 000 грн
domria,https://dom.ria.com/uk/realty-dolgosrochnaya-arenda-kvartira-kiev-karavaevy-dachi-novopolevaya-ulitsa-33535135.html,22000,UAH,496.98,0,46.7,10.64,Солом'янський,1 кімната,46.7 м²,22 000 грн
domria,https://dom.ria.com/uk/realty-dolgosrochnaya-arenda-kvartira-kiev-borschagovka-koltsevaya-doroga-34305283.html,16000,UAH,361.44,1,45.3,7.98,Святошинський,2 кімнати,45.3 м²,16 000 грн
domria,https://dom.ria.com/uk/realty-dolgosrochnaya-arenda-kvartira-kiev-nikolskaya-slobodka-kahovskaya-ulitsa-34320493.html,14990,UAH,338.62,0,30.8,10.99,Дніпровський,1 кімната,30.8 м²,14 990 грн
domria,https://dom.ria.com/uk/realty-dolgosrochnaya-arenda-kvartira-kiev-obolon-levka-lukyanenko-ulitsa-34319815.html,17950,UAH,405.49,0,39.7,10.21,Оболонський,1 кімната,39.7 м²,17 950 грн
domria,https://dom.ria.com/uk/realty-dolgosrochnaya-arenda-kvartira-kiev-minskiy-massiv-polyarnaya-ulitsa-27045720.html,6700,UAH,151.35,0,33.9,4.46,Оболонський,1 кімната,33.9 м²,6 700 грн
domria,https://dom.ria.com/uk/realty-dolgosrochnaya-arenda-kvartira-kiev-obolon-levka-lukyanenko-ulitsa-34319811.html,21000,UAH,474.39,1,45,10.54,Оболонський,2 кімнати,45 м²,21 000 грн
domria,https://dom.ria.com/uk/realty-dolgosrochnaya-arenda-kvartira-kiev-darnitskiy-petra-grigorenko-prospekt-34315631.html,21000,UAH,474.39,1,73.6,6.45,Дарницький,2 кімнати,73.6 м²,21 000 грн
domria,https://dom.ria.com/uk/realty-dolgosrochnaya-arenda-kvartira-kiev-obolon-geroev-dnepra-ulitsa-34319861.html,14500,UAH,327.55,0,35,9.36,Оболонський,1 кімната,35 м²,14 500 грн
domria,https://dom.ria.com/uk/realty-dolgosrochnaya-arenda-kvartira-kiev-shulyavka-beresteyskiy-pobedy-prospekt-34320128.html,42199,UAH,953.27,0,52.6,18.12,Солом'янський,1 кімната,52.6 м²,42 199 грн
domria,https://dom.ria.com/uk/realty-dolgosrochnaya-arenda-kvartira-kiev-teremki-1-akademika-glushkova-prospekt-34294091.html,22000,UAH,496.98,1,54,9.20,Голосіївський,2 кімнати,54 м²,22 000 грн
domria,https://dom.ria.com/uk/realty-dolgosrochnaya-arenda-kvartira-kiev-darnitskiy-zarechnaya-ulitsa-34299783.html,20000,UAH,451.80,0,48,9.41,Дарницький,1 кімната,48 м²,20 000 грн
domria,https://dom.ria.com/uk/realty-dolgosrochnaya-arenda-kvartira-kiev-severno-brovarskiy-masiv-knyazya-romana-mstislavicha-generala-jmachenko-ulitsa-34319838.html,24000,UAH,542.16,0,51,10.63,Дніпровський,1 кімната,51 м²,24 000 грн
domria,https://dom.ria.com/uk/realty-dolgosrochnaya-arenda-kvartira-kiev-poznyaki-zdolbunovskaya-ulitsa-34307021.html,11000,UAH,248.49,0,32,7.77,Дарницький,1 кімната,32 м²,11 000 грн
domria,https://dom.ria.com/uk/realty-dolgosrochnaya-arenda-kvartira-kiev-desnyanskiy-liskovskaya-ulitsa-34310979.html,14000,UAH,316.26,0,39.2,8.07,Деснянський,1 кімната,39.2 м²,14 000 грн
domria,https://dom.ria.com/uk/realty-dolgosrochnaya-arenda-kvartira-kiev-obolon-vladimira-ivasyuka-prospekt-34314878.html,18000,UAH,406.62,0,61.7,6.59,Оболонський,1 кімната,61.7 м²,18 000 грн
domria,https://dom.ria.com/uk/realty-dolgosrochnaya-arenda-kvartira-kiev-chernaya-gora-andreya-verhoglyada-dragomirova-ulitsa-34317437.html,88840,UAH,2006.89,2,116,17.30,Печерський,3 кімнати,116 м²,88 840 грн
domria,https://dom.ria.com/uk/realty-dolgosrochnaya-arenda-kvartira-kiev-vinogradar-sergeya-danchenko-ulitsa-34248737.html,28000,UAH,632.52,0,69,9.17,Подільський,1 кімната,69 м²,28 000 грн
domria,https://dom.ria.com/uk/realty-dolgosrochnaya-arenda-kvartira-kiev-obolon-vladimira-ivasyuka-prospekt-34319739.html,14000,UAH,316.26,0,35,9.04,Оболонський,1 кімната,35 м²,14 000 грн
domria,https://dom.ria.com/uk/realty-dolgosrochnaya-arenda-kvartira-kiev-sapernoe-pole-makkeyna-djona-ulitsa-34316413.html,38963,UAH,880.17,0,53.4,16.48,Печерський,1 кімната,53.4 м²,38 963 грн
domria,https://dom.ria.com/uk/realty-dolgosrochnaya-arenda-kvartira-kiev-dneprovskiy-generala-jmachenko-ulitsa-34318546.html,31000,UAH,700.29,0,47,14.90,Дніпровський,1 кімната,47 м²,31 000 грн
domria,https://dom.ria.com/uk/realty-dolgosrochnaya-arenda-kvartira-kiev-novoe-stroenie-saksaganskogo-ulitsa-34319444.html,59967,UAH,1354.65,0,75,18.06,Голосіївський,1 кімната,75 м²,59 967 грн
domria,https://dom.ria.com/uk/realty-dolgosrochnaya-arenda-kvartira-kiev-sapernoe-pole-predslavinskaya-ulitsa-34314491.html,48862,UAH,1103.79,0,53,20.83,Печерський,1 кімната,53 м²,48 862 грн
domria,https://dom.ria.com/uk/realty-dolgosrochnaya-arenda-kvartira-kiev-nikolaya-zakrevskogo-ulitsa-34319609.html,14000,UAH,316.26,0,43,7.35,,1 кімната,43 м²,14 000 грн
domria,https://dom.ria.com/uk/realty-dolgosrochnaya-arenda-kvartira-kiev-teremki-2-samoylo-koshki-marshala-koneva-ulitsa-34319587.html,21000,UAH,474.39,1,57,8.32,Голосіївський,2 кімнати,57 м²,21 000 грн
domria,https://dom.ria.com/uk/realty-dolgosrochnaya-arenda-kvartira-kiev-sotsgorod-verhovnogo-soveta-bulvar-34319411.html,22000,UAH,496.98,2,96,5.18,Дніпровський,3 кімнати,96 м²,22 000 грн
domria,https://dom.ria.com/uk/realty-dolgosrochnaya-arenda-kvartira-kiev-aleksandra-olesya-ulitsa-34319428.html,25000,UAH,564.75,0,42.6,13.26,,1 кімната,42.6 м²,25 000 грн
domria,https://dom.ria.com/uk/realty-dolgosrochnaya-arenda-kvartira-kiev-novoe-stroenie-bolshaya-vasilkovskaya-ulitsa-34319399.html,42199,UAH,953.27,2,85.3,11.18,Голосіївський,3 кімнати,85.3 м²,42 199 грн
domria,https://dom.ria.com/uk/realty-dolgosrochnaya-arenda-kvartira-kiev-tsentr-bulvarno-kudryavskaya-vorovskogo-ulitsa-34319166.html,39978,UAH,903.10,0,50,18.06,Шевченківський,1 кімната,50 м²,39 978 грн
domria,https://dom.ria.com/uk/realty-dolgosrochnaya-arenda-kvartira-kiev-troeschina-aleksandry-ekster-mariny-tsvetaevoy-ulitsa-34314485.html,10999,UAH,248.47,0,42.6,5.83,Деснянський,1 кімната,42.6 м²,10 999 грн
domria,https://dom.ria.com/uk/realty-dolgosrochnaya-arenda-kvartira-kiev-tatarka-lukyanovskaya-ulitsa-33467864.html,11000,UAH,248.49,0,26.5,9.38,Шевченківський,1 кімната,26.5 м²,11 000 грн
domria,https://dom.ria.com/uk/realty-dolgosrochnaya-arenda-kvartira-kiev-nivki-ivana-vygovskogo-marshala-grechko-ulitsa-34319180.html,19500,UAH,440.50,0,34.3,12.84,Шевченківський,1 кімната,34.3 м²,19 500 грн
domria,https://dom.ria.com/uk/realty-dolgosrochnaya-arenda-kvartira-kiev-julyany-mihaila-maksimovicha-ulitsa-34319132.html,25000,UAH,564.75,0,54,10.46,Солом'янський,1 кімната,54 м²,25 000 грн
domria,https://dom.ria.com/uk/realty-dolgosrochnaya-arenda-kvartira-kiev-voskresnye-sady-peschanaya-ulitsa-34305502.html,8000,UAH,180.72,0,21,8.61,Дніпровський,1 кімната,21 м²,8 000 грн
domria,https://dom.ria.com/uk/realty-dolgosrochnaya-arenda-kvartira-kiev-pecherskiy-drujby-narodov-bulvar-32570285.html,21000,UAH,474.39,0,50,9.49,Печерський,1 кімната,50 м²,21 000 грн
domria,https://dom.ria.com/uk/realty-dolgosrochnaya-arenda-kvartira-kiev-zamkovische-polkovoy-pereulok-34318831.html,12000,UAH,271.08,0,35,7.75,Подільський,1 кімната,35 м²,12 000 грн
domria,https://dom.ria.com/uk/realty-dolgosrochnaya-arenda-kvartira-kiev-svyatoshino-lvovskaya-ulitsa-34318804.html,25000,UAH,564.75,0,41,13.77,Святошинський,1 кімната,41 м²,25 000 грн
domria,https://dom.ria.com/uk/realty-dolgosrochnaya-arenda-kvartira-kiev-shulyavka-mashinostroitelnaya-ulitsa-34318592.html,20000,UAH,451.80,2,61,7.41,Солом'янський,3 кімнати,61 м²,20 000 грн
domria,https://dom.ria.com/uk/realty-dolgosrochnaya-arenda-kvartira-kiev-sovki-kadetskiy-gay-ulitsa-34317675.html,20000,UAH,451.80,0,43.7,10.34,Солом'янський,1 кімната,43.7 м²,20 000 грн
domria,https://dom.ria.com/uk/realty-dolgosrochnaya-arenda-kvartira-kiev-novobelichi-olevskaya-ulitsa-34318191.html,18000,UAH,406.62,1,61,6.67,Святошинський,2 кімнати,61 м²,18 000 грн
domria,https://dom.ria.com/uk/realty-dolgosrochnaya-arenda-kvartira-kiev-borschagovka-zodchih-ulitsa-34318204.html,15500,UAH,350.14,1,50,7.00,Святошинський,2 кімнати,50 м²,15 500 грн
domria,https://dom.ria.com/uk/realty-dolgosrochnaya-arenda-kvartira-kiev-tsentr-bogdana-hmelnitskogo-ulitsa-34317848.html,37000,UAH,835.83,1,82,10.19,Шевченківський,2 кімнати,82 м²,37 000 грн
domria,https://dom.ria.com/uk/realty-dolgosrochnaya-arenda-kvartira-kiev-nivki-ivana-vygovskogo-marshala-grechko-ulitsa-34314391.html,15000,UAH,338.85,1,47,7.21,Шевченківський,2 кімнати,47 м²,15 000 грн
domria,https://dom.ria.com/uk/realty-dolgosrochnaya-arenda-kvartira-kiev-tsentr-aleksandra-konisskogo-turgenevskaya-ulitsa-34317677.html,32000,UAH,722.88,1,65,11.12,Шевченківський,2 кімнати,65 м²,32 000 грн
domria,https://dom.ria.com/uk/realty-dolgosrochnaya-arenda-kvartira-kiev-solomenskiy-romana-ratushnogo-volgogradskaya-ulitsa-34299781.html,18000,UAH,406.62,1,52,7.82,Солом'янський,2 кімнати,52 м²,18 000 грн
domria,https://dom.ria.com/uk/realty-dolgosrochnaya-arenda-kvartira-kiev-chernaya-gora-andreya-verhoglyada-dragomirova-ulitsa-34317462.html,39978,UAH,903.10,1,60,15.05,Печерський,2 кімнати,60 м²,39 978 грн
domria,https://dom.ria.com/uk/realty-dolgosrochnaya-arenda-kvartira-kiev-kudryavets-nikolaya-pimonenko-ulitsa-34310824.html,18000,UAH,406.62,1,53,7.67,Шевченківський,2 кімнати,53 м²,18 000 грн
domria,https://dom.ria.com/uk/realty-dolgosrochnaya-arenda-kvartira-kiev-galagany-berdnika-olesya-ulitsa-34316374.html,27000,UAH,609.93,1,69.8,8.74,Святошинський,2 кімнати,69.8 м²,27 000 грн
domria,https://dom.ria.com/uk/realty-dolgosrochnaya-arenda-kvartira-kiev-solomyanka-mitropolita-vasiliya-lipkovskogo-uritskogo-ulitsa-34281291.html,15000,UAH,338.85,1,45,7.53,Солом'янський,2 кімнати,45 м²,15 000 грн
domria,https://dom.ria.com/uk/realty-dolgosrochnaya-arenda-kvartira-kiev-pechersk-leyptsigskaya-ulitsa-34195054.html,222100,UAH,5017.22,2,195.1,25.72,Печерський,3 кімнати,195.1 м²,222 100 грн
domria,https://dom.ria.com/uk/realty-dolgosrochnaya-arenda-kvartira-kiev-karavaevy-dachi-polevaya-ulitsa-34314316.html,25500,UAH,576.04,1,67.4,8.55,Солом'янський,2 кімнати,67.4 м²,25 500 грн
domria,https://dom.ria.com/uk/realty-dolgosrochnaya-arenda-kvartira-kiev-sotsgorod-regeneratornaya-ulitsa-34306452.html,20000,UAH,451.80,0,39.7,11.38,Дніпровський,1 кімната,39.7 м²,20 000 грн
domria,https://dom.ria.com/uk/realty-dolgosrochnaya-arenda-kvartira-kiev-minskiy-massiv-polyarnaya-ulitsa-34315947.html,15000,UAH,338.85,0,33.3,10.18,Оболонський,1 кімната,33.3 м²,15 000 грн
domria,https://dom.ria.com/uk/realty-dolgosrochnaya-arenda-kvartira-kiev-otradnyy-nikolaya-vasilenko-ulitsa-34315934.html,22000,UAH,496.98,2,52.7,9.43,Солом'янський,3 кімнати,52.7 м²,22 000 грн
domria,https://dom.ria.com/uk/realty-dolgosrochnaya-arenda-kvartira-kiev-lipki-shelkovichnaya-ulitsa-34315304.html,42199,UAH,953.27,1,55.3,17.24,Печерський,2 кімнати,55.3 м²,42 199 грн
domria,https://dom.ria.com/uk/realty-dolgosrochnaya-arenda-kvartira-kiev-darnitskiy-harkovskoe-shosse-34300076.html,18500,UAH,417.91,0,44.7,9.35,Дарницький,1 кімната,44.7 м²,18 500 грн
domria,https://dom.ria.com/uk/realty-dolgosrochnaya-arenda-kvartira-kiev-obolon-obolonskiy-prospekt-34316167.html,15000,UAH,338.85,0,35,9.68,Оболонський,1 кімната,35 м²,15 000 грн
domria,https://dom.ria.com/uk/realty-dolgosrochnaya-arenda-kvartira-kiev-sapernoe-pole-konovaltsa-evgeniya-ulitsa-34312961.html,71072,UAH,1605.51,3,178.2,9.01,Печерський,4 кімнати,178.2 м²,71 072 грн
domria,https://dom.ria.com/uk/realty-dolgosrochnaya-arenda-kvartira-kiev-podol-borichev-spusk-34314326.html,46641,UAH,1053.62,1,48.8,21.59,Подільський,2 кімнати,48.8 м²,46 641 грн
domria,https://dom.ria.com/uk/realty-dolgosrochnaya-arenda-kvartira-kiev-osokorki-aleksandra-mishugi-ulitsa-34309769.html,12000,UAH,271.08,0,42.9,6.32,Дарницький,1 кімната,42.9 м²,12 000 грн
domria,https://dom.ria.com/uk/realty-dolgosrochnaya-arenda-kvartira-kiev-solomenskiy-34249197.html,17000,UAH,384.03,2,61,6.30,Солом'янський,3 кімнати,61 м²,17 000 грн
domria,https://dom.ria.com/uk/realty-dolgosrochnaya-arenda-kvartira-kiev-staraya-darnitsa-dvinskaya-ulitsa-34282274.html,9500,UAH,214.60,0,29,7.40,Дніпровський,1 кімната,29 м²,9 500 грн
domria,https://dom.ria.com/uk/realty-dolgosrochnaya-arenda-kvartira-kiev-levoberejnyy-masiv-nikolsko-slobodskaya-ulitsa-34276186.html,15000,UAH,338.85,0,29,11.68,Дніпровський,1 кімната,29 м²,15 000 грн
domria,https://dom.ria.com/uk/realty-dolgosrochnaya-arenda-kvartira-kiev-rusanovka-entuziastov-ulitsa-34309036.html,17000,UAH,384.03,2,68,5.65,Дніпровський,3 кімнати,68 м²,17 000 грн
domria,https://dom.ria.com/uk/realty-dolgosrochnaya-arenda-kvartira-kiev-julyany-yunosheskaya-ulitsa-33141285.html,19000,UAH,429.21,0,44,9.75,Солом'янський,1 кімната,44 м²,19 000 грн
domria,https://dom.ria.com/uk/realty-dolgosrochnaya-arenda-kvartira-kiev-darnitskiy-zarechnaya-ulitsa-34305182.html,18000,UAH,406.62,0,45,9.04,Дарницький,1 кімната,45 м²,18 000 грн
domria,https://dom.ria.com/uk/realty-dolgosrochnaya-arenda-kvartira-kiev-podolskiy-naberejno-rybalskaya-ulitsa-33350509.html,21500,UAH,485.68,0,31.3,15.52,Подільський,1 кімната,31.3 м²,21 500 грн
domria,https://dom.ria.com/uk/realty-dolgosrochnaya-arenda-kvartira-kiev-chokolovka-svyatoslava-hrabrogo-ulitsa-34314930.html,26000,UAH,587.34,1,113,5.20,Солом'янський,2 кімнати,113 м²,26 000 грн
domria,https://dom.ria.com/uk/realty-dolgosrochnaya-arenda-kvartira-kiev-goloseev-goloseevskiy-40-letiya-oktyabrya-prospekt-34316131.html,44420,UAH,1003.44,1,64,15.68,Голосіївський,2 кімнати,64 м²,44 420 грн
domria,https://dom.ria.com/uk/realty-dolgosrochnaya-arenda-kvartira-kiev-demeevka-demeevskaya-ulitsa-34315867.html,26000,UAH,587.34,1,85,6.91,Голосіївський,2 кімнати,85 м²,26 000 грн
domria,https://dom.ria.com/uk/realty-dolgosrochnaya-arenda-kvartira-kiev-bereznyaki-bereznyakovskaya-ulitsa-34313305.html,10000,UAH,225.90,0,34.5,6.55,Дніпровський,1 кімната,34.5 м²,10 000 грн
domria,https://dom.ria.com/uk/realty-dolgosrochnaya-arenda-kvartira-kiev-bereznyaki-bereznyakovskaya-ulitsa-34305055.html,8500,UAH,192.01,0,30,6.40,Дніпровський,1 кімната,30 м²,8 500 грн
domria,https://dom.ria.com/uk/realty-dolgosrochnaya-arenda-kvartira-kiev-svyatoshinskiy-oresta-vaskula-feodori-pushinoy-ulitsa-34314835.html,30000,UAH,677.70,1,110,6.16,Святошинський,2 кімнати,110 м²,30 000 грн
domria,https://dom.ria.com/uk/realty-dolgosrochnaya-arenda-kvartira-kiev-pechersk-lesi-ukrainki-bulvar-34314591.html,23000,UAH,519.57,1,50,10.39,Печерський,2 кімнати,50 м²,23 000 грн
domria,https://dom.ria.com/uk/realty-dolgosrochnaya-arenda-kvartira-kiev-obolon-vladimira-ivasyuka-prospekt-34314666.html,9000,UAH,203.31,0,35,5.81,Оболонський,1 кімната,35 м²,9 000 грн
domria,https://dom.ria.com/uk/realty-dolgosrochnaya-arenda-kvartira-kiev-obolon-severnaya-ulitsa-34313803.html,16000,UAH,361.44,1,37,9.77,Оболонський,2 кімнати,37 м²,16 000 грн
domria,https://dom.ria.com/uk/realty-dolgosrochnaya-arenda-kvartira-kiev-troeschina-miloslavskaya-ulitsa-34314369.html,15000,UAH,338.85,2,89.7,3.78,Деснянський,3 кімнати,89.7 м²,15 000 грн
domria,https://dom.ria.com/uk/realty-dolgosrochnaya-arenda-kvartira-kiev-pervomayskiy-massiv-djohara-dudaeva-iskrovskaya-ulitsa-34303107.html,19000,UAH,429.21,2,85,5.05,Солом'янський,3 кімнати,85 м²,19 000 грн
domria,https://dom.ria.com/uk/realty-dolgosrochnaya-arenda-kvartira-kiev-pechersk-34309141.html,17000,UAH,384.03,0,30.5,12.59,Печерський,1 кімната,30.5 м²,17 000 грн
domria,https://dom.ria.com/uk/realty-dolgosrochnaya-arenda-kvartira-kiev-nivki-salyutnaya-ulitsa-34313162.html,24000,UAH,542.16,1,67,8.09,Шевченківський,2 кімнати,67 м²,24 000 грн
domria,https://dom.ria.com/uk/realty-dolgosrochnaya-arenda-kvartira-kiev-desnyanskiy-uinstona-cherchillya-krasnotkatskaya-ulitsa-34313014.html,9500,UAH,214.60,0,36,5.96,Деснянський,1 кімната,36 м²,9 500 грн
domria,https://dom.ria.com/uk/realty-dolgosrochnaya-arenda-kvartira-kiev-cherepanova-gora-laboratornyy-pereulok-34294631.html,37757,UAH,852.93,1,95,8.98,Печерський,2 кімнати,95 м²,37 757 грн
domria,https://dom.ria.com/uk/realty-dolgosrochnaya-arenda-kvartira-kiev-shevchenkovskiy-beresteyskiy-pobedy-prospekt-34287129.html,30000,UAH,677.70,0,55,12.32,Шевченківський,1 кімната,55 м²,30 000 грн
domria,https://dom.ria.com/uk/realty-dolgosrochnaya-arenda-kvartira-kiev-chernaya-gora-andreya-verhoglyada-dragomirova-ulitsa-34308305.html,199890,UAH,4515.50,3,130,34.73,Печерський,4 кімнати,130 м²,199 890 грн
domria,https://dom.ria.com/uk/realty-dolgosrochnaya-arenda-kvartira-kiev-desnyanskiy-uinstona-cherchillya-krasnotkatskaya-ulitsa-34312817.html,11000,UAH,248.49,0,48,5.18,Деснянський,1 кімната,48 м²,11 000 грн
domria,https://dom.ria.com/uk/realty-dolgosrochnaya-arenda-kvartira-kiev-goloseevskiy-samoylo-koshki-marshala-koneva-ulitsa-32870250.html,23000,UAH,519.57,0,80.8,6.43,Голосіївський,1 кімната,80.8 м²,23 000 грн
domria,https://dom.ria.com/uk/realty-dolgosrochnaya-arenda-kvartira-kiev-solomyanka-vozdushnyh-sil-vozduhoflotskiy-prospekt-34300087.html,22000,UAH,496.98,1,56,8.87,Солом'янський,2 кімнати,56 м²,22 000 грн
domria,https://dom.ria.com/uk/realty-dolgosrochnaya-arenda-kvartira-kiev-lukyanovka-dovnar-zapolskogo-ulitsa-34295004.html,15399,UAH,347.86,1,65,5.35,Шевченківський,2 кімнати,65 м²,15 399 грн
domria,https://dom.ria.com/uk/realty-dolgosrochnaya-arenda-kvartira-kiev-darnitskiy-zarechnaya-ulitsa-32940491.html,39978,UAH,903.10,2,119,7.59,Дарницький,3 кімнати,119 м²,39 978 грн
domria,https://dom.ria.com/uk/realty-dolgosrochnaya-arenda-kvartira-kiev-feofaniya-metrologicheskaya-ulitsa-34299997.html,17000,UAH,384.03,0,39,9.85,Голосіївський,1 кімната,39 м²,17 000 грн
domria,https://dom.ria.com/uk/realty-dolgosrochnaya-arenda-kvartira-kiev-obolon-obolonskiy-prospekt-34293766.html,15000,UAH,338.85,0,34,9.97,Оболонський,1 кімната,34 м²,15 000 грн
domria,https://dom.ria.com/uk/realty-dolgosrochnaya-arenda-kvartira-kiev-akademgorodok-oresta-vaskula-feodori-pushinoy-ulitsa-34300648.html,10000,UAH,225.90,0,43.4,5.21,Святошинський,1 кімната,43.4 м²,10 000 грн
domria,https://dom.ria.com/uk/realty-dolgosrochnaya-arenda-kvartira-kiev-staryy-kiev-mihaylovskaya-ulitsa-34304879.html,71072,UAH,1605.51,3,98.2,16.35,Шевченківський,4 кімнати,98.2 м²,71 072 грн
domria,https://dom.ria.com/uk/realty-dolgosrochnaya-arenda-kvartira-kiev-nikolskaya-slobodka-kahovskaya-ulitsa-34306923.html,16000,UAH,361.44,0,32.2,11.22,Дніпровський,1 кімната,32.2 м²,16 000 грн
domria,https://dom.ria.com/uk/realty-dolgosrochnaya-arenda-kvartira-kiev-dvrz-almatinskaya-ulitsa-34268268.html,10000,UAH,225.90,0,31,7.29,Дніпровський,1 кімната,31 м²,10 000 грн
domria,https://dom.ria.com/uk/realty-dolgosrochnaya-arenda-kvartira-kiev-priorka-semi-kuljenkov-ulitsa-34305297.html,10000,UAH,225.90,0,47.2,4.79,Оболонський,1 кімната,47.2 м²,10 000 грн
domria,https://dom.ria.com/uk/realty-dolgosrochnaya-arenda-kvartira-kiev-levoberejnyy-masiv-andreya-abolmasova-panelnaya-ulitsa-34309115.html,22210,UAH,501.72,0,55,9.12,Дніпровський,1 кімната,55 м²,22 210 грн
domria,https://dom.ria.com/uk/realty-dolgosrochnaya-arenda-kvartira-kiev-obolon-vladimira-ivasyuka-prospekt-33507152.html,20000,UAH,451.80,0,34.3,13.17,Оболонський,1 кімната,34.3 м²,20 000 грн
domria,https://dom.ria.com/uk/realty-dolgosrochnaya-arenda-kvartira-kiev-goloseevskiy-vasiliya-tyutyunnika-ulitsa-34290680.html,62188,UAH,1404.82,1,86,16.34,Печерський,2 кімнати,86 м²,62 188 грн
domria,https://dom.ria.com/uk/realty-dolgosrochnaya-arenda-kvartira-kiev-goloseevskiy-feodosiyskiy-pereulok-34308993.html,24900,UAH,562.49,0,48,11.72,Голосіївський,1 кімната,48 м²,24 900 грн
domria,https://dom.ria.com/uk/realty-dolgosrochnaya-arenda-kvartira-kiev-pechersk-lesi-ukrainki-bulvar-34308059.html,35536,UAH,802.76,2,120,6.69,Печерський,3 кімнати,120 м²,35 536 грн
domria,https://dom.ria.com/uk/realty-dolgosrochnaya-arenda-kvartira-kiev-lesnoy-massiv-sholom-aleyhema-ulitsa-34308971.html,10000,UAH,225.90,0,32,7.06,Деснянський,1 кімната,32 м²,10 000 грн
domria,https://dom.ria.com/uk/realty-dolgosrochnaya-arenda-kvartira-kiev-pankovschina-jilyanskaya-ulitsa-34307356.html,44420,UAH,1003.44,0,56,17.92,Голосіївський,1 кімната,56 м²,44 420 грн
domria,https://dom.ria.com/uk/realty-dolgosrochnaya-arenda-kvartira-kiev-podol-schekavitskaya-ulitsa-34299769.html,33999,UAH,768.03,0,52,14.77,Подільський,1 кімната,52 м²,33 999 грн
domria,https://dom.ria.com/uk/realty-dolgosrochnaya-arenda-kvartira-kiev-borschagovka-nikolaya-rudenko-koltsova-bulvar-34306585.html,12000,UAH,271.08,1,50,5.42,Святошинський,2 кімнати,50 м²,12 000 грн
domria,https://dom.ria.com/uk/realty-dolgosrochnaya-arenda-kvartira-kiev-vinogradar-aleksandra-olesya-ulitsa-34308746.html,26000,UAH,587.34,0,43,13.66,Подільський,1 кімната,43 м²,26 000 грн
domria,https://dom.ria.com/uk/realty-dolgosrochnaya-arenda-kvartira-kiev-pervomayskiy-massiv-karela-chapeka-yuliusa-fuchika-ulitsa-34307140.html,14000,UAH,316.26,0,35,9.04,Солом'янський,1 кімната,35 м²,14 000 грн
domria,https://dom.ria.com/uk/realty-dolgosrochnaya-arenda-kvartira-kiev-goloseevskiy-saksaganskogo-ulitsa-34276580.html,66630,UAH,1505.17,0,68,22.13,Голосіївський,1 кімната,68 м²,66 630 грн
domria,https://dom.ria.com/uk/realty-dolgosrochnaya-arenda-kvartira-kiev-podolskiy-evropeyskogo-soyuza-pravdy-prospekt-34308670.html,20500,UAH,463.09,1,41,11.29,Подільський,2 кімнати,41 м²,20 500 грн
domria,https://dom.ria.com/uk/realty-dolgosrochnaya-arenda-kvartira-kiev-soldatskaya-slobodka-dmitrievskaya-ulitsa-34306776.html,60000,UAH,1355.40,1,110,12.32,Шевченківський,2 кімнати,110 м²,60 000 грн
domria,https://dom.ria.com/uk/realty-dolgosrochnaya-arenda-kvartira-kiev-obolon-obolonskaya-ploschad-34301416.html,20000,UAH,451.80,0,45,10.04,Оболонський,1 кімната,45 м²,20 000 грн
domria,https://dom.ria.com/uk/realty-dolgosrochnaya-arenda-kvartira-kiev-troeschina-nikolaya-zakrevskogo-ulitsa-34308510.html,14000,UAH,316.26,1,60.5,5.23,Деснянський,2 кімнати,60.5 м²,14 000 грн
domria,https://dom.ria.com/uk/realty-dolgosrochnaya-arenda-kvartira-kiev-berkovets-stetsenko-ulitsa-34308462.html,18800,UAH,424.69,1,55,7.72,Подільський,2 кімнати,55 м²,18 800 грн
domria,https://dom.ria.com/uk/realty-dolgosrochnaya-arenda-kvartira-kiev-soldatskaya-slobodka-zlatoustovskaya-ulitsa-34308408.html,133260,UAH,3010.33,1,97.6,30.84,Шевченківський,2 кімнати,97.6 м²,133 260 грн
domria,https://dom.ria.com/uk/realty-dolgosrochnaya-arenda-kvartira-kiev-podolskiy-aleksandra-olesya-ulitsa-34308329.html,25000,UAH,564.75,0,45,12.55,Подільський,1 кімната,45 м²,25 000 грн
domria,https://dom.ria.com/uk/realty-dolgosrochnaya-arenda-kvartira-kiev-novobelichi-klavdievskaya-ulitsa-34307370.html,14000,UAH,316.26,0,38,8.32,Святошинський,1 кімната,38 м²,14 000 грн
domria,https://dom.ria.com/uk/realty-dolgosrochnaya-arenda-kvartira-kiev-cherepanova-gora-konovaltsa-evgeniya-ulitsa-34307178.html,25000,UAH,564.75,1,53,10.66,Печерський,2 кімнати,53 м²,25 000 грн
domria,https://dom.ria.com/uk/realty-dolgosrochnaya-arenda-kvartira-kiev-sapernaya-slobodka-akademika-pisarjevskogo-ulitsa-34307500.html,19000,UAH,429.21,0,43,9.98,Голосіївський,1 кімната,43 м²,19 000 грн
domria,https://dom.ria.com/uk/realty-dolgosrochnaya-arenda-kvartira-kiev-cherepanova-gora-predslavinskaya-ulitsa-34307051.html,53304,UAH,1204.13,0,54.6,22.05,Печерський,1 кімната,54.6 м²,53 304 грн
domria,https://dom.ria.com/uk/realty-dolgosrochnaya-arenda-kvartira-kiev-teremki-2-dmitriya-lutsenko-kreysera-avrora-ulitsa-34307434.html,20000,UAH,451.80,0,32,14.12,Голосіївський,1 кімната,32 м²,20 000 грн
domria,https://dom.ria.com/uk/realty-dolgosrochnaya-arenda-kvartira-kiev-chokolovka-akademika-vozianova-akademika-karpinskogo-ulitsa-34295529.html,18000,UAH,406.62,1,45,9.04,Солом'янський,2 кімнати,45 м²,18 000 грн
domria,https://dom.ria.com/uk/realty-dolgosrochnaya-arenda-kvartira-kiev-nivki-igorya-turchina-ulitsa-34307386.html,17000,UAH,384.03,1,49,7.84,Шевченківський,2 кімнати,49 м²,17 000 грн
domria,https://dom.ria.com/uk/realty-dolgosrochnaya-arenda-kvartira-kiev-sapernoe-pole-sapernoe-pole-ulitsa-33597489.html,48862,UAH,1103.79,1,79.4,13.90,Печерський,2 кімнати,79.4 м²,48 862 грн
domria,https://dom.ria.com/uk/realty-dolgosrochnaya-arenda-kvartira-kiev-lipki-shelkovichnaya-ulitsa-34306762.html,28000,UAH,632.52,0,40,15.81,Печерський,1 кімната,40 м²,28 000 грн
domria,https://dom.ria.com/uk/realty-dolgosrochnaya-arenda-kvartira-kiev-svyatoshino-beresteyskiy-pobedy-prospekt-34306835.html,14000,UAH,316.26,2,75,4.22,Святошинський,3 кімнати,75 м²,14 000 грн
domria,https://dom.ria.com/uk/realty-dolgosrochnaya-arenda-kvartira-kiev-chernaya-gora-andreya-verhoglyada-dragomirova-ulitsa-34305759.html,119934,UAH,2709.30,1,81.4,33.28,Печерський,2 кімнати,81.4 м²,119 934 грн
domria,https://dom.ria.com/uk/realty-dolgosrochnaya-arenda-kvartira-kiev-podol-vvedenskaya-ulitsa-34306529.html,35536,UAH,802.76,2,64,12.54,Подільський,3 кімнати,64 м²,35 536 грн
domria,https://dom.ria.com/uk/realty-dolgosrochnaya-arenda-kvartira-kiev-chernaya-gora-andreya-verhoglyada-dragomirova-ulitsa-34306671.html,66630,UAH,1505.17,0,60,25.09,Печерський,1 кімната,60 м²,66 630 грн
domria,https://dom.ria.com/uk/realty-dolgosrochnaya-arenda-kvartira-kiev-chernaya-gora-andreya-verhoglyada-dragomirova-ulitsa-34306018.html,140265,UAH,3168.58,2,103,30.76,Печерський,3 кімнати,103 м²,140 265 грн
domria,https://dom.ria.com/uk/realty-dolgosrochnaya-arenda-kvartira-kiev-osokorki-vishnyakovskaya-ulitsa-34303302.html,14000,UAH,316.26,0,42,7.53,Дарницький,1 кімната,42 м²,14 000 грн
domria,https://dom.ria.com/uk/realty-dolgosrochnaya-arenda-kvartira-kiev-harkovskiy-massiv-harkovskoe-shosse-34305149.html,20000,UAH,451.80,2,95.7,4.72,Дарницький,3 кімнати,95.7 м²,20 000 грн
domria,https://dom.ria.com/uk/realty-dolgosrochnaya-arenda-kvartira-kiev-chernaya-gora-andreya-verhoglyada-dragomirova-ulitsa-34171961.html,66630,UAH,1505.17,2,113.8,13.23,Печерський,3 кімнати,113.8 м²,66 630 грн
domria,https://dom.ria.com/uk/realty-dolgosrochnaya-arenda-kvartira-kiev-poznyaki-urlovskaya-ulitsa-34305866.html,29000,UAH,655.11,2,80,8.19,Дарницький,3 кімнати,80 м²,29 000 грн
domria,https://dom.ria.com/uk/realty-dolgosrochnaya-arenda-kvartira-kiev-obolon-vladimira-ivasyuka-prospekt-34305953.html,39978,UAH,903.10,1,75,12.04,Оболонський,2 кімнати,75 м²,39 978 грн
domria,https://dom.ria.com/uk/realty-dolgosrochnaya-arenda-kvartira-kiev-shevchenkovskiy-beresteyskiy-pobedy-prospekt-32414500.html,22210,UAH,501.72,1,45,11.15,Шевченківський,2 кімнати,45 м²,22 210 грн
domria,https://dom.ria.com/uk/realty-dolgosrochnaya-arenda-kvartira-kiev-gazoprovodnaya-ulitsa-34305054.html,13950,UAH,315.13,1,43,7.33,,2 кімнати,43 м²,13 950 грн
domria,https://dom.ria.com/uk/realty-dolgosrochnaya-arenda-kvartira-kiev-osokorki-grishko-mihaila-ulitsa-34304244.html,18000,UAH,406.62,0,41,9.92,Дарницький,1 кімната,41 м²,18 000 грн
domria,https://dom.ria.com/uk/realty-dolgosrochnaya-arenda-kvartira-kiev-kudryavets-glubochitskaya-ulitsa-34303254.html,53304,UAH,1204.13,1,100.7,11.96,Шевченківський,2 кімнати,100.7 м²,53 304 грн
domria,https://dom.ria.com/uk/realty-dolgosrochnaya-arenda-kvartira-kiev-solomyanka-nikolaya-golego-lebedeva-kumacha-ulitsa-34302992.html,16500,UAH,372.73,0,32,11.65,Солом'янський,1 кімната,32 м²,16 500 грн
domria,https://dom.ria.com/uk/realty-dolgosrochnaya-arenda-kvartira-kiev-podol-kirillovskaya-ulitsa-34304305.html,19900,UAH,449.54,0,35,12.84,Подільський,1 кімната,35 м²,19 900 грн
domria,https://dom.ria.com/uk/realty-dolgosrochnaya-arenda-kvartira-kiev-sotsgorod-sergeya-naboki-bajova-ulitsa-34303793.html,22000,UAH,496.98,2,85,5.85,Дніпровський,3 кімнати,85 м²,22 000 грн
domria,https://dom.ria.com/uk/realty-dolgosrochnaya-arenda-kvartira-kiev-shulyavka-beresteyskiy-pobedy-prospekt-34304889.html,18500,UAH,417.91,1,55,7.60,Солом'янський,2 кімнати,55 м²,18 500 грн
domria,https://dom.ria.com/uk/realty-dolgosrochnaya-arenda-kvartira-kiev-poznyaki-dneprovskaya-naberejnaya-34304623.html,44420,UAH,1003.44,1,76.5,13.12,Дарницький,2 кімнати,76.5 м²,44 420 грн
domria,https://dom.ria.com/uk/realty-dolgosrochnaya-arenda-kvartira-kiev-poznyaki-dragomanova-ulitsa-34296559.html,15000,UAH,338.85,1,60,5.65,Дарницький,2 кімнати,60 м²,15 000 грн
domria,https://dom.ria.com/uk/realty-dolgosrochnaya-arenda-kvartira-kiev-goloseevskiy-33896291.html,22000,UAH,496.98,1,54.9,9.05,Голосіївський,2 кімнати,54.9 м²,22 000 грн
domria,https://dom.ria.com/uk/realty-dolgosrochnaya-arenda-kvartira-kiev-voskresenka-igorya-yuhnovskogo-suleymana-stalskogo-ulitsa-34304480.html,13500,UAH,304.96,1,60.8,5.02,Дніпровський,2 кімнати,60.8 м²,13 500 грн
domria,https://dom.ria.com/uk/realty-dolgosrochnaya-arenda-kvartira-kiev-darnitskiy-sofii-rusovoy-ulitsa-33650197.html,15000,UAH,338.85,0,43,7.88,Дарницький,1 кімната,43 м²,15 000 грн
domria,https://dom.ria.com/uk/realty-dolgosrochnaya-arenda-kvartira-kiev-chernaya-gora-andreya-verhoglyada-dragomirova-ulitsa-34303742.html,44420,UAH,1003.44,1,80.2,12.51,Печерський,2 кімнати,80.2 м²,44 420 грн
domria,https://dom.ria.com/uk/realty-dolgosrochnaya-arenda-kvartira-kiev-staraya-darnitsa-horolskaya-ulitsa-34303593.html,12000,UAH,271.08,0,39.1,6.93,Дніпровський,1 кімната,39.1 м²,12 000 грн
domria,https://dom.ria.com/uk/realty-dolgosrochnaya-arenda-kvartira-kiev-solomyanka-mitropolita-vasiliya-lipkovskogo-uritskogo-ulitsa-34303271.html,88840,UAH,2006.89,4,124.7,16.09,Солом'янський,5 кімнат,124.7 м²,88 840 грн
domria,https://dom.ria.com/uk/realty-dolgosrochnaya-arenda-kvartira-kiev-kudryavets-glubochitskaya-ulitsa-34304114.html,40000,UAH,903.60,0,75.3,12.00,Шевченківський,1 кімната,75.3 м²,40 000 грн
domria,https://dom.ria.com/uk/realty-dolgosrochnaya-arenda-kvartira-kiev-kurenevka-zaharevskaya-ulitsa-34304170.html,14500,UAH,327.55,1,59,5.55,Подільський,2 кімнати,59 м²,14 500 грн
domria,https://dom.ria.com/uk/realty-dolgosrochnaya-arenda-kvartira-kiev-sapernoe-pole-ioanna-pavla-ii-patrisa-lumumby-ulitsa-34304674.html,57746,UAH,1304.48,1,80,16.31,Печерський,2 кімнати,80 м²,57 746 грн
domria,https://dom.ria.com/uk/realty-dolgosrochnaya-arenda-kvartira-kiev-levoberejnyy-masiv-raisy-okipnoy-ulitsa-34301093.html,22210,UAH,501.72,2,151.8,3.31,Дніпровський,3 кімнати,151.8 м²,22 210 грн
domria,https://dom.ria.com/uk/realty-dolgosrochnaya-arenda-kvartira-kiev-voskresenka-voskresenskiy-perova-prospekt-34304354.html,11000,UAH,248.49,2,51,4.87,Дніпровський,3 кімнати,51 м²,11 000 грн
domria,https://dom.ria.com/uk/realty-dolgosrochnaya-arenda-kvartira-kiev-sapernoe-pole-ioanna-pavla-ii-patrisa-lumumby-ulitsa-34301092.html,173238,UAH,3913.43,0,81,48.31,Печерський,1 кімната,81 м²,173 238 грн
domria,https://dom.ria.com/uk/realty-dolgosrochnaya-arenda-kvartira-kiev-novaya-darnitsa-novodarnitskaya-ulitsa-34259086.html,15500,UAH,350.14,1,45,7.78,Дарницький,2 кімнати,45 м²,15 500 грн
domria,https://dom.ria.com/uk/realty-dolgosrochnaya-arenda-kvartira-kiev-solomyanka-mitropolita-vasiliya-lipkovskogo-uritskogo-ulitsa-34303227.html,40000,UAH,903.60,0,55,16.43,Солом'янський,1 кімната,55 м²,40 000 грн
domria,https://dom.ria.com/uk/realty-dolgosrochnaya-arenda-kvartira-kiev-solomyanka-generala-shapovala-mehanizatorov-ulitsa-34300330.html,30000,UAH,677.70,1,58,11.68,Солом'янський,2 кімнати,58 м²,30 000 грн
domria,https://dom.ria.com/uk/realty-dolgosrochnaya-arenda-kvartira-kiev-troeschina-chervonoy-kaliny-mayakovskogo-vladimira-prospekt-34284036.html,17000,UAH,384.03,2,79.3,4.84,Деснянський,3 кімнати,79.3 м²,17 000 грн
domria,https://dom.ria.com/uk/realty-dolgosrochnaya-arenda-kvartira-kiev-solomyanka-bogdanovskaya-ulitsa-34302835.html,17999,UAH,406.60,1,49,8.30,Солом'янський,2 кімнати,49 м²,17 999 грн
domria,https://dom.ria.com/uk/realty-dolgosrochnaya-arenda-kvartira-kiev-pecherskiy-klovskiy-spusk-34303777.html,31094,UAH,702.41,1,52,13.51,Печерський,2 кімнати,52 м²,31 094 грн
domria,https://dom.ria.com/uk/realty-dolgosrochnaya-arenda-kvartira-kiev-tatarka-tatarskaya-ulitsa-34300676.html,11500,UAH,259.78,1,56,4.64,Шевченківський,2 кімнати,56 м²,11 500 грн
domria,https://dom.ria.com/uk/realty-dolgosrochnaya-arenda-kvartira-kiev-osokorki-sofii-rusovoy-ulitsa-34300151.html,16000,UAH,361.44,0,36.6,9.88,Дарницький,1 кімната,36.6 м²,16 000 грн
domria,https://dom.ria.com/uk/realty-dolgosrochnaya-arenda-kvartira-kiev-sapernoe-pole-makkeyna-djona-ulitsa-34303066.html,77925,UAH,1760.32,2,90,19.56,Печерський,3 кімнати,90 м²,77 925 грн
domria,https://dom.ria.com/uk/realty-dolgosrochnaya-arenda-kvartira-kiev-shulyavka-tbilisskiy-pereulok-34303194.html,18000,UAH,406.62,0,48,8.47,Солом'янський,1 кімната,48 м²,18 000 грн
domria,https://dom.ria.com/uk/realty-dolgosrochnaya-arenda-kvartira-kiev-staraya-darnitsa-yaroslava-gasheka-bulvar-34299908.html,32000,UAH,722.88,2,89,8.12,Дніпровський,3 кімнати,89 м²,32 000 грн
domria,https://dom.ria.com/uk/realty-dolgosrochnaya-arenda-kvartira-kiev-sotsgorod-vifleemskaya-akademika-shlihtera-ulitsa-34294094.html,13000,UAH,293.67,2,57,5.15,Дніпровський,3 кімнати,57 м²,13 000 грн
domria,https://dom.ria.com/uk/realty-dolgosrochnaya-arenda-kvartira-kiev-osokorki-chavdar-elizavety-ulitsa-34184096.html,13000,UAH,293.67,0,38,7.73,Дарницький,1 кімната,38 м²,13 000 грн
domria,https://dom.ria.com/uk/realty-dolgosrochnaya-arenda-kvartira-kiev-bortnichi-zodchih-ulitsa-34281638.html,14000,UAH,316.26,1,50,6.33,Дарницький,2 кімнати,50 м²,14 000 грн
domria,https://dom.ria.com/uk/realty-dolgosrochnaya-arenda-kvartira-kiev-harkovskiy-massiv-harkovskoe-shosse-34303295.html,16500,UAH,372.73,0,50,7.45,Дарницький,1 кімната,50 м²,16 500 грн
domria,https://dom.ria.com/uk/realty-dolgosrochnaya-arenda-kvartira-kiev-nikolaya-bajana-prospekt-34302994.html,44420,UAH,1003.44,1,81,12.39,,2 кімнати,81 м²,44 420 грн
domria,https://dom.ria.com/uk/realty-dolgosrochnaya-arenda-kvartira-kiev-sapernoe-pole-sapernoe-pole-ulitsa-34270851.html,37757,UAH,852.93,0,50,17.06,Печерський,1 кімната,50 м²,37 757 грн
domria,https://dom.ria.com/uk/realty-dolgosrochnaya-arenda-kvartira-kiev-obolon-vladimira-ivasyuka-prospekt-32148645.html,38000,UAH,858.42,2,128,6.71,Оболонський,3 кімнати,128 м²,38 000 грн
domria,https://dom.ria.com/uk/realty-dolgosrochnaya-arenda-kvartira-kiev-chernaya-gora-kahi-bendukidze-ulitsa-34298586.html,35536,UAH,802.76,0,50,16.06,Печерський,1 кімната,50 м²,35 536 грн
domria,https://dom.ria.com/uk/realty-dolgosrochnaya-arenda-kvartira-kiev-harkovskiy-massiv-harkovskoe-shosse-33804533.html,18000,UAH,406.62,2,69.6,5.84,Дарницький,3 кімнати,69.6 м²,18 000 грн
domria,https://dom.ria.com/uk/realty-dolgosrochnaya-arenda-kvartira-kiev-severno-brovarskiy-masiv-knyazya-romana-mstislavicha-generala-jmachenko-ulitsa-34297482.html,11000,UAH,248.49,0,36,6.90,Дніпровський,1 кімната,36 м²,11 000 грн
domria,https://dom.ria.com/uk/realty-dolgosrochnaya-arenda-kvartira-kiev-darnitskiy-zarechnaya-ulitsa-34291528.html,30000,UAH,677.70,1,64,10.59,Дарницький,2 кімнати,64 м²,30 000 грн
domria,https://dom.ria.com/uk/realty-dolgosrochnaya-arenda-kvartira-kiev-lukyanovka-yuriya-ilenko-ulitsa-34300741.html,28000,UAH,632.52,1,55,11.50,Шевченківський,2 кімнати,55 м²,28 000 грн
domria,https://dom.ria.com/uk/realty-dolgosrochnaya-arenda-kvartira-kiev-lesnoy-massiv-oresta-levitskogo-akademika-kurchatova-ulitsa-34298058.html,12500,UAH,282.37,1,42,6.72,Деснянський,2 кімнати,42 м²,12 500 грн
domria,https://dom.ria.com/uk/realty-dolgosrochnaya-arenda-kvartira-kiev-shevchenkovskiy-aea-djona-emi-olov-lia-31160761.html,33000,UAH,745.47,0,41,18.18,Шевченківський,1 кімната,41 м²,33 000 грн
domria,https://dom.ria.com/uk/realty-dolgosrochnaya-arenda-kvartira-kiev-poznyaki-revutskogo-ulitsa-34286567.html,35536,UAH,802.76,1,70,11.47,Дарницький,2 кімнати,70 м²,35 536 грн
domria,https://dom.ria.com/uk/realty-dolgosrochnaya-arenda-kvartira-kiev-svyatoshinskiy-beresteyskiy-pobedy-prospekt-32231385.html,30000,UAH,677.70,1,75,9.04,Святошинський,2 кімнати,75 м²,30 000 грн
domria,https://dom.ria.com/uk/realty-dolgosrochnaya-arenda-kvartira-kiev-telichka-stolichnoe-shosse-34298297.html,17500,UAH,395.32,0,42,9.41,Голосіївський,1 кімната,42 м²,17 500 грн
domria,https://dom.ria.com/uk/realty-dolgosrochnaya-arenda-kvartira-kiev-chernaya-gora-andreya-verhoglyada-dragomirova-ulitsa-34191312.html,199890,UAH,4515.50,4,298,15.15,Печерський,5 кімнат,298 м²,199 890 грн
domria,https://dom.ria.com/uk/realty-dolgosrochnaya-arenda-kvartira-kiev-pecherskiy-konovaltsa-evgeniya-ulitsa-34299890.html,35536,UAH,802.76,2,105.4,7.62,Печерський,3 кімнати,105.4 м²,35 536 грн
domria,https://dom.ria.com/uk/realty-dolgosrochnaya-arenda-kvartira-kiev-lesnoy-massiv-milyutenko-ulitsa-34299948.html,10000,UAH,225.90,0,33.5,6.74,Деснянський,1 кімната,33.5 м²,10 000 грн
domria,https://dom.ria.com/uk/realty-dolgosrochnaya-arenda-kvartira-kiev-nivki-salyutnaya-ulitsa-34299261.html,26652,UAH,602.07,0,31,19.42,Шевченківський,1 кімната,31 м²,26 652 грн
domria,https://dom.ria.com/uk/realty-dolgosrochnaya-arenda-kvartira-kiev-goloseev-vasilkovskaya-ulitsa-34298846.html,57746,UAH,1304.48,1,70,18.64,Голосіївський,2 кімнати,70 м²,57 746 грн
domria,https://dom.ria.com/uk/realty-dolgosrochnaya-arenda-kvartira-kiev-levoberejnyy-masiv-nikolsko-slobodskaya-ulitsa-34299343.html,57145,UAH,1290.90,1,82.5,15.65,Дніпровський,2 кімнати,82.5 м²,57 145 грн
domria,https://dom.ria.com/uk/realty-dolgosrochnaya-arenda-kvartira-kiev-poznyaki-petra-grigorenko-prospekt-34299003.html,12000,UAH,271.08,0,44.4,6.11,Дарницький,1 кімната,44.4 м²,12 000 грн
domria,https://dom.ria.com/uk/realty-dolgosrochnaya-arenda-kvartira-kiev-cherepanova-gora-shota-rustaveli-ulitsa-34298512.html,35980,UAH,812.79,0,76.1,10.68,Печерський,1 кімната,76.1 м²,35 980 грн
domria,https://dom.ria.com/uk/realty-dolgosrochnaya-arenda-kvartira-kiev-shulyavka-proviantskaya-gali-timofeevoy-ulitsa-34296300.html,22000,UAH,496.98,0,29.2,17.02,Солом'янський,1 кімната,29.2 м²,22 000 грн
domria,https://dom.ria.com/uk/realty-dolgosrochnaya-arenda-kvartira-kiev-vinogradar-evropeyskogo-soyuza-pravdy-prospekt-34115224.html,15000,UAH,338.85,2,69.99,4.84,Подільський,3 кімнати,69.99 м²,15 000 грн
domria,https://dom.ria.com/uk/realty-dolgosrochnaya-arenda-kvartira-kiev-shulyavka-rostislavska-marshala-rybalko-ulitsa-34273925.html,16105,UAH,363.81,1,42.8,8.50,Солом'янський,2 кімнати,42.8 м²,16 105 грн
domria,https://dom.ria.com/uk/realty-dolgosrochnaya-arenda-kvartira-kiev-pecherskiy-mihaila-boychuka-ulitsa-34299328.html,84398,UAH,1906.54,0,60,31.78,Печерський,1 кімната,60 м²,84 398 грн
domria,https://dom.ria.com/uk/realty-dolgosrochnaya-arenda-kvartira-kiev-pecherskiy-andreya-verhoglyada-dragomirova-ulitsa-34192896.html,66630,UAH,1505.17,1,75,20.07,Печерський,2 кімнати,75 м²,66 630 грн
domria,https://dom.ria.com/uk/realty-dolgosrochnaya-arenda-kvartira-kiev-sapernoe-pole-sapernoe-pole-ulitsa-34299211.html,48862,UAH,1103.79,0,56.3,19.61,Печерський,1 кімната,56.3 м²,48 862 грн
domria,https://dom.ria.com/uk/realty-dolgosrochnaya-arenda-kvartira-kiev-harkovskiy-massiv-kamenskaya-ulitsa-34289837.html,17000,UAH,384.03,0,23,16.70,Дарницький,1 кімната,23 м²,17 000 грн
domria,https://dom.ria.com/uk/realty-dolgosrochnaya-arenda-kvartira-kiev-demeevka-goloseevskiy-40-letiya-oktyabrya-prospekt-34299072.html,48862,UAH,1103.79,2,105,10.51,Голосіївський,3 кімнати,105 м²,48 862 грн
domria,https://dom.ria.com/uk/realty-dolgosrochnaya-arenda-kvartira-kiev-solomenskiy-uritskogo-ulitsa-34281504.html,35536,UAH,802.76,0,50,16.06,Солом'янський,1 кімната,50 м²,35 536 грн
domria,https://dom.ria.com/uk/realty-dolgosrochnaya-arenda-kvartira-kiev-bereznyaki-ivana-mykolaychuka-ulitsa-33286777.html,13500,UAH,304.96,1,60,5.08,Дніпровський,2 кімнати,60 м²,13 500 грн
domria,https://dom.ria.com/uk/realty-dolgosrochnaya-arenda-kvartira-kiev-rusanovka-igorya-shamo-alekseya-davydova-bulvar-34296396.html,16000,UAH,361.44,1,46.7,7.74,Дніпровський,2 кімнати,46.7 м²,16 000 грн
domria,https://dom.ria.com/uk/realty-dolgosrochnaya-arenda-kvartira-kiev-teremki-2-akademika-glushkova-prospekt-34298394.html,15200,UAH,343.37,0,25,13.73,Голосіївський,1 кімната,25 м²,15 200 грн
domria,https://dom.ria.com/uk/realty-dolgosrochnaya-arenda-kvartira-kiev-darnitskiy-zarechnaya-ulitsa-33738781.html,20000,UAH,451.80,0,45.3,9.97,Дарницький,1 кімната,45.3 м²,20 000 грн
domria,https://dom.ria.com/uk/realty-dolgosrochnaya-arenda-kvartira-kiev-karela-chapeka-yuliusa-fuchika-ulitsa-34297904.html,15000,UAH,338.85,1,52,6.52,,2 кімнати,52 м²,15 000 грн
domria,https://dom.ria.com/uk/realty-dolgosrochnaya-arenda-kvartira-kiev-obolon-geroev-polka-azov-marshala-malinovskogo-ulitsa-34296779.html,16000,UAH,361.44,0,32,11.29,Оболонський,1 кімната,32 м²,16 000 грн
domria,https://dom.ria.com/uk/realty-dolgosrochnaya-arenda-kvartira-kiev-otradnyy-lyubomira-guzara-prospekt-34292966.html,19500,UAH,440.50,0,43,10.24,Солом'янський,1 кімната,43 м²,19 500 грн
domria,https://dom.ria.com/uk/realty-dolgosrochnaya-arenda-kvartira-kiev-chernaya-gora-andreya-verhoglyada-dragomirova-ulitsa-34297855.html,79956,UAH,1806.20,2,120,15.05,Печерський,3 кімнати,120 м²,79 956 грн
domria,https://dom.ria.com/uk/realty-dolgosrochnaya-arenda-kvartira-kiev-zverinets-mihaila-boychuka-ulitsa-34297832.html,55525,UAH,1254.31,1,68,18.45,Печерський,2 кімнати,68 м²,55 525 грн
domria,https://dom.ria.com/uk/realty-dolgosrochnaya-arenda-kvartira-kiev-chernaya-gora-mendeleeva-ulitsa-34297691.html,40422,UAH,913.13,0,42,21.74,Печерський,1 кімната,42 м²,40 422 грн
domria,https://dom.ria.com/uk/realty-dolgosrochnaya-arenda-kvartira-kiev-chernaya-gora-mendeleeva-ulitsa-34296308.html,35092,UAH,792.73,0,38,20.86,Печерський,1 кімната,38 м²,35 092 грн
domria,https://dom.ria.com/uk/realty-dolgosrochnaya-arenda-kvartira-kiev-osokorki-vishnyakovskaya-ulitsa-34297639.html,16000,UAH,361.44,1,52,6.95,Дарницький,2 кімнати,52 м²,16 000 грн
domria,https://dom.ria.com/uk/realty-dolgosrochnaya-arenda-kvartira-kiev-nijnie-sady-192-ya-sadovaya-ulitsa-34296244.html,79956,UAH,1806.20,2,90,20.07,Дарницький,3 кімнати,90 м²,79 956 грн
domria,https://dom.ria.com/uk/realty-dolgosrochnaya-arenda-kvartira-kiev-lesnoy-massiv-oresta-levitskogo-akademika-kurchatova-ulitsa-33583743.html,13000,UAH,293.67,0,29.2,10.06,Деснянський,1 кімната,29.2 м²,13 000 грн
domria,https://dom.ria.com/uk/realty-dolgosrochnaya-arenda-kvartira-kiev-borschagovka-simirenko-ulitsa-34296224.html,14000,UAH,316.26,1,55,5.75,Святошинський,2 кімнати,55 м²,14 000 грн
domria,https://dom.ria.com/uk/realty-dolgosrochnaya-arenda-kvartira-kiev-pecherskiy-basseynaya-ulitsa-34296057.html,25000,UAH,564.75,1,54.4,10.38,Печерський,2 кімнати,54.4 м²,25 000 грн
domria,https://dom.ria.com/uk/realty-dolgosrochnaya-arenda-kvartira-kiev-osokorki-sofii-rusovoy-ulitsa-34295453.html,15000,UAH,338.85,0,36.7,9.23,Дарницький,1 кімната,36.7 м²,15 000 грн
domria,https://dom.ria.com/uk/realty-dolgosrochnaya-arenda-kvartira-kiev-shevchenkovskiy-tarasa-shevchenko-bulvar-34292458.html,35536,UAH,802.76,1,70,11.47,Шевченківський,2 кімнати,70 м²,35 536 грн
domria,https://dom.ria.com/uk/realty-dolgosrochnaya-arenda-kvartira-kiev-minskiy-massiv-yuriya-kondratyuka-ulitsa-34290368.html,23000,UAH,519.57,0,43,12.08,Оболонський,1 кімната,43 м²,23 000 грн
domria,https://dom.ria.com/uk/realty-dolgosrochnaya-arenda-kvartira-kiev-demeevka-goloseevskaya-ulitsa-34295044.html,12999,UAH,293.65,0,25,11.75,Голосіївський,1 кімната,25 м²,12 999 грн
domria,https://dom.ria.com/uk/realty-dolgosrochnaya-arenda-kvartira-kiev-teremki-2-stepana-rudnitskogo-akademika-vilyamsa-ulitsa-34295122.html,17000,UAH,384.03,0,25,15.36,Голосіївський,1 кімната,25 м²,17 000 грн
domria,https://dom.ria.com/uk/realty-dolgosrochnaya-arenda-kvartira-kiev-osokorskaya-ulitsa-34295141.html,88840,UAH,2006.89,1,97,20.69,,2 кімнати,97 м²,88 840 грн
domria,https://dom.ria.com/uk/realty-dolgosrochnaya-arenda-kvartira-kiev-lesnoy-massiv-milyutenko-ulitsa-34294867.html,27000,UAH,609.93,2,87.9,6.94,Деснянський,3 кімнати,87.9 м²,27 000 грн
domria,https://dom.ria.com/uk/realty-dolgosrochnaya-arenda-kvartira-kiev-podol-vozdvijenskaya-ulitsa-34294915.html,21000,UAH,474.39,1,45,10.54,Подільський,2 кімнати,45 м²,21 000 грн
domria,https://dom.ria.com/uk/realty-dolgosrochnaya-arenda-kvartira-kiev-troeschina-onore-de-balzaka-ulitsa-34294932.html,9000,UAH,203.31,1,54,3.76,Деснянський,2 кімнати,54 м²,9 000 грн
domria,https://dom.ria.com/uk/realty-dolgosrochnaya-arenda-kvartira-kiev-shevchenkovskiy-beresteyskiy-pobedy-prospekt-34294976.html,44420,UAH,1003.44,0,52.5,19.11,Шевченківський,1 кімната,52.5 м²,44 420 грн
domria,https://dom.ria.com/uk/realty-dolgosrochnaya-arenda-kvartira-kiev-podol-vozdvijenskaya-ulitsa-33732152.html,19000,UAH,429.21,1,40,10.73,Подільський,2 кімнати,40 м²,19 000 грн
domria,https://dom.ria.com/uk/realty-dolgosrochnaya-arenda-kvartira-kiev-severno-brovarskiy-masiv-knyazya-romana-mstislavicha-generala-jmachenko-ulitsa-34290168.html,48862,UAH,1103.79,1,86,12.83,Дніпровський,2 кімнати,86 м²,48 862 грн
domria,https://dom.ria.com/uk/realty-dolgosrochnaya-arenda-kvartira-kiev-vyacheslava-chernovola-kosiora-ulitsa-34245067.html,62188,UAH,1404.82,1,94,14.94,Шевченківський,2 кімнати,94 м²,62 188 грн
domria,https://dom.ria.com/uk/realty-dolgosrochnaya-arenda-kvartira-kiev-dneprovskiy-sobornosti-prospekt-34294577.html,9000,UAH,203.31,0,32,6.35,Дніпровський,1 кімната,32 м²,9 000 грн
domria,https://dom.ria.com/uk/realty-dolgosrochnaya-arenda-kvartira-kiev-novaya-darnitsa-yuriya-pashalina-ilicha-ulitsa-34291453.html,31094,UAH,702.41,0,49,14.33,Дарницький,1 кімната,49 м²,31 094 грн
domria,https://dom.ria.com/uk/realty-dolgosrochnaya-arenda-kvartira-kiev-novaya-darnitsa-yuriya-pashalina-ilicha-ulitsa-34291466.html,31094,UAH,702.41,0,39,18.01,Дарницький,1 кімната,39 м²,31 094 грн
domria,https://dom.ria.com/uk/realty-dolgosrochnaya-arenda-kvartira-kiev-akademgorodok-akademika-vernadskogo-bulvar-34290044.html,25000,UAH,564.75,2,70,8.07,Святошинський,3 кімнати,70 м²,25 000 грн
domria,https://dom.ria.com/uk/realty-dolgosrochnaya-arenda-kvartira-kiev-teremki-2-samoylo-koshki-marshala-koneva-ulitsa-34294643.html,22000,UAH,496.98,0,37,13.43,Голосіївський,1 кімната,37 м²,22 000 грн
domria,https://dom.ria.com/uk/realty-dolgosrochnaya-arenda-kvartira-kiev-troeschina-nikolaya-zakrevskogo-ulitsa-34294097.html,10000,UAH,225.90,0,42,5.38,Деснянський,1 кімната,42 м²,10 000 грн
domria,https://dom.ria.com/uk/realty-dolgosrochnaya-arenda-kvartira-kiev-pechersk-evgeniya-gutsalo-pereulok-34294088.html,25000,UAH,564.75,1,57,9.91,Печерський,2 кімнати,57 м²,25 000 грн
domria,https://dom.ria.com/uk/realty-dolgosrochnaya-arenda-kvartira-kiev-otradnyy-nikolaya-vasilenko-ulitsa-34293681.html,14000,UAH,316.26,1,47,6.73,Солом'янський,2 кімнати,47 м²,14 000 грн
domria,https://dom.ria.com/uk/realty-dolgosrochnaya-arenda-kvartira-kiev-sovki-kadetskiy-gay-ulitsa-34292587.html,16500,UAH,372.73,0,29.9,12.47,Солом'янський,1 кімната,29.9 м²,16 500 грн
domria,https://dom.ria.com/uk/realty-dolgosrochnaya-arenda-kvartira-kiev-chernaya-gora-nikolaya-mihnovskogo-drujby-narodov-bulvar-34293937.html,71072,UAH,1605.51,2,122.4,13.12,Печерський,3 кімнати,122.4 м²,71 072 грн
domria,https://dom.ria.com/uk/realty-dolgosrochnaya-arenda-kvartira-kiev-galagany-chistyakovskaya-ulitsa-34290576.html,11000,UAH,248.49,0,27.7,8.97,Святошинський,1 кімната,27.7 м²,11 000 грн
domria,https://dom.ria.com/uk/realty-dolgosrochnaya-arenda-kvartira-kiev-pechersk-nikolaya-mihnovskogo-drujby-narodov-bulvar-34273213.html,21999,UAH,496.96,1,41.5,11.97,Печерський,2 кімнати,41.5 м²,21 999 грн
domria,https://dom.ria.com/uk/realty-dolgosrochnaya-arenda-kvartira-kiev-zverinets-bastionnaya-ulitsa-34293586.html,30000,UAH,677.70,0,45.8,14.80,Печерський,1 кімната,45.8 м²,30 000 грн
domria,https://dom.ria.com/uk/realty-dolgosrochnaya-arenda-kvartira-kiev-troeschina-nikolaya-zakrevskogo-ulitsa-34293819.html,7800,UAH,176.20,0,35,5.03,Деснянський,1 кімната,35 м²,7 800 грн
domria,https://dom.ria.com/uk/realty-dolgosrochnaya-arenda-kvartira-kiev-podol-nijniy-val-ulitsa-34289716.html,35000,UAH,790.65,0,43,18.39,Подільський,1 кімната,43 м²,35 000 грн
domria,https://dom.ria.com/uk/realty-dolgosrochnaya-arenda-kvartira-kiev-chokolovka-volynskaya-ulitsa-34271083.html,16000,UAH,361.44,2,80,4.52,Солом'янський,3 кімнати,80 м²,16 000 грн
domria,https://dom.ria.com/uk/realty-dolgosrochnaya-arenda-kvartira-kiev-poznyaki-petra-grigorenko-prospekt-34292097.html,20000,UAH,451.80,0,45,10.04,Дарницький,1 кімната,45 м²,20 000 грн
domria,https://dom.ria.com/uk/realty-dolgosrochnaya-arenda-kvartira-kiev-osokorki-solomii-krushelnitskoy-ulitsa-34283069.html,14000,UAH,316.26,0,37,8.55,Дарницький,1 кімната,37 м²,14 000 грн
domria,https://dom.ria.com/uk/realty-dolgosrochnaya-arenda-kvartira-kiev-rusanovka-entuziastov-ulitsa-34274201.html,22000,UAH,496.98,1,49,10.14,Дніпровський,2 кімнати,49 м²,22 000 грн
domria,https://dom.ria.com/uk/realty-dolgosrochnaya-arenda-kvartira-kiev-pervomayskiy-massiv-vozdushnyh-sil-vozduhoflotskiy-prospekt-34293619.html,22000,UAH,496.98,1,54,9.20,Солом'янський,2 кімнати,54 м²,22 000 грн
domria,https://dom.ria.com/uk/realty-dolgosrochnaya-arenda-kvartira-kiev-poznyaki-truskavetskaya-ulitsa-34137639.html,66630,UAH,1505.17,0,80,18.81,Дарницький,1 кімната,80 м²,66 630 грн
domria,https://dom.ria.com/uk/realty-dolgosrochnaya-arenda-kvartira-kiev-lesnoy-massiv-bratislavskaya-ulitsa-33600058.html,13700,UAH,309.48,2,60,5.16,Деснянський,3 кімнати,60 м²,13 700 грн
domria,https://dom.ria.com/uk/realty-dolgosrochnaya-arenda-kvartira-kiev-pecherskiy-shota-rustaveli-ulitsa-34293384.html,35536,UAH,802.76,1,74,10.85,Печерський,2 кімнати,74 м²,35 536 грн
domria,https://dom.ria.com/uk/realty-dolgosrochnaya-arenda-kvartira-kiev-staraya-darnitsa-harkovskoe-shosse-34289202.html,14500,UAH,327.55,0,45.4,7.21,Дніпровський,1 кімната,45.4 м²,14 500 грн
domria,https://dom.ria.com/uk/realty-dolgosrochnaya-arenda-kvartira-kiev-bereznyaki-pavla-tychiny-prospekt-34289150.html,27000,UAH,609.93,2,105,5.81,Дніпровський,3 кімнати,105 м²,27 000 грн
domria,https://dom.ria.com/uk/realty-dolgosrochnaya-arenda-kvartira-kiev-demeevka-yasinovatskiy-pereulok-34230328.html,25000,UAH,564.75,1,50,11.29,Голосіївський,2 кімнати,50 м²,25 000 грн
domria,https://dom.ria.com/uk/realty-dolgosrochnaya-arenda-kvartira-kiev-goloseev-vasilkovskaya-ulitsa-34195136.html,28000,UAH,632.52,0,34,18.60,Голосіївський,1 кімната,34 м²,28 000 грн
domria,https://dom.ria.com/uk/realty-dolgosrochnaya-arenda-kvartira-kiev-goloseevskiy-akademika-zabolotnogo-ulitsa-34280089.html,12000,UAH,271.08,0,35.7,7.59,Голосіївський,1 кімната,35.7 м²,12 000 грн
domria,https://dom.ria.com/uk/realty-dolgosrochnaya-arenda-kvartira-kiev-podolskiy-naberejno-rybalskaya-doroga-ulitsa-34252810.html,68851,UAH,1555.34,1,71,21.91,Подільський,2 кімнати,71 м²,68 851 грн
domria,https://dom.ria.com/uk/realty-dolgosrochnaya-arenda-kvartira-kiev-aleksandrovskaya-slobodka-zlatopolskaya-ulitsa-34292544.html,25000,UAH,564.75,1,47.9,11.79,Солом'янський,2 кімнати,47.9 м²,25 000 грн
domria,https://dom.ria.com/uk/realty-dolgosrochnaya-arenda-kvartira-kiev-poznyaki-revutskogo-ulitsa-34286326.html,19000,UAH,429.21,0,43,9.98,Дарницький,1 кімната,43 м²,19 000 грн
domria,https://dom.ria.com/uk/realty-dolgosrochnaya-arenda-kvartira-kiev-karavaevy-dachi-polevaya-ulitsa-32464146.html,28873,UAH,652.24,1,65.7,9.93,Солом'янський,2 кімнати,65.7 м²,28 873 грн
domria,https://dom.ria.com/uk/realty-dolgosrochnaya-arenda-kvartira-kiev-shevchenkovskiy-beresteyskiy-pobedy-prospekt-33432192.html,20000,UAH,451.80,1,80,5.65,Шевченківський,2 кімнати,80 м²,20 000 грн
domria,https://dom.ria.com/uk/realty-dolgosrochnaya-arenda-kvartira-kiev-troeschina-nikolaya-zakrevskogo-ulitsa-34292356.html,13000,UAH,293.67,0,45,6.53,Деснянський,1 кімната,45 м²,13 000 грн
domria,https://dom.ria.com/uk/realty-dolgosrochnaya-arenda-kvartira-kiev-nivki-rujinskaya-vilgelma-pika-ulitsa-34292493.html,8500,UAH,192.01,0,34,5.65,Шевченківський,1 кімната,34 м²,8 500 грн
domria,https://dom.ria.com/uk/realty-dolgosrochnaya-arenda-kvartira-kiev-sapernoe-pole-vasiliya-tyutyunnika-ulitsa-34292527.html,44420,UAH,1003.44,0,45,22.30,Печерський,1 кімната,45 м²,44 420 грн
domria,https://dom.ria.com/uk/realty-dolgosrochnaya-arenda-kvartira-kiev-podol-turovskaya-ulitsa-34292260.html,44420,UAH,1003.44,0,64,15.68,Подільський,1 кімната,64 м²,44 420 грн
domria,https://dom.ria.com/uk/realty-dolgosrochnaya-arenda-kvartira-kiev-poznyaki-petra-grigorenko-prospekt-34280197.html,17990,UAH,406.39,0,55,7.39,Дарницький,1 кімната,55 м²,17 990 грн
domria,https://dom.ria.com/uk/realty-dolgosrochnaya-arenda-kvartira-kiev-troeschina-aleksandry-ekster-mariny-tsvetaevoy-ulitsa-34292013.html,8000,UAH,180.72,0,40,4.52,Деснянський,1 кімната,40 м²,8 000 грн
domria,https://dom.ria.com/uk/realty-dolgosrochnaya-arenda-kvartira-kiev-julyany-yunosheskaya-ulitsa-33128619.html,35536,UAH,802.76,0,46.9,17.12,Голосіївський,1 кімната,46.9 м²,35 536 грн
domria,https://dom.ria.com/uk/realty-dolgosrochnaya-arenda-kvartira-kiev-poznyaki-nikolaya-bajana-prospekt-34289734.html,20000,UAH,451.80,2,97,4.66,Дарницький,3 кімнати,97 м²,20 000 грн
domria,https://dom.ria.com/uk/realty-dolgosrochnaya-arenda-kvartira-kiev-laboratornyy-pereulok-34291871.html,39978,UAH,903.10,1,65,13.89,,2 кімнати,65 м²,39 978 грн
domria,https://dom.ria.com/uk/realty-dolgosrochnaya-arenda-kvartira-kiev-goloseev-mihaila-maksimovicha-ulitsa-34283885.html,26000,UAH,587.34,0,41.2,14.26,Голосіївський,1 кімната,41.2 м²,26 000 грн
domria,https://dom.ria.com/uk/realty-dolgosrochnaya-arenda-kvartira-kiev-lipki-darvina-ulitsa-34291276.html,42199,UAH,953.27,2,98,9.73,Печерський,3 кімнати,98 м²,42 199 грн
domria,https://dom.ria.com/uk/realty-dolgosrochnaya-arenda-kvartira-kiev-borschagovka-jyulya-verna-romena-rollana-bulvar-34284078.html,9000,UAH,203.31,0,35,5.81,Святошинський,1 кімната,35 м²,9 000 грн
domria,https://dom.ria.com/uk/realty-dolgosrochnaya-arenda-kvartira-kiev-novaya-darnitsa-borispolskaya-ulitsa-34243434.html,15000,UAH,338.85,0,40,8.47,Дарницький,1 кімната,40 м²,15 000 грн
domria,https://dom.ria.com/uk/realty-dolgosrochnaya-arenda-kvartira-kiev-sapernoe-pole-konovaltsa-evgeniya-ulitsa-34290156.html,88840,UAH,2006.89,1,99,20.27,Печерський,2 кімнати,99 м²,88 840 грн
domria,https://dom.ria.com/uk/realty-dolgosrochnaya-arenda-kvartira-kiev-borschagovka-simirenko-ulitsa-34289467.html,7000,UAH,158.13,0,32,4.94,Святошинський,1 кімната,32 м²,7 000 грн
domria,https://dom.ria.com/uk/realty-dolgosrochnaya-arenda-kvartira-kiev-pecherskiy-generala-almazova-ulitsa-32636666.html,26000,UAH,587.34,1,46.4,12.66,Печерський,2 кімнати,46.4 м²,26 000 грн
domria,https://dom.ria.com/uk/realty-dolgosrochnaya-arenda-kvartira-kiev-zverinets-mihaila-boychuka-ulitsa-34290039.html,55525,UAH,1254.31,1,68,18.45,Печерський,2 кімнати,68 м²,55 525 грн
domria,https://dom.ria.com/uk/realty-dolgosrochnaya-arenda-kvartira-kiev-lipki-basseynaya-ulitsa-34283938.html,62188,UAH,1404.82,2,72.4,19.40,Печерський,3 кімнати,72.4 м²,62 188 грн
domria,https://dom.ria.com/uk/realty-dolgosrochnaya-arenda-kvartira-kiev-pervomayskiy-massiv-ushinskogo-ulitsa-34285733.html,20000,UAH,451.80,1,39.2,11.53,Солом'янський,2 кімнати,39.2 м²,20 000 грн
domria,https://dom.ria.com/uk/realty-dolgosrochnaya-arenda-kvartira-kiev-shulyavka-beresteyskiy-pobedy-prospekt-34288858.html,44420,UAH,1003.44,0,50.9,19.71,Солом'янський,1 кімната,50.9 м²,44 420 грн
domria,https://dom.ria.com/uk/realty-dolgosrochnaya-arenda-kvartira-kiev-tsentr-bulvarno-kudryavskaya-vorovskogo-ulitsa-34287003.html,71072,UAH,1605.51,1,67.2,23.89,Шевченківський,2 кімнати,67.2 м²,71 072 грн
domria,https://dom.ria.com/uk/realty-dolgosrochnaya-arenda-kvartira-kiev-podolskiy-aleksandra-olesya-ulitsa-34286753.html,24000,UAH,542.16,0,42.8,12.67,Подільський,1 кімната,42.8 м²,24 000 грн
domria,https://dom.ria.com/uk/realty-dolgosrochnaya-arenda-kvartira-kiev-harkovskiy-massiv-harkovskoe-shosse-34289190.html,20000,UAH,451.80,0,45,10.04,Дарницький,1 кімната,45 м²,20 000 грн
domria,https://dom.ria.com/uk/realty-dolgosrochnaya-arenda-kvartira-kiev-lukyanovka-gareta-djonsa-semi-hohlovyh-ulitsa-34282818.html,44000,UAH,993.96,0,45.5,21.85,Шевченківський,1 кімната,45.5 м²,44 000 грн
domria,https://dom.ria.com/uk/realty-dolgosrochnaya-arenda-kvartira-kiev-osokorki-sofii-rusovoy-ulitsa-34289174.html,20000,UAH,451.80,0,45,10.04,Дарницький,1 кімната,45 м²,20 000 грн
domria,https://dom.ria.com/uk/realty-dolgosrochnaya-arenda-kvartira-kiev-kudryavets-bulvarno-kudryavskaya-vorovskogo-ulitsa-34071875.html,66630,UAH,1505.17,1,50,30.10,Шевченківський,2 кімнати,50 м²,66 630 грн
domria,https://dom.ria.com/uk/realty-dolgosrochnaya-arenda-kvartira-kiev-dneprovskiy-yaroslava-gasheka-bulvar-34286708.html,16500,UAH,372.73,1,43.3,8.61,Дніпровський,2 кімнати,43.3 м²,16 500 грн
domria,https://dom.ria.com/uk/realty-dolgosrochnaya-arenda-kvartira-kiev-karavaevy-dachi-nejinskaya-ulitsa-34283256.html,18000,UAH,406.62,1,53,7.67,Солом'янський,2 кімнати,53 м²,18 000 грн
domria,https://dom.ria.com/uk/realty-dolgosrochnaya-arenda-kvartira-kiev-polovetskaya-ulitsa-34256674.html,22000,UAH,496.98,2,68,7.31,,3 кімнати,68 м²,22 000 грн
domria,https://dom.ria.com/uk/realty-dolgosrochnaya-arenda-kvartira-kiev-shulyavka-kovalskiy-pereulok-34289125.html,27000,UAH,609.93,1,70,8.71,Солом'янський,2 кімнати,70 м²,27 000 грн
domria,https://dom.ria.com/uk/realty-dolgosrochnaya-arenda-kvartira-kiev-osokorki-chavdar-elizavety-ulitsa-34288995.html,19000,UAH,429.21,0,43,9.98,Дарницький,1 кімната,43 м²,19 000 грн
domria,https://dom.ria.com/uk/realty-dolgosrochnaya-arenda-kvartira-kiev-poznyaki-anny-ahmatovoy-ulitsa-34286500.html,15000,UAH,338.85,2,70.6,4.80,Дарницький,3 кімнати,70.6 м²,15 000 грн
domria,https://dom.ria.com/uk/realty-dolgosrochnaya-arenda-kvartira-kiev-sotsgorod-verhovnogo-soveta-bulvar-34288263.html,11000,UAH,248.49,1,45,5.52,Дніпровський,2 кімнати,45 м²,11 000 грн
domria,https://dom.ria.com/uk/realty-dolgosrochnaya-arenda-kvartira-kiev-lipki-shelkovichnaya-ulitsa-34286866.html,30000,UAH,677.70,1,45,15.06,Печерський,2 кімнати,45 м²,30 000 грн
domria,https://dom.ria.com/uk/realty-dolgosrochnaya-arenda-kvartira-kiev-osokorki-sofii-rusovoy-ulitsa-34288546.html,16000,UAH,361.44,0,44,8.21,Дарницький,1 кімната,44 м²,16 000 грн
domria,https://dom.ria.com/uk/realty-dolgosrochnaya-arenda-kvartira-kiev-novoe-stroenie-antonovicha-gorkogo-ulitsa-34287678.html,66630,UAH,1505.17,0,72,20.91,Голосіївський,1 кімната,72 м²,66 630 грн
domria,https://dom.ria.com/uk/realty-dolgosrochnaya-arenda-kvartira-kiev-obolon-vladimira-ivasyuka-prospekt-33628420.html,26000,UAH,587.34,0,56,10.49,Оболонський,1 кімната,56 м²,26 000 грн
domria,https://dom.ria.com/uk/realty-dolgosrochnaya-arenda-kvartira-kiev-obolon-vladimira-ivasyuka-prospekt-34288104.html,32000,UAH,722.88,2,93,7.77,Оболонський,3 кімнати,93 м²,32 000 грн
domria,https://dom.ria.com/uk/realty-dolgosrochnaya-arenda-kvartira-kiev-galagany-berdnika-olesya-ulitsa-34288166.html,31094,UAH,702.41,1,67.8,10.36,Святошинський,2 кімнати,67.8 м²,31 094 грн
domria,https://dom.ria.com/uk/realty-dolgosrochnaya-arenda-kvartira-kiev-nikolsko-slobodskaya-ulitsa-34288229.html,23000,UAH,519.57,0,52,9.99,,1 кімната,52 м²,23 000 грн
domria,https://dom.ria.com/uk/realty-dolgosrochnaya-arenda-kvartira-kiev-darnitskiy-anny-ahmatovoy-ulitsa-33489201.html,15000,UAH,338.85,0,53,6.39,Дарницький,1 кімната,53 м²,15 000 грн
domria,https://dom.ria.com/uk/realty-dolgosrochnaya-arenda-kvartira-kiev-sapernoe-pole-krepostnoy-tverskoy-tupik-34154725.html,19989,UAH,451.55,0,28,16.13,Печерський,1 кімната,28 м²,19 989 грн
domria,https://dom.ria.com/uk/realty-dolgosrochnaya-arenda-kvartira-kiev-larisi-rudenko-ulitsa-34287965.html,15000,UAH,338.85,0,38.3,8.85,,1 кімната,38.3 м²,15 000 грн
domria,https://dom.ria.com/uk/realty-dolgosrochnaya-arenda-kvartira-kiev-nikolaya-bajana-prospekt-34287555.html,31094,UAH,702.41,1,66,10.64,,2 кімнати,66 м²,31 094 грн
domria,https://dom.ria.com/uk/realty-dolgosrochnaya-arenda-kvartira-kiev-aleksandrovskaya-slobodka-lobanovskogo-krasnozvezdnyy-prospekt-34287665.html,17500,UAH,395.32,1,83,4.76,Солом'янський,2 кімнати,83 м²,17 500 грн
domria,https://dom.ria.com/uk/realty-dolgosrochnaya-arenda-kvartira-kiev-andreya-verhoglyada-dragomirova-ulitsa-33735683.html,199890,UAH,4515.50,1,118,38.27,Печерський,2 кімнати,118 м²,199 890 грн
domria,https://dom.ria.com/uk/realty-dolgosrochnaya-arenda-kvartira-kiev-chernaya-gora-nikolaya-mihnovskogo-drujby-narodov-bulvar-34285654.html,20000,UAH,451.80,1,45,10.04,Печерський,2 кімнати,45 м²,20 000 грн
domria,https://dom.ria.com/uk/realty-dolgosrochnaya-arenda-kvartira-kiev-nikolaya-bajana-prospekt-34286732.html,44420,UAH,1003.44,1,62,16.18,,2 кімнати,62 м²,44 420 грн
domria,https://dom.ria.com/uk/realty-dolgosrochnaya-arenda-kvartira-kiev-lesnoy-massiv-milyutenko-ulitsa-34286350.html,27000,UAH,609.93,2,87.7,6.95,Деснянський,3 кімнати,87.7 м²,27 000 грн
domria,https://dom.ria.com/uk/realty-dolgosrochnaya-arenda-kvartira-kiev-vinogradar-svetlitskogo-ulitsa-34285976.html,13000,UAH,293.67,0,22.4,13.11,Подільський,1 кімната,22.4 м²,13 000 грн
domria,https://dom.ria.com/uk/realty-dolgosrochnaya-arenda-kvartira-kiev-poznyaki-dneprovskaya-naberejnaya-34285862.html,62188,UAH,1404.82,2,104.6,13.43,Дарницький,3 кімнати,104.6 м²,62 188 грн
domria,https://dom.ria.com/uk/realty-dolgosrochnaya-arenda-kvartira-kiev-belichi-obuhovskaya-ulitsa-34285836.html,15000,UAH,338.85,0,30.8,11.00,Святошинський,1 кімната,30.8 м²,15 000 грн
domria,https://dom.ria.com/uk/realty-dolgosrochnaya-arenda-kvartira-kiev-novoe-stroenie-antonovicha-gorkogo-ulitsa-34286210.html,25000,UAH,564.75,1,60,9.41,Голосіївський,2 кімнати,60 м²,25 000 грн
domria,https://dom.ria.com/uk/realty-dolgosrochnaya-arenda-kvartira-kiev-lukyanovka-delegatskiy-pereulok-34273916.html,16000,UAH,361.44,0,37,9.77,Шевченківський,1 кімната,37 м²,16 000 грн
domria,https://dom.ria.com/uk/realty-dolgosrochnaya-arenda-kvartira-kiev-lesnoy-massiv-sholom-aleyhema-ulitsa-34286417.html,12000,UAH,271.08,0,38,7.13,Деснянський,1 кімната,38 м²,12 000 грн
domria,https://dom.ria.com/uk/realty-dolgosrochnaya-arenda-kvartira-kiev-dvrz-almatinskaya-ulitsa-34285615.html,12000,UAH,271.08,0,50,5.42,Дніпровський,1 кімната,50 м²,12 000 грн
domria,https://dom.ria.com/uk/realty-dolgosrochnaya-arenda-kvartira-kiev-vinogradar-svobody-prospekt-34279628.html,18000,UAH,406.62,1,50.3,8.08,Подільський,2 кімнати,50.3 м²,18 000 грн
domria,https://dom.ria.com/uk/realty-dolgosrochnaya-arenda-kvartira-kiev-bereznyaki-yuriya-shumskogo-ulitsa-34281054.html,22000,UAH,496.98,1,90.9,5.47,Дніпровський,2 кімнати,90.9 м²,22 000 грн
domria,https://dom.ria.com/uk/realty-dolgosrochnaya-arenda-kvartira-kiev-lesnoy-massiv-kubanskoy-ukrainy-ulitsa-34285715.html,13500,UAH,304.96,2,58.9,5.18,Деснянський,3 кімнати,58.9 м²,13 500 грн
domria,https://dom.ria.com/uk/realty-dolgosrochnaya-arenda-kvartira-kiev-novaya-darnitsa-yuriya-pashalina-ilicha-ulitsa-34284951.html,39978,UAH,903.10,1,67,13.48,Дарницький,2 кімнати,67 м²,39 978 грн
domria,https://dom.ria.com/uk/realty-dolgosrochnaya-arenda-kvartira-kiev-obolon-geroev-dnepra-ulitsa-34284877.html,17000,UAH,384.03,0,43,8.93,Оболонський,1 кімната,43 м²,17 000 грн
domria,https://dom.ria.com/uk/realty-dolgosrochnaya-arenda-kvartira-kiev-goloseevskiy-bolshaya-vasilkovskaya-ulitsa-34284576.html,23000,UAH,519.57,1,50,10.39,Голосіївський,2 кімнати,50 м²,23 000 грн
domria,https://dom.ria.com/uk/realty-dolgosrochnaya-arenda-kvartira-kiev-goloseev-kolomyyskiy-pereulok-34273989.html,20000,UAH,451.80,0,37,12.21,Голосіївський,1 кімната,37 м²,20 000 грн
domria,https://dom.ria.com/uk/realty-dolgosrochnaya-arenda-kvartira-kiev-poznyaki-anny-ahmatovoy-ulitsa-34285190.html,19000,UAH,429.21,1,77,5.57,Дарницький,2 кімнати,77 м²,19 000 грн
domria,https://dom.ria.com/uk/realty-dolgosrochnaya-arenda-kvartira-kiev-nivki-daniila-scherbakovskogo-scherbakova-ulitsa-34279292.html,23378,UAH,528.11,1,44,12.00,Шевченківський,2 кімнати,44 м²,23 378 грн
domria,https://dom.ria.com/uk/realty-dolgosrochnaya-arenda-kvartira-kiev-osokorki-petra-grigorenko-prospekt-34285292.html,14500,UAH,327.55,1,55,5.96,Дарницький,2 кімнати,55 м²,14 500 грн
domria,https://dom.ria.com/uk/realty-dolgosrochnaya-arenda-kvartira-kiev-levoberejnyy-masiv-mitropolita-andreya-sheptitskogo-ulitsa-34283706.html,11000,UAH,248.49,0,32.4,7.67,Дніпровський,1 кімната,32.4 м²,11 000 грн
domria,https://dom.ria.com/uk/realty-dolgosrochnaya-arenda-kvartira-kiev-darnitskiy-osokorskaya-ulitsa-34276939.html,43976,UAH,993.41,0,52,19.10,Дарницький,1 кімната,52 м²,43 976 грн
domria,https://dom.ria.com/uk/realty-dolgosrochnaya-arenda-kvartira-kiev-obolon-obolonskiy-prospekt-34284839.html,39978,UAH,903.10,0,60,15.05,Оболонський,1 кімната,60 м²,39 978 грн
domria,https://dom.ria.com/uk/realty-dolgosrochnaya-arenda-kvartira-kiev-shulyavka-beresteyskiy-pobedy-prospekt-34250229.html,44420,UAH,1003.44,1,55,18.24,Солом'янський,2 кімнати,55 м²,44 420 грн
domria,https://dom.ria.com/uk/realty-dolgosrochnaya-arenda-kvartira-kiev-turetskiy-gorodok-fedora-ernsta-ulitsa-34283486.html,26000,UAH,587.34,1,81,7.25,Солом'янський,2 кімнати,81 м²,26 000 грн
domria,https://dom.ria.com/uk/realty-dolgosrochnaya-arenda-kvartira-kiev-dneprovskiy-regeneratornaya-ulitsa-33140388.html,42199,UAH,953.27,1,84,11.35,Дніпровський,2 кімнати,84 м²,42 199 грн
domria,https://dom.ria.com/uk/realty-dolgosrochnaya-arenda-kvartira-kiev-chernaya-gora-andreya-verhoglyada-dragomirova-ulitsa-34281769.html,88840,UAH,2006.89,1,85,23.61,Печерський,2 кімнати,85 м²,88 840 грн
domria,https://dom.ria.com/uk/realty-dolgosrochnaya-arenda-kvartira-kiev-chernaya-gora-andreya-verhoglyada-dragomirova-ulitsa-34070658.html,62188,UAH,1404.82,1,65,21.61,Печерський,2 кімнати,65 м²,62 188 грн
domria,https://dom.ria.com/uk/realty-dolgosrochnaya-arenda-kvartira-kiev-pecherskiy-andreya-verhoglyada-dragomirova-ulitsa-34227685.html,57746,UAH,1304.48,1,72,18.12,Печерський,2 кімнати,72 м²,57 746 грн
domria,https://dom.ria.com/uk/realty-dolgosrochnaya-arenda-kvartira-kiev-voskresenka-voskresenskaya-ulitsa-34272439.html,33000,UAH,745.47,2,93,8.02,Дніпровський,3 кімнати,93 м²,33 000 грн
domria,https://dom.ria.com/uk/realty-dolgosrochnaya-arenda-kvartira-kiev-staraya-darnitsa-harkovskoe-shosse-34284345.html,13000,UAH,293.67,0,50,5.87,Дніпровський,1 кімната,50 м²,13 000 грн
domria,https://dom.ria.com/uk/realty-dolgosrochnaya-arenda-kvartira-kiev-sergeya-danchenko-ulitsa-34284304.html,12000,UAH,271.08,0,45,6.02,,1 кімната,45 м²,12 000 грн
domria,https://dom.ria.com/uk/realty-dolgosrochnaya-arenda-kvartira-kiev-nivki-mrii-akademika-tupoleva-ulitsa-34284229.html,12000,UAH,271.08,1,47,5.77,Шевченківський,2 кімнати,47 м²,12 000 грн
domria,https://dom.ria.com/uk/realty-dolgosrochnaya-arenda-kvartira-kiev-goloseev-leopolda-yaschenko-vasiliya-jukovskogo-pereulok-34278222.html,21000,UAH,474.39,1,67,7.08,Голосіївський,2 кімнати,67 м²,21 000 грн
domria,https://dom.ria.com/uk/realty-dolgosrochnaya-arenda-kvartira-kiev-lukyanovka-zagorovskaya-baggovutovskaya-ulitsa-33952746.html,20000,UAH,451.80,0,45,10.04,Шевченківський,1 кімната,45 м²,20 000 грн
domria,https://dom.ria.com/uk/realty-dolgosrochnaya-arenda-kvartira-kiev-shevchenkovskiy-beresteyskiy-pobedy-prospekt-34283257.html,44420,UAH,1003.44,0,52.5,19.11,Шевченківський,1 кімната,52.5 м²,44 420 грн
domria,https://dom.ria.com/uk/realty-dolgosrochnaya-arenda-kvartira-kiev-demeevka-kostanayskaya-ulitsa-34280459.html,31500,UAH,711.58,1,64,11.12,Голосіївський,2 кімнати,64 м²,31 500 грн
domria,https://dom.ria.com/uk/realty-dolgosrochnaya-arenda-kvartira-kiev-osokorki-larisi-rudenko-ulitsa-34283537.html,21000,UAH,474.39,1,65,7.30,Дарницький,2 кімнати,65 м²,21 000 грн
domria,https://dom.ria.com/uk/realty-dolgosrochnaya-arenda-kvartira-kiev-shulyavka-beresteyskiy-pobedy-prospekt-34280622.html,33000,UAH,745.47,1,58,12.85,Солом'янський,2 кімнати,58 м²,33 000 грн
domria,https://dom.ria.com/uk/realty-dolgosrochnaya-arenda-kvartira-kiev-zverinets-zverinetskaya-ulitsa-34283304.html,115492,UAH,2608.96,2,122.6,21.28,Печерський,3 кімнати,122.6 м²,115 492 грн
domria,https://dom.ria.com/uk/realty-dolgosrochnaya-arenda-kvartira-kiev-darnitskiy-armyanskaya-ulitsa-34281506.html,14000,UAH,316.26,1,55,5.75,Дарницький,2 кімнати,55 м²,14 000 грн
domria,https://dom.ria.com/uk/realty-dolgosrochnaya-arenda-kvartira-kiev-naberejno-rybalskaya-doroga-ulitsa-34283175.html,44420,UAH,1003.44,0,55,18.24,,1 кімната,55 м²,44 420 грн
domria,https://dom.ria.com/uk/realty-dolgosrochnaya-arenda-kvartira-kiev-naberejno-rybalskaya-doroga-ulitsa-34283159.html,44420,UAH,1003.44,0,55,18.24,,1 кімната,55 м²,44 420 грн
domria,https://dom.ria.com/uk/realty-dolgosrochnaya-arenda-kvartira-kiev-karavaevy-dachi-tatyaninskaya-levanevskogo-ulitsa-34237436.html,62188,UAH,1404.82,1,96.7,14.53,Солом'янський,2 кімнати,96.7 м²,62 188 грн
domria,https://dom.ria.com/uk/realty-dolgosrochnaya-arenda-kvartira-kiev-pecherskiy-mihaila-boychuka-ulitsa-34274665.html,10000,UAH,225.90,0,49,4.61,Печерський,1 кімната,49 м²,10 000 грн
domria,https://dom.ria.com/uk/realty-dolgosrochnaya-arenda-kvartira-kiev-aleksandrovskaya-slobodka-preobrajenskaya-ulitsa-34272982.html,35536,UAH,802.76,2,128.6,6.24,Солом'янський,3 кімнати,128.6 м²,35 536 грн
domria,https://dom.ria.com/uk/realty-dolgosrochnaya-arenda-kvartira-kiev-obolon-obolonskiy-prospekt-34281716.html,35536,UAH,802.76,0,44.1,18.20,Оболонський,1 кімната,44.1 м²,35 536 грн
domria,https://dom.ria.com/uk/realty-dolgosrochnaya-arenda-kvartira-kiev-julyany-mihaila-maksimovicha-ulitsa-34280389.html,20000,UAH,451.80,0,26,17.38,Солом'янський,1 кімната,26 м²,20 000 грн
domria,https://dom.ria.com/uk/realty-dolgosrochnaya-arenda-kvartira-kiev-shulyavka-beresteyskiy-pobedy-prospekt-34281687.html,57746,UAH,1304.48,1,79.9,16.33,Шевченківський,2 кімнати,79.9 м²,57 746 грн
domria,https://dom.ria.com/uk/realty-dolgosrochnaya-arenda-kvartira-kiev-mostitskiy-massiv-evropeyskogo-soyuza-pravdy-prospekt-34282345.html,25000,UAH,564.75,2,91,6.21,Подільський,3 кімнати,91 м²,25 000 грн
domria,https://dom.ria.com/uk/realty-dolgosrochnaya-arenda-kvartira-kiev-poznyaki-eleny-pchilki-ulitsa-34281668.html,18000,UAH,406.62,0,48.9,8.32,Дарницький,1 кімната,48.9 м²,18 000 грн
domria,https://dom.ria.com/uk/realty-dolgosrochnaya-arenda-kvartira-kiev-aleksandrovskaya-slobodka-maksima-tokareva-vuzovskaya-ulitsa-34278785.html,22000,UAH,496.98,1,91.7,5.42,Солом'янський,2 кімнати,91.7 м²,22 000 грн
domria,https://dom.ria.com/uk/realty-dolgosrochnaya-arenda-kvartira-kiev-solomyanka-mitropolita-vasiliya-lipkovskogo-uritskogo-ulitsa-34279472.html,42000,UAH,948.78,2,91,10.43,Солом'янський,3 кімнати,91 м²,42 000 грн
domria,https://dom.ria.com/uk/realty-dolgosrochnaya-arenda-kvartira-kiev-darnitskiy-dneprovskaya-naberejnaya-32799762.html,22210,UAH,501.72,0,28,17.92,Дарницький,1 кімната,28 м²,22 210 грн
domria,https://dom.ria.com/uk/realty-dolgosrochnaya-arenda-kvartira-kiev-osokorki-revutskogo-ulitsa-34261874.html,17000,UAH,384.03,0,48,8.00,Дарницький,1 кімната,48 м²,17 000 грн
domria,https://dom.ria.com/uk/realty-dolgosrochnaya-arenda-kvartira-kiev-osokorki-sofii-rusovoy-ulitsa-34280078.html,12000,UAH,271.08,0,48,5.65,Дарницький,1 кімната,48 м²,12 000 грн
domria,https://dom.ria.com/uk/realty-dolgosrochnaya-arenda-kvartira-kiev-lipki-lipskaya-ulitsa-34281019.html,37757,UAH,852.93,1,57,14.96,Печерський,2 кімнати,57 м²,37 757 грн
domria,https://dom.ria.com/uk/realty-dolgosrochnaya-arenda-kvartira-kiev-lipki-lipskaya-ulitsa-34281097.html,37757,UAH,852.93,1,57,14.96,Печерський,2 кімнати,57 м²,37 757 грн
domria,https://dom.ria.com/uk/realty-dolgosrochnaya-arenda-kvartira-kiev-chernaya-gora-andreya-verhoglyada-dragomirova-ulitsa-34281096.html,88840,UAH,2006.89,2,87,23.07,Печерський,3 кімнати,87 м²,88 840 грн
domria,https://dom.ria.com/uk/realty-dolgosrochnaya-arenda-kvartira-kiev-akademgorodok-akademika-dobrohotova-ulitsa-34281420.html,23000,UAH,519.57,2,68,7.64,Святошинський,3 кімнати,68 м²,23 000 грн
domria,https://dom.ria.com/uk/realty-dolgosrochnaya-arenda-kvartira-kiev-obolon-severnaya-ulitsa-34281423.html,16000,UAH,361.44,1,38,9.51,Оболонський,2 кімнати,38 м²,16 000 грн
domria,https://dom.ria.com/uk/realty-dolgosrochnaya-arenda-kvartira-kiev-zverinets-mihaila-boychuka-ulitsa-34281353.html,88618,UAH,2001.87,2,98,20.43,Печерський,3 кімнати,98 м²,88 618 грн
domria,https://dom.ria.com/uk/realty-dolgosrochnaya-arenda-kvartira-kiev-staraya-darnitsa-harkovskoe-shosse-34280755.html,21000,UAH,474.39,1,60,7.91,Дніпровський,2 кімнати,60 м²,21 000 грн
domria,https://dom.ria.com/uk/realty-dolgosrochnaya-arenda-kvartira-kiev-praktichnaya-ulitsa-34281057.html,20000,UAH,451.80,0,38,11.89,,1 кімната,38 м²,20 000 грн
domria,https://dom.ria.com/uk/realty-dolgosrochnaya-arenda-kvartira-kiev-chavdar-elizavety-ulitsa-34280461.html,13500,UAH,304.96,0,48,6.35,,1 кімната,48 м²,13 500 грн
domria,https://dom.ria.com/uk/realty-dolgosrochnaya-arenda-kvartira-kiev-otradnyy-lyubomira-guzara-prospekt-34281020.html,24000,UAH,542.16,0,44,12.32,Солом'янський,1 кімната,44 м²,24 000 грн
domria,https://dom.ria.com/uk/realty-dolgosrochnaya-arenda-kvartira-kiev-akademika-schuseva-ulitsa-34281124.html,15000,UAH,338.85,0,36,9.41,,1 кімната,36 м²,15 000 грн
domria,https://dom.ria.com/uk/realty-dolgosrochnaya-arenda-kvartira-kiev-goloseev-mihaila-maksimovicha-ulitsa-34281160.html,30000,UAH,677.70,0,41,16.53,Голосіївський,1 кімната,41 м²,30 000 грн
domria,https://dom.ria.com/uk/realty-dolgosrochnaya-arenda-kvartira-kiev-poznyaki-dragomanova-ulitsa-34278157.html,18800,UAH,424.69,1,78.1,5.44,Дарницький,2 кімнати,78.1 м²,18 800 грн
domria,https://dom.ria.com/uk/realty-dolgosrochnaya-arenda-kvartira-kiev-darnitskiy-nikolaya-bajana-prospekt-34276473.html,15990,UAH,361.21,0,45,8.03,Дарницький,1 кімната,45 м²,15 990 грн
domria,https://dom.ria.com/uk/realty-dolgosrochnaya-arenda-kvartira-kiev-kudryavets-bulvarno-kudryavskaya-vorovskogo-vatslava-ulitsa-34280705.html,34000,UAH,768.06,0,35,21.94,Шевченківський,1 кімната,35 м²,34 000 грн
domria,https://dom.ria.com/uk/realty-dolgosrochnaya-arenda-kvartira-kiev-darnitskiy-osokorskaya-ulitsa-34279733.html,44158,UAH,997.53,0,52,19.18,Дарницький,1 кімната,52 м²,44 158 грн
domria,https://dom.ria.com/uk/realty-dolgosrochnaya-arenda-kvartira-kiev-troeschina-chervonoy-kaliny-mayakovskogo-vladimira-prospekt-33222582.html,13000,UAH,293.67,2,77,3.81,Деснянський,3 кімнати,77 м²,13 000 грн
domria,https://dom.ria.com/uk/realty-dolgosrochnaya-arenda-kvartira-kiev-goloseev-mihaila-maksimovicha-ulitsa-34271899.html,30000,UAH,677.70,0,42,16.14,Голосіївський,1 кімната,42 м²,30 000 грн
domria,https://dom.ria.com/uk/realty-dolgosrochnaya-arenda-kvartira-kiev-novobelichi-olega-mudraka-generala-naumova-ulitsa-34280503.html,10000,UAH,225.90,0,33,6.85,Святошинський,1 кімната,33 м²,10 000 грн
domria,https://dom.ria.com/uk/realty-dolgosrochnaya-arenda-kvartira-kiev-darnitskiy-sribnokilskaya-ulitsa-34280020.html,16000,UAH,361.44,1,56,6.45,Дарницький,2 кімнати,56 м²,16 000 грн
domria,https://dom.ria.com/uk/realty-dolgosrochnaya-arenda-kvartira-kiev-obolon-vladimira-ivasyuka-prospekt-34265278.html,15000,UAH,338.85,0,36,9.41,Оболонський,1 кімната,36 м²,15 000 грн
domria,https://dom.ria.com/uk/realty-dolgosrochnaya-arenda-kvartira-kiev-tsentr-bogdana-hmelnitskogo-ulitsa-34279283.html,84398,UAH,1906.54,2,90,21.18,Шевченківський,3 кімнати,90 м²,84 398 грн
domria,https://dom.ria.com/uk/realty-dolgosrochnaya-arenda-kvartira-kiev-demeevka-valeriya-lobanovskogo-krasnozvjozdnyy-prospekt-34280231.html,18500,UAH,417.91,1,72,5.80,Голосіївський,2 кімнати,72 м²,18 500 грн
domria,https://dom.ria.com/uk/realty-dolgosrochnaya-arenda-kvartira-kiev-desnyanskiy-chervonoy-kaliny-mayakovskogo-vladimira-prospekt-34275707.html,14000,UAH,316.26,1,56,5.65,Деснянський,2 кімнати,56 м²,14 000 грн
domria,https://dom.ria.com/uk/realty-dolgosrochnaya-arenda-kvartira-kiev-chernaya-gora-andreya-verhoglyada-dragomirova-ulitsa-34275578.html,35536,UAH,802.76,0,53,15.15,Печерський,1 кімната,53 м²,35 536 грн
domria,https://dom.ria.com/uk/realty-dolgosrochnaya-arenda-kvartira-kiev-demeevka-goloseevskaya-ulitsa-34278906.html,23000,UAH,519.57,0,55,9.45,Голосіївський,1 кімната,55 м²,23 000 грн
domria,https://dom.ria.com/uk/realty-dolgosrochnaya-arenda-kvartira-kiev-solomyanka-generala-shapovala-mehanizatorov-ulitsa-33860811.html,26000,UAH,587.34,0,70,8.39,Солом'янський,1 кімната,70 м²,26 000 грн
domria,https://dom.ria.com/uk/realty-dolgosrochnaya-arenda-kvartira-kiev-chernaya-gora-andreya-verhoglyada-dragomirova-ulitsa-34277256.html,79956,UAH,1806.20,2,120,15.05,Печерський,3 кімнати,120 м²,79 956 грн
domria,https://dom.ria.com/uk/realty-dolgosrochnaya-arenda-kvartira-kiev-rusanovka-rusanovskaya-naberejnaya-34274199.html,22500,UAH,508.27,2,66.7,7.62,Дніпровський,3 кімнати,66.7 м²,22 500 грн
domria,https://dom.ria.com/uk/realty-dolgosrochnaya-arenda-kvartira-kiev-jeleznodorojnyy-massiv-protasov-yar-ulitsa-34278057.html,51083,UAH,1153.96,2,145.7,7.92,Солом'янський,3 кімнати,145.7 м²,51 083 грн
domria,https://dom.ria.com/uk/realty-dolgosrochnaya-arenda-kvartira-kiev-yujnaya-borschagovka-vahtanga-kikabidze-bulgakova-ulitsa-34257931.html,11000,UAH,248.49,0,34.25,7.26,Святошинський,1 кімната,34.25 м²,11 000 грн
domria,https://dom.ria.com/uk/realty-dolgosrochnaya-arenda-kvartira-kiev-goloseev-mihaila-maksimovicha-ulitsa-34277669.html,27000,UAH,609.93,0,42,14.52,Голосіївський,1 кімната,42 м²,27 000 грн
domria,https://dom.ria.com/uk/realty-dolgosrochnaya-arenda-kvartira-kiev-lesnoy-massiv-lesnoy-prospekt-34276773.html,10100,UAH,228.16,0,37.6,6.07,Деснянський,1 кімната,37.6 м²,10 100 грн
domria,https://dom.ria.com/uk/realty-dolgosrochnaya-arenda-kvartira-kiev-pervomayskiy-massiv-generala-gennadiya-vorobeva-ulitsa-34275279.html,36000,UAH,813.24,4,189.3,4.30,Солом'янський,5 кімнат,189.3 м²,36 000 грн
domria,https://dom.ria.com/uk/realty-dolgosrochnaya-arenda-kvartira-kiev-staraya-darnitsa-novatorov-ulitsa-34277886.html,11000,UAH,248.49,0,42,5.92,Дніпровський,1 кімната,42 м²,11 000 грн
domria,https://dom.ria.com/uk/realty-dolgosrochnaya-arenda-kvartira-kiev-kudryavets-glubochitskaya-ulitsa-34274532.html,48862,UAH,1103.79,1,100,11.04,Шевченківський,2 кімнати,100 м²,48 862 грн
domria,https://dom.ria.com/uk/realty-dolgosrochnaya-arenda-kvartira-kiev-nivki-salyutnaya-ulitsa-34274162.html,30000,UAH,677.70,0,34.2,19.82,Шевченківський,1 кімната,34.2 м²,30 000 грн
domria,https://dom.ria.com/uk/realty-dolgosrochnaya-arenda-kvartira-kiev-goloseevskiy-dmitriya-lutsenko-kreysera-avrora-ulitsa-34277670.html,24000,UAH,542.16,0,71,7.64,Голосіївський,1 кімната,71 м²,24 000 грн
domria,https://dom.ria.com/uk/realty-dolgosrochnaya-arenda-kvartira-kiev-sotsgorod-stroiteley-ulitsa-34277233.html,12500,UAH,282.37,0,30,9.41,Дніпровський,1 кімната,30 м²,12 500 грн
domria,https://dom.ria.com/uk/realty-dolgosrochnaya-arenda-kvartira-kiev-shulyavka-sholudenko-ulitsa-34216863.html,30000,UAH,677.70,0,42.2,16.06,Солом'янський,1 кімната,42.2 м²,30 000 грн
domria,https://dom.ria.com/uk/realty-dolgosrochnaya-arenda-kvartira-kiev-levoberejnyy-masiv-mitropolita-andreya-sheptitskogo-ulitsa-34276377.html,25000,UAH,564.75,1,86,6.57,Дніпровський,2 кімнати,86 м²,25 000 грн
domria,https://dom.ria.com/uk/realty-dolgosrochnaya-arenda-kvartira-kiev-pechersk-vasiliya-tyutyunnika-ulitsa-34252594.html,62188,UAH,1404.82,0,53,26.51,Печерський,1 кімната,53 м²,62 188 грн
domria,https://dom.ria.com/uk/realty-dolgosrochnaya-arenda-kvartira-kiev-troeschina-nikolaya-zakrevskogo-ulitsa-34274088.html,9000,UAH,203.31,1,53.5,3.80,Деснянський,2 кімнати,53.5 м²,9 000 грн
domria,https://dom.ria.com/uk/realty-dolgosrochnaya-arenda-kvartira-kiev-demeevka-goloseevskiy-40-letiya-oktyabrya-prospekt-34277025.html,66630,UAH,1505.17,2,106,14.20,Голосіївський,3 кімнати,106 м²,66 630 грн
domria,https://dom.ria.com/uk/realty-dolgosrochnaya-arenda-kvartira-kiev-cherepanova-gora-ivana-fedorova-ulitsa-34276274.html,75514,UAH,1705.86,0,58,29.41,Печерський,1 кімната,58 м²,75 514 грн
domria,https://dom.ria.com/uk/realty-dolgosrochnaya-arenda-kvartira-kiev-dneprovskiy-darnitskiy-bulvar-23953535.html,21000,UAH,474.39,2,100,4.74,Дніпровський,3 кімнати,100 м²,21 000 грн
domria,https://dom.ria.com/uk/realty-dolgosrochnaya-arenda-kvartira-kiev-dragomanova-ulitsa-34276785.html,53304,UAH,1204.13,2,105,11.47,,3 кімнати,105 м²,53 304 грн
domria,https://dom.ria.com/uk/realty-dolgosrochnaya-arenda-kvartira-kiev-darnitskiy-arhitektora-verbitskogo-ulitsa-33665132.html,17500,UAH,395.32,1,50,7.91,Дарницький,2 кімнати,50 м²,17 500 грн
domria,https://dom.ria.com/uk/realty-dolgosrochnaya-arenda-kvartira-kiev-bereznyaki-pavla-tychiny-prospekt-34276669.html,12000,UAH,271.08,0,34,7.97,Дніпровський,1 кімната,34 м²,12 000 грн
domria,https://dom.ria.com/uk/realty-dolgosrochnaya-arenda-kvartira-kiev-novobelichi-olevskaya-ulitsa-34276626.html,12000,UAH,271.08,0,24,11.29,Святошинський,1 кімната,24 м²,12 000 грн
domria,https://dom.ria.com/uk/realty-dolgosrochnaya-arenda-kvartira-kiev-solomyanka-mitropolita-vasiliya-lipkovskogo-uritskogo-ulitsa-34276586.html,31094,UAH,702.41,1,60,11.71,Солом'янський,2 кімнати,60 м²,31 094 грн
domria,https://dom.ria.com/uk/realty-dolgosrochnaya-arenda-kvartira-kiev-kudryavets-sechevyh-streltsov-artema-ulitsa-32591425.html,35536,UAH,802.76,0,44,18.24,Шевченківський,1 кімната,44 м²,35 536 грн
domria,https://dom.ria.com/uk/realty-dolgosrochnaya-arenda-kvartira-kiev-shulyavka-mashinostroitelnaya-georgiya-gongadze-ulitsa-33683110.html,20000,UAH,451.80,2,61,7.41,Солом'янський,3 кімнати,61 м²,20 000 грн
domria,https://dom.ria.com/uk/realty-dolgosrochnaya-arenda-kvartira-kiev-mostitskiy-massiv-mostitskaya-ulitsa-34276474.html,9500,UAH,214.60,0,28,7.66,Подільський,1 кімната,28 м²,9 500 грн
domria,https://dom.ria.com/uk/realty-dolgosrochnaya-arenda-kvartira-kiev-troeschina-onore-de-balzaka-ulitsa-34276347.html,10500,UAH,237.19,1,55,4.31,Деснянський,2 кімнати,55 м²,10 500 грн
domria,https://dom.ria.com/uk/realty-dolgosrochnaya-arenda-kvartira-kiev-syrets-rijskaya-ulitsa-34276357.html,21000,UAH,474.39,1,50,9.49,Шевченківський,2 кімнати,50 м²,21 000 грн
domria,https://dom.ria.com/uk/realty-dolgosrochnaya-arenda-kvartira-kiev-poznyaki-petra-grigorenko-prospekt-34112473.html,23000,UAH,519.57,2,107,4.86,Дарницький,3 кімнати,107 м²,23 000 грн
domria,https://dom.ria.com/uk/realty-dolgosrochnaya-arenda-kvartira-kiev-darnitskiy-prichalnaya-ulitsa-34276094.html,46641,UAH,1053.62,0,55,19.16,Дарницький,1 кімната,55 м²,46 641 грн
domria,https://dom.ria.com/uk/realty-dolgosrochnaya-arenda-kvartira-kiev-dneprovskiy-32200674.html,16000,UAH,361.44,0,31,11.66,Дніпровський,1 кімната,31 м²,16 000 грн
domria,https://dom.ria.com/uk/realty-dolgosrochnaya-arenda-kvartira-kiev-svyatoshino-anatoliya-petritskogo-ulitsa-34273907.html,25000,UAH,564.75,1,72,7.84,Святошинський,2 кімнати,72 м²,25 000 грн
domria,https://dom.ria.com/uk/realty-dolgosrochnaya-arenda-kvartira-kiev-tsentr-olesya-gonchara-ulitsa-34275680.html,39934,UAH,902.11,2,61,14.79,Шевченківський,3 кімнати,61 м²,39 934 грн
domria,https://dom.ria.com/uk/realty-dolgosrochnaya-arenda-kvartira-kiev-nikolskaya-slobodka-denisa-rachinskogo-kombinatnaya-ulitsa-34273939.html,20000,UAH,451.80,0,56.2,8.04,Дніпровський,1 кімната,56.2 м²,20 000 грн
domria,https://dom.ria.com/uk/realty-dolgosrochnaya-arenda-kvartira-kiev-pechersk-panasa-mirnogo-ulitsa-34275888.html,23000,UAH,519.57,0,40,12.99,Печерський,1 кімната,40 м²,23 000 грн
domria,https://dom.ria.com/uk/realty-dolgosrochnaya-arenda-kvartira-kiev-poznyaki-sribnokilskaya-ulitsa-34272683.html,28000,UAH,632.52,3,140,4.52,Дарницький,4 кімнати,140 м²,28 000 грн
domria,https://dom.ria.com/uk/realty-dolgosrochnaya-arenda-kvartira-kiev-zverinets-mihaila-boychuka-ulitsa-34274966.html,137702,UAH,3110.68,1,94,33.09,Печерський,2 кімнати,94 м²,137 702 грн
domria,https://dom.ria.com/uk/realty-dolgosrochnaya-arenda-kvartira-kiev-vinogradar-evropeyskogo-soyuza-pravdy-prospekt-34274826.html,16000,UAH,361.44,2,75.5,4.79,Подільський,3 кімнати,75.5 м²,16 000 грн
domria,https://dom.ria.com/uk/realty-dolgosrochnaya-arenda-kvartira-kiev-avtozavodskaya-ulitsa-33635398.html,18000,UAH,406.62,1,70,5.81,,2 кімнати,70 м²,18 000 грн
domria,https://dom.ria.com/uk/realty-dolgosrochnaya-arenda-kvartira-kiev-tsentr-bulvarno-kudryavskaya-vorovskogo-vatslava-ulitsa-34274693.html,42199,UAH,953.27,0,50,19.07,Шевченківський,1 кімната,50 м²,42 199 грн
domria,https://dom.ria.com/uk/realty-dolgosrochnaya-arenda-kvartira-kiev-belichi-malevnycha-ulitsa-34256895.html,51083,UAH,1153.96,1,90,12.82,Святошинський,2 кімнати,90 м²,51 083 грн
domria,https://dom.ria.com/uk/realty-dolgosrochnaya-arenda-kvartira-kiev-demeevka-yasinovatskiy-pereulok-34272819.html,24200,UAH,546.68,0,49,11.16,Голосіївський,1 кімната,49 м²,24 200 грн
domria,https://dom.ria.com/uk/realty-dolgosrochnaya-arenda-kvartira-kiev-podol-glubochitskaya-ulitsa-34272246.html,39978,UAH,903.10,0,37.9,23.83,Подільський,1 кімната,37.9 м²,39 978 грн
domria,https://dom.ria.com/uk/realty-dolgosrochnaya-arenda-kvartira-kiev-osokorki-vishnyakovskaya-ulitsa-34274428.html,12000,UAH,271.08,0,48,5.65,Дарницький,1 кімната,48 м²,12 000 грн
domria,https://dom.ria.com/uk/realty-dolgosrochnaya-arenda-kvartira-kiev-demeevka-yasinovatskiy-pereulok-34272555.html,23000,UAH,519.57,1,72,7.22,Голосіївський,2 кімнати,72 м²,23 000 грн
domria,https://dom.ria.com/uk/realty-dolgosrochnaya-arenda-kvartira-kiev-obolon-iordanskaya-ulitsa-34272939.html,11000,UAH,248.49,0,37,6.72,Оболонський,1 кімната,37 м²,11 000 грн
domria,https://dom.ria.com/uk/realty-dolgosrochnaya-arenda-kvartira-kiev-otradnyy-mihaila-dontsa-ulitsa-34269061.html,17000,UAH,384.03,0,48,8.00,Солом'янський,1 кімната,48 м²,17 000 грн
domria,https://dom.ria.com/uk/realty-dolgosrochnaya-arenda-kvartira-kiev-staryy-kiev-streletskaya-ulitsa-34274142.html,75514,UAH,1705.86,1,67.1,25.42,Шевченківський,2 кімнати,67.1 м²,75 514 грн
domria,https://dom.ria.com/uk/realty-dolgosrochnaya-arenda-kvartira-kiev-shulyavka-berestetskaya-ulitsa-34269239.html,44420,UAH,1003.44,0,52.9,18.97,Шевченківський,1 кімната,52.9 м²,44 420 грн
domria,https://dom.ria.com/uk/realty-dolgosrochnaya-arenda-kvartira-kiev-nivki-nivskaya-nevskaya-ulitsa-34268780.html,40000,UAH,903.60,2,108.3,8.34,Шевченківський,3 кімнати,108.3 м²,40 000 грн
domria,https://dom.ria.com/uk/realty-dolgosrochnaya-arenda-kvartira-kiev-troeschina-aleksandry-ekster-mariny-tsvetaevoy-ulitsa-33095457.html,17000,UAH,384.03,1,77,4.99,Деснянський,2 кімнати,77 м²,17 000 грн
domria,https://dom.ria.com/uk/realty-dolgosrochnaya-arenda-kvartira-kiev-borschagovka-vasiliya-verhovintsa-ulitsa-34261227.html,10000,UAH,225.90,0,46,4.91,Святошинський,1 кімната,46 м²,10 000 грн
domria,https://dom.ria.com/uk/realty-dolgosrochnaya-arenda-kvartira-kiev-aleksandrovskaya-slobodka-lobanovskogo-krasnozvezdnyy-prospekt-34273727.html,24431,UAH,551.89,2,103,5.36,Солом'янський,3 кімнати,103 м²,24 431 грн
domria,https://dom.ria.com/uk/realty-dolgosrochnaya-arenda-kvartira-kiev-svyatoshino-jivopisnaya-ulitsa-34271453.html,24000,UAH,542.16,0,39,13.90,Святошинський,1 кімната,39 м²,24 000 грн
domria,https://dom.ria.com/uk/realty-dolgosrochnaya-arenda-kvartira-kiev-soldatskaya-slobodka-zlatoustovskaya-ulitsa-34272148.html,48862,UAH,1103.79,1,83,13.30,Шевченківський,2 кімнати,83 м²,48 862 грн
domria,https://dom.ria.com/uk/realty-dolgosrochnaya-arenda-kvartira-kiev-troeschina-radunskaya-ulitsa-34272884.html,12000,UAH,271.08,1,67.2,4.03,Деснянський,2 кімнати,67.2 м²,12 000 грн
domria,https://dom.ria.com/uk/realty-dolgosrochnaya-arenda-kvartira-kiev-novoe-stroenie-yamskaya-ulitsa-34272992.html,28990,UAH,654.88,0,79.4,8.25,Голосіївський,1 кімната,79.4 м²,28 990 грн
domria,https://dom.ria.com/uk/realty-dolgosrochnaya-arenda-kvartira-kiev-dneprovskiy-radujnaya-ulitsa-34272962.html,9500,UAH,214.60,0,42,5.11,Дніпровський,1 кімната,42 м²,9 500 грн
domria,https://dom.ria.com/uk/realty-dolgosrochnaya-arenda-kvartira-kiev-demeevka-goloseevskaya-ulitsa-34272691.html,22000,UAH,496.98,0,60,8.28,Голосіївський,1 кімната,60 м²,22 000 грн
domria,https://dom.ria.com/uk/realty-dolgosrochnaya-arenda-kvartira-kiev-troeschina-vladimira-vysotskogo-bulvar-34272687.html,13000,UAH,293.67,1,56,5.24,Деснянський,2 кімнати,56 м²,13 000 грн
domria,https://dom.ria.com/uk/realty-dolgosrochnaya-arenda-kvartira-kiev-lesnoy-massiv-lesnoy-prospekt-34260779.html,12800,UAH,289.15,0,32,9.04,Деснянський,1 кімната,32 м²,12 800 грн
domria,https://dom.ria.com/uk/realty-dolgosrochnaya-arenda-kvartira-kiev-darnitskiy-zarechnaya-ulitsa-34271435.html,23000,UAH,519.57,0,34.7,14.97,Дарницький,1 кімната,34.7 м²,23 000 грн
domria,https://dom.ria.com/uk/realty-dolgosrochnaya-arenda-kvartira-kiev-sapernoe-pole-sapernoe-pole-ulitsa-34272096.html,33315,UAH,752.58,0,48,15.68,Печерський,1 кімната,48 м²,33 315 грн
domria,https://dom.ria.com/uk/realty-dolgosrochnaya-arenda-kvartira-kiev-julyany-mihaila-maksimovicha-ulitsa-34271672.html,29000,UAH,655.11,0,78,8.40,Солом'янський,1 кімната,78 м²,29 000 грн
domria,https://dom.ria.com/uk/realty-dolgosrochnaya-arenda-kvartira-kiev-tsentr-bulvarno-kudryavskaya-vorovskogo-vatslava-ulitsa-34262319.html,39978,UAH,903.10,1,47,19.21,Шевченківський,2 кімнати,47 м²,39 978 грн
domria,https://dom.ria.com/uk/realty-dolgosrochnaya-arenda-kvartira-kiev-aleksandrovskaya-slobodka-solomenskaya-ulitsa-34271901.html,14999,UAH,338.83,0,36,9.41,Солом'янський,1 кімната,36 м²,14 999 грн
domria,https://dom.ria.com/uk/realty-dolgosrochnaya-arenda-kvartira-kiev-obolonskiy-34257571.html,30000,UAH,677.70,2,87,7.79,Оболонський,3 кімнати,87 м²,30 000 грн
domria,https://dom.ria.com/uk/realty-dolgosrochnaya-arenda-kvartira-kiev-obolon-severnaya-ulitsa-34271857.html,12000,UAH,271.08,0,38,7.13,Оболонський,1 кімната,38 м²,12 000 грн
domria,https://dom.ria.com/uk/realty-dolgosrochnaya-arenda-kvartira-kiev-galagany-berdnika-olesya-ulitsa-34120710.html,32000,UAH,722.88,2,52,13.90,Святошинський,3 кімнати,52 м²,32 000 грн
domria,https://dom.ria.com/uk/realty-dolgosrochnaya-arenda-kvartira-kiev-kurenevka-baltiyskiy-pereulok-34263558.html,20000,UAH,451.80,1,47,9.61,Подільський,2 кімнати,47 м²,20 000 грн
domria,https://dom.ria.com/uk/realty-dolgosrochnaya-arenda-kvartira-kiev-otradnyy-otradnyy-prospekt-33898475.html,16000,UAH,361.44,1,43.67,8.28,Солом'янський,2 кімнати,43.67 м²,16 000 грн
domria,https://dom.ria.com/uk/realty-dolgosrochnaya-arenda-kvartira-kiev-darnitskiy-zarechnaya-ulitsa-32892058.html,28873,UAH,652.24,0,32,20.38,Дарницький,1 кімната,32 м²,28 873 грн
domria,https://dom.ria.com/uk/realty-dolgosrochnaya-arenda-kvartira-kiev-solomyanka-mitropolita-vasiliya-lipkovskogo-uritskogo-ulitsa-34268220.html,25000,UAH,564.75,0,60,9.41,Солом'янський,1 кімната,60 м²,25 000 грн
domria,https://dom.ria.com/uk/realty-dolgosrochnaya-arenda-kvartira-kiev-pervomayskiy-massiv-erevanskaya-ulitsa-34271483.html,18000,UAH,406.62,2,84,4.84,Солом'янський,3 кімнати,84 м²,18 000 грн
domria,https://dom.ria.com/uk/realty-dolgosrochnaya-arenda-kvartira-kiev-kudryavets-sechevyh-streltsov-artema-ulitsa-34270602.html,39978,UAH,903.10,0,68,13.28,Шевченківський,1 кімната,68 м²,39 978 грн
domria,https://dom.ria.com/uk/realty-dolgosrochnaya-arenda-kvartira-kiev-chernaya-gora-andreya-verhoglyada-dragomirova-ulitsa-34270198.html,57746,UAH,1304.48,0,50,26.09,Печерський,1 кімната,50 м²,57 746 грн
domria,https://dom.ria.com/uk/realty-dolgosrochnaya-arenda-kvartira-kiev-bagrinovaya-gora-nauki-prospekt-34266928.html,20000,UAH,451.80,1,76.8,5.88,Голосіївський,2 кімнати,76.8 м²,20 000 грн
domria,https://dom.ria.com/uk/realty-dolgosrochnaya-arenda-kvartira-kiev-borschagovka-nikolaya-rudenko-koltsova-bulvar-34271477.html,20000,UAH,451.80,0,40,11.29,Святошинський,1 кімната,40 м²,20 000 грн
domria,https://dom.ria.com/uk/realty-dolgosrochnaya-arenda-kvartira-kiev-bolsunovskaya-ulitsa-34112991.html,88840,UAH,2006.89,1,82,24.47,Печерський,2 кімнати,82 м²,88 840 грн
domria,https://dom.ria.com/uk/realty-dolgosrochnaya-arenda-kvartira-kiev-minskiy-massiv-petra-kalnyshevskogo-mihaila-mayorova-ulitsa-34270520.html,14000,UAH,316.26,0,32,9.88,Оболонський,1 кімната,32 м²,14 000 грн
domria,https://dom.ria.com/uk/realty-dolgosrochnaya-arenda-kvartira-kiev-shulyavka-moldavskaya-ulitsa-34246841.html,44420,UAH,1003.44,2,150,6.69,Солом'янський,3 кімнати,150 м²,44 420 грн
domria,https://dom.ria.com/uk/realty-dolgosrochnaya-arenda-kvartira-kiev-chernaya-gora-nikolaya-mihnovskogo-drujby-narodov-bulvar-34256204.html,48862,UAH,1103.79,0,55,20.07,Печерський,1 кімната,55 м²,48 862 грн
domria,https://dom.ria.com/uk/realty-dolgosrochnaya-arenda-kvartira-kiev-troeschina-gradinskaya-ulitsa-34267862.html,15000,UAH,338.85,0,52.9,6.41,Деснянський,1 кімната,52.9 м²,15 000 грн
domria,https://dom.ria.com/uk/realty-dolgosrochnaya-arenda-kvartira-kiev-andreya-verhoglyada-dragomirova-ulitsa-34269383.html,222100,UAH,5017.22,2,143,35.09,Печерський,3 кімнати,143 м²,222 100 грн
domria,https://dom.ria.com/uk/realty-dolgosrochnaya-arenda-kvartira-kiev-belichi-obuhovskaya-ulitsa-34271102.html,16000,UAH,361.44,0,32,11.29,Святошинський,1 кімната,32 м²,16 000 грн
domria,https://dom.ria.com/uk/realty-dolgosrochnaya-arenda-kvartira-kiev-sapernoe-pole-ioanna-pavla-ii-patrisa-lumumby-ulitsa-34269580.html,39978,UAH,903.10,0,50,18.06,Печерський,1 кімната,50 м²,39 978 грн
domria,https://dom.ria.com/uk/realty-dolgosrochnaya-arenda-kvartira-kiev-sapernoe-pole-krepostnoy-tverskoy-tupik-34262261.html,44420,UAH,1003.44,0,50,20.07,Печерський,1 кімната,50 м²,44 420 грн
domria,https://dom.ria.com/uk/realty-dolgosrochnaya-arenda-kvartira-kiev-obolon-levka-lukyanenko-ulitsa-34232070.html,28000,UAH,632.52,1,82.5,7.67,Оболонський,2 кімнати,82.5 м²,28 000 грн
domria,https://dom.ria.com/uk/realty-dolgosrochnaya-arenda-kvartira-kiev-rusanovka-entuziastov-ulitsa-34270558.html,11999,UAH,271.06,2,60,4.52,Дніпровський,3 кімнати,60 м²,11 999 грн
domria,https://dom.ria.com/uk/realty-dolgosrochnaya-arenda-kvartira-kiev-voskresenka-iriny-bekeshkinoy-generala-karbysheva-ulitsa-34266364.html,15000,UAH,338.85,1,45,7.53,Дніпровський,2 кімнати,45 м²,15 000 грн
domria,https://dom.ria.com/uk/realty-dolgosrochnaya-arenda-kvartira-kiev-syrets-rijskaya-ulitsa-34268913.html,18000,UAH,406.62,0,47,8.65,Шевченківський,1 кімната,47 м²,18 000 грн
domria,https://dom.ria.com/uk/realty-dolgosrochnaya-arenda-kvartira-kiev-darnitskiy-vishnyakovskaya-ulitsa-33809365.html,25000,UAH,564.75,2,117,4.83,Дарницький,3 кімнати,117 м²,25 000 грн
domria,https://dom.ria.com/uk/realty-dolgosrochnaya-arenda-kvartira-kiev-obolon-geroev-polka-azov-marshala-malinovskogo-ulitsa-34270250.html,28600,UAH,646.07,1,45,14.36,Оболонський,2 кімнати,45 м²,28 600 грн
domria,https://dom.ria.com/uk/realty-dolgosrochnaya-arenda-kvartira-kiev-rusanovka-entuziastov-ulitsa-34267100.html,10000,UAH,225.90,1,45,5.02,Дніпровський,2 кімнати,45 м²,10 000 грн
domria,https://dom.ria.com/uk/realty-dolgosrochnaya-arenda-kvartira-kiev-lukyanovka-kopernika-ulitsa-34270202.html,28999,UAH,655.09,2,102,6.42,Шевченківський,3 кімнати,102 м²,28 999 грн
domria,https://dom.ria.com/uk/realty-dolgosrochnaya-arenda-kvartira-kiev-troeschina-chervonoy-kaliny-mayakovskogo-vladimira-prospekt-34140984.html,11000,UAH,248.49,0,30,8.28,Деснянський,1 кімната,30 м²,11 000 грн
domria,https://dom.ria.com/uk/realty-dolgosrochnaya-arenda-kvartira-kiev-geroev-polka-azov-marshala-malinovskogo-ulitsa-34269843.html,39978,UAH,903.10,1,80,11.29,,2 кімнати,80 м²,39 978 грн
domria,https://dom.ria.com/uk/realty-dolgosrochnaya-arenda-kvartira-kiev-sapernoe-pole-akademika-filatova-ulitsa-34268445.html,29000,UAH,655.11,0,51,12.85,Печерський,1 кімната,51 м²,29 000 грн
domria,https://dom.ria.com/uk/realty-dolgosrochnaya-arenda-kvartira-kiev-poznyaki-truskavetskaya-ulitsa-34268603.html,37757,UAH,852.93,0,60,14.22,Дарницький,1 кімната,60 м²,37 757 грн
domria,https://dom.ria.com/uk/realty-dolgosrochnaya-arenda-kvartira-kiev-tsentr-bulvarno-kudryavskaya-vorovskogo-ulitsa-34247934.html,39978,UAH,903.10,1,78,11.58,Шевченківський,2 кімнати,78 м²,39 978 грн
domria,https://dom.ria.com/uk/realty-dolgosrochnaya-arenda-kvartira-kiev-obolon-geroev-polka-azov-marshala-malinovskogo-ulitsa-34269469.html,31094,UAH,702.41,1,78,9.01,Оболонський,2 кімнати,78 м²,31 094 грн
domria,https://dom.ria.com/uk/realty-dolgosrochnaya-arenda-kvartira-kiev-kozatskaya-ulitsa-34269296.html,18000,UAH,406.62,0,48,8.47,,1 кімната,48 м²,18 000 грн
domria,https://dom.ria.com/uk/realty-dolgosrochnaya-arenda-kvartira-kiev-jeleznodorojnyy-massiv-ivana-nehody-ulitsa-34269341.html,10500,UAH,237.19,0,31,7.65,Солом'янський,1 кімната,31 м²,10 500 грн
domria,https://dom.ria.com/uk/realty-dolgosrochnaya-arenda-kvartira-kiev-podolskiy-viktora-nekrasova-severo-syretskaya-ulitsa-34269137.html,41311,UAH,933.21,1,71.7,13.02,Подільський,2 кімнати,71.7 м²,41 311 грн
domria,https://dom.ria.com/uk/realty-dolgosrochnaya-arenda-kvartira-kiev-akademgorodok-deputatskaya-ulitsa-34269275.html,11000,UAH,248.49,1,60,4.14,Святошинський,2 кімнати,60 м²,11 000 грн
domria,https://dom.ria.com/uk/realty-dolgosrochnaya-arenda-kvartira-kiev-goloseev-mihaila-maksimovicha-ulitsa-34259875.html,44420,UAH,1003.44,1,62,16.18,Голосіївський,2 кімнати,62 м²,44 420 грн
domria,https://dom.ria.com/uk/realty-dolgosrochnaya-arenda-kvartira-kiev-goloseev-mihaila-maksimovicha-ulitsa-34269114.html,26652,UAH,602.07,0,44,13.68,Голосіївський,1 кімната,44 м²,26 652 грн
domria,https://dom.ria.com/uk/realty-dolgosrochnaya-arenda-kvartira-kiev-bortnichi-svetlaya-ulitsa-34269024.html,15000,UAH,338.85,0,35,9.68,Дарницький,1 кімната,35 м²,15 000 грн
domria,https://dom.ria.com/uk/realty-dolgosrochnaya-arenda-kvartira-kiev-novoe-stroenie-antonovicha-gorkogo-ulitsa-34265073.html,53304,UAH,1204.13,1,140,8.60,Голосіївський,2 кімнати,140 м²,53 304 грн
domria,https://dom.ria.com/uk/realty-dolgosrochnaya-arenda-kvartira-kiev-borschagovka-nikolaya-rudenko-koltsova-bulvar-34268582.html,11000,UAH,248.49,0,22,11.29,Святошинський,1 кімната,22 м²,11 000 грн
domria,https://dom.ria.com/uk/realty-dolgosrochnaya-arenda-kvartira-kiev-darnitskiy-dneprovskaya-naberejnaya-34223114.html,22000,UAH,496.98,0,46,10.80,Дарницький,1 кімната,46 м²,22 000 грн
domria,https://dom.ria.com/uk/realty-dolgosrochnaya-arenda-kvartira-kiev-obolon-iordanskaya-ulitsa-34268186.html,66630,UAH,1505.17,2,120,12.54,Оболонський,3 кімнати,120 м²,66 630 грн
domria,https://dom.ria.com/uk/realty-dolgosrochnaya-arenda-kvartira-kiev-kudryavets-ivana-dracha-nekrasovskaya-ulitsa-33420976.html,25000,UAH,564.75,1,58.1,9.72,Шевченківський,2 кімнати,58.1 м²,25 000 грн
domria,https://dom.ria.com/uk/realty-dolgosrochnaya-arenda-kvartira-kiev-demeevka-demeevskaya-ulitsa-34264357.html,75514,UAH,1705.86,0,62,27.51,Голосіївський,1 кімната,62 м²,75 514 грн
domria,https://dom.ria.com/uk/realty-dolgosrochnaya-arenda-kvartira-kiev-demeevka-demeevskaya-ulitsa-34264268.html,75514,UAH,1705.86,0,67,25.46,Голосіївський,1 кімната,67 м²,75 514 грн
domria,https://dom.ria.com/uk/realty-dolgosrochnaya-arenda-kvartira-kiev-aleksandrovskaya-slobodka-klinicheskiy-pereulok-34258453.html,16500,UAH,372.73,1,66,5.65,Солом'янський,2 кімнати,66 м²,16 500 грн
domria,https://dom.ria.com/uk/realty-dolgosrochnaya-arenda-kvartira-kiev-darnitskiy-revutskogo-ulitsa-32146371.html,22000,UAH,496.98,0,45,11.04,Дарницький,1 кімната,45 м²,22 000 грн
domria,https://dom.ria.com/uk/realty-dolgosrochnaya-arenda-kvartira-kiev-zverinets-zverinetskaya-ulitsa-34266590.html,57746,UAH,1304.48,0,57,22.89,Печерський,1 кімната,57 м²,57 746 грн
domria,https://dom.ria.com/uk/realty-dolgosrochnaya-arenda-kvartira-kiev-troeschina-chervonoy-kaliny-mayakovskogo-vladimira-prospekt-34267677.html,15000,UAH,338.85,2,75,4.52,Деснянський,3 кімнати,75 м²,15 000 грн
domria,https://dom.ria.com/uk/realty-dolgosrochnaya-arenda-kvartira-kiev-darnitskiy-vaschenko-grigoriya-ulitsa-34258739.html,17000,UAH,384.03,1,64,6.00,Дарницький,2 кімнати,64 м²,17 000 грн
domria,https://dom.ria.com/uk/realty-dolgosrochnaya-arenda-kvartira-kiev-sapernoe-pole-marii-priymachenko-lihacheva-bulvar-34242022.html,29000,UAH,655.11,1,75,8.73,Печерський,2 кімнати,75 м²,29 000 грн
domria,https://dom.ria.com/uk/realty-dolgosrochnaya-arenda-kvartira-kiev-shulyavka-getmana-vadima-industrialnaya-ulitsa-34249998.html,18000,UAH,406.62,1,60,6.78,Солом'янський,2 кімнати,60 м²,18 000 грн
domria,https://dom.ria.com/uk/realty-dolgosrochnaya-arenda-kvartira-kiev-lukyanovka-gertsena-ulitsa-34265844.html,35000,UAH,790.65,1,68.4,11.56,Шевченківський,2 кімнати,68.4 м²,35 000 грн
domria,https://dom.ria.com/uk/realty-dolgosrochnaya-arenda-kvartira-kiev-sapernoe-pole-krepostnoy-tverskoy-tupik-34266619.html,44420,UAH,1003.44,0,47,21.35,Печерський,1 кімната,47 м²,44 420 грн
domria,https://dom.ria.com/uk/realty-dolgosrochnaya-arenda-kvartira-kiev-sapernoe-pole-sapernoe-pole-ulitsa-34266879.html,44420,UAH,1003.44,1,50,20.07,Печерський,2 кімнати,50 м²,44 420 грн
domria,https://dom.ria.com/uk/realty-dolgosrochnaya-arenda-kvartira-kiev-voskresenka-petra-zaporojtsa-ulitsa-34266677.html,19000,UAH,429.21,0,42,10.22,Дніпровський,1 кімната,42 м²,19 000 грн
domria,https://dom.ria.com/uk/realty-dolgosrochnaya-arenda-kvartira-kiev-osokorki-borisa-gmyri-ulitsa-34266636.html,20000,UAH,451.80,1,67,6.74,Дарницький,2 кімнати,67 м²,20 000 грн
domria,https://dom.ria.com/uk/realty-dolgosrochnaya-arenda-kvartira-kiev-syrets-bakinskaya-ulitsa-34263142.html,8500,UAH,192.01,0,28,6.86,Шевченківський,1 кімната,28 м²,8 500 грн
domria,https://dom.ria.com/uk/realty-dolgosrochnaya-arenda-kvartira-kiev-syrets-bakinskaya-ulitsa-34263502.html,6000,UAH,135.54,0,28,4.84,Шевченківський,1 кімната,28 м²,6 000 грн
domria,https://dom.ria.com/uk/realty-dolgosrochnaya-arenda-kvartira-kiev-kudryavets-kudryavskaya-ulitsa-34011144.html,37000,UAH,835.83,0,47,17.78,Шевченківський,1 кімната,47 м²,37 000 грн
domria,https://dom.ria.com/uk/realty-dolgosrochnaya-arenda-kvartira-kiev-sapernaya-slobodka-saperno-slobodskaya-ulitsa-34260359.html,40000,UAH,903.60,2,100,9.04,Голосіївський,3 кімнати,100 м²,40 000 грн
domria,https://dom.ria.com/uk/realty-dolgosrochnaya-arenda-kvartira-kiev-otradnyy-vatslava-gavela-bulvar-34266006.html,17000,UAH,384.03,1,33,11.64,Солом'янський,2 кімнати,33 м²,17 000 грн
domria,https://dom.ria.com/uk/realty-dolgosrochnaya-arenda-kvartira-kiev-olevskaya-ulitsa-34266031.html,16000,UAH,361.44,0,45.2,8.00,,1 кімната,45.2 м²,16 000 грн
domria,https://dom.ria.com/uk/realty-dolgosrochnaya-arenda-kvartira-kiev-dvrz-alma-atinskaya-ulitsa-34227290.html,15000,UAH,338.85,1,55,6.16,Дніпровський,2 кімнати,55 м²,15 000 грн
domria,https://dom.ria.com/uk/realty-dolgosrochnaya-arenda-kvartira-kiev-sapernoe-pole-krepostnoy-tverskoy-tupik-34247025.html,53304,UAH,1204.13,0,48,25.09,Печерський,1 кімната,48 м²,53 304 грн
domria,https://dom.ria.com/uk/realty-dolgosrochnaya-arenda-kvartira-kiev-jeleznodorojnyy-massiv-romana-ratushnogo-volgogradskaya-ulitsa-34025024.html,16000,UAH,361.44,1,50,7.23,Солом'янський,2 кімнати,50 м²,16 000 грн
domria,https://dom.ria.com/uk/realty-dolgosrochnaya-arenda-kvartira-kiev-podol-bratskaya-ulitsa-34265567.html,27000,UAH,609.93,1,55,11.09,Подільський,2 кімнати,55 м²,27 000 грн
domria,https://dom.ria.com/uk/realty-dolgosrochnaya-arenda-kvartira-kiev-novobelichi-klavdievskaya-ulitsa-34265221.html,21000,UAH,474.39,0,55,8.63,Святошинський,1 кімната,55 м²,21 000 грн
domria,https://dom.ria.com/uk/realty-dolgosrochnaya-arenda-kvartira-kiev-borschagovka-vladimira-pokatilo-kartvelishvili-ulitsa-34265187.html,11999,UAH,271.06,1,47,5.77,Святошинський,2 кімнати,47 м²,11 999 грн
domria,https://dom.ria.com/uk/realty-dolgosrochnaya-arenda-kvartira-kiev-demeevka-goloseevskiy-40-letiya-oktyabrya-prospekt-34264979.html,18000,UAH,406.62,0,46,8.84,Голосіївський,1 кімната,46 м²,18 000 грн
domria,https://dom.ria.com/uk/realty-dolgosrochnaya-arenda-kvartira-kiev-goloseev-goloseevskiy-40-letiya-oktyabrya-prospekt-34264660.html,68851,UAH,1555.34,1,75.6,20.57,Голосіївський,2 кімнати,75.6 м²,68 851 грн
domria,https://dom.ria.com/uk/realty-dolgosrochnaya-arenda-kvartira-kiev-shulyavka-beresteyskiy-pobedy-prospekt-34264152.html,31094,UAH,702.41,0,52.8,13.30,Шевченківський,1 кімната,52.8 м²,31 094 грн
domria,https://dom.ria.com/uk/realty-dolgosrochnaya-arenda-kvartira-kiev-osokorki-nikolaya-bajana-prospekt-34263750.html,31094,UAH,702.41,1,71.9,9.77,Дарницький,2 кімнати,71.9 м²,31 094 грн
domria,https://dom.ria.com/uk/realty-dolgosrochnaya-arenda-kvartira-kiev-kudryavets-bulvarno-kudryavskaya-vorovskogo-ulitsa-34263595.html,62188,UAH,1404.82,1,50,28.10,Шевченківський,2 кімнати,50 м²,62 188 грн
domria,https://dom.ria.com/uk/realty-dolgosrochnaya-arenda-kvartira-kiev-svyatoshinskiy-berdnika-olesya-ulitsa-34250285.html,44420,UAH,1003.44,1,70,14.33,Святошинський,2 кімнати,70 м²,44 420 грн
domria,https://dom.ria.com/uk/realty-dolgosrochnaya-arenda-kvartira-kiev-darnitskiy-dneprovskaya-naberejnaya-34262357.html,48862,UAH,1103.79,0,55,20.07,Дарницький,1 кімната,55 м²,48 862 грн
domria,https://dom.ria.com/uk/realty-dolgosrochnaya-arenda-kvartira-kiev-feofaniya-akademika-lebedeva-ulitsa-34264687.html,35536,UAH,802.76,0,45,17.84,Голосіївський,1 кімната,45 м²,35 536 грн
domria,https://dom.ria.com/uk/realty-dolgosrochnaya-arenda-kvartira-kiev-chernaya-gora-andreya-verhoglyada-dragomirova-ulitsa-34190450.html,44420,UAH,1003.44,0,55,18.24,Печерський,1 кімната,55 м²,44 420 грн
domria,https://dom.ria.com/uk/realty-dolgosrochnaya-arenda-kvartira-kiev-chernaya-gora-andreya-verhoglyada-dragomirova-ulitsa-34164247.html,39978,UAH,903.10,0,50,18.06,Печерський,1 кімната,50 м²,39 978 грн
domria,https://dom.ria.com/uk/realty-dolgosrochnaya-arenda-kvartira-kiev-shulyavka-mashinostroitelnaya-ulitsa-34262570.html,15500,UAH,350.14,0,47,7.45,Солом'янський,1 кімната,47 м²,15 500 грн
domria,https://dom.ria.com/uk/realty-dolgosrochnaya-arenda-kvartira-kiev-novobelichi-olega-mudraka-generala-naumova-ulitsa-32410649.html,10000,UAH,225.90,0,34,6.64,Святошинський,1 кімната,34 м²,10 000 грн
domria,https://dom.ria.com/uk/realty-dolgosrochnaya-arenda-kvartira-kiev-shulyavka-mashinostroitelnaya-ulitsa-34263229.html,24000,UAH,542.16,1,62.4,8.69,Солом'янський,2 кімнати,62.4 м²,24 000 грн
domria,https://dom.ria.com/uk/realty-dolgosrochnaya-arenda-kvartira-kiev-sapernoe-pole-konovaltsa-evgeniya-ulitsa-34262026.html,53304,UAH,1204.13,2,118,10.20,Печерський,3 кімнати,118 м²,53 304 грн
domria,https://dom.ria.com/uk/realty-dolgosrochnaya-arenda-kvartira-kiev-vinogradar-aleksandra-olesya-ulitsa-34251931.html,26652,UAH,602.07,0,39,15.44,Подільський,1 кімната,39 м²,26 652 грн
domria,https://dom.ria.com/uk/realty-dolgosrochnaya-arenda-kvartira-kiev-shulyavka-borschagovskaya-ulitsa-34262537.html,44420,UAH,1003.44,0,52.1,19.26,Шевченківський,1 кімната,52.1 м²,44 420 грн
domria,https://dom.ria.com/uk/realty-dolgosrochnaya-arenda-kvartira-kiev-harkovskiy-massiv-arhitektora-verbitskogo-ulitsa-34261516.html,6000,UAH,135.54,1,52.6,2.58,Дарницький,2 кімнати,52.6 м²,6 000 грн
domria,https://dom.ria.com/uk/realty-dolgosrochnaya-arenda-kvartira-kiev-shevchenkovskiy-starokievskaya-ulitsa-34250307.html,28000,UAH,632.52,2,76,8.32,Шевченківський,3 кімнати,76 м²,28 000 грн
domria,https://dom.ria.com/uk/realty-dolgosrochnaya-arenda-kvartira-kiev-sotsgorod-yuriya-gagarina-prospekt-34261165.html,13000,UAH,293.67,2,60.7,4.84,Дніпровський,3 кімнати,60.7 м²,13 000 грн
domria,https://dom.ria.com/uk/realty-dolgosrochnaya-arenda-kvartira-kiev-pankovschina-pankovskaya-ulitsa-34260700.html,33315,UAH,752.58,0,47.2,15.94,Голосіївський,1 кімната,47.2 м²,33 315 грн
domria,https://dom.ria.com/uk/realty-dolgosrochnaya-arenda-kvartira-kiev-obolonskiy-dneprovodskaya-ulitsa-33487030.html,10500,UAH,237.19,0,27,8.78,Оболонський,1 кімната,27 м²,10 500 грн
domria,https://dom.ria.com/uk/realty-dolgosrochnaya-arenda-kvartira-kiev-sapernoe-pole-predslavinskaya-ulitsa-34262645.html,48862,UAH,1103.79,0,50,22.08,Печерський,1 кімната,50 м²,48 862 грн
domria,https://dom.ria.com/uk/realty-dolgosrochnaya-arenda-kvartira-kiev-poznyaki-eleny-pchilki-ulitsa-34259087.html,16990,UAH,383.80,0,46,8.34,Дарницький,1 кімната,46 м²,16 990 грн
domria,https://dom.ria.com/uk/realty-dolgosrochnaya-arenda-kvartira-kiev-sapernoe-pole-ioanna-pavla-ii-patrisa-lumumby-ulitsa-34228596.html,142144,UAH,3211.02,1,84,38.23,Печерський,2 кімнати,84 м²,142 144 грн
domria,https://dom.ria.com/uk/realty-dolgosrochnaya-arenda-kvartira-kiev-obolon-vladimira-ivasyuka-prospekt-34261669.html,44420,UAH,1003.44,0,60,16.72,Оболонський,1 кімната,60 м²,44 420 грн
domria,https://dom.ria.com/uk/realty-dolgosrochnaya-arenda-kvartira-kiev-voskresenka-voskresenskaya-ulitsa-34254831.html,23000,UAH,519.57,2,90,5.77,Дніпровський,3 кімнати,90 м²,23 000 грн
domria,https://dom.ria.com/uk/realty-dolgosrochnaya-arenda-kvartira-kiev-lukyanovka-belorusskaya-ulitsa-34261617.html,18000,UAH,406.62,0,48,8.47,Шевченківський,1 кімната,48 м²,18 000 грн
domria,https://dom.ria.com/uk/realty-dolgosrochnaya-arenda-kvartira-kiev-darnitskiy-dragomanova-ulitsa-33550584.html,19000,UAH,429.21,2,75,5.72,Дарницький,3 кімнати,75 м²,19 000 грн
domria,https://dom.ria.com/uk/realty-dolgosrochnaya-arenda-kvartira-kiev-ushinskogo-ulitsa-34261386.html,18500,UAH,417.91,1,47,8.89,,2 кімнати,47 м²,18 500 грн
domria,https://dom.ria.com/uk/realty-dolgosrochnaya-arenda-kvartira-kiev-cherepanova-gora-delovaya-ulitsa-34260328.html,119934,UAH,2709.30,4,230,11.78,Печерський,5 кімнат,230 м²,119 934 грн
domria,https://dom.ria.com/uk/realty-dolgosrochnaya-arenda-kvartira-kiev-darnitskiy-zarechnaya-ulitsa-34259659.html,48862,UAH,1103.79,1,76.3,14.47,Дарницький,2 кімнати,76.3 м²,48 862 грн
domria,https://dom.ria.com/uk/realty-dolgosrochnaya-arenda-kvartira-kiev-sapernoe-pole-makkeyna-djona-ulitsa-34251358.html,35000,UAH,790.65,0,50.9,15.53,Печерський,1 кімната,50.9 м²,35 000 грн
domria,https://dom.ria.com/uk/realty-dolgosrochnaya-arenda-kvartira-kiev-telichka-stolichnoe-shosse-34260042.html,30206,UAH,682.35,1,56.7,12.03,Голосіївський,2 кімнати,56.7 м²,30 206 грн
domria,https://dom.ria.com/uk/realty-dolgosrochnaya-arenda-kvartira-kiev-poznyaki-knyajiy-zaton-ulitsa-34260130.html,16000,UAH,361.44,0,54,6.69,Дарницький,1 кімната,54 м²,16 000 грн
domria,https://dom.ria.com/uk/realty-dolgosrochnaya-arenda-kvartira-kiev-sapernoe-pole-predslavinskaya-ulitsa-33874114.html,53304,UAH,1204.13,0,54,22.30,Печерський,1 кімната,54 м²,53 304 грн
domria,https://dom.ria.com/uk/realty-dolgosrochnaya-arenda-kvartira-kiev-bagrinovaya-gora-lysogorskiy-pereulok-34259973.html,26652,UAH,602.07,0,39.5,15.24,Голосіївський,1 кімната,39.5 м²,26 652 грн
domria,https://dom.ria.com/uk/realty-dolgosrochnaya-arenda-kvartira-kiev-darnitskiy-nikolaya-bajana-prospekt-34257035.html,26652,UAH,602.07,0,50,12.04,Дарницький,1 кімната,50 м²,26 652 грн
domria,https://dom.ria.com/uk/realty-dolgosrochnaya-arenda-kvartira-kiev-tsentr-olesya-gonchara-ulitsa-34258832.html,88840,UAH,2006.89,2,84.4,23.78,Шевченківський,3 кімнати,84.4 м²,88 840 грн
domria,https://dom.ria.com/uk/realty-dolgosrochnaya-arenda-kvartira-kiev-rusanovka-entuziastov-ulitsa-34259016.html,11500,UAH,259.78,1,55,4.72,Дніпровський,2 кімнати,55 м²,11 500 грн
domria,https://dom.ria.com/uk/realty-dolgosrochnaya-arenda-kvartira-kiev-demeevka-lobanovskogo-ulitsa-34257774.html,64409,UAH,1454.99,3,115,12.65,Голосіївський,4 кімнати,115 м²,64 409 грн
domria,https://dom.ria.com/uk/realty-dolgosrochnaya-arenda-kvartira-kiev-podolskiy-aleksandra-olesya-ulitsa-33831107.html,17000,UAH,384.03,0,36.2,10.61,Подільський,1 кімната,36.2 м²,17 000 грн
domria,https://dom.ria.com/uk/realty-dolgosrochnaya-arenda-kvartira-kiev-otradnyy-vatslava-gavela-bulvar-34251098.html,16500,UAH,372.73,0,33,11.29,Солом'янський,1 кімната,33 м²,16 500 грн
domria,https://dom.ria.com/uk/realty-dolgosrochnaya-arenda-kvartira-kiev-goloseev-mihaila-maksimovicha-ulitsa-34258805.html,22000,UAH,496.98,0,33.3,14.92,Голосіївський,1 кімната,33.3 м²,22 000 грн
domria,https://dom.ria.com/uk/realty-dolgosrochnaya-arenda-kvartira-kiev-darnitskiy-anny-ahmatovoy-ulitsa-19670052.html,14500,UAH,327.55,0,50,6.55,Дарницький,1 кімната,50 м²,14 500 грн
domria,https://dom.ria.com/uk/realty-dolgosrochnaya-arenda-kvartira-kiev-sapernaya-slobodka-bolshaya-kitaevskaya-ulitsa-34250179.html,24000,UAH,542.16,1,60.6,8.95,Голосіївський,2 кімнати,60.6 м²,24 000 грн
domria,https://dom.ria.com/uk/realty-dolgosrochnaya-arenda-kvartira-kiev-novobelichi-bahmachskaya-ulitsa-34137892.html,12000,UAH,271.08,0,36.1,7.51,Святошинський,1 кімната,36.1 м²,12 000 грн
domria,https://dom.ria.com/uk/realty-dolgosrochnaya-arenda-kvartira-kiev-troeschina-chervonoy-kaliny-mayakovskogo-vladimira-prospekt-34256600.html,8700,UAH,196.53,0,31,6.34,Деснянський,1 кімната,31 м²,8 700 грн
domria,https://dom.ria.com/uk/realty-dolgosrochnaya-arenda-kvartira-kiev-borschagovka-akademika-koroleva-prospekt-34250672.html,11000,UAH,248.49,1,55,4.52,Святошинський,2 кімнати,55 м²,11 000 грн
domria,https://dom.ria.com/uk/realty-dolgosrochnaya-arenda-kvartira-kiev-vinogradar-semi-kristerov-ulitsa-34257220.html,26652,UAH,602.07,0,47,12.81,Подільський,1 кімната,47 м²,26 652 грн
domria,https://dom.ria.com/uk/realty-dolgosrochnaya-arenda-kvartira-kiev-poznyaki-urlovskaya-ulitsa-34255120.html,17000,UAH,384.03,0,43,8.93,Дарницький,1 кімната,43 м²,17 000 грн
domria,https://dom.ria.com/uk/realty-dolgosrochnaya-arenda-kvartira-kiev-solomyanka-generala-shapovala-mehanizatorov-ulitsa-34257900.html,48862,UAH,1103.79,2,97,11.38,Солом'янський,3 кімнати,97 м²,48 862 грн
domria,https://dom.ria.com/uk/realty-dolgosrochnaya-arenda-kvartira-kiev-solomyanka-mitropolita-vasiliya-lipkovskogo-uritskogo-ulitsa-34255823.html,31094,UAH,702.41,3,99.2,7.08,Солом'янський,4 кімнати,99.2 м²,31 094 грн
domria,https://dom.ria.com/uk/realty-dolgosrochnaya-arenda-kvartira-kiev-harkovskiy-massiv-arhitektora-verbitskogo-ulitsa-34237607.html,17000,UAH,384.03,0,38,10.11,Дарницький,1 кімната,38 м²,17 000 грн
domria,https://dom.ria.com/uk/realty-dolgosrochnaya-arenda-kvartira-kiev-belichi-akademika-efremova-ulitsa-34258025.html,15000,UAH,338.85,1,60,5.65,Святошинський,2 кімнати,60 м²,15 000 грн
domria,https://dom.ria.com/uk/realty-dolgosrochnaya-arenda-kvartira-kiev-darnitskiy-nikolaya-bajana-prospekt-34253756.html,20000,UAH,451.80,0,50,9.04,Дарницький,1 кімната,50 м²,20 000 грн
domria,https://dom.ria.com/uk/realty-dolgosrochnaya-arenda-kvartira-kiev-chernaya-gora-andreya-verhoglyada-dragomirova-ulitsa-34257252.html,79956,UAH,1806.20,0,64.4,28.05,Печерський,1 кімната,64.4 м²,79 956 грн
domria,https://dom.ria.com/uk/realty-dolgosrochnaya-arenda-kvartira-kiev-tsentr-leontovicha-ulitsa-34256101.html,30000,UAH,677.70,1,49.7,13.64,Шевченківський,2 кімнати,49.7 м²,30 000 грн
domria,https://dom.ria.com/uk/realty-dolgosrochnaya-arenda-kvartira-kiev-teremki-2-akademika-glushkova-prospekt-34257916.html,23000,UAH,519.57,1,66,7.87,Голосіївський,2 кімнати,66 м²,23 000 грн
domria,https://dom.ria.com/uk/realty-dolgosrochnaya-arenda-kvartira-kiev-lukyanovka-gareta-djonsa-semi-hohlovyh-ulitsa-34255635.html,53304,UAH,1204.13,0,43.7,27.55,Шевченківський,1 кімната,43.7 м²,53 304 грн
domria,https://dom.ria.com/uk/realty-dolgosrochnaya-arenda-kvartira-kiev-syrets-jambila-jabaeva-kuzminskaya-ulitsa-34257598.html,31094,UAH,702.41,0,44,15.96,Шевченківський,1 кімната,44 м²,31 094 грн
domria,https://dom.ria.com/uk/realty-dolgosrochnaya-arenda-kvartira-kiev-vladimira-ivasyuka-prospekt-34257495.html,33315,UAH,752.58,0,48,15.68,,1 кімната,48 м²,33 315 грн
domria,https://dom.ria.com/uk/realty-dolgosrochnaya-arenda-kvartira-kiev-otradnyy-mihaila-dontsa-ulitsa-34257318.html,16000,UAH,361.44,2,57,6.34,Солом'янський,3 кімнати,57 м²,16 000 грн
domria,https://dom.ria.com/uk/realty-dolgosrochnaya-arenda-kvartira-kiev-akademika-zabolotnogo-ulitsa-34257050.html,20000,UAH,451.80,2,80,5.65,,3 кімнати,80 м²,20 000 грн
domria,https://dom.ria.com/uk/realty-dolgosrochnaya-arenda-kvartira-kiev-poznyaki-dragomanova-ulitsa-34249489.html,13000,UAH,293.67,0,45,6.53,Дарницький,1 кімната,45 м²,13 000 грн
domria,https://dom.ria.com/uk/realty-dolgosrochnaya-arenda-kvartira-kiev-shulyavka-oleksy-tihogo-vyborgskaya-ulitsa-34250331.html,8500,UAH,192.01,0,27,7.11,Солом'янський,1 кімната,27 м²,8 500 грн
domria,https://dom.ria.com/uk/realty-dolgosrochnaya-arenda-kvartira-kiev-staryy-kiev-sofievskaya-ulitsa-34255696.html,53304,UAH,1204.13,4,178,6.76,Шевченківський,5 кімнат,178 м²,53 304 грн
domria,https://dom.ria.com/uk/realty-dolgosrochnaya-arenda-kvartira-kiev-podol-bratskaya-ulitsa-34255193.html,49353,UAH,1114.88,1,75,14.87,Подільський,2 кімнати,75 м²,49 353 грн
domria,https://dom.ria.com/uk/realty-dolgosrochnaya-arenda-kvartira-kiev-podolskiy-aleksandra-olesya-ulitsa-34255353.html,17000,UAH,384.03,0,36.2,10.61,Подільський,1 кімната,36.2 м²,17 000 грн
domria,https://dom.ria.com/uk/realty-dolgosrochnaya-arenda-kvartira-kiev-voskresenka-petra-zaporojtsa-ulitsa-34243509.html,18000,UAH,406.62,0,56.7,7.17,Дніпровський,1 кімната,56.7 м²,18 000 грн
domria,https://dom.ria.com/uk/realty-dolgosrochnaya-arenda-kvartira-kiev-aleksandrovskaya-slobodka-grigoriya-kochura-aleksandra-pirogovskogo-ulitsa-34247924.html,12500,UAH,282.37,0,30,9.41,Солом'янський,1 кімната,30 м²,12 500 грн
domria,https://dom.ria.com/uk/realty-dolgosrochnaya-arenda-kvartira-kiev-troeschina-chervonoy-kaliny-mayakovskogo-vladimira-prospekt-33583712.html,12000,UAH,271.08,1,63.5,4.27,Деснянський,2 кімнати,63.5 м²,12 000 грн
domria,https://dom.ria.com/uk/realty-dolgosrochnaya-arenda-kvartira-kiev-harkovskiy-massiv-trostyanetskaya-ulitsa-34191396.html,16000,UAH,361.44,3,100,3.61,Дарницький,4 кімнати,100 м²,16 000 грн
domria,https://dom.ria.com/uk/realty-dolgosrochnaya-arenda-kvartira-kiev-sapernoe-pole-lesi-ukrainki-bulvar-34255137.html,25000,UAH,564.75,1,60,9.41,Печерський,2 кімнати,60 м²,25 000 грн
domria,https://dom.ria.com/uk/realty-dolgosrochnaya-arenda-kvartira-kiev-syrets-eleny-teligi-ulitsa-34190138.html,23000,UAH,519.57,0,45.9,11.32,Шевченківський,1 кімната,45.9 м²,23 000 грн
domria,https://dom.ria.com/uk/realty-dolgosrochnaya-arenda-kvartira-kiev-nivki-salyutnaya-ulitsa-34251469.html,41500,UAH,937.48,0,45.2,20.74,Шевченківський,1 кімната,45.2 м²,41 500 грн
domria,https://dom.ria.com/uk/realty-dolgosrochnaya-arenda-kvartira-kiev-goloseevskiy-mihaila-maksimovicha-ulitsa-34057311.html,18000,UAH,406.62,0,40.2,10.11,Голосіївський,1 кімната,40.2 м²,18 000 грн
domria,https://dom.ria.com/uk/realty-dolgosrochnaya-arenda-kvartira-kiev-darnitskiy-eleny-pchilki-ulitsa-33419150.html,14990,UAH,338.62,1,76,4.46,Дарницький,2 кімнати,76 м²,14 990 грн
domria,https://dom.ria.com/uk/realty-dolgosrochnaya-arenda-kvartira-kiev-borschagovka-gnata-yury-ulitsa-34250670.html,9000,UAH,203.31,0,35,5.81,Святошинський,1 кімната,35 м²,9 000 грн
domria,https://dom.ria.com/uk/realty-dolgosrochnaya-arenda-kvartira-kiev-vasilkovskaya-ulitsa-34254044.html,39978,UAH,903.10,0,50,18.06,Голосіївський,1 кімната,50 м²,39 978 грн
domria,https://dom.ria.com/uk/realty-dolgosrochnaya-arenda-kvartira-kiev-rusanovka-entuziastov-ulitsa-34253267.html,21000,UAH,474.39,2,64,7.41,Дніпровський,3 кімнати,64 м²,21 000 грн
domria,https://dom.ria.com/uk/realty-dolgosrochnaya-arenda-kvartira-kiev-poznyaki-urlovskaya-ulitsa-34249803.html,10500,UAH,237.19,0,43,5.52,Дарницький,1 кімната,43 м²,10 500 грн
domria,https://dom.ria.com/uk/realty-dolgosrochnaya-arenda-kvartira-kiev-bereznyaki-pavla-tychiny-prospekt-34250544.html,16000,UAH,361.44,0,56.4,6.41,Дніпровський,1 кімната,56.4 м²,16 000 грн
domria,https://dom.ria.com/uk/realty-dolgosrochnaya-arenda-kvartira-kiev-aleksandra-olesya-ulitsa-34253605.html,31094,UAH,702.41,1,60,11.71,,2 кімнати,60 м²,31 094 грн
domria,https://dom.ria.com/uk/realty-dolgosrochnaya-arenda-kvartira-kiev-novoe-stroenie-antonovicha-gorkogo-ulitsa-34253469.html,26000,UAH,587.34,1,55,10.68,Голосіївський,2 кімнати,55 м²,26 000 грн
domria,https://dom.ria.com/uk/realty-dolgosrochnaya-arenda-kvartira-kiev-laboratornyy-pereulok-34252158.html,62188,UAH,1404.82,0,65,21.61,Печерський,1 кімната,65 м²,62 188 грн
domria,https://dom.ria.com/uk/realty-dolgosrochnaya-arenda-kvartira-kiev-podol-obolonskaya-ulitsa-34253471.html,45000,UAH,1016.55,3,125,8.13,Подільський,4 кімнати,125 м²,45 000 грн
domria,https://dom.ria.com/uk/realty-dolgosrochnaya-arenda-kvartira-kiev-podol-vozdvijenskaya-ulitsa-34252992.html,14000,UAH,316.26,0,25,12.65,Подільський,1 кімната,25 м²,14 000 грн
domria,https://dom.ria.com/uk/realty-dolgosrochnaya-arenda-kvartira-kiev-pecherskiy-vasiliya-tyutyunnika-ulitsa-34253146.html,39978,UAH,903.10,0,32,28.22,Печерський,1 кімната,32 м²,39 978 грн
domria,https://dom.ria.com/uk/realty-dolgosrochnaya-arenda-kvartira-kiev-aleksandrovskaya-slobodka-lobanovskogo-krasnozvezdnyy-prospekt-34056019.html,26652,UAH,602.07,1,92,6.54,Солом'янський,2 кімнати,92 м²,26 652 грн
domria,https://dom.ria.com/uk/realty-dolgosrochnaya-arenda-kvartira-kiev-chernaya-gora-andreya-verhoglyada-dragomirova-ulitsa-34252541.html,75514,UAH,1705.86,2,100,17.06,Печерський,3 кімнати,100 м²,75 514 грн
domria,https://dom.ria.com/uk/realty-dolgosrochnaya-arenda-kvartira-kiev-belichi-chernobylskaya-ulitsa-34252877.html,10000,UAH,225.90,0,31,7.29,Святошинський,1 кімната,31 м²,10 000 грн
domria,https://dom.ria.com/uk/realty-dolgosrochnaya-arenda-kvartira-kiev-darnitskiy-dneprovskaya-naberejnaya-34245343.html,33000,UAH,745.47,0,49,15.21,Дарницький,1 кімната,49 м²,33 000 грн
domria,https://dom.ria.com/uk/realty-dolgosrochnaya-arenda-kvartira-kiev-darnitskiy-dneprovskaya-naberejnaya-34245253.html,48000,UAH,1084.32,1,50,21.69,Дарницький,2 кімнати,50 м²,48 000 грн
domria,https://dom.ria.com/uk/realty-dolgosrochnaya-arenda-kvartira-kiev-radujnyy-massiv-radujnaya-ulitsa-34250738.html,9000,UAH,203.31,0,36,5.65,Дніпровський,1 кімната,36 м²,9 000 грн
domria,https://dom.ria.com/uk/realty-dolgosrochnaya-arenda-kvartira-kiev-otradnyy-lyubomira-guzara-prospekt-34250124.html,17000,UAH,384.03,0,30,12.80,Солом'янський,1 кімната,30 м²,17 000 грн
domria,https://dom.ria.com/uk/realty-dolgosrochnaya-arenda-kvartira-kiev-bagrinovaya-gora-raketnaya-ulitsa-34250370.html,14000,UAH,316.26,0,32,9.88,Голосіївський,1 кімната,32 м²,14 000 грн
domria,https://dom.ria.com/uk/realty-dolgosrochnaya-arenda-kvartira-kiev-obolon-levka-lukyanenko-ulitsa-34251826.html,28873,UAH,652.24,0,32.7,19.95,Оболонський,1 кімната,32.7 м²,28 873 грн
domria,https://dom.ria.com/uk/realty-dolgosrochnaya-arenda-kvartira-kiev-pankovschina-nikolsko-botanicheskaya-ulitsa-34250432.html,22210,UAH,501.72,1,51,9.84,Голосіївський,2 кімнати,51 м²,22 210 грн
domria,https://dom.ria.com/uk/realty-dolgosrochnaya-arenda-kvartira-kiev-zverinets-zverinetskaya-ulitsa-34246047.html,57746,UAH,1304.48,0,57,22.89,Печерський,1 кімната,57 м²,57 746 грн
domria,https://dom.ria.com/uk/realty-dolgosrochnaya-arenda-kvartira-kiev-pechersk-klovskiy-spusk-34250823.html,91061,UAH,2057.06,0,123,16.72,Печерський,1 кімната,123 м²,91 061 грн
domria,https://dom.ria.com/uk/realty-dolgosrochnaya-arenda-kvartira-kiev-lipki-kreschatik-ulitsa-32285652.html,49353,UAH,1114.88,2,84,13.27,Печерський,3 кімнати,84 м²,49 353 грн
domria,https://dom.ria.com/uk/realty-dolgosrochnaya-arenda-kvartira-kiev-troeschina-chervonoy-kaliny-mayakovskogo-vladimira-prospekt-34248282.html,11000,UAH,248.49,1,57.3,4.34,Деснянський,2 кімнати,57.3 м²,11 000 грн
domria,https://dom.ria.com/uk/realty-dolgosrochnaya-arenda-kvartira-kiev-cherepanova-gora-delovaya-ulitsa-33222263.html,124376,UAH,2809.64,4,230,12.22,Печерський,5 кімнат,230 м²,124 376 грн
domria,https://dom.ria.com/uk/realty-dolgosrochnaya-arenda-kvartira-kiev-teremki-2-stepana-rudnitskogo-akademika-vilyamsa-ulitsa-34250811.html,27000,UAH,609.93,2,101,6.04,Голосіївський,3 кімнати,101 м²,27 000 грн
domria,https://dom.ria.com/uk/realty-dolgosrochnaya-arenda-kvartira-kiev-teremki-2-yulii-zdanovskoy-lomonosova-ulitsa-34250006.html,30000,UAH,677.70,2,89.9,7.54,Голосіївський,3 кімнати,89.9 м²,30 000 грн
domria,https://dom.ria.com/uk/realty-dolgosrochnaya-arenda-kvartira-kiev-julyany-mihaila-deregusa-ulitsa-34250477.html,20000,UAH,451.80,0,27.6,16.37,Солом'янський,1 кімната,27.6 м²,20 000 грн
domria,https://dom.ria.com/uk/realty-dolgosrochnaya-arenda-kvartira-kiev-bereznyaki-dneprovskaya-naberejnaya-33874550.html,15000,UAH,338.85,2,61.2,5.54,Дніпровський,3 кімнати,61.2 м²,15 000 грн
domria,https://dom.ria.com/uk/realty-dolgosrochnaya-arenda-kvartira-kiev-chernaya-gora-andreya-verhoglyada-dragomirova-ulitsa-34151557.html,53304,UAH,1204.13,1,65,18.53,Печерський,2 кімнати,65 м²,53 304 грн
domria,https://dom.ria.com/uk/realty-dolgosrochnaya-arenda-kvartira-kiev-pechersk-staronavodnitskaya-ulitsa-34250813.html,57746,UAH,1304.48,2,169,7.72,Печерський,3 кімнати,169 м²,57 746 грн
domria,https://dom.ria.com/uk/realty-dolgosrochnaya-arenda-kvartira-kiev-novaya-darnitsa-sevastopolskaya-ulitsa-34248650.html,13000,UAH,293.67,3,88.2,3.33,Дарницький,4 кімнати,88.2 м²,13 000 грн
domria,https://dom.ria.com/uk/realty-dolgosrochnaya-arenda-kvartira-kiev-otradnyy-lyubomira-guzara-prospekt-34250241.html,30000,UAH,677.70,0,40.3,16.82,Солом'янський,1 кімната,40.3 м²,30 000 грн
domria,https://dom.ria.com/uk/realty-dolgosrochnaya-arenda-kvartira-kiev-osokorki-vaschenko-grigoriya-ulitsa-34250326.html,13500,UAH,304.96,0,39.6,7.70,Дарницький,1 кімната,39.6 м²,13 500 грн
domria,https://dom.ria.com/uk/realty-dolgosrochnaya-arenda-kvartira-kiev-jeleznodorojnyy-massiv-romana-ratushnogo-volgogradskaya-ulitsa-34235678.html,9950,UAH,224.77,0,23,9.77,Солом'янський,1 кімната,23 м²,9 950 грн
domria,https://dom.ria.com/uk/realty-dolgosrochnaya-arenda-kvartira-kiev-zverinets-zverinetskaya-ulitsa-34250247.html,133260,UAH,3010.33,3,200,15.05,Печерський,4 кімнати,200 м²,133 260 грн
domria,https://dom.ria.com/uk/realty-dolgosrochnaya-arenda-kvartira-kiev-tsentr-tarasa-shevchenko-bulvar-34250210.html,39978,UAH,903.10,1,45,20.07,Шевченківський,2 кімнати,45 м²,39 978 грн
domria,https://dom.ria.com/uk/realty-dolgosrochnaya-arenda-kvartira-kiev-jeleznodorojnyy-massiv-protasov-yar-ulitsa-34250182.html,26000,UAH,587.34,0,45,13.05,Солом'янський,1 кімната,45 м²,26 000 грн
domria,https://dom.ria.com/uk/realty-dolgosrochnaya-arenda-kvartira-kiev-sapernoe-pole-lesi-ukrainki-ploschad-34149333.html,27000,UAH,609.93,3,77,7.92,Печерський,4 кімнати,77 м²,27 000 грн
domria,https://dom.ria.com/uk/realty-dolgosrochnaya-arenda-kvartira-kiev-jeleznodorojnyy-massiv-protasov-yar-ulitsa-34250148.html,26000,UAH,587.34,0,45,13.05,Солом'янський,1 кімната,45 м²,26 000 грн
domria,https://dom.ria.com/uk/realty-dolgosrochnaya-arenda-kvartira-kiev-nikolskaya-slobodka-denisa-rachinskogo-kombinatnaya-ulitsa-34250130.html,23378,UAH,528.11,0,50,10.56,Дніпровський,1 кімната,50 м²,23 378 грн
domria,https://dom.ria.com/uk/realty-dolgosrochnaya-arenda-kvartira-kiev-dneprovskiy-akovkaya-lia-26853346.html,19000,UAH,429.21,0,37,11.60,Дніпровський,1 кімната,37 м²,19 000 грн
domria,https://dom.ria.com/uk/realty-dolgosrochnaya-arenda-kvartira-kiev-troeschina-chervonoy-kaliny-mayakovskogo-vladimira-prospekt-34231810.html,10000,UAH,225.90,0,37,6.11,Деснянський,1 кімната,37 м²,10 000 грн
domria,https://dom.ria.com/uk/realty-dolgosrochnaya-arenda-kvartira-kiev-osokorki-dneprovskaya-naberejnaya-34248856.html,35536,UAH,802.76,1,64.1,12.52,Дарницький,2 кімнати,64.1 м²,35 536 грн
domria,https://dom.ria.com/uk/realty-dolgosrochnaya-arenda-kvartira-kiev-sapernoe-pole-akademika-filatova-ulitsa-34223726.html,26652,UAH,602.07,0,30,20.07,Печерський,1 кімната,30 м²,26 652 грн
domria,https://dom.ria.com/uk/realty-dolgosrochnaya-arenda-kvartira-kiev-turetskiy-gorodok-fedora-ernsta-ulitsa-34247923.html,18000,UAH,406.62,0,42.6,9.55,Солом'янський,1 кімната,42.6 м²,18 000 грн
domria,https://dom.ria.com/uk/realty-dolgosrochnaya-arenda-kvartira-kiev-novaya-darnitsa-gennadiya-afanaseva-konstantina-zaslonova-ulitsa-34248264.html,11000,UAH,248.49,1,47,5.29,Дарницький,2 кімнати,47 м²,11 000 грн
domria,https://dom.ria.com/uk/realty-dolgosrochnaya-arenda-kvartira-kiev-podolskiy-vsevoloda-zmienko-ulitsa-34248438.html,31094,UAH,702.41,0,45,15.61,Подільський,1 кімната,45 м²,31 094 грн
domria,https://dom.ria.com/uk/realty-dolgosrochnaya-arenda-kvartira-kiev-karavaevy-dachi-tatyany-yablonskoy-ulitsa-34240488.html,19500,UAH,440.50,1,74.3,5.93,Солом'янський,2 кімнати,74.3 м²,19 500 грн
domria,https://dom.ria.com/uk/realty-dolgosrochnaya-arenda-kvartira-kiev-chernaya-gora-andreya-verhoglyada-dragomirova-ulitsa-34243214.html,133260,UAH,3010.33,1,115,26.18,Печерський,2 кімнати,115 м²,133 260 грн
domria,https://dom.ria.com/uk/realty-dolgosrochnaya-arenda-kvartira-kiev-severno-brovarskiy-masiv-darnitskiy-bulvar-34247049.html,17500,UAH,395.32,1,60.1,6.58,Дніпровський,2 кімнати,60.1 м²,17 500 грн
domria,https://dom.ria.com/uk/realty-dolgosrochnaya-arenda-kvartira-kiev-radujnyy-massiv-radujnaya-ulitsa-34244194.html,13999,UAH,316.24,1,51.7,6.12,Дніпровський,2 кімнати,51.7 м²,13 999 грн
domria,https://dom.ria.com/uk/realty-dolgosrochnaya-arenda-kvartira-kiev-solomyanka-patriarha-mstislava-skripnika-nikolaya-ostrovskogo-ulitsa-34239999.html,21999,UAH,496.96,0,38,13.08,Солом'янський,1 кімната,38 м²,21 999 грн
domria,https://dom.ria.com/uk/realty-dolgosrochnaya-arenda-kvartira-kiev-poznyaki-anny-ahmatovoy-ulitsa-34246197.html,177680,UAH,4013.78,1,138,29.09,Дарницький,2 кімнати,138 м²,177 680 грн
domria,https://dom.ria.com/uk/realty-dolgosrochnaya-arenda-kvartira-kiev-lipki-kreschatik-ulitsa-34230830.html,133260,UAH,3010.33,2,120,25.09,Печерський,3 кімнати,120 м²,133 260 грн
domria,https://dom.ria.com/uk/realty-dolgosrochnaya-arenda-kvartira-kiev-darnitskiy-zarechnaya-ulitsa-34240201.html,39600,UAH,894.56,1,52,17.20,Дарницький,2 кімнати,52 м²,39 600 грн
domria,https://dom.ria.com/uk/realty-dolgosrochnaya-arenda-kvartira-kiev-vasilkovskaya-ulitsa-34246108.html,99945,UAH,2257.75,3,120,18.81,Голосіївський,4 кімнати,120 м²,99 945 грн
domria,https://dom.ria.com/uk/realty-dolgosrochnaya-arenda-kvartira-kiev-shevchenkovskiy-glubochitskaya-ulitsa-34247583.html,24000,UAH,542.16,0,35,15.49,Шевченківський,1 кімната,35 м²,24 000 грн
domria,https://dom.ria.com/uk/realty-dolgosrochnaya-arenda-kvartira-kiev-lesnoy-massiv-bratislavskaya-ulitsa-34247275.html,12999,UAH,293.65,1,46,6.38,Деснянський,2 кімнати,46 м²,12 999 грн
domria,https://dom.ria.com/uk/realty-dolgosrochnaya-arenda-kvartira-kiev-pecherskiy-makkeyna-djona-ulitsa-34247430.html,37757,UAH,852.93,1,55,15.51,Печерський,2 кімнати,55 м²,37 757 грн
domria,https://dom.ria.com/uk/realty-dolgosrochnaya-arenda-kvartira-kiev-lukyanovka-nikolaya-kravchenko-ulitsa-34247445.html,40000,UAH,903.60,1,80,11.29,Шевченківський,2 кімнати,80 м²,40 000 грн
domria,https://dom.ria.com/uk/realty-dolgosrochnaya-arenda-kvartira-kiev-bratskaya-ulitsa-34247448.html,46755,UAH,1056.19,1,75,14.08,,2 кімнати,75 м²,46 755 грн
domria,https://dom.ria.com/uk/realty-dolgosrochnaya-arenda-kvartira-kiev-sotsgorod-vifleemskaya-akademika-shlihtera-ulitsa-34247330.html,13000,UAH,293.67,2,58,5.06,Дніпровський,3 кімнати,58 м²,13 000 грн
domria,https://dom.ria.com/uk/realty-dolgosrochnaya-arenda-kvartira-kiev-pechersk-konovaltsa-evgeniya-ulitsa-34246756.html,44420,UAH,1003.44,0,50,20.07,Печерський,1 кімната,50 м²,44 420 грн
domria,https://dom.ria.com/uk/realty-dolgosrochnaya-arenda-kvartira-kiev-yujnaya-borschagovka-akademika-koroleva-prospekt-34246210.html,12000,UAH,271.08,1,50,5.42,Святошинський,2 кімнати,50 м²,12 000 грн
domria,https://dom.ria.com/uk/realty-dolgosrochnaya-arenda-kvartira-kiev-obolon-geroev-dnepra-ulitsa-34245976.html,17500,UAH,395.32,1,70,5.65,Оболонський,2 кімнати,70 м²,17 500 грн
domria,https://dom.ria.com/uk/realty-dolgosrochnaya-arenda-kvartira-kiev-sapernoe-pole-predslavinskaya-ulitsa-34240269.html,84398,UAH,1906.54,1,90,21.18,Печерський,2 кімнати,90 м²,84 398 грн
domria,https://dom.ria.com/uk/realty-dolgosrochnaya-arenda-kvartira-kiev-nikolskaya-slobodka-andreya-abolmasova-panelnaya-ulitsa-34244384.html,25000,UAH,564.75,1,60,9.41,Дніпровський,2 кімнати,60 м²,25 000 грн
domria,https://dom.ria.com/uk/realty-dolgosrochnaya-arenda-kvartira-kiev-karavaevy-dachi-getmana-vadima-ulitsa-33561763.html,18000,UAH,406.62,1,54.1,7.52,Солом'янський,2 кімнати,54.1 м²,18 000 грн
domria,https://dom.ria.com/uk/realty-dolgosrochnaya-arenda-kvartira-kiev-shulyavka-sholudenko-ulitsa-34244335.html,26652,UAH,602.07,0,43,14.00,Солом'янський,1 кімната,43 м²,26 652 грн
domria,https://dom.ria.com/uk/realty-dolgosrochnaya-arenda-kvartira-kiev-novoe-stroenie-bolshaya-vasilkovskaya-ulitsa-34244502.html,23000,UAH,519.57,1,55,9.45,Голосіївський,2 кімнати,55 м²,23 000 грн
domria,https://dom.ria.com/uk/realty-dolgosrochnaya-arenda-kvartira-kiev-soldatskaya-slobodka-aleksandra-konisskogo-turgenevskaya-ulitsa-34243818.html,66630,UAH,1505.17,1,50,30.10,Шевченківський,2 кімнати,50 м²,66 630 грн
domria,https://dom.ria.com/uk/realty-dolgosrochnaya-arenda-kvartira-kiev-sapernoe-pole-krepostnoy-tverskoy-tupik-34243775.html,71072,UAH,1605.51,1,70.7,22.71,Печерський,2 кімнати,70.7 м²,71 072 грн
domria,https://dom.ria.com/uk/realty-dolgosrochnaya-arenda-kvartira-kiev-teremki-2-dmitriya-lutsenko-kreysera-avrora-ulitsa-34240878.html,24500,UAH,553.45,0,47.9,11.55,Голосіївський,1 кімната,47.9 м²,24 500 грн
domria,https://dom.ria.com/uk/realty-dolgosrochnaya-arenda-kvartira-kiev-staryy-kiev-trehsvyatitelskaya-ulitsa-34241077.html,35000,UAH,790.65,1,54.5,14.51,Шевченківський,2 кімнати,54.5 м²,35 000 грн
domria,https://dom.ria.com/uk/realty-dolgosrochnaya-arenda-kvartira-kiev-lesnoy-massiv-kubanskoy-ukrainy-ulitsa-34244138.html,9000,UAH,203.31,1,52,3.91,Деснянський,2 кімнати,52 м²,9 000 грн
domria,https://dom.ria.com/uk/realty-dolgosrochnaya-arenda-kvartira-kiev-darnitskiy-nikolaya-bajana-prospekt-34240981.html,26652,UAH,602.07,0,50,12.04,Дарницький,1 кімната,50 м²,26 652 грн
domria,https://dom.ria.com/uk/realty-dolgosrochnaya-arenda-kvartira-kiev-dneprovskiy-stroiteley-ulitsa-33833129.html,13600,UAH,307.22,1,45.2,6.80,Дніпровський,2 кімнати,45.2 м²,13 600 грн
domria,https://dom.ria.com/uk/realty-dolgosrochnaya-arenda-kvartira-kiev-poznyaki-nikolaya-bajana-prospekt-34241959.html,22000,UAH,496.98,0,77.8,6.39,Дарницький,1 кімната,77.8 м²,22 000 грн
domria,https://dom.ria.com/uk/realty-dolgosrochnaya-arenda-kvartira-kiev-teremki-1-akademika-zabolotnogo-ulitsa-34242671.html,25000,UAH,564.75,0,55,10.27,Голосіївський,1 кімната,55 м²,25 000 грн
domria,https://dom.ria.com/uk/realty-dolgosrochnaya-arenda-kvartira-kiev-borschagovka-aleksandra-mahova-joludeva-ulitsa-34238187.html,8500,UAH,192.01,0,35,5.49,Святошинський,1 кімната,35 м²,8 500 грн
domria,https://dom.ria.com/uk/realty-dolgosrochnaya-arenda-kvartira-kiev-poznyaki-petra-grigorenko-prospekt-34243569.html,16500,UAH,372.73,1,55,6.78,Дарницький,2 кімнати,55 м²,16 500 грн
domria,https://dom.ria.com/uk/realty-dolgosrochnaya-arenda-kvartira-kiev-poznyaki-sribnokilskaya-ulitsa-34239367.html,23000,UAH,519.57,0,59,8.81,Дарницький,1 кімната,59 м²,23 000 грн
domria,https://dom.ria.com/uk/realty-dolgosrochnaya-arenda-kvartira-kiev-otradnyy-nikolaya-shepeleva-ulitsa-34243067.html,10500,UAH,237.19,0,21.3,11.14,Солом'янський,1 кімната,21.3 м²,10 500 грн
domria,https://dom.ria.com/uk/realty-dolgosrochnaya-arenda-kvartira-kiev-aleksandrovskaya-slobodka-andreya-golovko-ulitsa-34123472.html,25000,UAH,564.75,1,43.6,12.95,Солом'янський,2 кімнати,43.6 м²,25 000 грн
domria,https://dom.ria.com/uk/realty-dolgosrochnaya-arenda-kvartira-kiev-nivki-salyutnaya-ulitsa-34241372.html,30000,UAH,677.70,0,43,15.76,Шевченківський,1 кімната,43 м²,30 000 грн
domria,https://dom.ria.com/uk/realty-dolgosrochnaya-arenda-kvartira-kiev-troeschina-onore-de-balzaka-ulitsa-34242279.html,12000,UAH,271.08,0,34,7.97,Деснянський,1 кімната,34 м²,12 000 грн
domria,https://dom.ria.com/uk/realty-dolgosrochnaya-arenda-kvartira-kiev-poznyaki-sribnokilskaya-ulitsa-34243271.html,17000,UAH,384.03,2,75.4,5.09,Дарницький,3 кімнати,75.4 м²,17 000 грн
domria,https://dom.ria.com/uk/realty-dolgosrochnaya-arenda-kvartira-kiev-lipki-zankovetskoy-ulitsa-34241473.html,41560,UAH,938.84,2,83,11.31,Печерський,3 кімнати,83 м²,41 560 грн
domria,https://dom.ria.com/uk/realty-dolgosrochnaya-arenda-kvartira-kiev-darnitskiy-borispolskaya-ulitsa-34242242.html,14000,UAH,316.26,0,47,6.73,Дарницький,1 кімната,47 м²,14 000 грн
domria,https://dom.ria.com/uk/realty-dolgosrochnaya-arenda-kvartira-kiev-tatarka-glubochitskaya-ulitsa-34229713.html,35536,UAH,802.76,1,58,13.84,Шевченківський,2 кімнати,58 м²,35 536 грн
domria,https://dom.ria.com/uk/realty-dolgosrochnaya-arenda-kvartira-kiev-tsentr-antonovicha-gorkogo-ulitsa-34226500.html,30000,UAH,677.70,1,74,9.16,Шевченківський,2 кімнати,74 м²,30 000 грн
domria,https://dom.ria.com/uk/realty-dolgosrochnaya-arenda-kvartira-kiev-pechersk-leyptsigskaya-ulitsa-34236655.html,88840,UAH,2006.89,2,125,16.06,Печерський,3 кімнати,125 м²,88 840 грн
domria,https://dom.ria.com/uk/realty-dolgosrochnaya-arenda-kvartira-kiev-vinogradar-semi-kristerov-ulitsa-34228721.html,29000,UAH,655.11,0,44,14.89,Подільський,1 кімната,44 м²,29 000 грн
domria,https://dom.ria.com/uk/realty-dolgosrochnaya-arenda-kvartira-kiev-cherepanova-gora-ivana-fedorova-ulitsa-34242344.html,75514,UAH,1705.86,0,58,29.41,Печерський,1 кімната,58 м²,75 514 грн
domria,https://dom.ria.com/uk/realty-dolgosrochnaya-arenda-kvartira-kiev-nikolskaya-slobodka-nikolsko-slobodskaya-ulitsa-34241925.html,26000,UAH,587.34,0,50,11.75,Дніпровський,1 кімната,50 м²,26 000 грн
domria,https://dom.ria.com/uk/realty-dolgosrochnaya-arenda-kvartira-kiev-bratev-chibineevyh-chernigovskaya-ulitsa-34242139.html,23000,UAH,519.57,1,42,12.37,,2 кімнати,42 м²,23 000 грн
domria,https://dom.ria.com/uk/realty-dolgosrochnaya-arenda-kvartira-kiev-sapernoe-pole-konovaltsa-evgeniya-ulitsa-34242065.html,71072,UAH,1605.51,2,150,10.70,Печерський,3 кімнати,150 м²,71 072 грн
domria,https://dom.ria.com/uk/realty-dolgosrochnaya-arenda-kvartira-kiev-poznyaki-truskavetskaya-ulitsa-34235235.html,25000,UAH,564.75,0,55,10.27,Дарницький,1 кімната,55 м²,25 000 грн
domria,https://dom.ria.com/uk/realty-dolgosrochnaya-arenda-kvartira-kiev-darnitskiy-dneprovskaya-naberejnaya-34241324.html,19989,UAH,451.55,0,28,16.13,Дарницький,1 кімната,28 м²,19 989 грн
domria,https://dom.ria.com/uk/realty-dolgosrochnaya-arenda-kvartira-kiev-poznyaki-dneprovskaya-naberejnaya-34239979.html,24000,UAH,542.16,0,38,14.27,Дарницький,1 кімната,38 м²,24 000 грн
domria,https://dom.ria.com/uk/realty-dolgosrochnaya-arenda-kvartira-kiev-vasilkovskaya-ulitsa-33110199.html,37757,UAH,852.93,1,50,17.06,Голосіївський,2 кімнати,50 м²,37 757 грн
domria,https://dom.ria.com/uk/realty-dolgosrochnaya-arenda-kvartira-kiev-shulyavka-tbilisskiy-pereulok-34230014.html,25000,UAH,564.75,0,53,10.66,Солом'янський,1 кімната,53 м²,25 000 грн
domria,https://dom.ria.com/uk/realty-dolgosrochnaya-arenda-kvartira-kiev-troeschina-nikolaya-zakrevskogo-ulitsa-34240682.html,10000,UAH,225.90,0,43.1,5.24,Деснянський,1 кімната,43.1 м²,10 000 грн
domria,https://dom.ria.com/uk/realty-dolgosrochnaya-arenda-kvartira-kiev-vinogradar-svetlitskogo-ulitsa-34239789.html,18000,UAH,406.62,2,65,6.26,Подільський,3 кімнати,65 м²,18 000 грн
domria,https://dom.ria.com/uk/realty-dolgosrochnaya-arenda-kvartira-kiev-poznyaki-petra-grigorenko-prospekt-34240363.html,18000,UAH,406.62,1,80,5.08,Дарницький,2 кімнати,80 м²,18 000 грн
domria,https://dom.ria.com/uk/realty-dolgosrochnaya-arenda-kvartira-kiev-sapernoe-pole-vasiliya-tyutyunnika-ulitsa-34232116.html,40500,UAH,914.89,2,88,10.40,Печерський,3 кімнати,88 м²,40 500 грн
domria,https://dom.ria.com/uk/realty-dolgosrochnaya-arenda-kvartira-kiev-pankovschina-getmana-pavla-skoropadskogo-lva-tolstogo-ulitsa-34235597.html,64409,UAH,1454.99,3,151,9.64,Голосіївський,4 кімнати,151 м²,64 409 грн
domria,https://dom.ria.com/uk/realty-dolgosrochnaya-arenda-kvartira-kiev-vladimira-ivasyuka-prospekt-34239870.html,53304,UAH,1204.13,2,105,11.47,,3 кімнати,105 м²,53 304 грн
domria,https://dom.ria.com/uk/realty-dolgosrochnaya-arenda-kvartira-kiev-pankovschina-jilyanskaya-ulitsa-33693824.html,133260,UAH,3010.33,1,140,21.50,Голосіївський,2 кімнати,140 м²,133 260 грн
domria,https://dom.ria.com/uk/realty-dolgosrochnaya-arenda-kvartira-kiev-chernaya-gora-andreya-verhoglyada-dragomirova-ulitsa-34238402.html,66630,UAH,1505.17,3,159,9.47,Печерський,4 кімнати,159 м²,66 630 грн
domria,https://dom.ria.com/uk/realty-dolgosrochnaya-arenda-kvartira-kiev-tsentr-bogdana-hmelnitskogo-ulitsa-34239106.html,66630,UAH,1505.17,3,133.6,11.27,Шевченківський,4 кімнати,133.6 м²,66 630 грн
domria,https://dom.ria.com/uk/realty-dolgosrochnaya-arenda-kvartira-kiev-prichalnaya-ulitsa-34238419.html,53304,UAH,1204.13,0,56,21.50,,1 кімната,56 м²,53 304 грн
domria,https://dom.ria.com/uk/realty-dolgosrochnaya-arenda-kvartira-kiev-goloseevskiy-kademika-zabolonogo-lia-25829788.html,35536,UAH,802.76,2,85.5,9.39,Голосіївський,3 кімнати,85.5 м²,35 536 грн
domria,https://dom.ria.com/uk/realty-dolgosrochnaya-arenda-kvartira-kiev-radujnyy-massiv-radujnaya-ulitsa-34237820.html,8000,UAH,180.72,0,28,6.45,Дніпровський,1 кімната,28 м²,8 000 грн
domria,https://dom.ria.com/uk/realty-dolgosrochnaya-arenda-kvartira-kiev-goloseevskiy-zoi-butenko-sechenova-ulitsa-31984782.html,26652,UAH,602.07,1,47,12.81,Голосіївський,2 кімнати,47 м²,26 652 грн
domria,https://dom.ria.com/uk/realty-dolgosrochnaya-arenda-kvartira-kiev-borschagovka-semi-steshenko-timofeya-strokacha-ulitsa-34237872.html,13000,UAH,293.67,0,21,13.98,Святошинський,1 кімната,21 м²,13 000 грн
domria,https://dom.ria.com/uk/realty-dolgosrochnaya-arenda-kvartira-kiev-tatarka-otto-shmidta-ulitsa-34156238.html,43000,UAH,971.37,1,63.7,15.25,Шевченківський,2 кімнати,63.7 м²,43 000 грн
domria,https://dom.ria.com/uk/realty-dolgosrochnaya-arenda-kvartira-kiev-sapernoe-pole-nikolaya-mihnovskogo-drujby-narodov-bulvar-34237648.html,33200,UAH,749.99,3,94.5,7.94,Печерський,4 кімнати,94.5 м²,33 200 грн
domria,https://dom.ria.com/uk/realty-dolgosrochnaya-arenda-kvartira-kiev-yujnaya-borschagovka-koltsevaya-doroga-34238052.html,9000,UAH,203.31,0,36.6,5.55,Святошинський,1 кімната,36.6 м²,9 000 грн
domria,https://dom.ria.com/uk/realty-dolgosrochnaya-arenda-kvartira-kiev-otradnyy-vatslava-gavela-bulvar-34237999.html,8500,UAH,192.01,1,45,4.27,Солом'янський,2 кімнати,45 м²,8 500 грн
domria,https://dom.ria.com/uk/realty-dolgosrochnaya-arenda-kvartira-kiev-novoe-stroenie-antonovicha-gorkogo-ulitsa-34201563.html,30000,UAH,677.70,1,57.1,11.87,Голосіївський,2 кімнати,57.1 м²,30 000 грн
domria,https://dom.ria.com/uk/realty-dolgosrochnaya-arenda-kvartira-kiev-lipki-zankovetskoy-ulitsa-32911393.html,155470,UAH,3512.06,1,83,42.31,Печерський,2 кімнати,83 м²,155 470 грн
domria,https://dom.ria.com/uk/realty-dolgosrochnaya-arenda-kvartira-kiev-troeschina-miloslavskaya-ulitsa-34228032.html,8000,UAH,180.72,0,40,4.52,Деснянський,1 кімната,40 м²,8 000 грн
domria,https://dom.ria.com/uk/realty-dolgosrochnaya-arenda-kvartira-kiev-sapernoe-pole-konovaltsa-evgeniya-ulitsa-34236686.html,62188,UAH,1404.82,0,58.5,24.01,Печерський,1 кімната,58.5 м²,62 188 грн
domria,https://dom.ria.com/uk/realty-dolgosrochnaya-arenda-kvartira-kiev-poznyaki-zdolbunovskaya-ulitsa-34236575.html,17000,UAH,384.03,0,48.7,7.89,Дарницький,1 кімната,48.7 м²,17 000 грн
domria,https://dom.ria.com/uk/realty-dolgosrochnaya-arenda-kvartira-kiev-harkovskiy-massiv-harkovskoe-shosse-34236529.html,16000,UAH,361.44,1,62.9,5.75,Дарницький,2 кімнати,62.9 м²,16 000 грн
domria,https://dom.ria.com/uk/realty-dolgosrochnaya-arenda-kvartira-kiev-solomenskiy-vyborgskaya-ulitsa-24381438.html,14000,UAH,316.26,1,46,6.88,Солом'янський,2 кімнати,46 м²,14 000 грн
domria,https://dom.ria.com/uk/realty-dolgosrochnaya-arenda-kvartira-kiev-desnyanskiy-onore-de-balzaka-ulitsa-33577187.html,12000,UAH,271.08,1,65,4.17,Деснянський,2 кімнати,65 м²,12 000 грн
domria,https://dom.ria.com/uk/realty-dolgosrochnaya-arenda-kvartira-kiev-shevchenkovskiy-beresteyskiy-pobedy-prospekt-33445164.html,53304,UAH,1204.13,0,52.7,22.85,Шевченківський,1 кімната,52.7 м²,53 304 грн
domria,https://dom.ria.com/uk/realty-dolgosrochnaya-arenda-kvartira-kiev-shulyavka-garmatnaya-ulitsa-34213346.html,28000,UAH,632.52,1,71.7,8.82,Солом'янський,2 кімнати,71.7 м²,28 000 грн
domria,https://dom.ria.com/uk/realty-dolgosrochnaya-arenda-kvartira-kiev-darnitskiy-nikolaya-hvylevogo-ulitsa-34234673.html,13995,UAH,316.15,0,52.3,6.04,Дарницький,1 кімната,52.3 м²,13 995 грн
domria,https://dom.ria.com/uk/realty-dolgosrochnaya-arenda-kvartira-kiev-poznyaki-borisa-gmyri-ulitsa-34233908.html,15000,UAH,338.85,1,50,6.78,Дарницький,2 кімнати,50 м²,15 000 грн
domria,https://dom.ria.com/uk/realty-dolgosrochnaya-arenda-kvartira-kiev-soldatskaya-slobodka-turgeneva-ulitsa-34234843.html,66630,UAH,1505.17,1,50,30.10,Шевченківський,2 кімнати,50 м²,66 630 грн
domria,https://dom.ria.com/uk/realty-dolgosrochnaya-arenda-kvartira-kiev-shevchenkovskiy-sechevyh-streltsov-ulitsa-24221269.html,66630,UAH,1505.17,4,195.5,7.70,Шевченківський,5 кімнат,195.5 м²,66 630 грн
domria,https://dom.ria.com/uk/realty-dolgosrochnaya-arenda-kvartira-kiev-novoe-stroenie-kazimira-malevicha-ulitsa-34234131.html,57746,UAH,1304.48,1,78.8,16.55,Голосіївський,2 кімнати,78.8 м²,57 746 грн
domria,https://dom.ria.com/uk/realty-dolgosrochnaya-arenda-kvartira-kiev-podolskiy-aleksandra-olesya-ulitsa-34233267.html,30000,UAH,677.70,0,52,13.03,Подільський,1 кімната,52 м²,30 000 грн
domria,https://dom.ria.com/uk/realty-dolgosrochnaya-arenda-kvartira-kiev-shulyavka-beresteyskiy-pobedy-prospekt-34235075.html,48862,UAH,1103.79,1,54,20.44,Шевченківський,2 кімнати,54 м²,48 862 грн
domria,https://dom.ria.com/uk/realty-dolgosrochnaya-arenda-kvartira-kiev-staraya-darnitsa-sivashskaya-ulitsa-34235474.html,9999,UAH,225.88,0,44.1,5.12,Дніпровський,1 кімната,44.1 м²,9 999 грн
domria,https://dom.ria.com/uk/realty-dolgosrochnaya-arenda-kvartira-kiev-nivki-salyutnaya-ulitsa-33023648.html,79956,UAH,1806.20,1,74.1,24.38,Шевченківський,2 кімнати,74.1 м²,79 956 грн
domria,https://dom.ria.com/uk/realty-dolgosrochnaya-arenda-kvartira-kiev-lesnoy-massiv-lesnoy-prospekt-34231844.html,13000,UAH,293.67,1,48,6.12,Деснянський,2 кімнати,48 м²,13 000 грн
domria,https://dom.ria.com/uk/realty-dolgosrochnaya-arenda-kvartira-kiev-aleksandrovskaya-slobodka-34231571.html,14000,UAH,316.26,0,40,7.91,Солом'янський,1 кімната,40 м²,14 000 грн
domria,https://dom.ria.com/uk/realty-dolgosrochnaya-arenda-kvartira-kiev-nivki-mrii-akademika-tupoleva-ulitsa-34223984.html,8500,UAH,192.01,0,22,8.73,Шевченківський,1 кімната,22 м²,8 500 грн
domria,https://dom.ria.com/uk/realty-dolgosrochnaya-arenda-kvartira-kiev-solomenskiy-vatslava-gavela-bulvar-34233667.html,12000,UAH,271.08,1,46,5.89,Солом'янський,2 кімнати,46 м²,12 000 грн
domria,https://dom.ria.com/uk/realty-dolgosrochnaya-arenda-kvartira-kiev-obolon-vladimira-ivasyuka-prospekt-34233125.html,57746,UAH,1304.48,2,117,11.15,Оболонський,3 кімнати,117 м²,57 746 грн
domria,https://dom.ria.com/uk/realty-dolgosrochnaya-arenda-kvartira-kiev-podol-kojemyatskaya-ulitsa-34232956.html,53304,UAH,1204.13,0,50.2,23.99,Подільський,1 кімната,50.2 м²,53 304 грн
domria,https://dom.ria.com/uk/realty-dolgosrochnaya-arenda-kvartira-kiev-darnitskiy-chavdar-elizavety-ulitsa-34228318.html,13000,UAH,293.67,0,40,7.34,Дарницький,1 кімната,40 м²,13 000 грн
domria,https://dom.ria.com/uk/realty-dolgosrochnaya-arenda-kvartira-kiev-solomyanka-bogdanovskaya-ulitsa-34232932.html,40000,UAH,903.60,1,70,12.91,Солом'янський,2 кімнати,70 м²,40 000 грн
domria,https://dom.ria.com/uk/realty-dolgosrochnaya-arenda-kvartira-kiev-vishnyakovskaya-ulitsa-34233294.html,29761,UAH,672.30,2,125,5.38,,3 кімнати,125 м²,29 761 грн
domria,https://dom.ria.com/uk/realty-dolgosrochnaya-arenda-kvartira-kiev-chernaya-gora-andreya-verhoglyada-dragomirova-ulitsa-34232797.html,48862,UAH,1103.79,0,56,19.71,Печерський,1 кімната,56 м²,48 862 грн
domria,https://dom.ria.com/uk/realty-dolgosrochnaya-arenda-kvartira-kiev-cherepanova-gora-predslavinskaya-ulitsa-34232881.html,43976,UAH,993.41,0,47,21.14,Печерський,1 кімната,47 м²,43 976 грн
domria,https://dom.ria.com/uk/realty-dolgosrochnaya-arenda-kvartira-kiev-radujnyy-massiv-radujnaya-ulitsa-34227074.html,19000,UAH,429.21,1,64.7,6.63,Дніпровський,2 кімнати,64.7 м²,19 000 грн
domria,https://dom.ria.com/uk/realty-dolgosrochnaya-arenda-kvartira-kiev-darnitskiy-prichalnaya-ulitsa-34231030.html,25000,UAH,564.75,0,45,12.55,Дарницький,1 кімната,45 м²,25 000 грн
domria,https://dom.ria.com/uk/realty-dolgosrochnaya-arenda-kvartira-kiev-podolskiy-tiraspolskaya-ulitsa-34228317.html,25000,UAH,564.75,0,57,9.91,Подільський,1 кімната,57 м²,25 000 грн
domria,https://dom.ria.com/uk/realty-dolgosrochnaya-arenda-kvartira-kiev-troeschina-todosya-osmachki-gorkogo-ulitsa-34231892.html,16000,UAH,361.44,0,45.5,7.94,Деснянський,1 кімната,45.5 м²,16 000 грн
domria,https://dom.ria.com/uk/realty-dolgosrochnaya-arenda-kvartira-kiev-demeevka-yasinovatskiy-pereulok-34231796.html,20000,UAH,451.80,0,54,8.37,Голосіївський,1 кімната,54 м²,20 000 грн
domria,https://dom.ria.com/uk/realty-dolgosrochnaya-arenda-kvartira-kiev-pecherskiy-bolshaya-vasilkovskaya-ulitsa-32252547.html,21000,UAH,474.39,1,56,8.47,Голосіївський,2 кімнати,56 м²,21 000 грн
domria,https://dom.ria.com/uk/realty-dolgosrochnaya-arenda-kvartira-kiev-poznyaki-aleksandra-koshitsa-ulitsa-34230648.html,18000,UAH,406.62,2,71.8,5.66,Дарницький,3 кімнати,71.8 м²,18 000 грн
domria,https://dom.ria.com/uk/realty-dolgosrochnaya-arenda-kvartira-kiev-dneprovskiy-nikolsko-slobodskaya-ulitsa-34230322.html,44376,UAH,1002.45,3,134.4,7.46,Дніпровський,4 кімнати,134.4 м²,44 376 грн
domria,https://dom.ria.com/uk/realty-dolgosrochnaya-arenda-kvartira-kiev-troeschina-aleksandry-ekster-mariny-tsvetaevoy-ulitsa-34217899.html,17768,UAH,401.38,0,59,6.80,Деснянський,1 кімната,59 м²,17 768 грн
domria,https://dom.ria.com/uk/realty-dolgosrochnaya-arenda-kvartira-kiev-sapernoe-pole-konovaltsa-evgeniya-ulitsa-34229228.html,44420,UAH,1003.44,1,77.4,12.96,Печерський,2 кімнати,77.4 м²,44 420 грн
domria,https://dom.ria.com/uk/realty-dolgosrochnaya-arenda-kvartira-kiev-obolon-obolonskiy-prospekt-34228299.html,57746,UAH,1304.48,1,59.6,21.89,Оболонський,2 кімнати,59.6 м²,57 746 грн
domria,https://dom.ria.com/uk/realty-dolgosrochnaya-arenda-kvartira-kiev-sapernoe-pole-makkeyna-djona-ulitsa-34226688.html,111050,UAH,2508.61,1,122.3,20.51,Печерський,2 кімнати,122.3 м²,111 050 грн
domria,https://dom.ria.com/uk/realty-dolgosrochnaya-arenda-kvartira-kiev-podolskiy-tiraspolskaya-ulitsa-33653545.html,20000,UAH,451.80,0,38,11.89,Подільський,1 кімната,38 м²,20 000 грн
domria,https://dom.ria.com/uk/realty-dolgosrochnaya-arenda-kvartira-kiev-teremki1-baev-emeov-lia-34007773.html,27000,UAH,609.93,0,36,16.94,Голосіївський,1 кімната,36 м²,27 000 грн
domria,https://dom.ria.com/uk/realty-dolgosrochnaya-arenda-kvartira-kiev-shulyavka-getmana-vadima-ulitsa-34228788.html,10000,UAH,225.90,0,29,7.79,Солом'янський,1 кімната,29 м²,10 000 грн
domria,https://dom.ria.com/uk/realty-dolgosrochnaya-arenda-kvartira-kiev-darnitskiy-sribnokilskaya-ulitsa-34206590.html,20000,UAH,451.80,1,82,5.51,Дарницький,2 кімнати,82 м²,20 000 грн
domria,https://dom.ria.com/uk/realty-dolgosrochnaya-arenda-kvartira-kiev-borschagovka-nikolaya-rudenko-koltsova-bulvar-34225918.html,22000,UAH,496.98,1,76,6.54,Святошинський,2 кімнати,76 м²,22 000 грн
domria,https://dom.ria.com/uk/realty-dolgosrochnaya-arenda-kvartira-kiev-darnitskiy-sribnokilskaya-ulitsa-34208073.html,30000,UAH,677.70,1,82,8.26,Дарницький,2 кімнати,82 м²,30 000 грн
domria,https://dom.ria.com/uk/realty-dolgosrochnaya-arenda-kvartira-kiev-tsentr-bulvarno-kudryavskaya-vorovskogo-ulitsa-34228748.html,62188,UAH,1404.82,0,52,27.02,Шевченківський,1 кімната,52 м²,62 188 грн
domria,https://dom.ria.com/uk/realty-dolgosrochnaya-arenda-kvartira-kiev-tsentr-bulvarno-kudryavskaya-vorovskogo-ulitsa-34228584.html,62188,UAH,1404.82,0,50,28.10,Шевченківський,1 кімната,50 м²,62 188 грн
domria,https://dom.ria.com/uk/realty-dolgosrochnaya-arenda-kvartira-kiev-harkovskiy-massiv-armyanskaya-ulitsa-34224623.html,22000,UAH,496.98,0,36.6,13.58,Дарницький,1 кімната,36.6 м²,22 000 грн
domria,https://dom.ria.com/uk/realty-dolgosrochnaya-arenda-kvartira-kiev-staraya-darnitsa-harkovskoe-shosse-34163154.html,16000,UAH,361.44,1,64,5.65,Дніпровський,2 кімнати,64 м²,16 000 грн
domria,https://dom.ria.com/uk/realty-dolgosrochnaya-arenda-kvartira-kiev-chernaya-gora-andreya-verhoglyada-dragomirova-ulitsa-34112513.html,48862,UAH,1103.79,1,52,21.23,Печерський,2 кімнати,52 м²,48 862 грн
domria,https://dom.ria.com/uk/realty-dolgosrochnaya-arenda-kvartira-kiev-chernaya-gora-andreya-verhoglyada-dragomirova-ulitsa-34228816.html,88840,UAH,2006.89,1,90,22.30,Печерський,2 кімнати,90 м²,88 840 грн
domria,https://dom.ria.com/uk/realty-dolgosrochnaya-arenda-kvartira-kiev-darnitskiy-osokorskaya-ulitsa-34230729.html,18000,UAH,406.62,0,33,12.32,Дарницький,1 кімната,33 м²,18 000 грн
domria,https://dom.ria.com/uk/realty-dolgosrochnaya-arenda-kvartira-kiev-baydy-vishnevetskogo-osipovskogo-ulitsa-34230519.html,18000,UAH,406.62,1,60,6.78,,2 кімнати,60 м²,18 000 грн
domria,https://dom.ria.com/uk/realty-dolgosrochnaya-arenda-kvartira-kiev-vinogradar-vsevoloda-zmienko-ulitsa-34025885.html,26000,UAH,587.34,0,43,13.66,Подільський,1 кімната,43 м²,26 000 грн
domria,https://dom.ria.com/uk/realty-dolgosrochnaya-arenda-kvartira-kiev-bagrinovaya-gora-raketnaya-ulitsa-34230562.html,12000,UAH,271.08,0,35,7.75,Голосіївський,1 кімната,35 м²,12 000 грн
domria,https://dom.ria.com/uk/realty-dolgosrochnaya-arenda-kvartira-kiev-stolichnoe-shosse-34230206.html,28000,UAH,632.52,0,46,13.75,,1 кімната,46 м²,28 000 грн
domria,https://dom.ria.com/uk/realty-dolgosrochnaya-arenda-kvartira-kiev-podolskiy-tiraspolskaya-ulitsa-34230135.html,20000,UAH,451.80,0,36,12.55,Подільський,1 кімната,36 м²,20 000 грн
domria,https://dom.ria.com/uk/realty-dolgosrochnaya-arenda-kvartira-kiev-troeschina-chervonoy-kaliny-mayakovskogo-vladimira-prospekt-34156057.html,12500,UAH,282.37,1,51,5.54,Деснянський,2 кімнати,51 м²,12 500 грн
domria,https://dom.ria.com/uk/realty-dolgosrochnaya-arenda-kvartira-kiev-obolon-vladimira-ivasyuka-prospekt-34173861.html,27000,UAH,609.93,2,120,5.08,Оболонський,3 кімнати,120 м²,27 000 грн
domria,https://dom.ria.com/uk/realty-dolgosrochnaya-arenda-kvartira-kiev-chernaya-gora-andreya-verhoglyada-dragomirova-ulitsa-34229015.html,48862,UAH,1103.79,0,55,20.07,Печерський,1 кімната,55 м²,48 862 грн
domria,https://dom.ria.com/uk/realty-dolgosrochnaya-arenda-kvartira-kiev-kropivnitskogo-ulitsa-34219135.html,168796,UAH,3813.09,2,185,20.61,Печерський,3 кімнати,185 м²,168 796 грн
domria,https://dom.ria.com/uk/realty-dolgosrochnaya-arenda-kvartira-kiev-troeschina-kashtanovaya-ulitsa-34227019.html,9000,UAH,203.31,0,32,6.35,Деснянський,1 кімната,32 м²,9 000 грн
domria,https://dom.ria.com/uk/realty-dolgosrochnaya-arenda-kvartira-kiev-obolon-geroev-dnepra-ulitsa-34228615.html,16000,UAH,361.44,1,45.9,7.87,Оболонський,2 кімнати,45.9 м²,16 000 грн
domria,https://dom.ria.com/uk/realty-dolgosrochnaya-arenda-kvartira-kiev-poznyaki-eleny-pchilki-ulitsa-34228923.html,18000,UAH,406.62,1,67,6.07,Дарницький,2 кімнати,67 м²,18 000 грн
domria,https://dom.ria.com/uk/realty-dolgosrochnaya-arenda-kvartira-kiev-podolskiy-ivana-vygovskogo-marshala-grechko-ulitsa-34225181.html,25000,UAH,564.75,0,41.2,13.71,Подільський,1 кімната,41.2 м²,25 000 грн
domria,https://dom.ria.com/uk/realty-dolgosrochnaya-arenda-kvartira-kiev-pankovschina-jilyanskaya-ulitsa-34227920.html,30000,UAH,677.70,0,46.3,14.64,Голосіївський,1 кімната,46.3 м²,30 000 грн
domria,https://dom.ria.com/uk/realty-dolgosrochnaya-arenda-kvartira-kiev-teremki1-bolaya-kjnaya-lia-26694128.html,22000,UAH,496.98,0,31.4,15.83,Голосіївський,1 кімната,31.4 м²,22 000 грн
domria,https://dom.ria.com/uk/realty-dolgosrochnaya-arenda-kvartira-kiev-telichka-stolichnoe-shosse-34227191.html,20000,UAH,451.80,0,39.4,11.47,Голосіївський,1 кімната,39.4 м²,20 000 грн
domria,https://dom.ria.com/uk/realty-dolgosrochnaya-arenda-kvartira-kiev-obolon-geroev-polka-azov-marshala-malinovskogo-ulitsa-34227427.html,30000,UAH,677.70,2,94.9,7.14,Оболонський,3 кімнати,94.9 м²,30 000 грн
domria,https://dom.ria.com/uk/realty-dolgosrochnaya-arenda-kvartira-kiev-troeschina-radunskaya-ulitsa-34220645.html,15000,UAH,338.85,1,53.8,6.30,Деснянський,2 кімнати,53.8 м²,15 000 грн
domria,https://dom.ria.com/uk/realty-dolgosrochnaya-arenda-kvartira-kiev-dneprovskiy-martovskaya-ulitsa-34225339.html,20000,UAH,451.80,0,30.7,14.72,Дніпровський,1 кімната,30.7 м²,20 000 грн
domria,https://dom.ria.com/uk/realty-dolgosrochnaya-arenda-kvartira-kiev-pecherskiy-vasiliya-tyutyunnika-ulitsa-33497797.html,29000,UAH,655.11,1,60,10.92,Печерський,2 кімнати,60 м²,29 000 грн
domria,https://dom.ria.com/uk/realty-dolgosrochnaya-arenda-kvartira-kiev-troeschina-ronalda-reygana-teodora-drayzera-ulitsa-34125190.html,13000,UAH,293.67,1,52,5.65,Деснянський,2 кімнати,52 м²,13 000 грн
domria,https://dom.ria.com/uk/realty-dolgosrochnaya-arenda-kvartira-kiev-nivki-magistralnaya-ulitsa-34227344.html,24000,UAH,542.16,1,66.9,8.10,Шевченківський,2 кімнати,66.9 м²,24 000 грн
domria,https://dom.ria.com/uk/realty-dolgosrochnaya-arenda-kvartira-kiev-poznyaki-truskavetskaya-ulitsa-34227222.html,37757,UAH,852.93,0,57,14.96,Дарницький,1 кімната,57 м²,37 757 грн
domria,https://dom.ria.com/uk/realty-dolgosrochnaya-arenda-kvartira-kiev-podol-konstantinovskaya-ulitsa-34226589.html,20000,UAH,451.80,2,68,6.64,Подільський,3 кімнати,68 м²,20 000 грн
domria,https://dom.ria.com/uk/realty-dolgosrochnaya-arenda-kvartira-kiev-solomyanka-mitropolita-vasiliya-lipkovskogo-uritskogo-ulitsa-34219275.html,40000,UAH,903.60,1,68,13.29,Солом'янський,2 кімнати,68 м²,40 000 грн
domria,https://dom.ria.com/uk/realty-dolgosrochnaya-arenda-kvartira-kiev-lesnoy-massiv-milyutenko-ulitsa-34226846.html,7500,UAH,169.42,0,35,4.84,Деснянський,1 кімната,35 м²,7 500 грн
domria,https://dom.ria.com/uk/realty-dolgosrochnaya-arenda-kvartira-kiev-cherepanova-gora-vasiliya-tyutyunnika-ulitsa-34226793.html,22000,UAH,496.98,0,43,11.56,Печерський,1 кімната,43 м²,22 000 грн
domria,https://dom.ria.com/uk/realty-dolgosrochnaya-arenda-kvartira-kiev-poznyaki-knyajiy-zaton-ulitsa-33599222.html,25000,UAH,564.75,2,81.1,6.96,Дарницький,3 кімнати,81.1 м²,25 000 грн
domria,https://dom.ria.com/uk/realty-dolgosrochnaya-arenda-kvartira-kiev-sapernoe-pole-makkeyna-djona-ulitsa-34226386.html,19990,UAH,451.57,1,62.8,7.19,Печерський,2 кімнати,62.8 м²,19 990 грн
domria,https://dom.ria.com/uk/realty-dolgosrochnaya-arenda-kvartira-kiev-belichi-nikolaya-ushakova-ulitsa-34226296.html,11000,UAH,248.49,0,32.5,7.65,Святошинський,1 кімната,32.5 м²,11 000 грн
domria,https://dom.ria.com/uk/realty-dolgosrochnaya-arenda-kvartira-kiev-sapernaya-slobodka-nauki-prospekt-34226051.html,24990,UAH,564.52,1,72.9,7.74,Голосіївський,2 кімнати,72.9 м²,24 990 грн
domria,https://dom.ria.com/uk/realty-dolgosrochnaya-arenda-kvartira-kiev-staraya-darnitsa-krasnokutskiy-pereulok-34225824.html,10000,UAH,225.90,0,38,5.94,Дніпровський,1 кімната,38 м²,10 000 грн
domria,https://dom.ria.com/uk/realty-dolgosrochnaya-arenda-kvartira-kiev-pechersk-ivana-mazepy-yanvarskogo-vosstaniya-ulitsa-34225786.html,888400,UAH,20068.89,4,342.8,58.54,Печерський,5 кімнат,342.8 м²,888 400 грн
domria,https://dom.ria.com/uk/realty-dolgosrochnaya-arenda-kvartira-kiev-kurenevka-baltiyskiy-pereulok-34225526.html,22500,UAH,508.27,0,54.8,9.28,Подільський,1 кімната,54.8 м²,22 500 грн
domria,https://dom.ria.com/uk/realty-dolgosrochnaya-arenda-kvartira-kiev-kudryavets-observatornaya-ulitsa-34225857.html,57746,UAH,1304.48,3,200,6.52,Шевченківський,4 кімнати,200 м²,57 746 грн
domria,https://dom.ria.com/uk/realty-dolgosrochnaya-arenda-kvartira-kiev-darnitskiy-34225881.html,12500,UAH,282.37,0,44,6.42,Дарницький,1 кімната,44 м²,12 500 грн
domria,https://dom.ria.com/uk/realty-dolgosrochnaya-arenda-kvartira-kiev-sapernoe-pole-pavla-zagrebelnogo-nikolaya-raevskogo-ulitsa-34225458.html,17999,UAH,406.60,1,62,6.56,Печерський,2 кімнати,62 м²,17 999 грн
domria,https://dom.ria.com/uk/realty-dolgosrochnaya-arenda-kvartira-kiev-darnitskiy-dneprovskaya-naberejnaya-34218959.html,35536,UAH,802.76,0,48,16.72,Дарницький,1 кімната,48 м²,35 536 грн
domria,https://dom.ria.com/uk/realty-dolgosrochnaya-arenda-kvartira-kiev-galagany-beresteyskiy-pobedy-prospekt-34189608.html,29000,UAH,655.11,1,72,9.10,Святошинський,2 кімнати,72 м²,29 000 грн
domria,https://dom.ria.com/uk/realty-dolgosrochnaya-arenda-kvartira-kiev-tsentr-predslavinskaya-ulitsa-33425007.html,45000,UAH,1016.55,1,98,10.37,Печерський,2 кімнати,98 м²,45 000 грн
domria,https://dom.ria.com/uk/realty-dolgosrochnaya-arenda-kvartira-kiev-sapernoe-pole-makkeyna-djona-ulitsa-34225199.html,53304,UAH,1204.13,0,50,24.08,Печерський,1 кімната,50 м²,53 304 грн
domria,https://dom.ria.com/uk/realty-dolgosrochnaya-arenda-kvartira-kiev-nivki-salyutnaya-ulitsa-34225192.html,53304,UAH,1204.13,0,53,22.72,Шевченківський,1 кімната,53 м²,53 304 грн
domria,https://dom.ria.com/uk/realty-dolgosrochnaya-arenda-kvartira-kiev-darnitskiy-grishko-mihaila-ulitsa-34211235.html,15000,UAH,338.85,0,42,8.07,Дарницький,1 кімната,42 м²,15 000 грн
domria,https://dom.ria.com/uk/realty-dolgosrochnaya-arenda-kvartira-kiev-otradnyy-lyubomira-guzara-prospekt-34224658.html,16000,UAH,361.44,0,30,12.05,Солом'янський,1 кімната,30 м²,16 000 грн
domria,https://dom.ria.com/uk/realty-dolgosrochnaya-arenda-kvartira-kiev-novoe-stroenie-kazimira-malevicha-ulitsa-34224947.html,66630,UAH,1505.17,1,78.8,19.10,Голосіївський,2 кімнати,78.8 м²,66 630 грн
domria,https://dom.ria.com/uk/realty-dolgosrochnaya-arenda-kvartira-kiev-chokolovka-svyatoslava-hrabrogo-ulitsa-34224928.html,42199,UAH,953.27,1,60,15.89,Солом'янський,2 кімнати,60 м²,42 199 грн
domria,https://dom.ria.com/uk/realty-dolgosrochnaya-arenda-kvartira-kiev-otradnyy-mihaila-dontsa-ulitsa-34223099.html,15000,UAH,338.85,0,46,7.37,Солом'янський,1 кімната,46 м²,15 000 грн
domria,https://dom.ria.com/uk/realty-dolgosrochnaya-arenda-kvartira-kiev-osokorki-sofii-rusovoy-ulitsa-33192868.html,19500,UAH,440.50,0,38.9,11.32,Дарницький,1 кімната,38.9 м²,19 500 грн
domria,https://dom.ria.com/uk/realty-dolgosrochnaya-arenda-kvartira-kiev-sotsgorod-krakovskaya-ulitsa-34223787.html,18000,UAH,406.62,0,46.2,8.80,Дніпровський,1 кімната,46.2 м²,18 000 грн
domria,https://dom.ria.com/uk/realty-dolgosrochnaya-arenda-kvartira-kiev-levoberejnyy-masiv-nikolsko-slobodskaya-ulitsa-34211222.html,22000,UAH,496.98,1,55,9.04,Дніпровський,2 кімнати,55 м²,22 000 грн
domria,https://dom.ria.com/uk/realty-dolgosrochnaya-arenda-kvartira-kiev-aleksandrovskaya-slobodka-lobanovskogo-krasnozvezdnyy-prospekt-34223738.html,25000,UAH,564.75,1,84,6.72,Солом'янський,2 кімнати,84 м²,25 000 грн
domria,https://dom.ria.com/uk/realty-dolgosrochnaya-arenda-kvartira-kiev-sotsgorod-sobornosti-prospekt-34223607.html,16000,UAH,361.44,0,32,11.29,Дніпровський,1 кімната,32 м²,16 000 грн
domria,https://dom.ria.com/uk/realty-dolgosrochnaya-arenda-kvartira-kiev-goloseev-mihaila-maksimovicha-ulitsa-34223487.html,35536,UAH,802.76,0,42,19.11,Голосіївський,1 кімната,42 м²,35 536 грн
domria,https://dom.ria.com/uk/realty-dolgosrochnaya-arenda-kvartira-kiev-yujnaya-borschagovka-akademika-koroleva-prospekt-34223508.html,14000,UAH,316.26,1,48,6.59,Святошинський,2 кімнати,48 м²,14 000 грн
domria,https://dom.ria.com/uk/realty-dolgosrochnaya-arenda-kvartira-kiev-chernaya-gora-andreya-verhoglyada-dragomirova-ulitsa-34223090.html,88840,UAH,2006.89,2,176.8,11.35,Печерський,3 кімнати,176.8 м²,88 840 грн
domria,https://dom.ria.com/uk/realty-dolgosrochnaya-arenda-kvartira-kiev-podolskiy-vsevoloda-zmienko-ulitsa-34223387.html,31094,UAH,702.41,0,45,15.61,Подільський,1 кімната,45 м²,31 094 грн
domria,https://dom.ria.com/uk/realty-dolgosrochnaya-arenda-kvartira-kiev-novaya-darnitsa-nadejdy-svetlichnoy-volgo-donskiy-pereulok-34223459.html,11000,UAH,248.49,0,32,7.77,Дарницький,1 кімната,32 м²,11 000 грн
domria,https://dom.ria.com/uk/realty-dolgosrochnaya-arenda-kvartira-kiev-pobedy-ulitsa-34223431.html,13000,UAH,293.67,0,35,8.39,,1 кімната,35 м²,13 000 грн
domria,https://dom.ria.com/uk/realty-dolgosrochnaya-arenda-kvartira-kiev-poznyaki-anny-ahmatovoy-ulitsa-34221961.html,23000,UAH,519.57,2,103,5.04,Дарницький,3 кімнати,103 м²,23 000 грн
domria,https://dom.ria.com/uk/realty-dolgosrochnaya-arenda-kvartira-kiev-syrets-parkovo-syretskaya-ulitsa-34106994.html,53304,UAH,1204.13,2,135.4,8.89,Шевченківський,3 кімнати,135.4 м²,53 304 грн
domria,https://dom.ria.com/uk/realty-dolgosrochnaya-arenda-kvartira-kiev-solomenskiy-kadetskiy-gay-ulitsa-34220518.html,15990,UAH,361.21,0,30,12.04,Солом'янський,1 кімната,30 м²,15 990 грн
domria,https://dom.ria.com/uk/realty-dolgosrochnaya-arenda-kvartira-kiev-lukyanovka-gertsena-ulitsa-34221371.html,18000,UAH,406.62,0,30,13.55,Шевченківський,1 кімната,30 м²,18 000 грн
domria,https://dom.ria.com/uk/realty-dolgosrochnaya-arenda-kvartira-kiev-aleksandrovskaya-slobodka-solomenskaya-ulitsa-34221176.html,17000,UAH,384.03,0,40,9.60,Солом'янський,1 кімната,40 м²,17 000 грн
domria,https://dom.ria.com/uk/realty-dolgosrochnaya-arenda-kvartira-kiev-sapernoe-pole-makkeyna-djona-ulitsa-34222440.html,73293,UAH,1655.68,0,92,18.00,Печерський,1 кімната,92 м²,73 293 грн
domria,https://dom.ria.com/uk/realty-dolgosrochnaya-arenda-kvartira-kiev-tsentr-olesya-gonchara-ulitsa-34222096.html,53304,UAH,1204.13,2,120,10.03,Шевченківський,3 кімнати,120 м²,53 304 грн
domria,https://dom.ria.com/uk/realty-dolgosrochnaya-arenda-kvartira-kiev-sapernoe-pole-makkeyna-djona-ulitsa-34220951.html,73293,UAH,1655.68,2,92,18.00,Печерський,3 кімнати,92 м²,73 293 грн
domria,https://dom.ria.com/uk/realty-dolgosrochnaya-arenda-kvartira-kiev-svyatoshino-beresteyskiy-pobedy-prospekt-34208568.html,16000,UAH,361.44,2,61,5.93,Святошинський,3 кімнати,61 м²,16 000 грн
domria,https://dom.ria.com/uk/realty-dolgosrochnaya-arenda-kvartira-kiev-chernaya-gora-andreya-verhoglyada-dragomirova-ulitsa-34218134.html,88840,UAH,2006.89,2,107,18.76,Печерський,3 кімнати,107 м²,88 840 грн
domria,https://dom.ria.com/uk/realty-dolgosrochnaya-arenda-kvartira-kiev-sapernoe-pole-sapernoe-pole-ulitsa-34221495.html,53304,UAH,1204.13,0,47,25.62,Печерський,1 кімната,47 м²,53 304 грн
domria,https://dom.ria.com/uk/realty-dolgosrochnaya-arenda-kvartira-kiev-poznyaki-dneprovskaya-naberejnaya-34190494.html,25000,UAH,564.75,0,43,13.13,Дарницький,1 кімната,43 м²,25 000 грн
domria,https://dom.ria.com/uk/realty-dolgosrochnaya-arenda-kvartira-kiev-sapernoe-pole-predslavinskaya-ulitsa-34220651.html,53304,UAH,1204.13,0,43,28.00,Печерський,1 кімната,43 м²,53 304 грн
domria,https://dom.ria.com/uk/realty-dolgosrochnaya-arenda-kvartira-kiev-sotsgorod-leonida-kadenyuka-yuriya-gagarina-prospekt-34220796.html,20000,UAH,451.80,2,55.4,8.16,Дніпровський,3 кімнати,55.4 м²,20 000 грн
domria,https://dom.ria.com/uk/realty-dolgosrochnaya-arenda-kvartira-kiev-solomyanka-mokraya-kudryashova-ulitsa-34220614.html,40000,UAH,903.60,2,107.6,8.40,Солом'янський,3 кімнати,107.6 м²,40 000 грн
domria,https://dom.ria.com/uk/realty-dolgosrochnaya-arenda-kvartira-kiev-shulyavka-bogdana-gavrilishina-vandy-vasilevskoy-ulitsa-34207787.html,17000,UAH,384.03,0,35,10.97,Солом'янський,1 кімната,35 м²,17 000 грн
domria,https://dom.ria.com/uk/realty-dolgosrochnaya-arenda-kvartira-kiev-kurenevka-kirillovskaya-ulitsa-34220052.html,6950,UAH,157.00,0,32,4.91,Подільський,1 кімната,32 м²,6 950 грн
domria,https://dom.ria.com/uk/realty-dolgosrochnaya-arenda-kvartira-kiev-tatarka-mirnaya-ulitsa-34219702.html,57746,UAH,1304.48,2,91,14.33,Шевченківський,3 кімнати,91 м²,57 746 грн
domria,https://dom.ria.com/uk/realty-dolgosrochnaya-arenda-kvartira-kiev-lukyanovka-belorusskaya-ulitsa-34217870.html,44420,UAH,1003.44,2,112,8.96,Шевченківський,3 кімнати,112 м²,44 420 грн
domria,https://dom.ria.com/uk/realty-dolgosrochnaya-arenda-kvartira-kiev-novoe-stroenie-antonovicha-gorkogo-ulitsa-34216311.html,30206,UAH,682.35,0,72,9.48,Голосіївський,1 кімната,72 м²,30 206 грн
domria,https://dom.ria.com/uk/realty-dolgosrochnaya-arenda-kvartira-kiev-sapernoe-pole-konovaltsa-evgeniya-ulitsa-33570845.html,29000,UAH,655.11,1,83,7.89,Печерський,2 кімнати,83 м²,29 000 грн
domria,https://dom.ria.com/uk/realty-dolgosrochnaya-arenda-kvartira-kiev-sapernoe-pole-makkeyna-djona-ulitsa-33515783.html,33315,UAH,752.58,2,60,12.54,Печерський,3 кімнати,60 м²,33 315 грн
domria,https://dom.ria.com/uk/realty-dolgosrochnaya-arenda-kvartira-kiev-darnitskiy-dneprovskaya-naberejnaya-34219606.html,26652,UAH,602.07,1,54,11.15,Дарницький,2 кімнати,54 м²,26 652 грн
domria,https://dom.ria.com/uk/realty-dolgosrochnaya-arenda-kvartira-kiev-mostitskiy-massiv-novomostitskaya-ulitsa-34219440.html,12498,UAH,282.33,0,24,11.76,Подільський,1 кімната,24 м²,12 498 грн
domria,https://dom.ria.com/uk/realty-dolgosrochnaya-arenda-kvartira-kiev-poznyaki-revutskogo-ulitsa-34216803.html,21000,UAH,474.39,0,41,11.57,Дарницький,1 кімната,41 м²,21 000 грн
domria,https://dom.ria.com/uk/realty-dolgosrochnaya-arenda-kvartira-kiev-levoberejnyy-masiv-evgeniya-sverstyuka-ulitsa-34219134.html,37757,UAH,852.93,2,67.5,12.64,Дніпровський,3 кімнати,67.5 м²,37 757 грн
domria,https://dom.ria.com/uk/realty-dolgosrochnaya-arenda-kvartira-kiev-rusanovka-entuziastov-ulitsa-34219084.html,18000,UAH,406.62,2,65,6.26,Дніпровський,3 кімнати,65 м²,18 000 грн
domria,https://dom.ria.com/uk/realty-dolgosrochnaya-arenda-kvartira-kiev-yakuba-kolasa-ulitsa-34219046.html,14000,UAH,316.26,0,52,6.08,,1 кімната,52 м²,14 000 грн
domria,https://dom.ria.com/uk/realty-dolgosrochnaya-arenda-kvartira-kiev-selo-troeschina-onore-de-balzaka-ulitsa-34218975.html,14000,UAH,316.26,2,75,4.22,Деснянський,3 кімнати,75 м²,14 000 грн
domria,https://dom.ria.com/uk/realty-dolgosrochnaya-arenda-kvartira-kiev-troeschina-chervonoy-kaliny-mayakovskogo-vladimira-prospekt-34218937.html,10000,UAH,225.90,1,54,4.18,Деснянський,2 кімнати,54 м²,10 000 грн
domria,https://dom.ria.com/uk/realty-dolgosrochnaya-arenda-kvartira-kiev-teremki-2-stepana-rudnitskogo-akademika-vilyamsa-ulitsa-34205217.html,45000,UAH,1016.55,4,161.4,6.30,Голосіївський,5 кімнат,161.4 м²,45 000 грн
domria,https://dom.ria.com/uk/realty-dolgosrochnaya-arenda-kvartira-kiev-telichka-stolichnoe-shosse-34216289.html,35536,UAH,802.76,1,65,12.35,Голосіївський,2 кімнати,65 м²,35 536 грн
domria,https://dom.ria.com/uk/realty-dolgosrochnaya-arenda-kvartira-kiev-shulyavka-mashinostroitelnaya-ulitsa-34218837.html,16500,UAH,372.73,0,36,10.35,Солом'янський,1 кімната,36 м²,16 500 грн
domria,https://dom.ria.com/uk/realty-dolgosrochnaya-arenda-kvartira-kiev-poznyaki-knyajiy-zaton-ulitsa-34208756.html,20000,UAH,451.80,2,100,4.52,Дарницький,3 кімнати,100 м²,20 000 грн
domria,https://dom.ria.com/uk/realty-dolgosrochnaya-arenda-kvartira-kiev-shulyavka-beresteyskiy-pobedy-prospekt-32926481.html,111050,UAH,2508.61,3,138,18.18,Солом'янський,4 кімнати,138 м²,111 050 грн
domria,https://dom.ria.com/uk/realty-dolgosrochnaya-arenda-kvartira-kiev-vinogradar-evropeyskogo-soyuza-pravdy-prospekt-34212550.html,18000,UAH,406.62,0,37,10.99,Подільський,1 кімната,37 м²,18 000 грн
domria,https://dom.ria.com/uk/realty-dolgosrochnaya-arenda-kvartira-kiev-darnitskiy-dneprovskaya-naberejnaya-34206909.html,55525,UAH,1254.31,1,72,17.42,Дарницький,2 кімнати,72 м²,55 525 грн
domria,https://dom.ria.com/uk/realty-dolgosrochnaya-arenda-kvartira-kiev-zverinets-mihaila-boychuka-ulitsa-34212964.html,44420,UAH,1003.44,1,70,14.33,Печерський,2 кімнати,70 м²,44 420 грн
domria,https://dom.ria.com/uk/realty-dolgosrochnaya-arenda-kvartira-kiev-novobelichi-olevskaya-ulitsa-32587463.html,13000,UAH,293.67,0,55.4,5.30,Святошинський,1 кімната,55.4 м²,13 000 грн
